Dataset,Transform,Sample_Index,Sample_ID,Member_Seed,Original_Prediction,Transformed_Prediction,Signed_Prediction_Change,Absolute_Prediction_Change
Test,original,0,randomness_0.4364,11,0.029328474774956703,0.029328474774956703,0.0,0.0
Test,original,0,randomness_0.4364,42,0.02898513711988926,0.02898513711988926,0.0,0.0
Test,original,0,randomness_0.4364,73,0.02831052429974079,0.02831052429974079,0.0,0.0
Test,original,0,randomness_0.4364,101,0.026842651888728142,0.026842651888728142,0.0,0.0
Test,original,0,randomness_0.4364,202,0.027496783062815666,0.027496783062815666,0.0,0.0
Test,original,1,randomness_0.8999,11,-0.00027523082098923624,-0.00027523082098923624,0.0,0.0
Test,original,1,randomness_0.8999,42,0.0020282261539250612,0.0020282261539250612,0.0,0.0
Test,original,1,randomness_0.8999,73,0.002130600856617093,0.002130600856617093,0.0,0.0
Test,original,1,randomness_0.8999,101,0.0029510699678212404,0.0029510699678212404,0.0,0.0
Test,original,1,randomness_0.8999,202,0.0028424125630408525,0.0028424125630408525,0.0,0.0
Test,original,2,randomness_0.3463,11,0.03137160837650299,0.03137160837650299,0.0,0.0
Test,original,2,randomness_0.3463,42,0.029672380536794662,0.029672380536794662,0.0,0.0
Test,original,2,randomness_0.3463,73,0.03040117397904396,0.03040117397904396,0.0,0.0
Test,original,2,randomness_0.3463,101,0.03127838671207428,0.03127838671207428,0.0,0.0
Test,original,2,randomness_0.3463,202,0.03139711543917656,0.03139711543917656,0.0,0.0
Test,original,3,randomness_0.0601,11,0.03848334029316902,0.03848334029316902,0.0,0.0
Test,original,3,randomness_0.0601,42,0.03927703574299812,0.03927703574299812,0.0,0.0
Test,original,3,randomness_0.0601,73,0.03915226832032204,0.03915226832032204,0.0,0.0
Test,original,3,randomness_0.0601,101,0.03905099630355835,0.03905099630355835,0.0,0.0
Test,original,3,randomness_0.0601,202,0.03978098928928375,0.03978098928928375,0.0,0.0
Test,original,4,randomness_0.8679,11,0.007861494086682796,0.007861494086682796,0.0,0.0
Test,original,4,randomness_0.8679,42,0.009166841395199299,0.009166841395199299,0.0,0.0
Test,original,4,randomness_0.8679,73,0.008291478268802166,0.008291478268802166,0.0,0.0
Test,original,4,randomness_0.8679,101,0.008415508083999157,0.008415508083999157,0.0,0.0
Test,original,4,randomness_0.8679,202,0.00875870045274496,0.00875870045274496,0.0,0.0
Test,original,5,randomness_0.4324,11,0.03329095244407654,0.03329095244407654,0.0,0.0
Test,original,5,randomness_0.4324,42,0.03323908522725105,0.03323908522725105,0.0,0.0
Test,original,5,randomness_0.4324,73,0.03274717554450035,0.03274717554450035,0.0,0.0
Test,original,5,randomness_0.4324,101,0.032100189477205276,0.032100189477205276,0.0,0.0
Test,original,5,randomness_0.4324,202,0.03204416483640671,0.03204416483640671,0.0,0.0
Test,original,6,randomness_0.5435,11,0.02175365947186947,0.02175365947186947,0.0,0.0
Test,original,6,randomness_0.5435,42,0.01974528655409813,0.01974528655409813,0.0,0.0
Test,original,6,randomness_0.5435,73,0.020070895552635193,0.020070895552635193,0.0,0.0
Test,original,6,randomness_0.5435,101,0.01965523511171341,0.01965523511171341,0.0,0.0
Test,original,6,randomness_0.5435,202,0.020421015098690987,0.020421015098690987,0.0,0.0
Test,original,7,randomness_0.3614,11,0.03333273157477379,0.03333273157477379,0.0,0.0
Test,original,7,randomness_0.3614,42,0.03377621993422508,0.03377621993422508,0.0,0.0
Test,original,7,randomness_0.3614,73,0.03373078629374504,0.03373078629374504,0.0,0.0
Test,original,7,randomness_0.3614,101,0.03375561907887459,0.03375561907887459,0.0,0.0
Test,original,7,randomness_0.3614,202,0.03384269028902054,0.03384269028902054,0.0,0.0
Test,original,8,randomness_0.4865,11,0.03131905943155289,0.03131905943155289,0.0,0.0
Test,original,8,randomness_0.4865,42,0.03149830549955368,0.03149830549955368,0.0,0.0
Test,original,8,randomness_0.4865,73,0.03177386894822121,0.03177386894822121,0.0,0.0
Test,original,8,randomness_0.4865,101,0.030746372416615486,0.030746372416615486,0.0,0.0
Test,original,8,randomness_0.4865,202,0.03179849311709404,0.03179849311709404,0.0,0.0
Test,original,9,randomness_0.2773,11,0.03768477588891983,0.03768477588891983,0.0,0.0
Test,original,9,randomness_0.2773,42,0.03750874847173691,0.03750874847173691,0.0,0.0
Test,original,9,randomness_0.2773,73,0.037116315215826035,0.037116315215826035,0.0,0.0
Test,original,9,randomness_0.2773,101,0.03776825591921806,0.03776825591921806,0.0,0.0
Test,original,9,randomness_0.2773,202,0.03794753551483154,0.03794753551483154,0.0,0.0
Test,original,10,randomness_0.6627,11,0.024438686668872833,0.024438686668872833,0.0,0.0
Test,original,10,randomness_0.6627,42,0.02211482636630535,0.02211482636630535,0.0,0.0
Test,original,10,randomness_0.6627,73,0.022884221747517586,0.022884221747517586,0.0,0.0
Test,original,10,randomness_0.6627,101,0.02204098179936409,0.02204098179936409,0.0,0.0
Test,original,10,randomness_0.6627,202,0.02254374511539936,0.02254374511539936,0.0,0.0
Test,original,11,randomness_0.3774,11,0.035244423896074295,0.035244423896074295,0.0,0.0
Test,original,11,randomness_0.3774,42,0.03363201022148132,0.03363201022148132,0.0,0.0
Test,original,11,randomness_0.3774,73,0.03341079503297806,0.03341079503297806,0.0,0.0
Test,original,11,randomness_0.3774,101,0.0339321531355381,0.0339321531355381,0.0,0.0
Test,original,11,randomness_0.3774,202,0.03364287689328194,0.03364287689328194,0.0,0.0
Test,original,12,randomness_0.6687,11,0.021703675389289856,0.021703675389289856,0.0,0.0
Test,original,12,randomness_0.6687,42,0.021792670711874962,0.021792670711874962,0.0,0.0
Test,original,12,randomness_0.6687,73,0.021377883851528168,0.021377883851528168,0.0,0.0
Test,original,12,randomness_0.6687,101,0.02050558105111122,0.02050558105111122,0.0,0.0
Test,original,12,randomness_0.6687,202,0.02068093977868557,0.02068093977868557,0.0,0.0
Test,original,13,randomness_0.5896,11,0.026048986241221428,0.026048986241221428,0.0,0.0
Test,original,13,randomness_0.5896,42,0.024984819814562798,0.024984819814562798,0.0,0.0
Test,original,13,randomness_0.5896,73,0.02524099312722683,0.02524099312722683,0.0,0.0
Test,original,13,randomness_0.5896,101,0.024157969281077385,0.024157969281077385,0.0,0.0
Test,original,13,randomness_0.5896,202,0.024184273555874825,0.024184273555874825,0.0,0.0
Test,original,14,randomness_0.3554,11,0.0361446887254715,0.0361446887254715,0.0,0.0
Test,original,14,randomness_0.3554,42,0.03677878901362419,0.03677878901362419,0.0,0.0
Test,original,14,randomness_0.3554,73,0.03637724369764328,0.03637724369764328,0.0,0.0
Test,original,14,randomness_0.3554,101,0.03468836098909378,0.03468836098909378,0.0,0.0
Test,original,14,randomness_0.3554,202,0.03633695840835571,0.03633695840835571,0.0,0.0
Test,original,15,randomness_0.2593,11,0.037012979388237,0.037012979388237,0.0,0.0
Test,original,15,randomness_0.2593,42,0.036235082894563675,0.036235082894563675,0.0,0.0
Test,original,15,randomness_0.2593,73,0.03654223307967186,0.03654223307967186,0.0,0.0
Test,original,15,randomness_0.2593,101,0.03718305751681328,0.03718305751681328,0.0,0.0
Test,original,15,randomness_0.2593,202,0.037465497851371765,0.037465497851371765,0.0,0.0
Test,original,16,randomness_0.6176,11,0.021010445430874825,0.021010445430874825,0.0,0.0
Test,original,16,randomness_0.6176,42,0.01925431378185749,0.01925431378185749,0.0,0.0
Test,original,16,randomness_0.6176,73,0.019963035359978676,0.019963035359978676,0.0,0.0
Test,original,16,randomness_0.6176,101,0.018779685720801353,0.018779685720801353,0.0,0.0
Test,original,16,randomness_0.6176,202,0.019270531833171844,0.019270531833171844,0.0,0.0
Test,original,17,randomness_0.9780,11,0.0035268564242869616,0.0035268564242869616,0.0,0.0
Test,original,17,randomness_0.9780,42,0.001347278361208737,0.001347278361208737,0.0,0.0
Test,original,17,randomness_0.9780,73,0.003406862961128354,0.003406862961128354,0.0,0.0
Test,original,17,randomness_0.9780,101,0.0032654099632054567,0.0032654099632054567,0.0,0.0
Test,original,17,randomness_0.9780,202,0.002283242763951421,0.002283242763951421,0.0,0.0
Test,original,18,randomness_0.2753,11,0.03774562478065491,0.03774562478065491,0.0,0.0
Test,original,18,randomness_0.2753,42,0.0379134938120842,0.0379134938120842,0.0,0.0
Test,original,18,randomness_0.2753,73,0.03772607445716858,0.03772607445716858,0.0,0.0
Test,original,18,randomness_0.2753,101,0.037782613188028336,0.037782613188028336,0.0,0.0
Test,original,18,randomness_0.2753,202,0.03817259520292282,0.03817259520292282,0.0,0.0
Test,original,19,randomness_0.0701,11,0.03653369098901749,0.03653369098901749,0.0,0.0
Test,original,19,randomness_0.0701,42,0.03633759543299675,0.03633759543299675,0.0,0.0
Test,original,19,randomness_0.0701,73,0.0359785296022892,0.0359785296022892,0.0,0.0
Test,original,19,randomness_0.0701,101,0.03630947694182396,0.03630947694182396,0.0,0.0
Test,original,19,randomness_0.0701,202,0.03699552267789841,0.03699552267789841,0.0,0.0
Test,original,20,randomness_0.2372,11,0.04196849465370178,0.04196849465370178,0.0,0.0
Test,original,20,randomness_0.2372,42,0.04095936939120293,0.04095936939120293,0.0,0.0
Test,original,20,randomness_0.2372,73,0.04102877527475357,0.04102877527475357,0.0,0.0
Test,original,20,randomness_0.2372,101,0.04142134636640549,0.04142134636640549,0.0,0.0
Test,original,20,randomness_0.2372,202,0.04195675626397133,0.04195675626397133,0.0,0.0
Test,original,21,randomness_0.2803,11,0.03350960835814476,0.03350960835814476,0.0,0.0
Test,original,21,randomness_0.2803,42,0.034360915422439575,0.034360915422439575,0.0,0.0
Test,original,21,randomness_0.2803,73,0.03458763659000397,0.03458763659000397,0.0,0.0
Test,original,21,randomness_0.2803,101,0.033901818096637726,0.033901818096637726,0.0,0.0
Test,original,21,randomness_0.2803,202,0.03461907058954239,0.03461907058954239,0.0,0.0
Test,original,22,randomness_0.8228,11,0.004255316220223904,0.004255316220223904,0.0,0.0
Test,original,22,randomness_0.8228,42,0.005887684412300587,0.005887684412300587,0.0,0.0
Test,original,22,randomness_0.8228,73,0.0059613632038235664,0.0059613632038235664,0.0,0.0
Test,original,22,randomness_0.8228,101,0.005261317826807499,0.005261317826807499,0.0,0.0
Test,original,22,randomness_0.8228,202,0.005350806750357151,0.005350806750357151,0.0,0.0
Test,original,23,randomness_0.2182,11,0.034551169723272324,0.034551169723272324,0.0,0.0
Test,original,23,randomness_0.2182,42,0.03429653123021126,0.03429653123021126,0.0,0.0
Test,original,23,randomness_0.2182,73,0.03400015830993652,0.03400015830993652,0.0,0.0
Test,original,23,randomness_0.2182,101,0.03460261598229408,0.03460261598229408,0.0,0.0
Test,original,23,randomness_0.2182,202,0.03533010184764862,0.03533010184764862,0.0,0.0
Test,original,24,randomness_0.6927,11,0.02072478085756302,0.02072478085756302,0.0,0.0
Test,original,24,randomness_0.6927,42,0.019152997061610222,0.019152997061610222,0.0,0.0
Test,original,24,randomness_0.6927,73,0.01978646218776703,0.01978646218776703,0.0,0.0
Test,original,24,randomness_0.6927,101,0.019637642428278923,0.019637642428278923,0.0,0.0
Test,original,24,randomness_0.6927,202,0.01963670179247856,0.01963670179247856,0.0,0.0
Test,original,25,randomness_0.2963,11,0.03945479169487953,0.03945479169487953,0.0,0.0
Test,original,25,randomness_0.2963,42,0.03870806470513344,0.03870806470513344,0.0,0.0
Test,original,25,randomness_0.2963,73,0.03840002417564392,0.03840002417564392,0.0,0.0
Test,original,25,randomness_0.2963,101,0.038524527102708817,0.038524527102708817,0.0,0.0
Test,original,25,randomness_0.2963,202,0.039298102259635925,0.039298102259635925,0.0,0.0
Test,original,26,randomness_0.3183,11,0.03216857835650444,0.03216857835650444,0.0,0.0
Test,original,26,randomness_0.3183,42,0.032547250390052795,0.032547250390052795,0.0,0.0
Test,original,26,randomness_0.3183,73,0.03285633400082588,0.03285633400082588,0.0,0.0
Test,original,26,randomness_0.3183,101,0.032226916402578354,0.032226916402578354,0.0,0.0
Test,original,26,randomness_0.3183,202,0.033032357692718506,0.033032357692718506,0.0,0.0
Test,original,27,randomness_0.8669,11,0.003890683175995946,0.003890683175995946,0.0,0.0
Test,original,27,randomness_0.8669,42,0.003072032006457448,0.003072032006457448,0.0,0.0
Test,original,27,randomness_0.8669,73,0.003657923312857747,0.003657923312857747,0.0,0.0
Test,original,27,randomness_0.8669,101,0.002982405247166753,0.002982405247166753,0.0,0.0
Test,original,27,randomness_0.8669,202,0.0041148466989398,0.0041148466989398,0.0,0.0
Test,original,28,randomness_0.5596,11,0.022518569603562355,0.022518569603562355,0.0,0.0
Test,original,28,randomness_0.5596,42,0.02238229103386402,0.02238229103386402,0.0,0.0
Test,original,28,randomness_0.5596,73,0.021877234801650047,0.021877234801650047,0.0,0.0
Test,original,28,randomness_0.5596,101,0.020824138075113297,0.020824138075113297,0.0,0.0
Test,original,28,randomness_0.5596,202,0.02071448415517807,0.02071448415517807,0.0,0.0
Test,original,29,randomness_0.2653,11,0.03575592488050461,0.03575592488050461,0.0,0.0
Test,original,29,randomness_0.2653,42,0.034170981496572495,0.034170981496572495,0.0,0.0
Test,original,29,randomness_0.2653,73,0.03499182313680649,0.03499182313680649,0.0,0.0
Test,original,29,randomness_0.2653,101,0.03564206510782242,0.03564206510782242,0.0,0.0
Test,original,29,randomness_0.2653,202,0.03581273555755615,0.03581273555755615,0.0,0.0
Test,original,30,randomness_0.1361,11,0.03804817050695419,0.03804817050695419,0.0,0.0
Test,original,30,randomness_0.1361,42,0.0381254181265831,0.0381254181265831,0.0,0.0
Test,original,30,randomness_0.1361,73,0.03787863627076149,0.03787863627076149,0.0,0.0
Test,original,30,randomness_0.1361,101,0.037929680198431015,0.037929680198431015,0.0,0.0
Test,original,30,randomness_0.1361,202,0.038778793066740036,0.038778793066740036,0.0,0.0
Test,original,31,randomness_0.7618,11,0.01580098271369934,0.01580098271369934,0.0,0.0
Test,original,31,randomness_0.7618,42,0.014802095480263233,0.014802095480263233,0.0,0.0
Test,original,31,randomness_0.7618,73,0.016860708594322205,0.016860708594322205,0.0,0.0
Test,original,31,randomness_0.7618,101,0.01601843163371086,0.01601843163371086,0.0,0.0
Test,original,31,randomness_0.7618,202,0.01575634256005287,0.01575634256005287,0.0,0.0
Test,original,32,randomness_0.0300,11,0.03916575014591217,0.03916575014591217,0.0,0.0
Test,original,32,randomness_0.0300,42,0.038839101791381836,0.038839101791381836,0.0,0.0
Test,original,32,randomness_0.0300,73,0.03874159976840019,0.03874159976840019,0.0,0.0
Test,original,32,randomness_0.0300,101,0.03873354569077492,0.03873354569077492,0.0,0.0
Test,original,32,randomness_0.0300,202,0.039432626217603683,0.039432626217603683,0.0,0.0
Test,original,33,randomness_0.2893,11,0.030344774946570396,0.030344774946570396,0.0,0.0
Test,original,33,randomness_0.2893,42,0.03014414757490158,0.03014414757490158,0.0,0.0
Test,original,33,randomness_0.2893,73,0.03056381084024906,0.03056381084024906,0.0,0.0
Test,original,33,randomness_0.2893,101,0.029450127854943275,0.029450127854943275,0.0,0.0
Test,original,33,randomness_0.2893,202,0.030634906142950058,0.030634906142950058,0.0,0.0
Test,original,34,randomness_0.6436,11,0.01873798668384552,0.01873798668384552,0.0,0.0
Test,original,34,randomness_0.6436,42,0.018547067418694496,0.018547067418694496,0.0,0.0
Test,original,34,randomness_0.6436,73,0.01863316260278225,0.01863316260278225,0.0,0.0
Test,original,34,randomness_0.6436,101,0.0195733904838562,0.0195733904838562,0.0,0.0
Test,original,34,randomness_0.6436,202,0.018515611067414284,0.018515611067414284,0.0,0.0
Test,original,35,randomness_0.6356,11,0.019419297575950623,0.019419297575950623,0.0,0.0
Test,original,35,randomness_0.6356,42,0.018683327361941338,0.018683327361941338,0.0,0.0
Test,original,35,randomness_0.6356,73,0.018536627292633057,0.018536627292633057,0.0,0.0
Test,original,35,randomness_0.6356,101,0.018329733982682228,0.018329733982682228,0.0,0.0
Test,original,35,randomness_0.6356,202,0.0176395196467638,0.0176395196467638,0.0,0.0
Test,original,36,randomness_0.0551,11,0.03768462315201759,0.03768462315201759,0.0,0.0
Test,original,36,randomness_0.0551,42,0.0381012000143528,0.0381012000143528,0.0,0.0
Test,original,36,randomness_0.0551,73,0.037835102528333664,0.037835102528333664,0.0,0.0
Test,original,36,randomness_0.0551,101,0.037543728947639465,0.037543728947639465,0.0,0.0
Test,original,36,randomness_0.0551,202,0.03865243121981621,0.03865243121981621,0.0,0.0
Test,original,37,randomness_0.2152,11,0.03151234611868858,0.03151234611868858,0.0,0.0
Test,original,37,randomness_0.2152,42,0.032133426517248154,0.032133426517248154,0.0,0.0
Test,original,37,randomness_0.2152,73,0.03255864605307579,0.03255864605307579,0.0,0.0
Test,original,37,randomness_0.2152,101,0.030566394329071045,0.030566394329071045,0.0,0.0
Test,original,37,randomness_0.2152,202,0.032754626125097275,0.032754626125097275,0.0,0.0
Test,original,38,randomness_0.8659,11,0.012965605594217777,0.012965605594217777,0.0,0.0
Test,original,38,randomness_0.8659,42,0.012479840777814388,0.012479840777814388,0.0,0.0
Test,original,38,randomness_0.8659,73,0.014899433590471745,0.014899433590471745,0.0,0.0
Test,original,38,randomness_0.8659,101,0.01471581868827343,0.01471581868827343,0.0,0.0
Test,original,38,randomness_0.8659,202,0.013360466808080673,0.013360466808080673,0.0,0.0
Test,original,39,randomness_0.6527,11,0.01770375296473503,0.01770375296473503,0.0,0.0
Test,original,39,randomness_0.6527,42,0.016924547031521797,0.016924547031521797,0.0,0.0
Test,original,39,randomness_0.6527,73,0.017575044184923172,0.017575044184923172,0.0,0.0
Test,original,39,randomness_0.6527,101,0.017294839024543762,0.017294839024543762,0.0,0.0
Test,original,39,randomness_0.6527,202,0.017470117658376694,0.017470117658376694,0.0,0.0
Test,original,40,randomness_0.3073,11,0.036178626120090485,0.036178626120090485,0.0,0.0
Test,original,40,randomness_0.3073,42,0.03591012582182884,0.03591012582182884,0.0,0.0
Test,original,40,randomness_0.3073,73,0.03618065267801285,0.03618065267801285,0.0,0.0
Test,original,40,randomness_0.3073,101,0.03582523763179779,0.03582523763179779,0.0,0.0
Test,original,40,randomness_0.3073,202,0.03704094514250755,0.03704094514250755,0.0,0.0
Test,original,41,randomness_0.2082,11,0.03747836500406265,0.03747836500406265,0.0,0.0
Test,original,41,randomness_0.2082,42,0.03746737539768219,0.03746737539768219,0.0,0.0
Test,original,41,randomness_0.2082,73,0.03749241679906845,0.03749241679906845,0.0,0.0
Test,original,41,randomness_0.2082,101,0.03772009164094925,0.03772009164094925,0.0,0.0
Test,original,41,randomness_0.2082,202,0.03816499933600426,0.03816499933600426,0.0,0.0
Test,original,42,randomness_0.9019,11,0.00028937231400050223,0.00028937231400050223,0.0,0.0
Test,original,42,randomness_0.9019,42,0.0022935897577553988,0.0022935897577553988,0.0,0.0
Test,original,42,randomness_0.9019,73,0.001869005267508328,0.001869005267508328,0.0,0.0
Test,original,42,randomness_0.9019,101,0.0019956633914262056,0.0019956633914262056,0.0,0.0
Test,original,42,randomness_0.9019,202,0.0029330675024539232,0.0029330675024539232,0.0,0.0
Test,original,43,randomness_0.2102,11,0.037299543619155884,0.037299543619155884,0.0,0.0
Test,original,43,randomness_0.2102,42,0.037131477147340775,0.037131477147340775,0.0,0.0
Test,original,43,randomness_0.2102,73,0.036839231848716736,0.036839231848716736,0.0,0.0
Test,original,43,randomness_0.2102,101,0.03722942993044853,0.03722942993044853,0.0,0.0
Test,original,43,randomness_0.2102,202,0.03759052976965904,0.03759052976965904,0.0,0.0
Test,original,44,randomness_0.7137,11,0.016699722036719322,0.016699722036719322,0.0,0.0
Test,original,44,randomness_0.7137,42,0.015244574286043644,0.015244574286043644,0.0,0.0
Test,original,44,randomness_0.7137,73,0.016335276886820793,0.016335276886820793,0.0,0.0
Test,original,44,randomness_0.7137,101,0.016871707513928413,0.016871707513928413,0.0,0.0
Test,original,44,randomness_0.7137,202,0.015971124172210693,0.015971124172210693,0.0,0.0
Test,original,45,randomness_0.4084,11,0.03177281469106674,0.03177281469106674,0.0,0.0
Test,original,45,randomness_0.4084,42,0.03123701736330986,0.03123701736330986,0.0,0.0
Test,original,45,randomness_0.4084,73,0.030840249732136726,0.030840249732136726,0.0,0.0
Test,original,45,randomness_0.4084,101,0.031064435839653015,0.031064435839653015,0.0,0.0
Test,original,45,randomness_0.4084,202,0.030868664383888245,0.030868664383888245,0.0,0.0
Test,original,46,randomness_0.9479,11,0.0022288274485617876,0.0022288274485617876,0.0,0.0
Test,original,46,randomness_0.9479,42,0.002501716138795018,0.002501716138795018,0.0,0.0
Test,original,46,randomness_0.9479,73,0.0038138285744935274,0.0038138285744935274,0.0,0.0
Test,original,46,randomness_0.9479,101,0.004634262062609196,0.004634262062609196,0.0,0.0
Test,original,46,randomness_0.9479,202,0.004646223969757557,0.004646223969757557,0.0,0.0
Test,original,47,randomness_0.3193,11,0.037201736122369766,0.037201736122369766,0.0,0.0
Test,original,47,randomness_0.3193,42,0.0370497852563858,0.0370497852563858,0.0,0.0
Test,original,47,randomness_0.3193,73,0.03658885508775711,0.03658885508775711,0.0,0.0
Test,original,47,randomness_0.3193,101,0.03587967902421951,0.03587967902421951,0.0,0.0
Test,original,47,randomness_0.3193,202,0.03727683052420616,0.03727683052420616,0.0,0.0
Test,original,48,randomness_0.2813,11,0.037094596773386,0.037094596773386,0.0,0.0
Test,original,48,randomness_0.2813,42,0.03771732747554779,0.03771732747554779,0.0,0.0
Test,original,48,randomness_0.2813,73,0.037662576884031296,0.037662576884031296,0.0,0.0
Test,original,48,randomness_0.2813,101,0.03724612295627594,0.03724612295627594,0.0,0.0
Test,original,48,randomness_0.2813,202,0.03761018440127373,0.03761018440127373,0.0,0.0
Test,original,49,randomness_0.9990,11,0.006302443332970142,0.006302443332970142,0.0,0.0
Test,original,49,randomness_0.9990,42,0.006981258280575275,0.006981258280575275,0.0,0.0
Test,original,49,randomness_0.9990,73,0.0070963772013783455,0.0070963772013783455,0.0,0.0
Test,original,49,randomness_0.9990,101,0.008208061568439007,0.008208061568439007,0.0,0.0
Test,original,49,randomness_0.9990,202,0.0078114671632647514,0.0078114671632647514,0.0,0.0
Test,original,50,randomness_0.0861,11,0.039208486676216125,0.039208486676216125,0.0,0.0
Test,original,50,randomness_0.0861,42,0.03808927536010742,0.03808927536010742,0.0,0.0
Test,original,50,randomness_0.0861,73,0.038073811680078506,0.038073811680078506,0.0,0.0
Test,original,50,randomness_0.0861,101,0.038262493908405304,0.038262493908405304,0.0,0.0
Test,original,50,randomness_0.0861,202,0.03876865655183792,0.03876865655183792,0.0,0.0
Test,original,51,randomness_0.9900,11,0.004691208712756634,0.004691208712756634,0.0,0.0
Test,original,51,randomness_0.9900,42,0.005580815486609936,0.005580815486609936,0.0,0.0
Test,original,51,randomness_0.9900,73,0.005246561951935291,0.005246561951935291,0.0,0.0
Test,original,51,randomness_0.9900,101,0.0044043464586138725,0.0044043464586138725,0.0,0.0
Test,original,51,randomness_0.9900,202,0.004571533761918545,0.004571533761918545,0.0,0.0
Test,original,52,randomness_0.6787,11,0.012770028784871101,0.012770028784871101,0.0,0.0
Test,original,52,randomness_0.6787,42,0.012430974282324314,0.012430974282324314,0.0,0.0
Test,original,52,randomness_0.6787,73,0.012549416162073612,0.012549416162073612,0.0,0.0
Test,original,52,randomness_0.6787,101,0.012066938914358616,0.012066938914358616,0.0,0.0
Test,original,52,randomness_0.6787,202,0.012497062794864178,0.012497062794864178,0.0,0.0
Test,original,53,randomness_0.5836,11,0.02221773937344551,0.02221773937344551,0.0,0.0
Test,original,53,randomness_0.5836,42,0.021537641063332558,0.021537641063332558,0.0,0.0
Test,original,53,randomness_0.5836,73,0.021594149991869926,0.021594149991869926,0.0,0.0
Test,original,53,randomness_0.5836,101,0.021976567804813385,0.021976567804813385,0.0,0.0
Test,original,53,randomness_0.5836,202,0.022037547081708908,0.022037547081708908,0.0,0.0
Test,original,54,randomness_0.9790,11,0.0018837220268324018,0.0018837220268324018,0.0,0.0
Test,original,54,randomness_0.9790,42,0.0017389963613823056,0.0017389963613823056,0.0,0.0
Test,original,54,randomness_0.9790,73,0.002959267469123006,0.002959267469123006,0.0,0.0
Test,original,54,randomness_0.9790,101,0.0028991580475121737,0.0028991580475121737,0.0,0.0
Test,original,54,randomness_0.9790,202,0.002367005916312337,0.002367005916312337,0.0,0.0
Test,original,55,randomness_0.7417,11,0.01044039148837328,0.01044039148837328,0.0,0.0
Test,original,55,randomness_0.7417,42,0.010196936316788197,0.010196936316788197,0.0,0.0
Test,original,55,randomness_0.7417,73,0.010714810341596603,0.010714810341596603,0.0,0.0
Test,original,55,randomness_0.7417,101,0.01106225699186325,0.01106225699186325,0.0,0.0
Test,original,55,randomness_0.7417,202,0.010929333046078682,0.010929333046078682,0.0,0.0
Test,original,56,randomness_0.0440,11,0.03464434668421745,0.03464434668421745,0.0,0.0
Test,original,56,randomness_0.0440,42,0.0349883958697319,0.0349883958697319,0.0,0.0
Test,original,56,randomness_0.0440,73,0.034599289298057556,0.034599289298057556,0.0,0.0
Test,original,56,randomness_0.0440,101,0.0347803458571434,0.0347803458571434,0.0,0.0
Test,original,56,randomness_0.0440,202,0.03543275594711304,0.03543275594711304,0.0,0.0
Test,original,57,randomness_0.0631,11,0.03613751754164696,0.03613751754164696,0.0,0.0
Test,original,57,randomness_0.0631,42,0.036100804805755615,0.036100804805755615,0.0,0.0
Test,original,57,randomness_0.0631,73,0.03612383082509041,0.03612383082509041,0.0,0.0
Test,original,57,randomness_0.0631,101,0.03600423410534859,0.03600423410534859,0.0,0.0
Test,original,57,randomness_0.0631,202,0.03676935285329819,0.03676935285329819,0.0,0.0
Test,original,58,randomness_0.1101,11,0.03675873577594757,0.03675873577594757,0.0,0.0
Test,original,58,randomness_0.1101,42,0.03708268702030182,0.03708268702030182,0.0,0.0
Test,original,58,randomness_0.1101,73,0.036841657012701035,0.036841657012701035,0.0,0.0
Test,original,58,randomness_0.1101,101,0.03608911111950874,0.03608911111950874,0.0,0.0
Test,original,58,randomness_0.1101,202,0.03716934472322464,0.03716934472322464,0.0,0.0
Test,original,59,randomness_0.7648,11,0.017481956630945206,0.017481956630945206,0.0,0.0
Test,original,59,randomness_0.7648,42,0.015695426613092422,0.015695426613092422,0.0,0.0
Test,original,59,randomness_0.7648,73,0.017235353589057922,0.017235353589057922,0.0,0.0
Test,original,59,randomness_0.7648,101,0.017290081828832626,0.017290081828832626,0.0,0.0
Test,original,59,randomness_0.7648,202,0.016052046790719032,0.016052046790719032,0.0,0.0
Test,original,60,randomness_0.3103,11,0.036936111748218536,0.036936111748218536,0.0,0.0
Test,original,60,randomness_0.3103,42,0.036131519824266434,0.036131519824266434,0.0,0.0
Test,original,60,randomness_0.3103,73,0.03598551079630852,0.03598551079630852,0.0,0.0
Test,original,60,randomness_0.3103,101,0.035803887993097305,0.035803887993097305,0.0,0.0
Test,original,60,randomness_0.3103,202,0.03635895997285843,0.03635895997285843,0.0,0.0
Test,original,61,randomness_0.0881,11,0.03813604637980461,0.03813604637980461,0.0,0.0
Test,original,61,randomness_0.0881,42,0.038178566843271255,0.038178566843271255,0.0,0.0
Test,original,61,randomness_0.0881,73,0.03809349611401558,0.03809349611401558,0.0,0.0
Test,original,61,randomness_0.0881,101,0.03805750980973244,0.03805750980973244,0.0,0.0
Test,original,61,randomness_0.0881,202,0.03894457966089249,0.03894457966089249,0.0,0.0
Test,original,62,randomness_0.1391,11,0.03751685470342636,0.03751685470342636,0.0,0.0
Test,original,62,randomness_0.1391,42,0.03685641288757324,0.03685641288757324,0.0,0.0
Test,original,62,randomness_0.1391,73,0.03694169968366623,0.03694169968366623,0.0,0.0
Test,original,62,randomness_0.1391,101,0.03698011487722397,0.03698011487722397,0.0,0.0
Test,original,62,randomness_0.1391,202,0.037636492401361465,0.037636492401361465,0.0,0.0
Test,original,63,randomness_0.6366,11,0.021512696519494057,0.021512696519494057,0.0,0.0
Test,original,63,randomness_0.6366,42,0.02091808058321476,0.02091808058321476,0.0,0.0
Test,original,63,randomness_0.6366,73,0.020967524498701096,0.020967524498701096,0.0,0.0
Test,original,63,randomness_0.6366,101,0.020543653517961502,0.020543653517961502,0.0,0.0
Test,original,63,randomness_0.6366,202,0.021297527477145195,0.021297527477145195,0.0,0.0
Test,original,64,randomness_0.1982,11,0.03598073869943619,0.03598073869943619,0.0,0.0
Test,original,64,randomness_0.1982,42,0.035142362117767334,0.035142362117767334,0.0,0.0
Test,original,64,randomness_0.1982,73,0.035395942628383636,0.035395942628383636,0.0,0.0
Test,original,64,randomness_0.1982,101,0.035755518823862076,0.035755518823862076,0.0,0.0
Test,original,64,randomness_0.1982,202,0.03610794618725777,0.03610794618725777,0.0,0.0
Test,original,65,randomness_0.2943,11,0.03586660698056221,0.03586660698056221,0.0,0.0
Test,original,65,randomness_0.2943,42,0.03522195667028427,0.03522195667028427,0.0,0.0
Test,original,65,randomness_0.2943,73,0.03500835597515106,0.03500835597515106,0.0,0.0
Test,original,65,randomness_0.2943,101,0.0358453243970871,0.0358453243970871,0.0,0.0
Test,original,65,randomness_0.2943,202,0.035722434520721436,0.035722434520721436,0.0,0.0
Test,original,66,randomness_0.3123,11,0.03494073078036308,0.03494073078036308,0.0,0.0
Test,original,66,randomness_0.3123,42,0.03414106369018555,0.03414106369018555,0.0,0.0
Test,original,66,randomness_0.3123,73,0.03393992409110069,0.03393992409110069,0.0,0.0
Test,original,66,randomness_0.3123,101,0.034180741757154465,0.034180741757154465,0.0,0.0
Test,original,66,randomness_0.3123,202,0.03524421527981758,0.03524421527981758,0.0,0.0
Test,original,67,randomness_0.7497,11,0.011569732800126076,0.011569732800126076,0.0,0.0
Test,original,67,randomness_0.7497,42,0.011463006027042866,0.011463006027042866,0.0,0.0
Test,original,67,randomness_0.7497,73,0.012337172403931618,0.012337172403931618,0.0,0.0
Test,original,67,randomness_0.7497,101,0.01143123209476471,0.01143123209476471,0.0,0.0
Test,original,67,randomness_0.7497,202,0.01158651802688837,0.01158651802688837,0.0,0.0
Test,original,68,randomness_0.3824,11,0.03396790847182274,0.03396790847182274,0.0,0.0
Test,original,68,randomness_0.3824,42,0.03425484150648117,0.03425484150648117,0.0,0.0
Test,original,68,randomness_0.3824,73,0.034286171197891235,0.034286171197891235,0.0,0.0
Test,original,68,randomness_0.3824,101,0.03424699977040291,0.03424699977040291,0.0,0.0
Test,original,68,randomness_0.3824,202,0.03531750664114952,0.03531750664114952,0.0,0.0
Test,original,69,randomness_0.1201,11,0.03742735832929611,0.03742735832929611,0.0,0.0
Test,original,69,randomness_0.1201,42,0.037613123655319214,0.037613123655319214,0.0,0.0
Test,original,69,randomness_0.1201,73,0.037451617419719696,0.037451617419719696,0.0,0.0
Test,original,69,randomness_0.1201,101,0.03700729459524155,0.03700729459524155,0.0,0.0
Test,original,69,randomness_0.1201,202,0.03822154551744461,0.03822154551744461,0.0,0.0
Test,original,70,randomness_0.8799,11,0.008326669223606586,0.008326669223606586,0.0,0.0
Test,original,70,randomness_0.8799,42,0.008941945619881153,0.008941945619881153,0.0,0.0
Test,original,70,randomness_0.8799,73,0.008987694047391415,0.008987694047391415,0.0,0.0
Test,original,70,randomness_0.8799,101,0.009403674863278866,0.009403674863278866,0.0,0.0
Test,original,70,randomness_0.8799,202,0.008508932776749134,0.008508932776749134,0.0,0.0
Test,original,71,randomness_0.4454,11,0.03205069154500961,0.03205069154500961,0.0,0.0
Test,original,71,randomness_0.4454,42,0.031045064330101013,0.031045064330101013,0.0,0.0
Test,original,71,randomness_0.4454,73,0.030299019068479538,0.030299019068479538,0.0,0.0
Test,original,71,randomness_0.4454,101,0.029446382075548172,0.029446382075548172,0.0,0.0
Test,original,71,randomness_0.4454,202,0.030480626970529556,0.030480626970529556,0.0,0.0
Test,original,72,randomness_0.6496,11,0.016182800754904747,0.016182800754904747,0.0,0.0
Test,original,72,randomness_0.6496,42,0.016482237726449966,0.016482237726449966,0.0,0.0
Test,original,72,randomness_0.6496,73,0.01606435514986515,0.01606435514986515,0.0,0.0
Test,original,72,randomness_0.6496,101,0.015695346519351006,0.015695346519351006,0.0,0.0
Test,original,72,randomness_0.6496,202,0.015928931534290314,0.015928931534290314,0.0,0.0
Test,original,73,randomness_0.0961,11,0.03634645789861679,0.03634645789861679,0.0,0.0
Test,original,73,randomness_0.0961,42,0.035413626581430435,0.035413626581430435,0.0,0.0
Test,original,73,randomness_0.0961,73,0.03558128699660301,0.03558128699660301,0.0,0.0
Test,original,73,randomness_0.0961,101,0.036188025027513504,0.036188025027513504,0.0,0.0
Test,original,73,randomness_0.0961,202,0.03623104840517044,0.03623104840517044,0.0,0.0
Test,original,74,randomness_0.5345,11,0.020913314074277878,0.020913314074277878,0.0,0.0
Test,original,74,randomness_0.5345,42,0.021224742755293846,0.021224742755293846,0.0,0.0
Test,original,74,randomness_0.5345,73,0.021359166130423546,0.021359166130423546,0.0,0.0
Test,original,74,randomness_0.5345,101,0.021319231018424034,0.021319231018424034,0.0,0.0
Test,original,74,randomness_0.5345,202,0.021085983142256737,0.021085983142256737,0.0,0.0
Test,original,75,randomness_0.8168,11,0.01065211184322834,0.01065211184322834,0.0,0.0
Test,original,75,randomness_0.8168,42,0.010875505395233631,0.010875505395233631,0.0,0.0
Test,original,75,randomness_0.8168,73,0.011378880590200424,0.011378880590200424,0.0,0.0
Test,original,75,randomness_0.8168,101,0.01202127244323492,0.01202127244323492,0.0,0.0
Test,original,75,randomness_0.8168,202,0.011766381561756134,0.011766381561756134,0.0,0.0
Test,original,76,randomness_0.1011,11,0.034005723893642426,0.034005723893642426,0.0,0.0
Test,original,76,randomness_0.1011,42,0.03554697334766388,0.03554697334766388,0.0,0.0
Test,original,76,randomness_0.1011,73,0.035042718052864075,0.035042718052864075,0.0,0.0
Test,original,76,randomness_0.1011,101,0.03452134504914284,0.03452134504914284,0.0,0.0
Test,original,76,randomness_0.1011,202,0.036016494035720825,0.036016494035720825,0.0,0.0
Test,original,77,randomness_0.0721,11,0.03899867460131645,0.03899867460131645,0.0,0.0
Test,original,77,randomness_0.0721,42,0.038254596292972565,0.038254596292972565,0.0,0.0
Test,original,77,randomness_0.0721,73,0.038082022219896317,0.038082022219896317,0.0,0.0
Test,original,77,randomness_0.0721,101,0.03850826993584633,0.03850826993584633,0.0,0.0
Test,original,77,randomness_0.0721,202,0.038974836468696594,0.038974836468696594,0.0,0.0
Test,original,78,randomness_0.7167,11,0.012272180058062077,0.012272180058062077,0.0,0.0
Test,original,78,randomness_0.7167,42,0.01134672574698925,0.01134672574698925,0.0,0.0
Test,original,78,randomness_0.7167,73,0.011057645082473755,0.011057645082473755,0.0,0.0
Test,original,78,randomness_0.7167,101,0.012573488987982273,0.012573488987982273,0.0,0.0
Test,original,78,randomness_0.7167,202,0.011020059697329998,0.011020059697329998,0.0,0.0
Test,original,79,randomness_0.8238,11,0.010794133879244328,0.010794133879244328,0.0,0.0
Test,original,79,randomness_0.8238,42,0.011865364387631416,0.011865364387631416,0.0,0.0
Test,original,79,randomness_0.8238,73,0.012555522844195366,0.012555522844195366,0.0,0.0
Test,original,79,randomness_0.8238,101,0.012786805629730225,0.012786805629730225,0.0,0.0
Test,original,79,randomness_0.8238,202,0.011773964390158653,0.011773964390158653,0.0,0.0
Test,original,80,randomness_0.7407,11,0.014477897435426712,0.014477897435426712,0.0,0.0
Test,original,80,randomness_0.7407,42,0.014248574152588844,0.014248574152588844,0.0,0.0
Test,original,80,randomness_0.7407,73,0.01435738243162632,0.01435738243162632,0.0,0.0
Test,original,80,randomness_0.7407,101,0.01462711300700903,0.01462711300700903,0.0,0.0
Test,original,80,randomness_0.7407,202,0.013362931087613106,0.013362931087613106,0.0,0.0
Test,original,81,randomness_0.0390,11,0.0359405018389225,0.0359405018389225,0.0,0.0
Test,original,81,randomness_0.0390,42,0.03738287463784218,0.03738287463784218,0.0,0.0
Test,original,81,randomness_0.0390,73,0.0371023565530777,0.0371023565530777,0.0,0.0
Test,original,81,randomness_0.0390,101,0.03657395765185356,0.03657395765185356,0.0,0.0
Test,original,81,randomness_0.0390,202,0.03776824474334717,0.03776824474334717,0.0,0.0
Test,original,82,randomness_0.9249,11,0.007798383943736553,0.007798383943736553,0.0,0.0
Test,original,82,randomness_0.9249,42,0.008281302638351917,0.008281302638351917,0.0,0.0
Test,original,82,randomness_0.9249,73,0.00822113174945116,0.00822113174945116,0.0,0.0
Test,original,82,randomness_0.9249,101,0.008806920610368252,0.008806920610368252,0.0,0.0
Test,original,82,randomness_0.9249,202,0.008878196589648724,0.008878196589648724,0.0,0.0
Test,original,83,randomness_0.3654,11,0.03418976068496704,0.03418976068496704,0.0,0.0
Test,original,83,randomness_0.3654,42,0.03295319154858589,0.03295319154858589,0.0,0.0
Test,original,83,randomness_0.3654,73,0.03333060443401337,0.03333060443401337,0.0,0.0
Test,original,83,randomness_0.3654,101,0.03336603194475174,0.03336603194475174,0.0,0.0
Test,original,83,randomness_0.3654,202,0.034073732793331146,0.034073732793331146,0.0,0.0
Test,original,84,randomness_0.8298,11,0.012272707186639309,0.012272707186639309,0.0,0.0
Test,original,84,randomness_0.8298,42,0.01151040568947792,0.01151040568947792,0.0,0.0
Test,original,84,randomness_0.8298,73,0.011909698136150837,0.011909698136150837,0.0,0.0
Test,original,84,randomness_0.8298,101,0.012106675654649734,0.012106675654649734,0.0,0.0
Test,original,84,randomness_0.8298,202,0.012274726293981075,0.012274726293981075,0.0,0.0
Test,original,85,randomness_0.5485,11,0.02371939830482006,0.02371939830482006,0.0,0.0
Test,original,85,randomness_0.5485,42,0.023887595161795616,0.023887595161795616,0.0,0.0
Test,original,85,randomness_0.5485,73,0.023845471441745758,0.023845471441745758,0.0,0.0
Test,original,85,randomness_0.5485,101,0.023107126355171204,0.023107126355171204,0.0,0.0
Test,original,85,randomness_0.5485,202,0.02289588563144207,0.02289588563144207,0.0,0.0
Test,original,86,randomness_0.7678,11,0.011320014484226704,0.011320014484226704,0.0,0.0
Test,original,86,randomness_0.7678,42,0.013742686249315739,0.013742686249315739,0.0,0.0
Test,original,86,randomness_0.7678,73,0.01311427541077137,0.01311427541077137,0.0,0.0
Test,original,86,randomness_0.7678,101,0.013145308941602707,0.013145308941602707,0.0,0.0
Test,original,86,randomness_0.7678,202,0.013332930393517017,0.013332930393517017,0.0,0.0
Test,original,87,randomness_0.6877,11,0.014780081808567047,0.014780081808567047,0.0,0.0
Test,original,87,randomness_0.6877,42,0.013037482276558876,0.013037482276558876,0.0,0.0
Test,original,87,randomness_0.6877,73,0.013825168833136559,0.013825168833136559,0.0,0.0
Test,original,87,randomness_0.6877,101,0.013940314762294292,0.013940314762294292,0.0,0.0
Test,original,87,randomness_0.6877,202,0.013784599490463734,0.013784599490463734,0.0,0.0
Test,original,88,randomness_0.9489,11,0.005857544951140881,0.005857544951140881,0.0,0.0
Test,original,88,randomness_0.9489,42,0.006249970756471157,0.006249970756471157,0.0,0.0
Test,original,88,randomness_0.9489,73,0.006712674163281918,0.006712674163281918,0.0,0.0
Test,original,88,randomness_0.9489,101,0.008568950928747654,0.008568950928747654,0.0,0.0
Test,original,88,randomness_0.9489,202,0.006723326630890369,0.006723326630890369,0.0,0.0
Test,original,89,randomness_0.0541,11,0.03440655767917633,0.03440655767917633,0.0,0.0
Test,original,89,randomness_0.0541,42,0.035535089671611786,0.035535089671611786,0.0,0.0
Test,original,89,randomness_0.0541,73,0.03504885360598564,0.03504885360598564,0.0,0.0
Test,original,89,randomness_0.0541,101,0.03442852571606636,0.03442852571606636,0.0,0.0
Test,original,89,randomness_0.0541,202,0.03593463450670242,0.03593463450670242,0.0,0.0
Test,original,90,randomness_0.3714,11,0.03411705046892166,0.03411705046892166,0.0,0.0
Test,original,90,randomness_0.3714,42,0.033387549221515656,0.033387549221515656,0.0,0.0
Test,original,90,randomness_0.3714,73,0.03394148498773575,0.03394148498773575,0.0,0.0
Test,original,90,randomness_0.3714,101,0.03361687436699867,0.03361687436699867,0.0,0.0
Test,original,90,randomness_0.3714,202,0.03326134383678436,0.03326134383678436,0.0,0.0
Test,original,91,randomness_0.2472,11,0.04043589532375336,0.04043589532375336,0.0,0.0
Test,original,91,randomness_0.2472,42,0.040227703750133514,0.040227703750133514,0.0,0.0
Test,original,91,randomness_0.2472,73,0.03975054249167442,0.03975054249167442,0.0,0.0
Test,original,91,randomness_0.2472,101,0.03949183225631714,0.03949183225631714,0.0,0.0
Test,original,91,randomness_0.2472,202,0.04044422507286072,0.04044422507286072,0.0,0.0
Test,original,92,randomness_0.3514,11,0.030833562836050987,0.030833562836050987,0.0,0.0
Test,original,92,randomness_0.3514,42,0.029666781425476074,0.029666781425476074,0.0,0.0
Test,original,92,randomness_0.3514,73,0.029892995953559875,0.029892995953559875,0.0,0.0
Test,original,92,randomness_0.3514,101,0.030633827671408653,0.030633827671408653,0.0,0.0
Test,original,92,randomness_0.3514,202,0.030763279646635056,0.030763279646635056,0.0,0.0
Test,original,93,randomness_0.4995,11,0.027987923473119736,0.027987923473119736,0.0,0.0
Test,original,93,randomness_0.4995,42,0.02695554681122303,0.02695554681122303,0.0,0.0
Test,original,93,randomness_0.4995,73,0.02751961164176464,0.02751961164176464,0.0,0.0
Test,original,93,randomness_0.4995,101,0.02724420838057995,0.02724420838057995,0.0,0.0
Test,original,93,randomness_0.4995,202,0.026493895798921585,0.026493895798921585,0.0,0.0
Test,original,94,randomness_0.0761,11,0.03435453027486801,0.03435453027486801,0.0,0.0
Test,original,94,randomness_0.0761,42,0.033697858452796936,0.033697858452796936,0.0,0.0
Test,original,94,randomness_0.0761,73,0.03372708708047867,0.03372708708047867,0.0,0.0
Test,original,94,randomness_0.0761,101,0.03357212245464325,0.03357212245464325,0.0,0.0
Test,original,94,randomness_0.0761,202,0.03439154475927353,0.03439154475927353,0.0,0.0
Test,original,95,randomness_0.2132,11,0.03298574686050415,0.03298574686050415,0.0,0.0
Test,original,95,randomness_0.2132,42,0.033930908888578415,0.033930908888578415,0.0,0.0
Test,original,95,randomness_0.2132,73,0.033906418830156326,0.033906418830156326,0.0,0.0
Test,original,95,randomness_0.2132,101,0.032840877771377563,0.032840877771377563,0.0,0.0
Test,original,95,randomness_0.2132,202,0.03408335894346237,0.03408335894346237,0.0,0.0
Test,original,96,randomness_0.8849,11,0.010332096368074417,0.010332096368074417,0.0,0.0
Test,original,96,randomness_0.8849,42,0.0072460295632481575,0.0072460295632481575,0.0,0.0
Test,original,96,randomness_0.8849,73,0.007696176879107952,0.007696176879107952,0.0,0.0
Test,original,96,randomness_0.8849,101,0.008646828122437,0.008646828122437,0.0,0.0
Test,original,96,randomness_0.8849,202,0.009259537793695927,0.009259537793695927,0.0,0.0
Test,original,97,randomness_0.6266,11,0.016289684921503067,0.016289684921503067,0.0,0.0
Test,original,97,randomness_0.6266,42,0.015840571373701096,0.015840571373701096,0.0,0.0
Test,original,97,randomness_0.6266,73,0.01659848913550377,0.01659848913550377,0.0,0.0
Test,original,97,randomness_0.6266,101,0.01687541790306568,0.01687541790306568,0.0,0.0
Test,original,97,randomness_0.6266,202,0.0157010555267334,0.0157010555267334,0.0,0.0
Test,original,98,randomness_0.9870,11,8.651349344290793e-05,8.651349344290793e-05,0.0,0.0
Test,original,98,randomness_0.9870,42,-3.273305264883675e-05,-3.273305264883675e-05,0.0,0.0
Test,original,98,randomness_0.9870,73,0.00150746398139745,0.00150746398139745,0.0,0.0
Test,original,98,randomness_0.9870,101,0.0013690508203580976,0.0013690508203580976,0.0,0.0
Test,original,98,randomness_0.9870,202,0.001764862914569676,0.001764862914569676,0.0,0.0
Test,original,99,randomness_0.8929,11,0.009743822738528252,0.009743822738528252,0.0,0.0
Test,original,99,randomness_0.8929,42,0.007615405134856701,0.007615405134856701,0.0,0.0
Test,original,99,randomness_0.8929,73,0.008200927637517452,0.008200927637517452,0.0,0.0
Test,original,99,randomness_0.8929,101,0.009009166620671749,0.009009166620671749,0.0,0.0
Test,original,99,randomness_0.8929,202,0.008132119663059711,0.008132119663059711,0.0,0.0
Test,mirror_x,0,randomness_0.4364,11,0.029328474774956703,0.030929408967494965,0.0016009341925382614,0.0016009341925382614
Test,mirror_x,0,randomness_0.4364,42,0.02898513711988926,0.029049241915345192,6.410479545593262e-05,6.410479545593262e-05
Test,mirror_x,0,randomness_0.4364,73,0.02831052429974079,0.02952297404408455,0.0012124497443437576,0.0012124497443437576
Test,mirror_x,0,randomness_0.4364,101,0.026842651888728142,0.028301512822508812,0.0014588609337806702,0.0014588609337806702
Test,mirror_x,0,randomness_0.4364,202,0.027496783062815666,0.027869051322340965,0.00037226825952529907,0.00037226825952529907
Test,mirror_x,1,randomness_0.8999,11,-0.00027523082098923624,0.0012599184410646558,0.001535149262053892,0.001535149262053892
Test,mirror_x,1,randomness_0.8999,42,0.0020282261539250612,0.0026853338349610567,0.0006571076810359955,0.0006571076810359955
Test,mirror_x,1,randomness_0.8999,73,0.002130600856617093,0.0021108214277774096,-1.9779428839683533e-05,1.9779428839683533e-05
Test,mirror_x,1,randomness_0.8999,101,0.0029510699678212404,0.0025319133419543505,-0.00041915662586688995,0.00041915662586688995
Test,mirror_x,1,randomness_0.8999,202,0.0028424125630408525,0.0038210891652852297,0.0009786766022443771,0.0009786766022443771
Test,mirror_x,2,randomness_0.3463,11,0.03137160837650299,0.03242678940296173,0.0010551810264587402,0.0010551810264587402
Test,mirror_x,2,randomness_0.3463,42,0.029672380536794662,0.02942216768860817,-0.0002502128481864929,0.0002502128481864929
Test,mirror_x,2,randomness_0.3463,73,0.03040117397904396,0.030680736526846886,0.0002795625478029251,0.0002795625478029251
Test,mirror_x,2,randomness_0.3463,101,0.03127838671207428,0.03101629950106144,-0.00026208721101284027,0.00026208721101284027
Test,mirror_x,2,randomness_0.3463,202,0.03139711543917656,0.030837126076221466,-0.0005599893629550934,0.0005599893629550934
Test,mirror_x,3,randomness_0.0601,11,0.03848334029316902,0.03952334076166153,0.001040000468492508,0.001040000468492508
Test,mirror_x,3,randomness_0.0601,42,0.03927703574299812,0.03929494321346283,1.790747046470642e-05,1.790747046470642e-05
Test,mirror_x,3,randomness_0.0601,73,0.03915226832032204,0.03918367996811867,3.141164779663086e-05,3.141164779663086e-05
Test,mirror_x,3,randomness_0.0601,101,0.03905099630355835,0.03942853957414627,0.00037754327058792114,0.00037754327058792114
Test,mirror_x,3,randomness_0.0601,202,0.03978098928928375,0.03989080339670181,0.0001098141074180603,0.0001098141074180603
Test,mirror_x,4,randomness_0.8679,11,0.007861494086682796,0.006118808872997761,-0.0017426852136850357,0.0017426852136850357
Test,mirror_x,4,randomness_0.8679,42,0.009166841395199299,0.009755689650774002,0.0005888482555747032,0.0005888482555747032
Test,mirror_x,4,randomness_0.8679,73,0.008291478268802166,0.00857557449489832,0.00028409622609615326,0.00028409622609615326
Test,mirror_x,4,randomness_0.8679,101,0.008415508083999157,0.007685997523367405,-0.000729510560631752,0.000729510560631752
Test,mirror_x,4,randomness_0.8679,202,0.00875870045274496,0.00848234910517931,-0.00027635134756565094,0.00027635134756565094
Test,mirror_x,5,randomness_0.4324,11,0.03329095244407654,0.032991282641887665,-0.0002996698021888733,0.0002996698021888733
Test,mirror_x,5,randomness_0.4324,42,0.03323908522725105,0.032999929040670395,-0.00023915618658065796,0.00023915618658065796
Test,mirror_x,5,randomness_0.4324,73,0.03274717554450035,0.03203452751040459,-0.0007126480340957642,0.0007126480340957642
Test,mirror_x,5,randomness_0.4324,101,0.032100189477205276,0.03208913281559944,-1.1056661605834961e-05,1.1056661605834961e-05
Test,mirror_x,5,randomness_0.4324,202,0.03204416483640671,0.03180885687470436,-0.0002353079617023468,0.0002353079617023468
Test,mirror_x,6,randomness_0.5435,11,0.02175365947186947,0.021463850513100624,-0.0002898089587688446,0.0002898089587688446
Test,mirror_x,6,randomness_0.5435,42,0.01974528655409813,0.020303811877965927,0.0005585253238677979,0.0005585253238677979
Test,mirror_x,6,randomness_0.5435,73,0.020070895552635193,0.020018700510263443,-5.219504237174988e-05,5.219504237174988e-05
Test,mirror_x,6,randomness_0.5435,101,0.01965523511171341,0.020277369767427444,0.000622134655714035,0.000622134655714035
Test,mirror_x,6,randomness_0.5435,202,0.020421015098690987,0.01985405758023262,-0.0005669575184583664,0.0005669575184583664
Test,mirror_x,7,randomness_0.3614,11,0.03333273157477379,0.034208931028842926,0.0008761994540691376,0.0008761994540691376
Test,mirror_x,7,randomness_0.3614,42,0.03377621993422508,0.033903542906045914,0.0001273229718208313,0.0001273229718208313
Test,mirror_x,7,randomness_0.3614,73,0.03373078629374504,0.03379715606570244,6.636977195739746e-05,6.636977195739746e-05
Test,mirror_x,7,randomness_0.3614,101,0.03375561907887459,0.032912347465753555,-0.0008432716131210327,0.0008432716131210327
Test,mirror_x,7,randomness_0.3614,202,0.03384269028902054,0.033796101808547974,-4.65884804725647e-05,4.65884804725647e-05
Test,mirror_x,8,randomness_0.4865,11,0.03131905943155289,0.03172282874584198,0.000403769314289093,0.000403769314289093
Test,mirror_x,8,randomness_0.4865,42,0.03149830549955368,0.03153425082564354,3.594532608985901e-05,3.594532608985901e-05
Test,mirror_x,8,randomness_0.4865,73,0.03177386894822121,0.03100172057747841,-0.0007721483707427979,0.0007721483707427979
Test,mirror_x,8,randomness_0.4865,101,0.030746372416615486,0.030120037496089935,-0.0006263349205255508,0.0006263349205255508
Test,mirror_x,8,randomness_0.4865,202,0.03179849311709404,0.03154503181576729,-0.0002534613013267517,0.0002534613013267517
Test,mirror_x,9,randomness_0.2773,11,0.03768477588891983,0.03729940205812454,-0.0003853738307952881,0.0003853738307952881
Test,mirror_x,9,randomness_0.2773,42,0.03750874847173691,0.03754793107509613,3.918260335922241e-05,3.918260335922241e-05
Test,mirror_x,9,randomness_0.2773,73,0.037116315215826035,0.03720363974571228,8.732452988624573e-05,8.732452988624573e-05
Test,mirror_x,9,randomness_0.2773,101,0.03776825591921806,0.03728492558002472,-0.0004833303391933441,0.0004833303391933441
Test,mirror_x,9,randomness_0.2773,202,0.03794753551483154,0.0378817580640316,-6.577745079994202e-05,6.577745079994202e-05
Test,mirror_x,10,randomness_0.6627,11,0.024438686668872833,0.022457154467701912,-0.0019815322011709213,0.0019815322011709213
Test,mirror_x,10,randomness_0.6627,42,0.02211482636630535,0.022517096251249313,0.0004022698849439621,0.0004022698849439621
Test,mirror_x,10,randomness_0.6627,73,0.022884221747517586,0.022156493738293648,-0.000727728009223938,0.000727728009223938
Test,mirror_x,10,randomness_0.6627,101,0.02204098179936409,0.02187911793589592,-0.00016186386346817017,0.00016186386346817017
Test,mirror_x,10,randomness_0.6627,202,0.02254374511539936,0.02217043936252594,-0.0003733057528734207,0.0003733057528734207
Test,mirror_x,11,randomness_0.3774,11,0.035244423896074295,0.03556697070598602,0.0003225468099117279,0.0003225468099117279
Test,mirror_x,11,randomness_0.3774,42,0.03363201022148132,0.034204766154289246,0.0005727559328079224,0.0005727559328079224
Test,mirror_x,11,randomness_0.3774,73,0.03341079503297806,0.03391644358634949,0.0005056485533714294,0.0005056485533714294
Test,mirror_x,11,randomness_0.3774,101,0.0339321531355381,0.034606873989105225,0.0006747208535671234,0.0006747208535671234
Test,mirror_x,11,randomness_0.3774,202,0.03364287689328194,0.03471628949046135,0.0010734125971794128,0.0010734125971794128
Test,mirror_x,12,randomness_0.6687,11,0.021703675389289856,0.021212922409176826,-0.0004907529801130295,0.0004907529801130295
Test,mirror_x,12,randomness_0.6687,42,0.021792670711874962,0.021393323317170143,-0.0003993473947048187,0.0003993473947048187
Test,mirror_x,12,randomness_0.6687,73,0.021377883851528168,0.02092013508081436,-0.00045774877071380615,0.00045774877071380615
Test,mirror_x,12,randomness_0.6687,101,0.02050558105111122,0.02033255062997341,-0.00017303042113780975,0.00017303042113780975
Test,mirror_x,12,randomness_0.6687,202,0.02068093977868557,0.019818147644400597,-0.0008627921342849731,0.0008627921342849731
Test,mirror_x,13,randomness_0.5896,11,0.026048986241221428,0.024609681218862534,-0.0014393050223588943,0.0014393050223588943
Test,mirror_x,13,randomness_0.5896,42,0.024984819814562798,0.025565536692738533,0.0005807168781757355,0.0005807168781757355
Test,mirror_x,13,randomness_0.5896,73,0.02524099312722683,0.024194948375225067,-0.0010460447520017624,0.0010460447520017624
Test,mirror_x,13,randomness_0.5896,101,0.024157969281077385,0.02322293259203434,-0.000935036689043045,0.000935036689043045
Test,mirror_x,13,randomness_0.5896,202,0.024184273555874825,0.02439667470753193,0.0002124011516571045,0.0002124011516571045
Test,mirror_x,14,randomness_0.3554,11,0.0361446887254715,0.036609869450330734,0.00046518072485923767,0.00046518072485923767
Test,mirror_x,14,randomness_0.3554,42,0.03677878901362419,0.03700804337859154,0.0002292543649673462,0.0002292543649673462
Test,mirror_x,14,randomness_0.3554,73,0.03637724369764328,0.035987552255392075,-0.00038969144225120544,0.00038969144225120544
Test,mirror_x,14,randomness_0.3554,101,0.03468836098909378,0.03493333235383034,0.000244971364736557,0.000244971364736557
Test,mirror_x,14,randomness_0.3554,202,0.03633695840835571,0.035823576152324677,-0.0005133822560310364,0.0005133822560310364
Test,mirror_x,15,randomness_0.2593,11,0.037012979388237,0.03632603585720062,-0.000686943531036377,0.000686943531036377
Test,mirror_x,15,randomness_0.2593,42,0.036235082894563675,0.036733295768499374,0.0004982128739356995,0.0004982128739356995
Test,mirror_x,15,randomness_0.2593,73,0.03654223307967186,0.03671034052968025,0.00016810745000839233,0.00016810745000839233
Test,mirror_x,15,randomness_0.2593,101,0.03718305751681328,0.0365043468773365,-0.0006787106394767761,0.0006787106394767761
Test,mirror_x,15,randomness_0.2593,202,0.037465497851371765,0.03726605325937271,-0.00019944459199905396,0.00019944459199905396
Test,mirror_x,16,randomness_0.6176,11,0.021010445430874825,0.02007441595196724,-0.0009360294789075851,0.0009360294789075851
Test,mirror_x,16,randomness_0.6176,42,0.01925431378185749,0.019692232832312584,0.0004379190504550934,0.0004379190504550934
Test,mirror_x,16,randomness_0.6176,73,0.019963035359978676,0.01999852806329727,3.5492703318595886e-05,3.5492703318595886e-05
Test,mirror_x,16,randomness_0.6176,101,0.018779685720801353,0.019348157569766045,0.0005684718489646912,0.0005684718489646912
Test,mirror_x,16,randomness_0.6176,202,0.019270531833171844,0.0193980410695076,0.0001275092363357544,0.0001275092363357544
Test,mirror_x,17,randomness_0.9780,11,0.0035268564242869616,0.00394612830132246,0.0004192718770354986,0.0004192718770354986
Test,mirror_x,17,randomness_0.9780,42,0.001347278361208737,0.0015423811273649335,0.0001951027661561966,0.0001951027661561966
Test,mirror_x,17,randomness_0.9780,73,0.003406862961128354,0.0031696476507931948,-0.0002372153103351593,0.0002372153103351593
Test,mirror_x,17,randomness_0.9780,101,0.0032654099632054567,0.0033974137622863054,0.0001320037990808487,0.0001320037990808487
Test,mirror_x,17,randomness_0.9780,202,0.002283242763951421,0.002843535738065839,0.000560292974114418,0.000560292974114418
Test,mirror_x,18,randomness_0.2753,11,0.03774562478065491,0.03817564994096756,0.0004300251603126526,0.0004300251603126526
Test,mirror_x,18,randomness_0.2753,42,0.0379134938120842,0.038020920008420944,0.00010742619633674622,0.00010742619633674622
Test,mirror_x,18,randomness_0.2753,73,0.03772607445716858,0.0376727432012558,-5.333125591278076e-05,5.333125591278076e-05
Test,mirror_x,18,randomness_0.2753,101,0.037782613188028336,0.037458259612321854,-0.00032435357570648193,0.00032435357570648193
Test,mirror_x,18,randomness_0.2753,202,0.03817259520292282,0.038088880479335785,-8.371472358703613e-05,8.371472358703613e-05
Test,mirror_x,19,randomness_0.0701,11,0.03653369098901749,0.03654840588569641,1.471489667892456e-05,1.471489667892456e-05
Test,mirror_x,19,randomness_0.0701,42,0.03633759543299675,0.03658752888441086,0.0002499334514141083,0.0002499334514141083
Test,mirror_x,19,randomness_0.0701,73,0.0359785296022892,0.036193158477544785,0.00021462887525558472,0.00021462887525558472
Test,mirror_x,19,randomness_0.0701,101,0.03630947694182396,0.036504995077848434,0.0001955181360244751,0.0001955181360244751
Test,mirror_x,19,randomness_0.0701,202,0.03699552267789841,0.03692985698580742,-6.566569209098816e-05,6.566569209098816e-05
Test,mirror_x,20,randomness_0.2372,11,0.04196849465370178,0.042263343930244446,0.0002948492765426636,0.0002948492765426636
Test,mirror_x,20,randomness_0.2372,42,0.04095936939120293,0.04112342745065689,0.00016405805945396423,0.00016405805945396423
Test,mirror_x,20,randomness_0.2372,73,0.04102877527475357,0.04112624377012253,9.746849536895752e-05,9.746849536895752e-05
Test,mirror_x,20,randomness_0.2372,101,0.04142134636640549,0.041424769908189774,3.423541784286499e-06,3.423541784286499e-06
Test,mirror_x,20,randomness_0.2372,202,0.04195675626397133,0.04181871563196182,-0.00013804063200950623,0.00013804063200950623
Test,mirror_x,21,randomness_0.2803,11,0.03350960835814476,0.03464526683092117,0.001135658472776413,0.001135658472776413
Test,mirror_x,21,randomness_0.2803,42,0.034360915422439575,0.03435361012816429,-7.3052942752838135e-06,7.3052942752838135e-06
Test,mirror_x,21,randomness_0.2803,73,0.03458763659000397,0.03495156019926071,0.0003639236092567444,0.0003639236092567444
Test,mirror_x,21,randomness_0.2803,101,0.033901818096637726,0.03440666198730469,0.0005048438906669617,0.0005048438906669617
Test,mirror_x,21,randomness_0.2803,202,0.03461907058954239,0.03481648862361908,0.00019741803407669067,0.00019741803407669067
Test,mirror_x,22,randomness_0.8228,11,0.004255316220223904,0.00344080594368279,-0.0008145102765411139,0.0008145102765411139
Test,mirror_x,22,randomness_0.8228,42,0.005887684412300587,0.005584402941167355,-0.0003032814711332321,0.0003032814711332321
Test,mirror_x,22,randomness_0.8228,73,0.0059613632038235664,0.005490011535584927,-0.00047135166823863983,0.00047135166823863983
Test,mirror_x,22,randomness_0.8228,101,0.005261317826807499,0.004841501824557781,-0.0004198160022497177,0.0004198160022497177
Test,mirror_x,22,randomness_0.8228,202,0.005350806750357151,0.005168723873794079,-0.0001820828765630722,0.0001820828765630722
Test,mirror_x,23,randomness_0.2182,11,0.034551169723272324,0.03417736664414406,-0.0003738030791282654,0.0003738030791282654
Test,mirror_x,23,randomness_0.2182,42,0.03429653123021126,0.0343003049492836,3.773719072341919e-06,3.773719072341919e-06
Test,mirror_x,23,randomness_0.2182,73,0.03400015830993652,0.03410472720861435,0.00010456889867782593,0.00010456889867782593
Test,mirror_x,23,randomness_0.2182,101,0.03460261598229408,0.03474968299269676,0.00014706701040267944,0.00014706701040267944
Test,mirror_x,23,randomness_0.2182,202,0.03533010184764862,0.035488005727529526,0.00015790387988090515,0.00015790387988090515
Test,mirror_x,24,randomness_0.6927,11,0.02072478085756302,0.020057780668139458,-0.0006670001894235611,0.0006670001894235611
Test,mirror_x,24,randomness_0.6927,42,0.019152997061610222,0.019501380622386932,0.0003483835607767105,0.0003483835607767105
Test,mirror_x,24,randomness_0.6927,73,0.01978646218776703,0.01889258436858654,-0.0008938778191804886,0.0008938778191804886
Test,mirror_x,24,randomness_0.6927,101,0.019637642428278923,0.01903841271996498,-0.000599229708313942,0.000599229708313942
Test,mirror_x,24,randomness_0.6927,202,0.01963670179247856,0.01938493922352791,-0.0002517625689506531,0.0002517625689506531
Test,mirror_x,25,randomness_0.2963,11,0.03945479169487953,0.03917953744530678,-0.0002752542495727539,0.0002752542495727539
Test,mirror_x,25,randomness_0.2963,42,0.03870806470513344,0.038735974580049515,2.790987491607666e-05,2.790987491607666e-05
Test,mirror_x,25,randomness_0.2963,73,0.03840002417564392,0.03868599236011505,0.00028596818447113037,0.00028596818447113037
Test,mirror_x,25,randomness_0.2963,101,0.038524527102708817,0.03854658454656601,2.2057443857192993e-05,2.2057443857192993e-05
Test,mirror_x,25,randomness_0.2963,202,0.039298102259635925,0.03910602629184723,-0.0001920759677886963,0.0001920759677886963
Test,mirror_x,26,randomness_0.3183,11,0.03216857835650444,0.033016372472047806,0.0008477941155433655,0.0008477941155433655
Test,mirror_x,26,randomness_0.3183,42,0.032547250390052795,0.03248218446969986,-6.506592035293579e-05,6.506592035293579e-05
Test,mirror_x,26,randomness_0.3183,73,0.03285633400082588,0.032904449850320816,4.811584949493408e-05,4.811584949493408e-05
Test,mirror_x,26,randomness_0.3183,101,0.032226916402578354,0.03303354233503342,0.0008066259324550629,0.0008066259324550629
Test,mirror_x,26,randomness_0.3183,202,0.033032357692718506,0.03319372609257698,0.00016136839985847473,0.00016136839985847473
Test,mirror_x,27,randomness_0.8669,11,0.003890683175995946,0.0014665006892755628,-0.002424182486720383,0.002424182486720383
Test,mirror_x,27,randomness_0.8669,42,0.003072032006457448,0.0027189527172595263,-0.00035307928919792175,0.00035307928919792175
Test,mirror_x,27,randomness_0.8669,73,0.003657923312857747,0.0026641145814210176,-0.0009938087314367294,0.0009938087314367294
Test,mirror_x,27,randomness_0.8669,101,0.002982405247166753,0.0018424737500026822,-0.0011399314971640706,0.0011399314971640706
Test,mirror_x,27,randomness_0.8669,202,0.0041148466989398,0.0031365894246846437,-0.0009782572742551565,0.0009782572742551565
Test,mirror_x,28,randomness_0.5596,11,0.022518569603562355,0.024057824164628983,0.0015392545610666275,0.0015392545610666275
Test,mirror_x,28,randomness_0.5596,42,0.02238229103386402,0.022630667313933372,0.0002483762800693512,0.0002483762800693512
Test,mirror_x,28,randomness_0.5596,73,0.021877234801650047,0.022315943613648415,0.0004387088119983673,0.0004387088119983673
Test,mirror_x,28,randomness_0.5596,101,0.020824138075113297,0.022235142067074776,0.0014110039919614792,0.0014110039919614792
Test,mirror_x,28,randomness_0.5596,202,0.02071448415517807,0.02127167582511902,0.0005571916699409485,0.0005571916699409485
Test,mirror_x,29,randomness_0.2653,11,0.03575592488050461,0.03630170598626137,0.0005457811057567596,0.0005457811057567596
Test,mirror_x,29,randomness_0.2653,42,0.034170981496572495,0.03475363180041313,0.0005826503038406372,0.0005826503038406372
Test,mirror_x,29,randomness_0.2653,73,0.03499182313680649,0.035000693053007126,8.869916200637817e-06,8.869916200637817e-06
Test,mirror_x,29,randomness_0.2653,101,0.03564206510782242,0.03583050146698952,0.000188436359167099,0.000188436359167099
Test,mirror_x,29,randomness_0.2653,202,0.03581273555755615,0.03607183322310448,0.0002590976655483246,0.0002590976655483246
Test,mirror_x,30,randomness_0.1361,11,0.03804817050695419,0.03785724937915802,-0.0001909211277961731,0.0001909211277961731
Test,mirror_x,30,randomness_0.1361,42,0.0381254181265831,0.03807458654046059,-5.083158612251282e-05,5.083158612251282e-05
Test,mirror_x,30,randomness_0.1361,73,0.03787863627076149,0.037960126996040344,8.149072527885437e-05,8.149072527885437e-05
Test,mirror_x,30,randomness_0.1361,101,0.037929680198431015,0.03777367249131203,-0.00015600770711898804,0.00015600770711898804
Test,mirror_x,30,randomness_0.1361,202,0.038778793066740036,0.038641948252916336,-0.00013684481382369995,0.00013684481382369995
Test,mirror_x,31,randomness_0.7618,11,0.01580098271369934,0.01506909728050232,-0.0007318854331970215,0.0007318854331970215
Test,mirror_x,31,randomness_0.7618,42,0.014802095480263233,0.014817607589066029,1.551210880279541e-05,1.551210880279541e-05
Test,mirror_x,31,randomness_0.7618,73,0.016860708594322205,0.01629316434264183,-0.0005675442516803741,0.0005675442516803741
Test,mirror_x,31,randomness_0.7618,101,0.01601843163371086,0.01508260890841484,-0.0009358227252960205,0.0009358227252960205
Test,mirror_x,31,randomness_0.7618,202,0.01575634256005287,0.01517010573297739,-0.0005862368270754814,0.0005862368270754814
Test,mirror_x,32,randomness_0.0300,11,0.03916575014591217,0.03916527330875397,-4.76837158203125e-07,4.76837158203125e-07
Test,mirror_x,32,randomness_0.0300,42,0.038839101791381836,0.03898479416966438,0.000145692378282547,0.000145692378282547
Test,mirror_x,32,randomness_0.0300,73,0.03874159976840019,0.03899850323796272,0.0002569034695625305,0.0002569034695625305
Test,mirror_x,32,randomness_0.0300,101,0.03873354569077492,0.03829267993569374,-0.00044086575508117676,0.00044086575508117676
Test,mirror_x,32,randomness_0.0300,202,0.039432626217603683,0.039318863302469254,-0.00011376291513442993,0.00011376291513442993
Test,mirror_x,33,randomness_0.2893,11,0.030344774946570396,0.03116416744887829,0.0008193925023078918,0.0008193925023078918
Test,mirror_x,33,randomness_0.2893,42,0.03014414757490158,0.030197981745004654,5.383417010307312e-05,5.383417010307312e-05
Test,mirror_x,33,randomness_0.2893,73,0.03056381084024906,0.030718805268406868,0.0001549944281578064,0.0001549944281578064
Test,mirror_x,33,randomness_0.2893,101,0.029450127854943275,0.03018243983387947,0.0007323119789361954,0.0007323119789361954
Test,mirror_x,33,randomness_0.2893,202,0.030634906142950058,0.0317247100174427,0.0010898038744926453,0.0010898038744926453
Test,mirror_x,34,randomness_0.6436,11,0.01873798668384552,0.017998866736888885,-0.0007391199469566345,0.0007391199469566345
Test,mirror_x,34,randomness_0.6436,42,0.018547067418694496,0.0185623187571764,1.5251338481903076e-05,1.5251338481903076e-05
Test,mirror_x,34,randomness_0.6436,73,0.01863316260278225,0.01824876107275486,-0.0003844015300273895,0.0003844015300273895
Test,mirror_x,34,randomness_0.6436,101,0.0195733904838562,0.017708268016576767,-0.0018651224672794342,0.0018651224672794342
Test,mirror_x,34,randomness_0.6436,202,0.018515611067414284,0.01860048621892929,8.487515151500702e-05,8.487515151500702e-05
Test,mirror_x,35,randomness_0.6356,11,0.019419297575950623,0.020036207512021065,0.0006169099360704422,0.0006169099360704422
Test,mirror_x,35,randomness_0.6356,42,0.018683327361941338,0.01916368678212166,0.00048035942018032074,0.00048035942018032074
Test,mirror_x,35,randomness_0.6356,73,0.018536627292633057,0.018757950514554977,0.00022132322192192078,0.00022132322192192078
Test,mirror_x,35,randomness_0.6356,101,0.018329733982682228,0.019301272928714752,0.0009715389460325241,0.0009715389460325241
Test,mirror_x,35,randomness_0.6356,202,0.0176395196467638,0.017728108912706375,8.858926594257355e-05,8.858926594257355e-05
Test,mirror_x,36,randomness_0.0551,11,0.03768462315201759,0.03769146651029587,6.843358278274536e-06,6.843358278274536e-06
Test,mirror_x,36,randomness_0.0551,42,0.0381012000143528,0.03819989785552025,9.869784116744995e-05,9.869784116744995e-05
Test,mirror_x,36,randomness_0.0551,73,0.037835102528333664,0.0379120409488678,7.693842053413391e-05,7.693842053413391e-05
Test,mirror_x,36,randomness_0.0551,101,0.037543728947639465,0.03750961273908615,-3.411620855331421e-05,3.411620855331421e-05
Test,mirror_x,36,randomness_0.0551,202,0.03865243121981621,0.03875653073191643,0.00010409951210021973,0.00010409951210021973
Test,mirror_x,37,randomness_0.2152,11,0.03151234611868858,0.03220764547586441,0.000695299357175827,0.000695299357175827
Test,mirror_x,37,randomness_0.2152,42,0.032133426517248154,0.03272104263305664,0.0005876161158084869,0.0005876161158084869
Test,mirror_x,37,randomness_0.2152,73,0.03255864605307579,0.03278330713510513,0.00022466108202934265,0.00022466108202934265
Test,mirror_x,37,randomness_0.2152,101,0.030566394329071045,0.03120601922273636,0.0006396248936653137,0.0006396248936653137
Test,mirror_x,37,randomness_0.2152,202,0.032754626125097275,0.033139608800411224,0.0003849826753139496,0.0003849826753139496
Test,mirror_x,38,randomness_0.8659,11,0.012965605594217777,0.010442057624459267,-0.0025235479697585106,0.0025235479697585106
Test,mirror_x,38,randomness_0.8659,42,0.012479840777814388,0.012458580546081066,-2.1260231733322144e-05,2.1260231733322144e-05
Test,mirror_x,38,randomness_0.8659,73,0.014899433590471745,0.013677452690899372,-0.0012219808995723724,0.0012219808995723724
Test,mirror_x,38,randomness_0.8659,101,0.01471581868827343,0.012975269928574562,-0.0017405487596988678,0.0017405487596988678
Test,mirror_x,38,randomness_0.8659,202,0.013360466808080673,0.011954979039728642,-0.0014054877683520317,0.0014054877683520317
Test,mirror_x,39,randomness_0.6527,11,0.01770375296473503,0.01762566529214382,-7.808767259120941e-05,7.808767259120941e-05
Test,mirror_x,39,randomness_0.6527,42,0.016924547031521797,0.016887309029698372,-3.723800182342529e-05,3.723800182342529e-05
Test,mirror_x,39,randomness_0.6527,73,0.017575044184923172,0.017653293907642365,7.82497227191925e-05,7.82497227191925e-05
Test,mirror_x,39,randomness_0.6527,101,0.017294839024543762,0.016893986612558365,-0.00040085241198539734,0.00040085241198539734
Test,mirror_x,39,randomness_0.6527,202,0.017470117658376694,0.017765440046787262,0.00029532238841056824,0.00029532238841056824
Test,mirror_x,40,randomness_0.3073,11,0.036178626120090485,0.03652387112379074,0.00034524500370025635,0.00034524500370025635
Test,mirror_x,40,randomness_0.3073,42,0.03591012582182884,0.035790082067251205,-0.00012004375457763672,0.00012004375457763672
Test,mirror_x,40,randomness_0.3073,73,0.03618065267801285,0.035903070122003555,-0.0002775825560092926,0.0002775825560092926
Test,mirror_x,40,randomness_0.3073,101,0.03582523763179779,0.036149170249700546,0.00032393261790275574,0.00032393261790275574
Test,mirror_x,40,randomness_0.3073,202,0.03704094514250755,0.03655189648270607,-0.0004890486598014832,0.0004890486598014832
Test,mirror_x,41,randomness_0.2082,11,0.03747836500406265,0.03762684017419815,0.00014847517013549805,0.00014847517013549805
Test,mirror_x,41,randomness_0.2082,42,0.03746737539768219,0.037308383733034134,-0.00015899166464805603,0.00015899166464805603
Test,mirror_x,41,randomness_0.2082,73,0.03749241679906845,0.037275299429893494,-0.00021711736917495728,0.00021711736917495728
Test,mirror_x,41,randomness_0.2082,101,0.03772009164094925,0.03731093928217888,-0.0004091523587703705,0.0004091523587703705
Test,mirror_x,41,randomness_0.2082,202,0.03816499933600426,0.03835158795118332,0.0001865886151790619,0.0001865886151790619
Test,mirror_x,42,randomness_0.9019,11,0.00028937231400050223,0.0012022360460832715,0.0009128637320827693,0.0009128637320827693
Test,mirror_x,42,randomness_0.9019,42,0.0022935897577553988,0.0028437983710318804,0.0005502086132764816,0.0005502086132764816
Test,mirror_x,42,randomness_0.9019,73,0.001869005267508328,0.0030865997541695833,0.0012175944866612554,0.0012175944866612554
Test,mirror_x,42,randomness_0.9019,101,0.0019956633914262056,0.0020526826847344637,5.701929330825806e-05,5.701929330825806e-05
Test,mirror_x,42,randomness_0.9019,202,0.0029330675024539232,0.0035957631189376116,0.0006626956164836884,0.0006626956164836884
Test,mirror_x,43,randomness_0.2102,11,0.037299543619155884,0.03802194446325302,0.0007224008440971375,0.0007224008440971375
Test,mirror_x,43,randomness_0.2102,42,0.037131477147340775,0.03765367716550827,0.0005222000181674957,0.0005222000181674957
Test,mirror_x,43,randomness_0.2102,73,0.036839231848716736,0.03699566051363945,0.00015642866492271423,0.00015642866492271423
Test,mirror_x,43,randomness_0.2102,101,0.03722942993044853,0.03790068253874779,0.0006712526082992554,0.0006712526082992554
Test,mirror_x,43,randomness_0.2102,202,0.03759052976965904,0.03816999867558479,0.0005794689059257507,0.0005794689059257507
Test,mirror_x,44,randomness_0.7137,11,0.016699722036719322,0.015405689366161823,-0.001294032670557499,0.001294032670557499
Test,mirror_x,44,randomness_0.7137,42,0.015244574286043644,0.014977158978581429,-0.0002674153074622154,0.0002674153074622154
Test,mirror_x,44,randomness_0.7137,73,0.016335276886820793,0.0156816765666008,-0.0006536003202199936,0.0006536003202199936
Test,mirror_x,44,randomness_0.7137,101,0.016871707513928413,0.01651173271238804,-0.00035997480154037476,0.00035997480154037476
Test,mirror_x,44,randomness_0.7137,202,0.015971124172210693,0.015861785039305687,-0.00010933913290500641,0.00010933913290500641
Test,mirror_x,45,randomness_0.4084,11,0.03177281469106674,0.031269121915102005,-0.0005036927759647369,0.0005036927759647369
Test,mirror_x,45,randomness_0.4084,42,0.03123701736330986,0.03129962086677551,6.260350346565247e-05,6.260350346565247e-05
Test,mirror_x,45,randomness_0.4084,73,0.030840249732136726,0.030735215172171593,-0.00010503455996513367,0.00010503455996513367
Test,mirror_x,45,randomness_0.4084,101,0.031064435839653015,0.03077329695224762,-0.0002911388874053955,0.0002911388874053955
Test,mirror_x,45,randomness_0.4084,202,0.030868664383888245,0.031471576541662216,0.0006029121577739716,0.0006029121577739716
Test,mirror_x,46,randomness_0.9479,11,0.0022288274485617876,0.005404588766396046,0.003175761317834258,0.003175761317834258
Test,mirror_x,46,randomness_0.9479,42,0.002501716138795018,0.002856531413272023,0.000354815274477005,0.000354815274477005
Test,mirror_x,46,randomness_0.9479,73,0.0038138285744935274,0.005097345449030399,0.001283516874536872,0.001283516874536872
Test,mirror_x,46,randomness_0.9479,101,0.004634262062609196,0.005100450478494167,0.0004661884158849716,0.0004661884158849716
Test,mirror_x,46,randomness_0.9479,202,0.004646223969757557,0.005729568190872669,0.0010833442211151123,0.0010833442211151123
Test,mirror_x,47,randomness_0.3193,11,0.037201736122369766,0.036642543971538544,-0.0005591921508312225,0.0005591921508312225
Test,mirror_x,47,randomness_0.3193,42,0.0370497852563858,0.03715170919895172,0.00010192394256591797,0.00010192394256591797
Test,mirror_x,47,randomness_0.3193,73,0.03658885508775711,0.03716646507382393,0.0005776099860668182,0.0005776099860668182
Test,mirror_x,47,randomness_0.3193,101,0.03587967902421951,0.03601822629570961,0.00013854727149009705,0.00013854727149009705
Test,mirror_x,47,randomness_0.3193,202,0.03727683052420616,0.03672820329666138,-0.0005486272275447845,0.0005486272275447845
Test,mirror_x,48,randomness_0.2813,11,0.037094596773386,0.03795026242733002,0.0008556656539440155,0.0008556656539440155
Test,mirror_x,48,randomness_0.2813,42,0.03771732747554779,0.03801756724715233,0.00030023977160453796,0.00030023977160453796
Test,mirror_x,48,randomness_0.2813,73,0.037662576884031296,0.03764474391937256,-1.7832964658737183e-05,1.7832964658737183e-05
Test,mirror_x,48,randomness_0.2813,101,0.03724612295627594,0.03804522007703781,0.0007990971207618713,0.0007990971207618713
Test,mirror_x,48,randomness_0.2813,202,0.03761018440127373,0.03797855228185654,0.00036836788058280945,0.00036836788058280945
Test,mirror_x,49,randomness_0.9990,11,0.006302443332970142,0.007233322598040104,0.0009308792650699615,0.0009308792650699615
Test,mirror_x,49,randomness_0.9990,42,0.006981258280575275,0.007251410745084286,0.0002701524645090103,0.0002701524645090103
Test,mirror_x,49,randomness_0.9990,73,0.0070963772013783455,0.00739156361669302,0.0002951864153146744,0.0002951864153146744
Test,mirror_x,49,randomness_0.9990,101,0.008208061568439007,0.0072883786633610725,-0.0009196829050779343,0.0009196829050779343
Test,mirror_x,49,randomness_0.9990,202,0.0078114671632647514,0.008074535988271236,0.000263068825006485,0.000263068825006485
Test,mirror_x,50,randomness_0.0861,11,0.039208486676216125,0.037671901285648346,-0.0015365853905677795,0.0015365853905677795
Test,mirror_x,50,randomness_0.0861,42,0.03808927536010742,0.037817563861608505,-0.0002717114984989166,0.0002717114984989166
Test,mirror_x,50,randomness_0.0861,73,0.038073811680078506,0.03775731474161148,-0.00031649693846702576,0.00031649693846702576
Test,mirror_x,50,randomness_0.0861,101,0.038262493908405304,0.03785152733325958,-0.00041096657514572144,0.00041096657514572144
Test,mirror_x,50,randomness_0.0861,202,0.03876865655183792,0.03869294747710228,-7.570907473564148e-05,7.570907473564148e-05
Test,mirror_x,51,randomness_0.9900,11,0.004691208712756634,0.007344021461904049,0.002652812749147415,0.002652812749147415
Test,mirror_x,51,randomness_0.9900,42,0.005580815486609936,0.005655528046190739,7.471255958080292e-05,7.471255958080292e-05
Test,mirror_x,51,randomness_0.9900,73,0.005246561951935291,0.0066507840529084206,0.0014042221009731293,0.0014042221009731293
Test,mirror_x,51,randomness_0.9900,101,0.0044043464586138725,0.005293951369822025,0.0008896049112081528,0.0008896049112081528
Test,mirror_x,51,randomness_0.9900,202,0.004571533761918545,0.00571367796510458,0.0011421442031860352,0.0011421442031860352
Test,mirror_x,52,randomness_0.6787,11,0.012770028784871101,0.013543209061026573,0.0007731802761554718,0.0007731802761554718
Test,mirror_x,52,randomness_0.6787,42,0.012430974282324314,0.013142431154847145,0.000711456872522831,0.000711456872522831
Test,mirror_x,52,randomness_0.6787,73,0.012549416162073612,0.013842393644154072,0.0012929774820804596,0.0012929774820804596
Test,mirror_x,52,randomness_0.6787,101,0.012066938914358616,0.013553428463637829,0.001486489549279213,0.001486489549279213
Test,mirror_x,52,randomness_0.6787,202,0.012497062794864178,0.012765022926032543,0.0002679601311683655,0.0002679601311683655
Test,mirror_x,53,randomness_0.5836,11,0.02221773937344551,0.022856365889310837,0.0006386265158653259,0.0006386265158653259
Test,mirror_x,53,randomness_0.5836,42,0.021537641063332558,0.02152261510491371,-1.502595841884613e-05,1.502595841884613e-05
Test,mirror_x,53,randomness_0.5836,73,0.021594149991869926,0.021099098026752472,-0.0004950519651174545,0.0004950519651174545
Test,mirror_x,53,randomness_0.5836,101,0.021976567804813385,0.020319081842899323,-0.0016574859619140625,0.0016574859619140625
Test,mirror_x,53,randomness_0.5836,202,0.022037547081708908,0.02086794748902321,-0.0011695995926856995,0.0011695995926856995
Test,mirror_x,54,randomness_0.9790,11,0.0018837220268324018,0.0024855092633515596,0.0006017872365191579,0.0006017872365191579
Test,mirror_x,54,randomness_0.9790,42,0.0017389963613823056,0.0017274144338443875,-1.158192753791809e-05,1.158192753791809e-05
Test,mirror_x,54,randomness_0.9790,73,0.002959267469123006,0.0035706397611647844,0.0006113722920417786,0.0006113722920417786
Test,mirror_x,54,randomness_0.9790,101,0.0028991580475121737,0.0044108545407652855,0.0015116964932531118,0.0015116964932531118
Test,mirror_x,54,randomness_0.9790,202,0.002367005916312337,0.0026578132528811693,0.0002908073365688324,0.0002908073365688324
Test,mirror_x,55,randomness_0.7417,11,0.01044039148837328,0.010832848027348518,0.0003924565389752388,0.0003924565389752388
Test,mirror_x,55,randomness_0.7417,42,0.010196936316788197,0.010073276236653328,-0.00012366008013486862,0.00012366008013486862
Test,mirror_x,55,randomness_0.7417,73,0.010714810341596603,0.01044389232993126,-0.00027091801166534424,0.00027091801166534424
Test,mirror_x,55,randomness_0.7417,101,0.01106225699186325,0.010753147304058075,-0.0003091096878051758,0.0003091096878051758
Test,mirror_x,55,randomness_0.7417,202,0.010929333046078682,0.010709056630730629,-0.00022027641534805298,0.00022027641534805298
Test,mirror_x,56,randomness_0.0440,11,0.03464434668421745,0.035071033984422684,0.0004266873002052307,0.0004266873002052307
Test,mirror_x,56,randomness_0.0440,42,0.0349883958697319,0.03468278422951698,-0.00030561164021492004,0.00030561164021492004
Test,mirror_x,56,randomness_0.0440,73,0.034599289298057556,0.03438009321689606,-0.00021919608116149902,0.00021919608116149902
Test,mirror_x,56,randomness_0.0440,101,0.0347803458571434,0.035212695598602295,0.0004323497414588928,0.0004323497414588928
Test,mirror_x,56,randomness_0.0440,202,0.03543275594711304,0.03542317450046539,-9.581446647644043e-06,9.581446647644043e-06
Test,mirror_x,57,randomness_0.0631,11,0.03613751754164696,0.035196445882320404,-0.0009410716593265533,0.0009410716593265533
Test,mirror_x,57,randomness_0.0631,42,0.036100804805755615,0.03589024394750595,-0.0002105608582496643,0.0002105608582496643
Test,mirror_x,57,randomness_0.0631,73,0.03612383082509041,0.03572110831737518,-0.0004027225077152252,0.0004027225077152252
Test,mirror_x,57,randomness_0.0631,101,0.03600423410534859,0.035926926881074905,-7.730722427368164e-05,7.730722427368164e-05
Test,mirror_x,57,randomness_0.0631,202,0.03676935285329819,0.03654961660504341,-0.000219736248254776,0.000219736248254776
Test,mirror_x,58,randomness_0.1101,11,0.03675873577594757,0.036940377205610275,0.00018164142966270447,0.00018164142966270447
Test,mirror_x,58,randomness_0.1101,42,0.03708268702030182,0.03702698275446892,-5.5704265832901e-05,5.5704265832901e-05
Test,mirror_x,58,randomness_0.1101,73,0.036841657012701035,0.03684481233358383,3.155320882797241e-06,3.155320882797241e-06
Test,mirror_x,58,randomness_0.1101,101,0.03608911111950874,0.03601367026567459,-7.544085383415222e-05,7.544085383415222e-05
Test,mirror_x,58,randomness_0.1101,202,0.03716934472322464,0.03763600066304207,0.0004666559398174286,0.0004666559398174286
Test,mirror_x,59,randomness_0.7648,11,0.017481956630945206,0.018155181780457497,0.000673225149512291,0.000673225149512291
Test,mirror_x,59,randomness_0.7648,42,0.015695426613092422,0.015474691987037659,-0.0002207346260547638,0.0002207346260547638
Test,mirror_x,59,randomness_0.7648,73,0.017235353589057922,0.01740773394703865,0.00017238035798072815,0.00017238035798072815
Test,mirror_x,59,randomness_0.7648,101,0.017290081828832626,0.017182176932692528,-0.00010790489614009857,0.00010790489614009857
Test,mirror_x,59,randomness_0.7648,202,0.016052046790719032,0.016155721619725227,0.00010367482900619507,0.00010367482900619507
Test,mirror_x,60,randomness_0.3103,11,0.036936111748218536,0.03773019090294838,0.0007940791547298431,0.0007940791547298431
Test,mirror_x,60,randomness_0.3103,42,0.036131519824266434,0.036130718886852264,-8.009374141693115e-07,8.009374141693115e-07
Test,mirror_x,60,randomness_0.3103,73,0.03598551079630852,0.03620756417512894,0.0002220533788204193,0.0002220533788204193
Test,mirror_x,60,randomness_0.3103,101,0.035803887993097305,0.036194153130054474,0.0003902651369571686,0.0003902651369571686
Test,mirror_x,60,randomness_0.3103,202,0.03635895997285843,0.036679863929748535,0.0003209039568901062,0.0003209039568901062
Test,mirror_x,61,randomness_0.0881,11,0.03813604637980461,0.03807416185736656,-6.188452243804932e-05,6.188452243804932e-05
Test,mirror_x,61,randomness_0.0881,42,0.038178566843271255,0.03801211342215538,-0.00016645342111587524,0.00016645342111587524
Test,mirror_x,61,randomness_0.0881,73,0.03809349611401558,0.037846703082323074,-0.0002467930316925049,0.0002467930316925049
Test,mirror_x,61,randomness_0.0881,101,0.03805750980973244,0.03761310875415802,-0.0004444010555744171,0.0004444010555744171
Test,mirror_x,61,randomness_0.0881,202,0.03894457966089249,0.038790974766016006,-0.0001536048948764801,0.0001536048948764801
Test,mirror_x,62,randomness_0.1391,11,0.03751685470342636,0.03734825178980827,-0.00016860291361808777,0.00016860291361808777
Test,mirror_x,62,randomness_0.1391,42,0.03685641288757324,0.03688756376504898,3.1150877475738525e-05,3.1150877475738525e-05
Test,mirror_x,62,randomness_0.1391,73,0.03694169968366623,0.036589365452528,-0.00035233423113822937,0.00035233423113822937
Test,mirror_x,62,randomness_0.1391,101,0.03698011487722397,0.037499960511922836,0.0005198456346988678,0.0005198456346988678
Test,mirror_x,62,randomness_0.1391,202,0.037636492401361465,0.03769843280315399,6.194040179252625e-05,6.194040179252625e-05
Test,mirror_x,63,randomness_0.6366,11,0.021512696519494057,0.020179564133286476,-0.0013331323862075806,0.0013331323862075806
Test,mirror_x,63,randomness_0.6366,42,0.02091808058321476,0.020704755559563637,-0.00021332502365112305,0.00021332502365112305
Test,mirror_x,63,randomness_0.6366,73,0.020967524498701096,0.021328169852495193,0.0003606453537940979,0.0003606453537940979
Test,mirror_x,63,randomness_0.6366,101,0.020543653517961502,0.020879661664366722,0.00033600814640522003,0.00033600814640522003
Test,mirror_x,63,randomness_0.6366,202,0.021297527477145195,0.021363459527492523,6.593205034732819e-05,6.593205034732819e-05
Test,mirror_x,64,randomness_0.1982,11,0.03598073869943619,0.03502490743994713,-0.0009558312594890594,0.0009558312594890594
Test,mirror_x,64,randomness_0.1982,42,0.035142362117767334,0.03504141420125961,-0.00010094791650772095,0.00010094791650772095
Test,mirror_x,64,randomness_0.1982,73,0.035395942628383636,0.03499975800514221,-0.00039618462324142456,0.00039618462324142456
Test,mirror_x,64,randomness_0.1982,101,0.035755518823862076,0.03520400449633598,-0.0005515143275260925,0.0005515143275260925
Test,mirror_x,64,randomness_0.1982,202,0.03610794618725777,0.03640441969037056,0.00029647350311279297,0.00029647350311279297
Test,mirror_x,65,randomness_0.2943,11,0.03586660698056221,0.035343777388334274,-0.0005228295922279358,0.0005228295922279358
Test,mirror_x,65,randomness_0.2943,42,0.03522195667028427,0.034823957830667496,-0.0003979988396167755,0.0003979988396167755
Test,mirror_x,65,randomness_0.2943,73,0.03500835597515106,0.03515126183629036,0.00014290586113929749,0.00014290586113929749
Test,mirror_x,65,randomness_0.2943,101,0.0358453243970871,0.03503626585006714,-0.0008090585470199585,0.0008090585470199585
Test,mirror_x,65,randomness_0.2943,202,0.035722434520721436,0.03505170717835426,-0.0006707273423671722,0.0006707273423671722
Test,mirror_x,66,randomness_0.3123,11,0.03494073078036308,0.03433723375201225,-0.0006034970283508301,0.0006034970283508301
Test,mirror_x,66,randomness_0.3123,42,0.03414106369018555,0.033946577459573746,-0.00019448623061180115,0.00019448623061180115
Test,mirror_x,66,randomness_0.3123,73,0.03393992409110069,0.03420862555503845,0.0002687014639377594,0.0002687014639377594
Test,mirror_x,66,randomness_0.3123,101,0.034180741757154465,0.03397437185049057,-0.00020636990666389465,0.00020636990666389465
Test,mirror_x,66,randomness_0.3123,202,0.03524421527981758,0.03468618914484978,-0.000558026134967804,0.000558026134967804
Test,mirror_x,67,randomness_0.7497,11,0.011569732800126076,0.01454558502882719,0.0029758522287011147,0.0029758522287011147
Test,mirror_x,67,randomness_0.7497,42,0.011463006027042866,0.012925940565764904,0.0014629345387220383,0.0014629345387220383
Test,mirror_x,67,randomness_0.7497,73,0.012337172403931618,0.013699613511562347,0.0013624411076307297,0.0013624411076307297
Test,mirror_x,67,randomness_0.7497,101,0.01143123209476471,0.013033854775130749,0.0016026226803660393,0.0016026226803660393
Test,mirror_x,67,randomness_0.7497,202,0.01158651802688837,0.013072504661977291,0.0014859866350889206,0.0014859866350889206
Test,mirror_x,68,randomness_0.3824,11,0.03396790847182274,0.03450971841812134,0.0005418099462985992,0.0005418099462985992
Test,mirror_x,68,randomness_0.3824,42,0.03425484150648117,0.03433270379900932,7.786229252815247e-05,7.786229252815247e-05
Test,mirror_x,68,randomness_0.3824,73,0.034286171197891235,0.03414037451148033,-0.00014579668641090393,0.00014579668641090393
Test,mirror_x,68,randomness_0.3824,101,0.03424699977040291,0.03368058055639267,-0.0005664192140102386,0.0005664192140102386
Test,mirror_x,68,randomness_0.3824,202,0.03531750664114952,0.03454160317778587,-0.0007759034633636475,0.0007759034633636475
Test,mirror_x,69,randomness_0.1201,11,0.03742735832929611,0.037290409207344055,-0.00013694912195205688,0.00013694912195205688
Test,mirror_x,69,randomness_0.1201,42,0.037613123655319214,0.03777015581727028,0.00015703216195106506,0.00015703216195106506
Test,mirror_x,69,randomness_0.1201,73,0.037451617419719696,0.037534236907958984,8.261948823928833e-05,8.261948823928833e-05
Test,mirror_x,69,randomness_0.1201,101,0.03700729459524155,0.03671214357018471,-0.000295151025056839,0.000295151025056839
Test,mirror_x,69,randomness_0.1201,202,0.03822154551744461,0.03837331011891365,0.00015176460146903992,0.00015176460146903992
Test,mirror_x,70,randomness_0.8799,11,0.008326669223606586,0.008757944218814373,0.00043127499520778656,0.00043127499520778656
Test,mirror_x,70,randomness_0.8799,42,0.008941945619881153,0.009433826431632042,0.0004918808117508888,0.0004918808117508888
Test,mirror_x,70,randomness_0.8799,73,0.008987694047391415,0.008906246162950993,-8.144788444042206e-05,8.144788444042206e-05
Test,mirror_x,70,randomness_0.8799,101,0.009403674863278866,0.009893594309687614,0.0004899194464087486,0.0004899194464087486
Test,mirror_x,70,randomness_0.8799,202,0.008508932776749134,0.008929179050028324,0.00042024627327919006,0.00042024627327919006
Test,mirror_x,71,randomness_0.4454,11,0.03205069154500961,0.03426641598343849,0.002215724438428879,0.002215724438428879
Test,mirror_x,71,randomness_0.4454,42,0.031045064330101013,0.031550269573926926,0.0005052052438259125,0.0005052052438259125
Test,mirror_x,71,randomness_0.4454,73,0.030299019068479538,0.03169357031583786,0.0013945512473583221,0.0013945512473583221
Test,mirror_x,71,randomness_0.4454,101,0.029446382075548172,0.03151274845004082,0.0020663663744926453,0.0020663663744926453
Test,mirror_x,71,randomness_0.4454,202,0.030480626970529556,0.031125906854867935,0.0006452798843383789,0.0006452798843383789
Test,mirror_x,72,randomness_0.6496,11,0.016182800754904747,0.016857873648405075,0.0006750728935003281,0.0006750728935003281
Test,mirror_x,72,randomness_0.6496,42,0.016482237726449966,0.016166511923074722,-0.00031572580337524414,0.00031572580337524414
Test,mirror_x,72,randomness_0.6496,73,0.01606435514986515,0.01652410626411438,0.00045975111424922943,0.00045975111424922943
Test,mirror_x,72,randomness_0.6496,101,0.015695346519351006,0.015857936814427376,0.00016259029507637024,0.00016259029507637024
Test,mirror_x,72,randomness_0.6496,202,0.015928931534290314,0.015600602142512798,-0.0003283293917775154,0.0003283293917775154
Test,mirror_x,73,randomness_0.0961,11,0.03634645789861679,0.03549464792013168,-0.0008518099784851074,0.0008518099784851074
Test,mirror_x,73,randomness_0.0961,42,0.035413626581430435,0.035186707973480225,-0.00022691860795021057,0.00022691860795021057
Test,mirror_x,73,randomness_0.0961,73,0.03558128699660301,0.035178545862436295,-0.00040274113416671753,0.00040274113416671753
Test,mirror_x,73,randomness_0.0961,101,0.036188025027513504,0.03562492877244949,-0.0005630962550640106,0.0005630962550640106
Test,mirror_x,73,randomness_0.0961,202,0.03623104840517044,0.03610529005527496,-0.0001257583498954773,0.0001257583498954773
Test,mirror_x,74,randomness_0.5345,11,0.020913314074277878,0.023633692413568497,0.002720378339290619,0.002720378339290619
Test,mirror_x,74,randomness_0.5345,42,0.021224742755293846,0.02144736237823963,0.00022261962294578552,0.00022261962294578552
Test,mirror_x,74,randomness_0.5345,73,0.021359166130423546,0.02250695787370205,0.0011477917432785034,0.0011477917432785034
Test,mirror_x,74,randomness_0.5345,101,0.021319231018424034,0.022560322657227516,0.001241091638803482,0.001241091638803482
Test,mirror_x,74,randomness_0.5345,202,0.021085983142256737,0.021834874525666237,0.0007488913834095001,0.0007488913834095001
Test,mirror_x,75,randomness_0.8168,11,0.01065211184322834,0.010047837160527706,-0.000604274682700634,0.000604274682700634
Test,mirror_x,75,randomness_0.8168,42,0.010875505395233631,0.010809038765728474,-6.646662950515747e-05,6.646662950515747e-05
Test,mirror_x,75,randomness_0.8168,73,0.011378880590200424,0.011545848101377487,0.000166967511177063,0.000166967511177063
Test,mirror_x,75,randomness_0.8168,101,0.01202127244323492,0.011934781447052956,-8.649099618196487e-05,8.649099618196487e-05
Test,mirror_x,75,randomness_0.8168,202,0.011766381561756134,0.011646372266113758,-0.00012000929564237595,0.00012000929564237595
Test,mirror_x,76,randomness_0.1011,11,0.034005723893642426,0.035366449505090714,0.001360725611448288,0.001360725611448288
Test,mirror_x,76,randomness_0.1011,42,0.03554697334766388,0.03574036434292793,0.00019339099526405334,0.00019339099526405334
Test,mirror_x,76,randomness_0.1011,73,0.035042718052864075,0.03539634868502617,0.0003536306321620941,0.0003536306321620941
Test,mirror_x,76,randomness_0.1011,101,0.03452134504914284,0.0353255495429039,0.0008042044937610626,0.0008042044937610626
Test,mirror_x,76,randomness_0.1011,202,0.036016494035720825,0.03624298423528671,0.00022649019956588745,0.00022649019956588745
Test,mirror_x,77,randomness_0.0721,11,0.03899867460131645,0.03835348039865494,-0.0006451942026615143,0.0006451942026615143
Test,mirror_x,77,randomness_0.0721,42,0.038254596292972565,0.038125161081552505,-0.0001294352114200592,0.0001294352114200592
Test,mirror_x,77,randomness_0.0721,73,0.038082022219896317,0.03827973082661629,0.0001977086067199707,0.0001977086067199707
Test,mirror_x,77,randomness_0.0721,101,0.03850826993584633,0.038293685764074326,-0.00021458417177200317,0.00021458417177200317
Test,mirror_x,77,randomness_0.0721,202,0.038974836468696594,0.03891751170158386,-5.7324767112731934e-05,5.7324767112731934e-05
Test,mirror_x,78,randomness_0.7167,11,0.012272180058062077,0.010550286620855331,-0.0017218934372067451,0.0017218934372067451
Test,mirror_x,78,randomness_0.7167,42,0.01134672574698925,0.011343483813107014,-3.2419338822364807e-06,3.2419338822364807e-06
Test,mirror_x,78,randomness_0.7167,73,0.011057645082473755,0.011658260598778725,0.0006006155163049698,0.0006006155163049698
Test,mirror_x,78,randomness_0.7167,101,0.012573488987982273,0.012328636832535267,-0.0002448521554470062,0.0002448521554470062
Test,mirror_x,78,randomness_0.7167,202,0.011020059697329998,0.011258749291300774,0.0002386895939707756,0.0002386895939707756
Test,mirror_x,79,randomness_0.8238,11,0.010794133879244328,0.010725629515945911,-6.850436329841614e-05,6.850436329841614e-05
Test,mirror_x,79,randomness_0.8238,42,0.011865364387631416,0.01239846833050251,0.0005331039428710938,0.0005331039428710938
Test,mirror_x,79,randomness_0.8238,73,0.012555522844195366,0.012210323475301266,-0.0003451993688941002,0.0003451993688941002
Test,mirror_x,79,randomness_0.8238,101,0.012786805629730225,0.013084490783512592,0.0002976851537823677,0.0002976851537823677
Test,mirror_x,79,randomness_0.8238,202,0.011773964390158653,0.011744088493287563,-2.9875896871089935e-05,2.9875896871089935e-05
Test,mirror_x,80,randomness_0.7407,11,0.014477897435426712,0.014043827541172504,-0.0004340698942542076,0.0004340698942542076
Test,mirror_x,80,randomness_0.7407,42,0.014248574152588844,0.01461026817560196,0.00036169402301311493,0.00036169402301311493
Test,mirror_x,80,randomness_0.7407,73,0.01435738243162632,0.013940248638391495,-0.00041713379323482513,0.00041713379323482513
Test,mirror_x,80,randomness_0.7407,101,0.01462711300700903,0.013714998960494995,-0.0009121140465140343,0.0009121140465140343
Test,mirror_x,80,randomness_0.7407,202,0.013362931087613106,0.013618997298181057,0.0002560662105679512,0.0002560662105679512
Test,mirror_x,81,randomness_0.0390,11,0.0359405018389225,0.037744052708148956,0.0018035508692264557,0.0018035508692264557
Test,mirror_x,81,randomness_0.0390,42,0.03738287463784218,0.03752322494983673,0.0001403503119945526,0.0001403503119945526
Test,mirror_x,81,randomness_0.0390,73,0.0371023565530777,0.03721442446112633,0.00011206790804862976,0.00011206790804862976
Test,mirror_x,81,randomness_0.0390,101,0.03657395765185356,0.03724003955721855,0.0006660819053649902,0.0006660819053649902
Test,mirror_x,81,randomness_0.0390,202,0.03776824474334717,0.03805362805724144,0.00028538331389427185,0.00028538331389427185
Test,mirror_x,82,randomness_0.9249,11,0.007798383943736553,0.0070082442834973335,-0.0007901396602392197,0.0007901396602392197
Test,mirror_x,82,randomness_0.9249,42,0.008281302638351917,0.008096660487353802,-0.00018464215099811554,0.00018464215099811554
Test,mirror_x,82,randomness_0.9249,73,0.00822113174945116,0.00787991750985384,-0.00034121423959732056,0.00034121423959732056
Test,mirror_x,82,randomness_0.9249,101,0.008806920610368252,0.008993665687739849,0.0001867450773715973,0.0001867450773715973
Test,mirror_x,82,randomness_0.9249,202,0.008878196589648724,0.009441826492547989,0.0005636299028992653,0.0005636299028992653
Test,mirror_x,83,randomness_0.3654,11,0.03418976068496704,0.034792542457580566,0.0006027817726135254,0.0006027817726135254
Test,mirror_x,83,randomness_0.3654,42,0.03295319154858589,0.03309021517634392,0.00013702362775802612,0.00013702362775802612
Test,mirror_x,83,randomness_0.3654,73,0.03333060443401337,0.03310961648821831,-0.0002209879457950592,0.0002209879457950592
Test,mirror_x,83,randomness_0.3654,101,0.03336603194475174,0.033694516867399216,0.0003284849226474762,0.0003284849226474762
Test,mirror_x,83,randomness_0.3654,202,0.034073732793331146,0.03378363326191902,-0.00029009953141212463,0.00029009953141212463
Test,mirror_x,84,randomness_0.8298,11,0.012272707186639309,0.010373570024967194,-0.0018991371616721153,0.0018991371616721153
Test,mirror_x,84,randomness_0.8298,42,0.01151040568947792,0.011179749853909016,-0.0003306558355689049,0.0003306558355689049
Test,mirror_x,84,randomness_0.8298,73,0.011909698136150837,0.011918890289962292,9.192153811454773e-06,9.192153811454773e-06
Test,mirror_x,84,randomness_0.8298,101,0.012106675654649734,0.01181752048432827,-0.00028915517032146454,0.00028915517032146454
Test,mirror_x,84,randomness_0.8298,202,0.012274726293981075,0.012394864112138748,0.00012013781815767288,0.00012013781815767288
Test,mirror_x,85,randomness_0.5485,11,0.02371939830482006,0.021851101890206337,-0.0018682964146137238,0.0018682964146137238
Test,mirror_x,85,randomness_0.5485,42,0.023887595161795616,0.02311946079134941,-0.0007681343704462051,0.0007681343704462051
Test,mirror_x,85,randomness_0.5485,73,0.023845471441745758,0.023171694949269295,-0.0006737764924764633,0.0006737764924764633
Test,mirror_x,85,randomness_0.5485,101,0.023107126355171204,0.021514825522899628,-0.001592300832271576,0.001592300832271576
Test,mirror_x,85,randomness_0.5485,202,0.02289588563144207,0.022490067407488823,-0.00040581822395324707,0.00040581822395324707
Test,mirror_x,86,randomness_0.7678,11,0.011320014484226704,0.011651389300823212,0.000331374816596508,0.000331374816596508
Test,mirror_x,86,randomness_0.7678,42,0.013742686249315739,0.01383008249104023,8.739624172449112e-05,8.739624172449112e-05
Test,mirror_x,86,randomness_0.7678,73,0.01311427541077137,0.011998001486063004,-0.0011162739247083664,0.0011162739247083664
Test,mirror_x,86,randomness_0.7678,101,0.013145308941602707,0.011388157494366169,-0.001757151447236538,0.001757151447236538
Test,mirror_x,86,randomness_0.7678,202,0.013332930393517017,0.012934800237417221,-0.0003981301560997963,0.0003981301560997963
Test,mirror_x,87,randomness_0.6877,11,0.014780081808567047,0.013448993675410748,-0.0013310881331562996,0.0013310881331562996
Test,mirror_x,87,randomness_0.6877,42,0.013037482276558876,0.013125999830663204,8.851755410432816e-05,8.851755410432816e-05
Test,mirror_x,87,randomness_0.6877,73,0.013825168833136559,0.012030563317239285,-0.001794605515897274,0.001794605515897274
Test,mirror_x,87,randomness_0.6877,101,0.013940314762294292,0.011681715957820415,-0.002258598804473877,0.002258598804473877
Test,mirror_x,87,randomness_0.6877,202,0.013784599490463734,0.012834083288908005,-0.0009505162015557289,0.0009505162015557289
Test,mirror_x,88,randomness_0.9489,11,0.005857544951140881,0.0055151330307126045,-0.00034241192042827606,0.00034241192042827606
Test,mirror_x,88,randomness_0.9489,42,0.006249970756471157,0.006758182309567928,0.0005082115530967712,0.0005082115530967712
Test,mirror_x,88,randomness_0.9489,73,0.006712674163281918,0.006505521945655346,-0.00020715221762657166,0.00020715221762657166
Test,mirror_x,88,randomness_0.9489,101,0.008568950928747654,0.008450930006802082,-0.0001180209219455719,0.0001180209219455719
Test,mirror_x,88,randomness_0.9489,202,0.006723326630890369,0.007260383106768131,0.0005370564758777618,0.0005370564758777618
Test,mirror_x,89,randomness_0.0541,11,0.03440655767917633,0.03577089682221413,0.001364339143037796,0.001364339143037796
Test,mirror_x,89,randomness_0.0541,42,0.035535089671611786,0.03567244112491608,0.00013735145330429077,0.00013735145330429077
Test,mirror_x,89,randomness_0.0541,73,0.03504885360598564,0.03526733070611954,0.00021847710013389587,0.00021847710013389587
Test,mirror_x,89,randomness_0.0541,101,0.03442852571606636,0.03445453569293022,2.6009976863861084e-05,2.6009976863861084e-05
Test,mirror_x,89,randomness_0.0541,202,0.03593463450670242,0.03599535673856735,6.07222318649292e-05,6.07222318649292e-05
Test,mirror_x,90,randomness_0.3714,11,0.03411705046892166,0.03355321288108826,-0.0005638375878334045,0.0005638375878334045
Test,mirror_x,90,randomness_0.3714,42,0.033387549221515656,0.03331539034843445,-7.215887308120728e-05,7.215887308120728e-05
Test,mirror_x,90,randomness_0.3714,73,0.03394148498773575,0.03356321156024933,-0.0003782734274864197,0.0003782734274864197
Test,mirror_x,90,randomness_0.3714,101,0.03361687436699867,0.03323166444897652,-0.00038520991802215576,0.00038520991802215576
Test,mirror_x,90,randomness_0.3714,202,0.03326134383678436,0.03319040313363075,-7.094070315361023e-05,7.094070315361023e-05
Test,mirror_x,91,randomness_0.2472,11,0.04043589532375336,0.04022582620382309,-0.00021006911993026733,0.00021006911993026733
Test,mirror_x,91,randomness_0.2472,42,0.040227703750133514,0.04012509062886238,-0.00010261312127113342,0.00010261312127113342
Test,mirror_x,91,randomness_0.2472,73,0.03975054249167442,0.03970165550708771,-4.88869845867157e-05,4.88869845867157e-05
Test,mirror_x,91,randomness_0.2472,101,0.03949183225631714,0.0393635593354702,-0.0001282729208469391,0.0001282729208469391
Test,mirror_x,91,randomness_0.2472,202,0.04044422507286072,0.04029419645667076,-0.00015002861618995667,0.00015002861618995667
Test,mirror_x,92,randomness_0.3514,11,0.030833562836050987,0.031371645629405975,0.0005380827933549881,0.0005380827933549881
Test,mirror_x,92,randomness_0.3514,42,0.029666781425476074,0.029475437477231026,-0.00019134394824504852,0.00019134394824504852
Test,mirror_x,92,randomness_0.3514,73,0.029892995953559875,0.029555249959230423,-0.0003377459943294525,0.0003377459943294525
Test,mirror_x,92,randomness_0.3514,101,0.030633827671408653,0.030102282762527466,-0.0005315449088811874,0.0005315449088811874
Test,mirror_x,92,randomness_0.3514,202,0.030763279646635056,0.03030949831008911,-0.0004537813365459442,0.0004537813365459442
Test,mirror_x,93,randomness_0.4995,11,0.027987923473119736,0.02689048834145069,-0.0010974351316690445,0.0010974351316690445
Test,mirror_x,93,randomness_0.4995,42,0.02695554681122303,0.027481412515044212,0.0005258657038211823,0.0005258657038211823
Test,mirror_x,93,randomness_0.4995,73,0.02751961164176464,0.026591749861836433,-0.0009278617799282074,0.0009278617799282074
Test,mirror_x,93,randomness_0.4995,101,0.02724420838057995,0.02541941963136196,-0.001824788749217987,0.001824788749217987
Test,mirror_x,93,randomness_0.4995,202,0.026493895798921585,0.02660467103123665,0.00011077523231506348,0.00011077523231506348
Test,mirror_x,94,randomness_0.0761,11,0.03435453027486801,0.03354999050498009,-0.0008045397698879242,0.0008045397698879242
Test,mirror_x,94,randomness_0.0761,42,0.033697858452796936,0.033602699637413025,-9.515881538391113e-05,9.515881538391113e-05
Test,mirror_x,94,randomness_0.0761,73,0.03372708708047867,0.033626168966293335,-0.00010091811418533325,0.00010091811418533325
Test,mirror_x,94,randomness_0.0761,101,0.03357212245464325,0.03386601433157921,0.00029389187693595886,0.00029389187693595886
Test,mirror_x,94,randomness_0.0761,202,0.03439154475927353,0.034378133714199066,-1.341104507446289e-05,1.341104507446289e-05
Test,mirror_x,95,randomness_0.2132,11,0.03298574686050415,0.03350147604942322,0.0005157291889190674,0.0005157291889190674
Test,mirror_x,95,randomness_0.2132,42,0.033930908888578415,0.03401794284582138,8.70339572429657e-05,8.70339572429657e-05
Test,mirror_x,95,randomness_0.2132,73,0.033906418830156326,0.03407536447048187,0.00016894564032554626,0.00016894564032554626
Test,mirror_x,95,randomness_0.2132,101,0.032840877771377563,0.03308660909533501,0.00024573132395744324,0.00024573132395744324
Test,mirror_x,95,randomness_0.2132,202,0.03408335894346237,0.03437649831175804,0.00029313936829566956,0.00029313936829566956
Test,mirror_x,96,randomness_0.8849,11,0.010332096368074417,0.007542370818555355,-0.002789725549519062,0.002789725549519062
Test,mirror_x,96,randomness_0.8849,42,0.0072460295632481575,0.007241739891469479,-4.289671778678894e-06,4.289671778678894e-06
Test,mirror_x,96,randomness_0.8849,73,0.007696176879107952,0.0071113137528300285,-0.0005848631262779236,0.0005848631262779236
Test,mirror_x,96,randomness_0.8849,101,0.008646828122437,0.008220440708100796,-0.00042638741433620453,0.00042638741433620453
Test,mirror_x,96,randomness_0.8849,202,0.009259537793695927,0.0085694445297122,-0.0006900932639837265,0.0006900932639837265
Test,mirror_x,97,randomness_0.6266,11,0.016289684921503067,0.016191493719816208,-9.819120168685913e-05,9.819120168685913e-05
Test,mirror_x,97,randomness_0.6266,42,0.015840571373701096,0.01554229948669672,-0.00029827188700437546,0.00029827188700437546
Test,mirror_x,97,randomness_0.6266,73,0.01659848913550377,0.0156839769333601,-0.0009145122021436691,0.0009145122021436691
Test,mirror_x,97,randomness_0.6266,101,0.01687541790306568,0.016377998515963554,-0.0004974193871021271,0.0004974193871021271
Test,mirror_x,97,randomness_0.6266,202,0.0157010555267334,0.015165946446359158,-0.0005351090803742409,0.0005351090803742409
Test,mirror_x,98,randomness_0.9870,11,8.651349344290793e-05,0.0006567212985828519,0.000570207805139944,0.000570207805139944
Test,mirror_x,98,randomness_0.9870,42,-3.273305264883675e-05,-0.00023615811369381845,-0.0002034250610449817,0.0002034250610449817
Test,mirror_x,98,randomness_0.9870,73,0.00150746398139745,0.0009828145848587155,-0.0005246493965387344,0.0005246493965387344
Test,mirror_x,98,randomness_0.9870,101,0.0013690508203580976,0.0016998547362163663,0.00033080391585826874,0.00033080391585826874
Test,mirror_x,98,randomness_0.9870,202,0.001764862914569676,0.0008506636368110776,-0.0009141992777585983,0.0009141992777585983
Test,mirror_x,99,randomness_0.8929,11,0.009743822738528252,0.008824815042316914,-0.000919007696211338,0.000919007696211338
Test,mirror_x,99,randomness_0.8929,42,0.007615405134856701,0.007886244915425777,0.00027083978056907654,0.00027083978056907654
Test,mirror_x,99,randomness_0.8929,73,0.008200927637517452,0.008729773573577404,0.0005288459360599518,0.0005288459360599518
Test,mirror_x,99,randomness_0.8929,101,0.009009166620671749,0.008732941932976246,-0.00027622468769550323,0.00027622468769550323
Test,mirror_x,99,randomness_0.8929,202,0.008132119663059711,0.009132732637226582,0.0010006129741668701,0.0010006129741668701
Test,mirror_y,0,randomness_0.4364,11,0.029328474774956703,0.02847570739686489,-0.0008527673780918121,0.0008527673780918121
Test,mirror_y,0,randomness_0.4364,42,0.02898513711988926,0.02896139770746231,-2.3739412426948547e-05,2.3739412426948547e-05
Test,mirror_y,0,randomness_0.4364,73,0.02831052429974079,0.028224647045135498,-8.587725460529327e-05,8.587725460529327e-05
Test,mirror_y,0,randomness_0.4364,101,0.026842651888728142,0.026519501581788063,-0.00032315030694007874,0.00032315030694007874
Test,mirror_y,0,randomness_0.4364,202,0.027496783062815666,0.028604891151189804,0.0011081080883741379,0.0011081080883741379
Test,mirror_y,1,randomness_0.8999,11,-0.00027523082098923624,-0.0006032594246789813,-0.00032802860368974507,0.00032802860368974507
Test,mirror_y,1,randomness_0.8999,42,0.0020282261539250612,0.0019398994045332074,-8.832674939185381e-05,8.832674939185381e-05
Test,mirror_y,1,randomness_0.8999,73,0.002130600856617093,0.0016372698592022061,-0.000493330997414887,0.000493330997414887
Test,mirror_y,1,randomness_0.8999,101,0.0029510699678212404,0.0028513476718217134,-9.972229599952698e-05,9.972229599952698e-05
Test,mirror_y,1,randomness_0.8999,202,0.0028424125630408525,0.002220145659521222,-0.0006222669035196304,0.0006222669035196304
Test,mirror_y,2,randomness_0.3463,11,0.03137160837650299,0.031397465616464615,2.5857239961624146e-05,2.5857239961624146e-05
Test,mirror_y,2,randomness_0.3463,42,0.029672380536794662,0.03018341027200222,0.0005110297352075577,0.0005110297352075577
Test,mirror_y,2,randomness_0.3463,73,0.03040117397904396,0.030810734257102013,0.00040956027805805206,0.00040956027805805206
Test,mirror_y,2,randomness_0.3463,101,0.03127838671207428,0.030841948464512825,-0.0004364382475614548,0.0004364382475614548
Test,mirror_y,2,randomness_0.3463,202,0.03139711543917656,0.031008904799818993,-0.00038821063935756683,0.00038821063935756683
Test,mirror_y,3,randomness_0.0601,11,0.03848334029316902,0.03932764753699303,0.0008443072438240051,0.0008443072438240051
Test,mirror_y,3,randomness_0.0601,42,0.03927703574299812,0.03943829610943794,0.00016126036643981934,0.00016126036643981934
Test,mirror_y,3,randomness_0.0601,73,0.03915226832032204,0.03934210166335106,0.00018983334302902222,0.00018983334302902222
Test,mirror_y,3,randomness_0.0601,101,0.03905099630355835,0.03916226327419281,0.00011126697063446045,0.00011126697063446045
Test,mirror_y,3,randomness_0.0601,202,0.03978098928928375,0.039652928709983826,-0.00012806057929992676,0.00012806057929992676
Test,mirror_y,4,randomness_0.8679,11,0.007861494086682796,0.0106428861618042,0.0027813920751214027,0.0027813920751214027
Test,mirror_y,4,randomness_0.8679,42,0.009166841395199299,0.009451857767999172,0.00028501637279987335,0.00028501637279987335
Test,mirror_y,4,randomness_0.8679,73,0.008291478268802166,0.009253575466573238,0.0009620971977710724,0.0009620971977710724
Test,mirror_y,4,randomness_0.8679,101,0.008415508083999157,0.009742909111082554,0.001327401027083397,0.001327401027083397
Test,mirror_y,4,randomness_0.8679,202,0.00875870045274496,0.00979006290435791,0.0010313624516129494,0.0010313624516129494
Test,mirror_y,5,randomness_0.4324,11,0.03329095244407654,0.03231961280107498,-0.0009713396430015564,0.0009713396430015564
Test,mirror_y,5,randomness_0.4324,42,0.03323908522725105,0.0331491120159626,-8.997321128845215e-05,8.997321128845215e-05
Test,mirror_y,5,randomness_0.4324,73,0.03274717554450035,0.032142188400030136,-0.0006049871444702148,0.0006049871444702148
Test,mirror_y,5,randomness_0.4324,101,0.032100189477205276,0.03163092955946922,-0.00046925991773605347,0.00046925991773605347
Test,mirror_y,5,randomness_0.4324,202,0.03204416483640671,0.03261934593319893,0.0005751810967922211,0.0005751810967922211
Test,mirror_y,6,randomness_0.5435,11,0.02175365947186947,0.020526820793747902,-0.0012268386781215668,0.0012268386781215668
Test,mirror_y,6,randomness_0.5435,42,0.01974528655409813,0.019660452380776405,-8.483417332172394e-05,8.483417332172394e-05
Test,mirror_y,6,randomness_0.5435,73,0.020070895552635193,0.01940399594604969,-0.0006668996065855026,0.0006668996065855026
Test,mirror_y,6,randomness_0.5435,101,0.01965523511171341,0.019805047661066055,0.00014981254935264587,0.00014981254935264587
Test,mirror_y,6,randomness_0.5435,202,0.020421015098690987,0.019666016101837158,-0.0007549989968538284,0.0007549989968538284
Test,mirror_y,7,randomness_0.3614,11,0.03333273157477379,0.033626705408096313,0.000293973833322525,0.000293973833322525
Test,mirror_y,7,randomness_0.3614,42,0.03377621993422508,0.03431641310453415,0.0005401931703090668,0.0005401931703090668
Test,mirror_y,7,randomness_0.3614,73,0.03373078629374504,0.03380472958087921,7.394328713417053e-05,7.394328713417053e-05
Test,mirror_y,7,randomness_0.3614,101,0.03375561907887459,0.0338868610560894,0.00013124197721481323,0.00013124197721481323
Test,mirror_y,7,randomness_0.3614,202,0.03384269028902054,0.03433298319578171,0.0004902929067611694,0.0004902929067611694
Test,mirror_y,8,randomness_0.4865,11,0.03131905943155289,0.029512910172343254,-0.0018061492592096329,0.0018061492592096329
Test,mirror_y,8,randomness_0.4865,42,0.03149830549955368,0.031085997819900513,-0.0004123076796531677,0.0004123076796531677
Test,mirror_y,8,randomness_0.4865,73,0.03177386894822121,0.03114587441086769,-0.0006279945373535156,0.0006279945373535156
Test,mirror_y,8,randomness_0.4865,101,0.030746372416615486,0.030795659869909286,4.9287453293800354e-05,4.9287453293800354e-05
Test,mirror_y,8,randomness_0.4865,202,0.03179849311709404,0.03068026900291443,-0.0011182241141796112,0.0011182241141796112
Test,mirror_y,9,randomness_0.2773,11,0.03768477588891983,0.03819720447063446,0.0005124285817146301,0.0005124285817146301
Test,mirror_y,9,randomness_0.2773,42,0.03750874847173691,0.037563323974609375,5.457550287246704e-05,5.457550287246704e-05
Test,mirror_y,9,randomness_0.2773,73,0.037116315215826035,0.037475451827049255,0.0003591366112232208,0.0003591366112232208
Test,mirror_y,9,randomness_0.2773,101,0.03776825591921806,0.03794005513191223,0.0001717992126941681,0.0001717992126941681
Test,mirror_y,9,randomness_0.2773,202,0.03794753551483154,0.0378667376935482,-8.079782128334045e-05,8.079782128334045e-05
Test,mirror_y,10,randomness_0.6627,11,0.024438686668872833,0.022460907697677612,-0.001977778971195221,0.001977778971195221
Test,mirror_y,10,randomness_0.6627,42,0.02211482636630535,0.022034332156181335,-8.049421012401581e-05,8.049421012401581e-05
Test,mirror_y,10,randomness_0.6627,73,0.022884221747517586,0.02247662842273712,-0.00040759332478046417,0.00040759332478046417
Test,mirror_y,10,randomness_0.6627,101,0.02204098179936409,0.020954208448529243,-0.0010867733508348465,0.0010867733508348465
Test,mirror_y,10,randomness_0.6627,202,0.02254374511539936,0.021746372804045677,-0.0007973723113536835,0.0007973723113536835
Test,mirror_y,11,randomness_0.3774,11,0.035244423896074295,0.034663766622543335,-0.0005806572735309601,0.0005806572735309601
Test,mirror_y,11,randomness_0.3774,42,0.03363201022148132,0.03395141661167145,0.0003194063901901245,0.0003194063901901245
Test,mirror_y,11,randomness_0.3774,73,0.03341079503297806,0.03366430476307869,0.0002535097301006317,0.0002535097301006317
Test,mirror_y,11,randomness_0.3774,101,0.0339321531355381,0.03386472165584564,-6.74314796924591e-05,6.74314796924591e-05
Test,mirror_y,11,randomness_0.3774,202,0.03364287689328194,0.034526921808719635,0.0008840449154376984,0.0008840449154376984
Test,mirror_y,12,randomness_0.6687,11,0.021703675389289856,0.02192978374660015,0.0002261083573102951,0.0002261083573102951
Test,mirror_y,12,randomness_0.6687,42,0.021792670711874962,0.021163459867239,-0.0006292108446359634,0.0006292108446359634
Test,mirror_y,12,randomness_0.6687,73,0.021377883851528168,0.021018704399466515,-0.00035917945206165314,0.00035917945206165314
Test,mirror_y,12,randomness_0.6687,101,0.02050558105111122,0.019957521930336952,-0.0005480591207742691,0.0005480591207742691
Test,mirror_y,12,randomness_0.6687,202,0.02068093977868557,0.020509369671344757,-0.00017157010734081268,0.00017157010734081268
Test,mirror_y,13,randomness_0.5896,11,0.026048986241221428,0.024214420467615128,-0.0018345657736063004,0.0018345657736063004
Test,mirror_y,13,randomness_0.5896,42,0.024984819814562798,0.024645598605275154,-0.00033922120928764343,0.00033922120928764343
Test,mirror_y,13,randomness_0.5896,73,0.02524099312722683,0.024311138316988945,-0.0009298548102378845,0.0009298548102378845
Test,mirror_y,13,randomness_0.5896,101,0.024157969281077385,0.02323969081044197,-0.0009182784706354141,0.0009182784706354141
Test,mirror_y,13,randomness_0.5896,202,0.024184273555874825,0.02341056987643242,-0.0007737036794424057,0.0007737036794424057
Test,mirror_y,14,randomness_0.3554,11,0.0361446887254715,0.035515159368515015,-0.0006295293569564819,0.0006295293569564819
Test,mirror_y,14,randomness_0.3554,42,0.03677878901362419,0.03674321994185448,-3.5569071769714355e-05,3.5569071769714355e-05
Test,mirror_y,14,randomness_0.3554,73,0.03637724369764328,0.03655963018536568,0.00018238648772239685,0.00018238648772239685
Test,mirror_y,14,randomness_0.3554,101,0.03468836098909378,0.03514033928513527,0.00045197829604148865,0.00045197829604148865
Test,mirror_y,14,randomness_0.3554,202,0.03633695840835571,0.03716638311743736,0.0008294247090816498,0.0008294247090816498
Test,mirror_y,15,randomness_0.2593,11,0.037012979388237,0.037105679512023926,9.270012378692627e-05,9.270012378692627e-05
Test,mirror_y,15,randomness_0.2593,42,0.036235082894563675,0.036308370530605316,7.328763604164124e-05,7.328763604164124e-05
Test,mirror_y,15,randomness_0.2593,73,0.03654223307967186,0.03660622239112854,6.39893114566803e-05,6.39893114566803e-05
Test,mirror_y,15,randomness_0.2593,101,0.03718305751681328,0.0366610586643219,-0.0005219988524913788,0.0005219988524913788
Test,mirror_y,15,randomness_0.2593,202,0.037465497851371765,0.03740154951810837,-6.394833326339722e-05,6.394833326339722e-05
Test,mirror_y,16,randomness_0.6176,11,0.021010445430874825,0.020494502037763596,-0.0005159433931112289,0.0005159433931112289
Test,mirror_y,16,randomness_0.6176,42,0.01925431378185749,0.019814323633909225,0.0005600098520517349,0.0005600098520517349
Test,mirror_y,16,randomness_0.6176,73,0.019963035359978676,0.01953822374343872,-0.00042481161653995514,0.00042481161653995514
Test,mirror_y,16,randomness_0.6176,101,0.018779685720801353,0.019166113808751106,0.0003864280879497528,0.0003864280879497528
Test,mirror_y,16,randomness_0.6176,202,0.019270531833171844,0.019825760275125504,0.0005552284419536591,0.0005552284419536591
Test,mirror_y,17,randomness_0.9780,11,0.0035268564242869616,0.002855311380699277,-0.0006715450435876846,0.0006715450435876846
Test,mirror_y,17,randomness_0.9780,42,0.001347278361208737,0.0019706704188138247,0.0006233920576050878,0.0006233920576050878
Test,mirror_y,17,randomness_0.9780,73,0.003406862961128354,0.0034459244925528765,3.90615314245224e-05,3.90615314245224e-05
Test,mirror_y,17,randomness_0.9780,101,0.0032654099632054567,0.003055683569982648,-0.00020972639322280884,0.00020972639322280884
Test,mirror_y,17,randomness_0.9780,202,0.002283242763951421,0.0028219998348504305,0.0005387570708990097,0.0005387570708990097
Test,mirror_y,18,randomness_0.2753,11,0.03774562478065491,0.03808553144335747,0.0003399066627025604,0.0003399066627025604
Test,mirror_y,18,randomness_0.2753,42,0.0379134938120842,0.03844298794865608,0.0005294941365718842,0.0005294941365718842
Test,mirror_y,18,randomness_0.2753,73,0.03772607445716858,0.03795900568366051,0.0002329312264919281,0.0002329312264919281
Test,mirror_y,18,randomness_0.2753,101,0.037782613188028336,0.03794374316930771,0.00016112998127937317,0.00016112998127937317
Test,mirror_y,18,randomness_0.2753,202,0.03817259520292282,0.03838358446955681,0.00021098926663398743,0.00021098926663398743
Test,mirror_y,19,randomness_0.0701,11,0.03653369098901749,0.03623582422733307,-0.0002978667616844177,0.0002978667616844177
Test,mirror_y,19,randomness_0.0701,42,0.03633759543299675,0.036366432905197144,2.8837472200393677e-05,2.8837472200393677e-05
Test,mirror_y,19,randomness_0.0701,73,0.0359785296022892,0.03605281934142113,7.428973913192749e-05,7.428973913192749e-05
Test,mirror_y,19,randomness_0.0701,101,0.03630947694182396,0.03657548874616623,0.0002660118043422699,0.0002660118043422699
Test,mirror_y,19,randomness_0.0701,202,0.03699552267789841,0.036844126880168915,-0.0001513957977294922,0.0001513957977294922
Test,mirror_y,20,randomness_0.2372,11,0.04196849465370178,0.041433122009038925,-0.0005353726446628571,0.0005353726446628571
Test,mirror_y,20,randomness_0.2372,42,0.04095936939120293,0.040774066001176834,-0.00018530339002609253,0.00018530339002609253
Test,mirror_y,20,randomness_0.2372,73,0.04102877527475357,0.0408613421022892,-0.00016743317246437073,0.00016743317246437073
Test,mirror_y,20,randomness_0.2372,101,0.04142134636640549,0.041073717176914215,-0.00034762918949127197,0.00034762918949127197
Test,mirror_y,20,randomness_0.2372,202,0.04195675626397133,0.04155954346060753,-0.00039721280336380005,0.00039721280336380005
Test,mirror_y,21,randomness_0.2803,11,0.03350960835814476,0.03517599031329155,0.0016663819551467896,0.0016663819551467896
Test,mirror_y,21,randomness_0.2803,42,0.034360915422439575,0.034060921519994736,-0.0002999939024448395,0.0002999939024448395
Test,mirror_y,21,randomness_0.2803,73,0.03458763659000397,0.03399446979165077,-0.0005931667983531952,0.0005931667983531952
Test,mirror_y,21,randomness_0.2803,101,0.033901818096637726,0.03525834158062935,0.001356523483991623,0.001356523483991623
Test,mirror_y,21,randomness_0.2803,202,0.03461907058954239,0.035005342215299606,0.0003862716257572174,0.0003862716257572174
Test,mirror_y,22,randomness_0.8228,11,0.004255316220223904,0.003975627012550831,-0.0002796892076730728,0.0002796892076730728
Test,mirror_y,22,randomness_0.8228,42,0.005887684412300587,0.005843118764460087,-4.456564784049988e-05,4.456564784049988e-05
Test,mirror_y,22,randomness_0.8228,73,0.0059613632038235664,0.005674884654581547,-0.00028647854924201965,0.00028647854924201965
Test,mirror_y,22,randomness_0.8228,101,0.005261317826807499,0.005146092735230923,-0.00011522509157657623,0.00011522509157657623
Test,mirror_y,22,randomness_0.8228,202,0.005350806750357151,0.005750187672674656,0.0003993809223175049,0.0003993809223175049
Test,mirror_y,23,randomness_0.2182,11,0.034551169723272324,0.0338120199739933,-0.0007391497492790222,0.0007391497492790222
Test,mirror_y,23,randomness_0.2182,42,0.03429653123021126,0.034342605620622635,4.607439041137695e-05,4.607439041137695e-05
Test,mirror_y,23,randomness_0.2182,73,0.03400015830993652,0.033793479204177856,-0.000206679105758667,0.000206679105758667
Test,mirror_y,23,randomness_0.2182,101,0.03460261598229408,0.03393029421567917,-0.0006723217666149139,0.0006723217666149139
Test,mirror_y,23,randomness_0.2182,202,0.03533010184764862,0.03502111881971359,-0.0003089830279350281,0.0003089830279350281
Test,mirror_y,24,randomness_0.6927,11,0.02072478085756302,0.019724363461136818,-0.0010004173964262009,0.0010004173964262009
Test,mirror_y,24,randomness_0.6927,42,0.019152997061610222,0.019101571291685104,-5.142576992511749e-05,5.142576992511749e-05
Test,mirror_y,24,randomness_0.6927,73,0.01978646218776703,0.019063008949160576,-0.0007234532386064529,0.0007234532386064529
Test,mirror_y,24,randomness_0.6927,101,0.019637642428278923,0.01926131173968315,-0.0003763306885957718,0.0003763306885957718
Test,mirror_y,24,randomness_0.6927,202,0.01963670179247856,0.018867921084165573,-0.0007687807083129883,0.0007687807083129883
Test,mirror_y,25,randomness_0.2963,11,0.03945479169487953,0.03867735713720322,-0.0007774345576763153,0.0007774345576763153
Test,mirror_y,25,randomness_0.2963,42,0.03870806470513344,0.03836208954453468,-0.0003459751605987549,0.0003459751605987549
Test,mirror_y,25,randomness_0.2963,73,0.03840002417564392,0.0384150892496109,1.506507396697998e-05,1.506507396697998e-05
Test,mirror_y,25,randomness_0.2963,101,0.038524527102708817,0.0380132831633091,-0.0005112439393997192,0.0005112439393997192
Test,mirror_y,25,randomness_0.2963,202,0.039298102259635925,0.03895985707640648,-0.0003382451832294464,0.0003382451832294464
Test,mirror_y,26,randomness_0.3183,11,0.03216857835650444,0.0329454243183136,0.0007768459618091583,0.0007768459618091583
Test,mirror_y,26,randomness_0.3183,42,0.032547250390052795,0.03266584500670433,0.00011859461665153503,0.00011859461665153503
Test,mirror_y,26,randomness_0.3183,73,0.03285633400082588,0.032874204218387604,1.7870217561721802e-05,1.7870217561721802e-05
Test,mirror_y,26,randomness_0.3183,101,0.032226916402578354,0.03295055776834488,0.0007236413657665253,0.0007236413657665253
Test,mirror_y,26,randomness_0.3183,202,0.033032357692718506,0.033260829746723175,0.0002284720540046692,0.0002284720540046692
Test,mirror_y,27,randomness_0.8669,11,0.003890683175995946,0.0016546557890251279,-0.002236027386970818,0.002236027386970818
Test,mirror_y,27,randomness_0.8669,42,0.003072032006457448,0.0023793515283614397,-0.0006926804780960083,0.0006926804780960083
Test,mirror_y,27,randomness_0.8669,73,0.003657923312857747,0.002887741895392537,-0.00077018141746521,0.00077018141746521
Test,mirror_y,27,randomness_0.8669,101,0.002982405247166753,0.0021642104256898165,-0.0008181948214769363,0.0008181948214769363
Test,mirror_y,27,randomness_0.8669,202,0.0041148466989398,0.0035513818729668856,-0.0005634648259729147,0.0005634648259729147
Test,mirror_y,28,randomness_0.5596,11,0.022518569603562355,0.021869990974664688,-0.0006485786288976669,0.0006485786288976669
Test,mirror_y,28,randomness_0.5596,42,0.02238229103386402,0.022464632987976074,8.234195411205292e-05,8.234195411205292e-05
Test,mirror_y,28,randomness_0.5596,73,0.021877234801650047,0.021761706098914146,-0.00011552870273590088,0.00011552870273590088
Test,mirror_y,28,randomness_0.5596,101,0.020824138075113297,0.02149994671344757,0.0006758086383342743,0.0006758086383342743
Test,mirror_y,28,randomness_0.5596,202,0.02071448415517807,0.021137608215212822,0.0004231240600347519,0.0004231240600347519
Test,mirror_y,29,randomness_0.2653,11,0.03575592488050461,0.03485247865319252,-0.000903446227312088,0.000903446227312088
Test,mirror_y,29,randomness_0.2653,42,0.034170981496572495,0.03432364761829376,0.0001526661217212677,0.0001526661217212677
Test,mirror_y,29,randomness_0.2653,73,0.03499182313680649,0.03492802381515503,-6.379932165145874e-05,6.379932165145874e-05
Test,mirror_y,29,randomness_0.2653,101,0.03564206510782242,0.03553543612360954,-0.00010662898421287537,0.00010662898421287537
Test,mirror_y,29,randomness_0.2653,202,0.03581273555755615,0.036076564341783524,0.0002638287842273712,0.0002638287842273712
Test,mirror_y,30,randomness_0.1361,11,0.03804817050695419,0.03881572559475899,0.0007675550878047943,0.0007675550878047943
Test,mirror_y,30,randomness_0.1361,42,0.0381254181265831,0.038121625781059265,-3.7923455238342285e-06,3.7923455238342285e-06
Test,mirror_y,30,randomness_0.1361,73,0.03787863627076149,0.03758082538843155,-0.0002978108823299408,0.0002978108823299408
Test,mirror_y,30,randomness_0.1361,101,0.037929680198431015,0.038053467869758606,0.00012378767132759094,0.00012378767132759094
Test,mirror_y,30,randomness_0.1361,202,0.038778793066740036,0.038780055940151215,1.2628734111785889e-06,1.2628734111785889e-06
Test,mirror_y,31,randomness_0.7618,11,0.01580098271369934,0.016013959422707558,0.00021297670900821686,0.00021297670900821686
Test,mirror_y,31,randomness_0.7618,42,0.014802095480263233,0.014336032792925835,-0.00046606268733739853,0.00046606268733739853
Test,mirror_y,31,randomness_0.7618,73,0.016860708594322205,0.01626993715763092,-0.0005907714366912842,0.0005907714366912842
Test,mirror_y,31,randomness_0.7618,101,0.01601843163371086,0.016610579565167427,0.0005921479314565659,0.0005921479314565659
Test,mirror_y,31,randomness_0.7618,202,0.01575634256005287,0.015608330257236958,-0.00014801230281591415,0.00014801230281591415
Test,mirror_y,32,randomness_0.0300,11,0.03916575014591217,0.03917062655091286,4.8764050006866455e-06,4.8764050006866455e-06
Test,mirror_y,32,randomness_0.0300,42,0.038839101791381836,0.03892608359456062,8.698180317878723e-05,8.698180317878723e-05
Test,mirror_y,32,randomness_0.0300,73,0.03874159976840019,0.038712646812200546,-2.8952956199645996e-05,2.8952956199645996e-05
Test,mirror_y,32,randomness_0.0300,101,0.03873354569077492,0.038668666034936905,-6.48796558380127e-05,6.48796558380127e-05
Test,mirror_y,32,randomness_0.0300,202,0.039432626217603683,0.039230309426784515,-0.0002023167908191681,0.0002023167908191681
Test,mirror_y,33,randomness_0.2893,11,0.030344774946570396,0.029429757967591286,-0.0009150169789791107,0.0009150169789791107
Test,mirror_y,33,randomness_0.2893,42,0.03014414757490158,0.030090151354670525,-5.399622023105621e-05,5.399622023105621e-05
Test,mirror_y,33,randomness_0.2893,73,0.03056381084024906,0.03030754067003727,-0.000256270170211792,0.000256270170211792
Test,mirror_y,33,randomness_0.2893,101,0.029450127854943275,0.029710832983255386,0.0002607051283121109,0.0002607051283121109
Test,mirror_y,33,randomness_0.2893,202,0.030634906142950058,0.030484987422823906,-0.00014991872012615204,0.00014991872012615204
Test,mirror_y,34,randomness_0.6436,11,0.01873798668384552,0.0171628687530756,-0.0015751179307699203,0.0015751179307699203
Test,mirror_y,34,randomness_0.6436,42,0.018547067418694496,0.018170606344938278,-0.00037646107375621796,0.00037646107375621796
Test,mirror_y,34,randomness_0.6436,73,0.01863316260278225,0.01801235042512417,-0.0006208121776580811,0.0006208121776580811
Test,mirror_y,34,randomness_0.6436,101,0.0195733904838562,0.01870167814195156,-0.0008717123419046402,0.0008717123419046402
Test,mirror_y,34,randomness_0.6436,202,0.018515611067414284,0.01810597814619541,-0.00040963292121887207,0.00040963292121887207
Test,mirror_y,35,randomness_0.6356,11,0.019419297575950623,0.019602511078119278,0.0001832135021686554,0.0001832135021686554
Test,mirror_y,35,randomness_0.6356,42,0.018683327361941338,0.018504831939935684,-0.00017849542200565338,0.00017849542200565338
Test,mirror_y,35,randomness_0.6356,73,0.018536627292633057,0.0178079716861248,-0.000728655606508255,0.000728655606508255
Test,mirror_y,35,randomness_0.6356,101,0.018329733982682228,0.018056396394968033,-0.00027333758771419525,0.00027333758771419525
Test,mirror_y,35,randomness_0.6356,202,0.0176395196467638,0.017325889319181442,-0.0003136303275823593,0.0003136303275823593
Test,mirror_y,36,randomness_0.0551,11,0.03768462315201759,0.03734203428030014,-0.000342588871717453,0.000342588871717453
Test,mirror_y,36,randomness_0.0551,42,0.0381012000143528,0.038007952272892,-9.324774146080017e-05,9.324774146080017e-05
Test,mirror_y,36,randomness_0.0551,73,0.037835102528333664,0.03762819617986679,-0.00020690634846687317,0.00020690634846687317
Test,mirror_y,36,randomness_0.0551,101,0.037543728947639465,0.03727731853723526,-0.0002664104104042053,0.0002664104104042053
Test,mirror_y,36,randomness_0.0551,202,0.03865243121981621,0.0383911207318306,-0.00026131048798561096,0.00026131048798561096
Test,mirror_y,37,randomness_0.2152,11,0.03151234611868858,0.03125640004873276,-0.0002559460699558258,0.0002559460699558258
Test,mirror_y,37,randomness_0.2152,42,0.032133426517248154,0.03227619454264641,0.0001427680253982544,0.0001427680253982544
Test,mirror_y,37,randomness_0.2152,73,0.03255864605307579,0.032223932445049286,-0.0003347136080265045,0.0003347136080265045
Test,mirror_y,37,randomness_0.2152,101,0.030566394329071045,0.031089428812265396,0.0005230344831943512,0.0005230344831943512
Test,mirror_y,37,randomness_0.2152,202,0.032754626125097275,0.0325966440141201,-0.00015798211097717285,0.00015798211097717285
Test,mirror_y,38,randomness_0.8659,11,0.012965605594217777,0.013281543739140034,0.00031593814492225647,0.00031593814492225647
Test,mirror_y,38,randomness_0.8659,42,0.012479840777814388,0.011661091819405556,-0.0008187489584088326,0.0008187489584088326
Test,mirror_y,38,randomness_0.8659,73,0.014899433590471745,0.013356336392462254,-0.001543097198009491,0.001543097198009491
Test,mirror_y,38,randomness_0.8659,101,0.01471581868827343,0.013689300045371056,-0.0010265186429023743,0.0010265186429023743
Test,mirror_y,38,randomness_0.8659,202,0.013360466808080673,0.012915116734802723,-0.0004453500732779503,0.0004453500732779503
Test,mirror_y,39,randomness_0.6527,11,0.01770375296473503,0.015934770926833153,-0.0017689820379018784,0.0017689820379018784
Test,mirror_y,39,randomness_0.6527,42,0.016924547031521797,0.016902681440114975,-2.1865591406822205e-05,2.1865591406822205e-05
Test,mirror_y,39,randomness_0.6527,73,0.017575044184923172,0.01697935350239277,-0.0005956906825304031,0.0005956906825304031
Test,mirror_y,39,randomness_0.6527,101,0.017294839024543762,0.016440005972981453,-0.0008548330515623093,0.0008548330515623093
Test,mirror_y,39,randomness_0.6527,202,0.017470117658376694,0.01695949211716652,-0.0005106255412101746,0.0005106255412101746
Test,mirror_y,40,randomness_0.3073,11,0.036178626120090485,0.036714375019073486,0.0005357488989830017,0.0005357488989830017
Test,mirror_y,40,randomness_0.3073,42,0.03591012582182884,0.03617176413536072,0.0002616383135318756,0.0002616383135318756
Test,mirror_y,40,randomness_0.3073,73,0.03618065267801285,0.036440830677747726,0.00026017799973487854,0.00026017799973487854
Test,mirror_y,40,randomness_0.3073,101,0.03582523763179779,0.03615159913897514,0.0003263615071773529,0.0003263615071773529
Test,mirror_y,40,randomness_0.3073,202,0.03704094514250755,0.03669724240899086,-0.0003437027335166931,0.0003437027335166931
Test,mirror_y,41,randomness_0.2082,11,0.03747836500406265,0.03809332475066185,0.0006149597465991974,0.0006149597465991974
Test,mirror_y,41,randomness_0.2082,42,0.03746737539768219,0.03738614171743393,-8.12336802482605e-05,8.12336802482605e-05
Test,mirror_y,41,randomness_0.2082,73,0.03749241679906845,0.03740152344107628,-9.089335799217224e-05,9.089335799217224e-05
Test,mirror_y,41,randomness_0.2082,101,0.03772009164094925,0.036917537450790405,-0.000802554190158844,0.000802554190158844
Test,mirror_y,41,randomness_0.2082,202,0.03816499933600426,0.037711504846811295,-0.00045349448919296265,0.00045349448919296265
Test,mirror_y,42,randomness_0.9019,11,0.00028937231400050223,0.0015954944537952542,0.001306122139794752,0.001306122139794752
Test,mirror_y,42,randomness_0.9019,42,0.0022935897577553988,0.002625824185088277,0.0003322344273328781,0.0003322344273328781
Test,mirror_y,42,randomness_0.9019,73,0.001869005267508328,0.003129140706732869,0.0012601354392245412,0.0012601354392245412
Test,mirror_y,42,randomness_0.9019,101,0.0019956633914262056,0.002601613523438573,0.0006059501320123672,0.0006059501320123672
Test,mirror_y,42,randomness_0.9019,202,0.0029330675024539232,0.0025463842321187258,-0.00038668327033519745,0.00038668327033519745
Test,mirror_y,43,randomness_0.2102,11,0.037299543619155884,0.037566494196653366,0.0002669505774974823,0.0002669505774974823
Test,mirror_y,43,randomness_0.2102,42,0.037131477147340775,0.03722582757472992,9.43504273891449e-05,9.43504273891449e-05
Test,mirror_y,43,randomness_0.2102,73,0.036839231848716736,0.03702399507164955,0.00018476322293281555,0.00018476322293281555
Test,mirror_y,43,randomness_0.2102,101,0.03722942993044853,0.037274617701768875,4.518777132034302e-05,4.518777132034302e-05
Test,mirror_y,43,randomness_0.2102,202,0.03759052976965904,0.03725363686680794,-0.00033689290285110474,0.00033689290285110474
Test,mirror_y,44,randomness_0.7137,11,0.016699722036719322,0.015207089483737946,-0.0014926325529813766,0.0014926325529813766
Test,mirror_y,44,randomness_0.7137,42,0.015244574286043644,0.014598949812352657,-0.0006456244736909866,0.0006456244736909866
Test,mirror_y,44,randomness_0.7137,73,0.016335276886820793,0.014484270475804806,-0.0018510064110159874,0.0018510064110159874
Test,mirror_y,44,randomness_0.7137,101,0.016871707513928413,0.015842890366911888,-0.0010288171470165253,0.0010288171470165253
Test,mirror_y,44,randomness_0.7137,202,0.015971124172210693,0.015094568021595478,-0.0008765561506152153,0.0008765561506152153
Test,mirror_y,45,randomness_0.4084,11,0.03177281469106674,0.032485831528902054,0.0007130168378353119,0.0007130168378353119
Test,mirror_y,45,randomness_0.4084,42,0.03123701736330986,0.031510088592767715,0.0002730712294578552,0.0002730712294578552
Test,mirror_y,45,randomness_0.4084,73,0.030840249732136726,0.031350620090961456,0.0005103703588247299,0.0005103703588247299
Test,mirror_y,45,randomness_0.4084,101,0.031064435839653015,0.03160156309604645,0.0005371272563934326,0.0005371272563934326
Test,mirror_y,45,randomness_0.4084,202,0.030868664383888245,0.03151381015777588,0.0006451457738876343,0.0006451457738876343
Test,mirror_y,46,randomness_0.9479,11,0.0022288274485617876,0.004071475006639957,0.0018426475580781698,0.0018426475580781698
Test,mirror_y,46,randomness_0.9479,42,0.002501716138795018,0.0032547053415328264,0.0007529892027378082,0.0007529892027378082
Test,mirror_y,46,randomness_0.9479,73,0.0038138285744935274,0.004646937362849712,0.000833108788356185,0.000833108788356185
Test,mirror_y,46,randomness_0.9479,101,0.004634262062609196,0.004755000583827496,0.00012073852121829987,0.00012073852121829987
Test,mirror_y,46,randomness_0.9479,202,0.004646223969757557,0.004908855073153973,0.0002626311033964157,0.0002626311033964157
Test,mirror_y,47,randomness_0.3193,11,0.037201736122369766,0.03803003206849098,0.0008282959461212158,0.0008282959461212158
Test,mirror_y,47,randomness_0.3193,42,0.0370497852563858,0.03745263069868088,0.00040284544229507446,0.00040284544229507446
Test,mirror_y,47,randomness_0.3193,73,0.03658885508775711,0.0372035913169384,0.0006147362291812897,0.0006147362291812897
Test,mirror_y,47,randomness_0.3193,101,0.03587967902421951,0.03711562603712082,0.0012359470129013062,0.0012359470129013062
Test,mirror_y,47,randomness_0.3193,202,0.03727683052420616,0.037559643387794495,0.00028281286358833313,0.00028281286358833313
Test,mirror_y,48,randomness_0.2813,11,0.037094596773386,0.03713899850845337,4.4401735067367554e-05,4.4401735067367554e-05
Test,mirror_y,48,randomness_0.2813,42,0.03771732747554779,0.03761468455195427,-0.00010264292359352112,0.00010264292359352112
Test,mirror_y,48,randomness_0.2813,73,0.037662576884031296,0.037728581577539444,6.60046935081482e-05,6.60046935081482e-05
Test,mirror_y,48,randomness_0.2813,101,0.03724612295627594,0.03775373101234436,0.0005076080560684204,0.0005076080560684204
Test,mirror_y,48,randomness_0.2813,202,0.03761018440127373,0.03764280304312706,3.261864185333252e-05,3.261864185333252e-05
Test,mirror_y,49,randomness_0.9990,11,0.006302443332970142,0.005904830060899258,-0.0003976132720708847,0.0003976132720708847
Test,mirror_y,49,randomness_0.9990,42,0.006981258280575275,0.0067510781809687614,-0.00023018009960651398,0.00023018009960651398
Test,mirror_y,49,randomness_0.9990,73,0.0070963772013783455,0.0077612129971385,0.0006648357957601547,0.0006648357957601547
Test,mirror_y,49,randomness_0.9990,101,0.008208061568439007,0.00654181744903326,-0.0016662441194057465,0.0016662441194057465
Test,mirror_y,49,randomness_0.9990,202,0.0078114671632647514,0.00756469089537859,-0.0002467762678861618,0.0002467762678861618
Test,mirror_y,50,randomness_0.0861,11,0.039208486676216125,0.038139812648296356,-0.0010686740279197693,0.0010686740279197693
Test,mirror_y,50,randomness_0.0861,42,0.03808927536010742,0.03814399614930153,5.4720789194107056e-05,5.4720789194107056e-05
Test,mirror_y,50,randomness_0.0861,73,0.038073811680078506,0.03789713233709335,-0.0001766793429851532,0.0001766793429851532
Test,mirror_y,50,randomness_0.0861,101,0.038262493908405304,0.03814905136823654,-0.00011344254016876221,0.00011344254016876221
Test,mirror_y,50,randomness_0.0861,202,0.03876865655183792,0.03901676833629608,0.0002481117844581604,0.0002481117844581604
Test,mirror_y,51,randomness_0.9900,11,0.004691208712756634,0.003437985898926854,-0.0012532228138297796,0.0012532228138297796
Test,mirror_y,51,randomness_0.9900,42,0.005580815486609936,0.004741347394883633,-0.0008394680917263031,0.0008394680917263031
Test,mirror_y,51,randomness_0.9900,73,0.005246561951935291,0.004073296673595905,-0.001173265278339386,0.001173265278339386
Test,mirror_y,51,randomness_0.9900,101,0.0044043464586138725,0.003359684022143483,-0.0010446624364703894,0.0010446624364703894
Test,mirror_y,51,randomness_0.9900,202,0.004571533761918545,0.0039609624072909355,-0.0006105713546276093,0.0006105713546276093
Test,mirror_y,52,randomness_0.6787,11,0.012770028784871101,0.01151321642100811,-0.0012568123638629913,0.0012568123638629913
Test,mirror_y,52,randomness_0.6787,42,0.012430974282324314,0.012154080905020237,-0.00027689337730407715,0.00027689337730407715
Test,mirror_y,52,randomness_0.6787,73,0.012549416162073612,0.011737283319234848,-0.0008121328428387642,0.0008121328428387642
Test,mirror_y,52,randomness_0.6787,101,0.012066938914358616,0.011584250256419182,-0.00048268865793943405,0.00048268865793943405
Test,mirror_y,52,randomness_0.6787,202,0.012497062794864178,0.01168297603726387,-0.0008140867576003075,0.0008140867576003075
Test,mirror_y,53,randomness_0.5836,11,0.02221773937344551,0.02300979197025299,0.0007920525968074799,0.0007920525968074799
Test,mirror_y,53,randomness_0.5836,42,0.021537641063332558,0.021385854110121727,-0.0001517869532108307,0.0001517869532108307
Test,mirror_y,53,randomness_0.5836,73,0.021594149991869926,0.021104030311107635,-0.000490119680762291,0.000490119680762291
Test,mirror_y,53,randomness_0.5836,101,0.021976567804813385,0.020536499097943306,-0.001440068706870079,0.001440068706870079
Test,mirror_y,53,randomness_0.5836,202,0.022037547081708908,0.021265681833028793,-0.0007718652486801147,0.0007718652486801147
Test,mirror_y,54,randomness_0.9790,11,0.0018837220268324018,0.0010433561401441693,-0.0008403658866882324,0.0008403658866882324
Test,mirror_y,54,randomness_0.9790,42,0.0017389963613823056,0.0012860718416050076,-0.000452924519777298,0.000452924519777298
Test,mirror_y,54,randomness_0.9790,73,0.002959267469123006,0.0020154037047177553,-0.0009438637644052505,0.0009438637644052505
Test,mirror_y,54,randomness_0.9790,101,0.0028991580475121737,0.0014491743640974164,-0.0014499836834147573,0.0014499836834147573
Test,mirror_y,54,randomness_0.9790,202,0.002367005916312337,0.002278848784044385,-8.815713226795197e-05,8.815713226795197e-05
Test,mirror_y,55,randomness_0.7417,11,0.01044039148837328,0.010198618285357952,-0.00024177320301532745,0.00024177320301532745
Test,mirror_y,55,randomness_0.7417,42,0.010196936316788197,0.009229888208210468,-0.0009670481085777283,0.0009670481085777283
Test,mirror_y,55,randomness_0.7417,73,0.010714810341596603,0.009445630945265293,-0.0012691793963313103,0.0012691793963313103
Test,mirror_y,55,randomness_0.7417,101,0.01106225699186325,0.010028829798102379,-0.0010334271937608719,0.0010334271937608719
Test,mirror_y,55,randomness_0.7417,202,0.010929333046078682,0.0099320188164711,-0.000997314229607582,0.000997314229607582
Test,mirror_y,56,randomness_0.0440,11,0.03464434668421745,0.034340452402830124,-0.0003038942813873291,0.0003038942813873291
Test,mirror_y,56,randomness_0.0440,42,0.0349883958697319,0.03493582829833031,-5.256757140159607e-05,5.256757140159607e-05
Test,mirror_y,56,randomness_0.0440,73,0.034599289298057556,0.034532684832811356,-6.660446524620056e-05,6.660446524620056e-05
Test,mirror_y,56,randomness_0.0440,101,0.0347803458571434,0.03512817248702049,0.00034782662987709045,0.00034782662987709045
Test,mirror_y,56,randomness_0.0440,202,0.03543275594711304,0.03524021431803703,-0.00019254162907600403,0.00019254162907600403
Test,mirror_y,57,randomness_0.0631,11,0.03613751754164696,0.035838667303323746,-0.00029885023832321167,0.00029885023832321167
Test,mirror_y,57,randomness_0.0631,42,0.036100804805755615,0.03596038371324539,-0.0001404210925102234,0.0001404210925102234
Test,mirror_y,57,randomness_0.0631,73,0.03612383082509041,0.03539864718914032,-0.0007251836359500885,0.0007251836359500885
Test,mirror_y,57,randomness_0.0631,101,0.03600423410534859,0.03600163385272026,-2.600252628326416e-06,2.600252628326416e-06
Test,mirror_y,57,randomness_0.0631,202,0.03676935285329819,0.03669643774628639,-7.291510701179504e-05,7.291510701179504e-05
Test,mirror_y,58,randomness_0.1101,11,0.03675873577594757,0.03669951483607292,-5.922093987464905e-05,5.922093987464905e-05
Test,mirror_y,58,randomness_0.1101,42,0.03708268702030182,0.037099000066518784,1.631304621696472e-05,1.631304621696472e-05
Test,mirror_y,58,randomness_0.1101,73,0.036841657012701035,0.0365443080663681,-0.0002973489463329315,0.0002973489463329315
Test,mirror_y,58,randomness_0.1101,101,0.03608911111950874,0.03581569716334343,-0.0002734139561653137,0.0002734139561653137
Test,mirror_y,58,randomness_0.1101,202,0.03716934472322464,0.037162426859140396,-6.917864084243774e-06,6.917864084243774e-06
Test,mirror_y,59,randomness_0.7648,11,0.017481956630945206,0.01476689800620079,-0.0027150586247444153,0.0027150586247444153
Test,mirror_y,59,randomness_0.7648,42,0.015695426613092422,0.015620395541191101,-7.503107190132141e-05,7.503107190132141e-05
Test,mirror_y,59,randomness_0.7648,73,0.017235353589057922,0.01586490496993065,-0.0013704486191272736,0.0013704486191272736
Test,mirror_y,59,randomness_0.7648,101,0.017290081828832626,0.015692276880145073,-0.0015978049486875534,0.0015978049486875534
Test,mirror_y,59,randomness_0.7648,202,0.016052046790719032,0.015760693699121475,-0.00029135309159755707,0.00029135309159755707
Test,mirror_y,60,randomness_0.3103,11,0.036936111748218536,0.03612947091460228,-0.0008066408336162567,0.0008066408336162567
Test,mirror_y,60,randomness_0.3103,42,0.036131519824266434,0.036065444350242615,-6.607547402381897e-05,6.607547402381897e-05
Test,mirror_y,60,randomness_0.3103,73,0.03598551079630852,0.03572649136185646,-0.0002590194344520569,0.0002590194344520569
Test,mirror_y,60,randomness_0.3103,101,0.035803887993097305,0.03552904352545738,-0.0002748444676399231,0.0002748444676399231
Test,mirror_y,60,randomness_0.3103,202,0.03635895997285843,0.03652720898389816,0.0001682490110397339,0.0001682490110397339
Test,mirror_y,61,randomness_0.0881,11,0.03813604637980461,0.03894174098968506,0.0008056946098804474,0.0008056946098804474
Test,mirror_y,61,randomness_0.0881,42,0.038178566843271255,0.03833698108792305,0.00015841424465179443,0.00015841424465179443
Test,mirror_y,61,randomness_0.0881,73,0.03809349611401558,0.03814705088734627,5.3554773330688477e-05,5.3554773330688477e-05
Test,mirror_y,61,randomness_0.0881,101,0.03805750980973244,0.038196854293346405,0.0001393444836139679,0.0001393444836139679
Test,mirror_y,61,randomness_0.0881,202,0.03894457966089249,0.03898679465055466,4.221498966217041e-05,4.221498966217041e-05
Test,mirror_y,62,randomness_0.1391,11,0.03751685470342636,0.036424655467271805,-0.0010921992361545563,0.0010921992361545563
Test,mirror_y,62,randomness_0.1391,42,0.03685641288757324,0.03671271726489067,-0.0001436956226825714,0.0001436956226825714
Test,mirror_y,62,randomness_0.1391,73,0.03694169968366623,0.03676966577768326,-0.0001720339059829712,0.0001720339059829712
Test,mirror_y,62,randomness_0.1391,101,0.03698011487722397,0.036857057362794876,-0.0001230575144290924,0.0001230575144290924
Test,mirror_y,62,randomness_0.1391,202,0.037636492401361465,0.03765449672937393,1.800432801246643e-05,1.800432801246643e-05
Test,mirror_y,63,randomness_0.6366,11,0.021512696519494057,0.019607078284025192,-0.0019056182354688644,0.0019056182354688644
Test,mirror_y,63,randomness_0.6366,42,0.02091808058321476,0.02017848752439022,-0.0007395930588245392,0.0007395930588245392
Test,mirror_y,63,randomness_0.6366,73,0.020967524498701096,0.020317839458584785,-0.0006496850401163101,0.0006496850401163101
Test,mirror_y,63,randomness_0.6366,101,0.020543653517961502,0.019004706293344498,-0.0015389472246170044,0.0015389472246170044
Test,mirror_y,63,randomness_0.6366,202,0.021297527477145195,0.02074192278087139,-0.0005556046962738037,0.0005556046962738037
Test,mirror_y,64,randomness_0.1982,11,0.03598073869943619,0.03603190556168556,5.116686224937439e-05,5.116686224937439e-05
Test,mirror_y,64,randomness_0.1982,42,0.035142362117767334,0.035196393728256226,5.40316104888916e-05,5.40316104888916e-05
Test,mirror_y,64,randomness_0.1982,73,0.035395942628383636,0.03527825325727463,-0.00011768937110900879,0.00011768937110900879
Test,mirror_y,64,randomness_0.1982,101,0.035755518823862076,0.035587605088949203,-0.00016791373491287231,0.00016791373491287231
Test,mirror_y,64,randomness_0.1982,202,0.03610794618725777,0.035984404385089874,-0.00012354180216789246,0.00012354180216789246
Test,mirror_y,65,randomness_0.2943,11,0.03586660698056221,0.03632264956831932,0.0004560425877571106,0.0004560425877571106
Test,mirror_y,65,randomness_0.2943,42,0.03522195667028427,0.03531116247177124,8.9205801486969e-05,8.9205801486969e-05
Test,mirror_y,65,randomness_0.2943,73,0.03500835597515106,0.03507901728153229,7.066130638122559e-05,7.066130638122559e-05
Test,mirror_y,65,randomness_0.2943,101,0.0358453243970871,0.03534333035349846,-0.0005019940435886383,0.0005019940435886383
Test,mirror_y,65,randomness_0.2943,202,0.035722434520721436,0.03619265928864479,0.0004702247679233551,0.0004702247679233551
Test,mirror_y,66,randomness_0.3123,11,0.03494073078036308,0.035171858966350555,0.00023112818598747253,0.00023112818598747253
Test,mirror_y,66,randomness_0.3123,42,0.03414106369018555,0.03382047638297081,-0.00032058730721473694,0.00032058730721473694
Test,mirror_y,66,randomness_0.3123,73,0.03393992409110069,0.03374631702899933,-0.00019360706210136414,0.00019360706210136414
Test,mirror_y,66,randomness_0.3123,101,0.034180741757154465,0.033780165016651154,-0.00040057674050331116,0.00040057674050331116
Test,mirror_y,66,randomness_0.3123,202,0.03524421527981758,0.034622836858034134,-0.0006213784217834473,0.0006213784217834473
Test,mirror_y,67,randomness_0.7497,11,0.011569732800126076,0.010165389627218246,-0.0014043431729078293,0.0014043431729078293
Test,mirror_y,67,randomness_0.7497,42,0.011463006027042866,0.012569188140332699,0.001106182113289833,0.001106182113289833
Test,mirror_y,67,randomness_0.7497,73,0.012337172403931618,0.013969051651656628,0.00163187924772501,0.00163187924772501
Test,mirror_y,67,randomness_0.7497,101,0.01143123209476471,0.013279534876346588,0.0018483027815818787,0.0018483027815818787
Test,mirror_y,67,randomness_0.7497,202,0.01158651802688837,0.012512187473475933,0.0009256694465875626,0.0009256694465875626
Test,mirror_y,68,randomness_0.3824,11,0.03396790847182274,0.03399844467639923,3.053620457649231e-05,3.053620457649231e-05
Test,mirror_y,68,randomness_0.3824,42,0.03425484150648117,0.03411956503987312,-0.00013527646660804749,0.00013527646660804749
Test,mirror_y,68,randomness_0.3824,73,0.034286171197891235,0.033868081867694855,-0.0004180893301963806,0.0004180893301963806
Test,mirror_y,68,randomness_0.3824,101,0.03424699977040291,0.033145952969789505,-0.0011010468006134033,0.0011010468006134033
Test,mirror_y,68,randomness_0.3824,202,0.03531750664114952,0.03457158803939819,-0.0007459186017513275,0.0007459186017513275
Test,mirror_y,69,randomness_0.1201,11,0.03742735832929611,0.03698660060763359,-0.00044075772166252136,0.00044075772166252136
Test,mirror_y,69,randomness_0.1201,42,0.037613123655319214,0.03758196160197258,-3.116205334663391e-05,3.116205334663391e-05
Test,mirror_y,69,randomness_0.1201,73,0.037451617419719696,0.03711759299039841,-0.00033402442932128906,0.00033402442932128906
Test,mirror_y,69,randomness_0.1201,101,0.03700729459524155,0.036962348967790604,-4.494562745094299e-05,4.494562745094299e-05
Test,mirror_y,69,randomness_0.1201,202,0.03822154551744461,0.03825436532497406,3.281980752944946e-05,3.281980752944946e-05
Test,mirror_y,70,randomness_0.8799,11,0.008326669223606586,0.007876851595938206,-0.00044981762766838074,0.00044981762766838074
Test,mirror_y,70,randomness_0.8799,42,0.008941945619881153,0.008994744159281254,5.279853940010071e-05,5.279853940010071e-05
Test,mirror_y,70,randomness_0.8799,73,0.008987694047391415,0.008041777648031712,-0.0009459163993597031,0.0009459163993597031
Test,mirror_y,70,randomness_0.8799,101,0.009403674863278866,0.008137009106576443,-0.001266665756702423,0.001266665756702423
Test,mirror_y,70,randomness_0.8799,202,0.008508932776749134,0.008502078242599964,-6.854534149169922e-06,6.854534149169922e-06
Test,mirror_y,71,randomness_0.4454,11,0.03205069154500961,0.033414408564567566,0.0013637170195579529,0.0013637170195579529
Test,mirror_y,71,randomness_0.4454,42,0.031045064330101013,0.03161441534757614,0.0005693510174751282,0.0005693510174751282
Test,mirror_y,71,randomness_0.4454,73,0.030299019068479538,0.031242676079273224,0.0009436570107936859,0.0009436570107936859
Test,mirror_y,71,randomness_0.4454,101,0.029446382075548172,0.032114192843437195,0.002667810767889023,0.002667810767889023
Test,mirror_y,71,randomness_0.4454,202,0.030480626970529556,0.031493764370679855,0.001013137400150299,0.001013137400150299
Test,mirror_y,72,randomness_0.6496,11,0.016182800754904747,0.01774558238685131,0.0015627816319465637,0.0015627816319465637
Test,mirror_y,72,randomness_0.6496,42,0.016482237726449966,0.017701195552945137,0.0012189578264951706,0.0012189578264951706
Test,mirror_y,72,randomness_0.6496,73,0.01606435514986515,0.01723935641348362,0.0011750012636184692,0.0011750012636184692
Test,mirror_y,72,randomness_0.6496,101,0.015695346519351006,0.016541196033358574,0.0008458495140075684,0.0008458495140075684
Test,mirror_y,72,randomness_0.6496,202,0.015928931534290314,0.01655876636505127,0.0006298348307609558,0.0006298348307609558
Test,mirror_y,73,randomness_0.0961,11,0.03634645789861679,0.036202237010002136,-0.00014422088861465454,0.00014422088861465454
Test,mirror_y,73,randomness_0.0961,42,0.035413626581430435,0.03530268743634224,-0.0001109391450881958,0.0001109391450881958
Test,mirror_y,73,randomness_0.0961,73,0.03558128699660301,0.03514298051595688,-0.0004383064806461334,0.0004383064806461334
Test,mirror_y,73,randomness_0.0961,101,0.036188025027513504,0.036225326359272,3.7301331758499146e-05,3.7301331758499146e-05
Test,mirror_y,73,randomness_0.0961,202,0.03623104840517044,0.036078643053770065,-0.00015240535140037537,0.00015240535140037537
Test,mirror_y,74,randomness_0.5345,11,0.020913314074277878,0.023281222209334373,0.0023679081350564957,0.0023679081350564957
Test,mirror_y,74,randomness_0.5345,42,0.021224742755293846,0.0212975163012743,7.277354598045349e-05,7.277354598045349e-05
Test,mirror_y,74,randomness_0.5345,73,0.021359166130423546,0.022599028423428535,0.0012398622930049896,0.0012398622930049896
Test,mirror_y,74,randomness_0.5345,101,0.021319231018424034,0.022070830687880516,0.0007515996694564819,0.0007515996694564819
Test,mirror_y,74,randomness_0.5345,202,0.021085983142256737,0.02288723923265934,0.0018012560904026031,0.0018012560904026031
Test,mirror_y,75,randomness_0.8168,11,0.01065211184322834,0.008936895988881588,-0.0017152158543467522,0.0017152158543467522
Test,mirror_y,75,randomness_0.8168,42,0.010875505395233631,0.00992984976619482,-0.0009456556290388107,0.0009456556290388107
Test,mirror_y,75,randomness_0.8168,73,0.011378880590200424,0.010651888325810432,-0.0007269922643899918,0.0007269922643899918
Test,mirror_y,75,randomness_0.8168,101,0.01202127244323492,0.011599989607930183,-0.0004212828353047371,0.0004212828353047371
Test,mirror_y,75,randomness_0.8168,202,0.011766381561756134,0.010172096081078053,-0.0015942854806780815,0.0015942854806780815
Test,mirror_y,76,randomness_0.1011,11,0.034005723893642426,0.03518982604146004,0.0011841021478176117,0.0011841021478176117
Test,mirror_y,76,randomness_0.1011,42,0.03554697334766388,0.03581254556775093,0.0002655722200870514,0.0002655722200870514
Test,mirror_y,76,randomness_0.1011,73,0.035042718052864075,0.035379596054553986,0.0003368780016899109,0.0003368780016899109
Test,mirror_y,76,randomness_0.1011,101,0.03452134504914284,0.03491389378905296,0.00039254873991012573,0.00039254873991012573
Test,mirror_y,76,randomness_0.1011,202,0.036016494035720825,0.03675689175724983,0.000740397721529007,0.000740397721529007
Test,mirror_y,77,randomness_0.0721,11,0.03899867460131645,0.038773175328969955,-0.00022549927234649658,0.00022549927234649658
Test,mirror_y,77,randomness_0.0721,42,0.038254596292972565,0.03822881355881691,-2.5782734155654907e-05,2.5782734155654907e-05
Test,mirror_y,77,randomness_0.0721,73,0.038082022219896317,0.037943992763757706,-0.00013802945613861084,0.00013802945613861084
Test,mirror_y,77,randomness_0.0721,101,0.03850826993584633,0.03872202709317207,0.00021375715732574463,0.00021375715732574463
Test,mirror_y,77,randomness_0.0721,202,0.038974836468696594,0.03867259994149208,-0.00030223652720451355,0.00030223652720451355
Test,mirror_y,78,randomness_0.7167,11,0.012272180058062077,0.010394550859928131,-0.0018776291981339455,0.0018776291981339455
Test,mirror_y,78,randomness_0.7167,42,0.01134672574698925,0.01129086036235094,-5.586538463830948e-05,5.586538463830948e-05
Test,mirror_y,78,randomness_0.7167,73,0.011057645082473755,0.01048640813678503,-0.0005712369456887245,0.0005712369456887245
Test,mirror_y,78,randomness_0.7167,101,0.012573488987982273,0.011981847696006298,-0.000591641291975975,0.000591641291975975
Test,mirror_y,78,randomness_0.7167,202,0.011020059697329998,0.011390447616577148,0.0003703879192471504,0.0003703879192471504
Test,mirror_y,79,randomness_0.8238,11,0.010794133879244328,0.013149156235158443,0.002355022355914116,0.002355022355914116
Test,mirror_y,79,randomness_0.8238,42,0.011865364387631416,0.012968852184712887,0.0011034877970814705,0.0011034877970814705
Test,mirror_y,79,randomness_0.8238,73,0.012555522844195366,0.01431410014629364,0.0017585773020982742,0.0017585773020982742
Test,mirror_y,79,randomness_0.8238,101,0.012786805629730225,0.01392380427569151,0.0011369986459612846,0.0011369986459612846
Test,mirror_y,79,randomness_0.8238,202,0.011773964390158653,0.01316999364644289,0.001396029256284237,0.001396029256284237
Test,mirror_y,80,randomness_0.7407,11,0.014477897435426712,0.014808813109993935,0.0003309156745672226,0.0003309156745672226
Test,mirror_y,80,randomness_0.7407,42,0.014248574152588844,0.01426638476550579,1.781061291694641e-05,1.781061291694641e-05
Test,mirror_y,80,randomness_0.7407,73,0.01435738243162632,0.01420306321233511,-0.00015431921929121017,0.00015431921929121017
Test,mirror_y,80,randomness_0.7407,101,0.01462711300700903,0.015071015805006027,0.00044390279799699783,0.00044390279799699783
Test,mirror_y,80,randomness_0.7407,202,0.013362931087613106,0.014055518433451653,0.0006925873458385468,0.0006925873458385468
Test,mirror_y,81,randomness_0.0390,11,0.0359405018389225,0.03587637096643448,-6.413087248802185e-05,6.413087248802185e-05
Test,mirror_y,81,randomness_0.0390,42,0.03738287463784218,0.037478093057870865,9.521842002868652e-05,9.521842002868652e-05
Test,mirror_y,81,randomness_0.0390,73,0.0371023565530777,0.03751642256975174,0.00041406601667404175,0.00041406601667404175
Test,mirror_y,81,randomness_0.0390,101,0.03657395765185356,0.03663167729973793,5.7719647884368896e-05,5.7719647884368896e-05
Test,mirror_y,81,randomness_0.0390,202,0.03776824474334717,0.03789059817790985,0.0001223534345626831,0.0001223534345626831
Test,mirror_y,82,randomness_0.9249,11,0.007798383943736553,0.008668824099004269,0.0008704401552677155,0.0008704401552677155
Test,mirror_y,82,randomness_0.9249,42,0.008281302638351917,0.008399964310228825,0.00011866167187690735,0.00011866167187690735
Test,mirror_y,82,randomness_0.9249,73,0.00822113174945116,0.008214573375880718,-6.5583735704422e-06,6.5583735704422e-06
Test,mirror_y,82,randomness_0.9249,101,0.008806920610368252,0.008797586895525455,-9.333714842796326e-06,9.333714842796326e-06
Test,mirror_y,82,randomness_0.9249,202,0.008878196589648724,0.008765443228185177,-0.00011275336146354675,0.00011275336146354675
Test,mirror_y,83,randomness_0.3654,11,0.03418976068496704,0.03408706560730934,-0.00010269507765769958,0.00010269507765769958
Test,mirror_y,83,randomness_0.3654,42,0.03295319154858589,0.03336111828684807,0.0004079267382621765,0.0004079267382621765
Test,mirror_y,83,randomness_0.3654,73,0.03333060443401337,0.033902592957019806,0.0005719885230064392,0.0005719885230064392
Test,mirror_y,83,randomness_0.3654,101,0.03336603194475174,0.03313697129487991,-0.00022906064987182617,0.00022906064987182617
Test,mirror_y,83,randomness_0.3654,202,0.034073732793331146,0.03380146622657776,-0.00027226656675338745,0.00027226656675338745
Test,mirror_y,84,randomness_0.8298,11,0.012272707186639309,0.01109783723950386,-0.0011748699471354485,0.0011748699471354485
Test,mirror_y,84,randomness_0.8298,42,0.01151040568947792,0.011989091522991657,0.0004786858335137367,0.0004786858335137367
Test,mirror_y,84,randomness_0.8298,73,0.011909698136150837,0.012975943274796009,0.0010662451386451721,0.0010662451386451721
Test,mirror_y,84,randomness_0.8298,101,0.012106675654649734,0.012546836398541927,0.00044016074389219284,0.00044016074389219284
Test,mirror_y,84,randomness_0.8298,202,0.012274726293981075,0.011906309053301811,-0.00036841724067926407,0.00036841724067926407
Test,mirror_y,85,randomness_0.5485,11,0.02371939830482006,0.021834425628185272,-0.0018849726766347885,0.0018849726766347885
Test,mirror_y,85,randomness_0.5485,42,0.023887595161795616,0.02257220447063446,-0.0013153906911611557,0.0013153906911611557
Test,mirror_y,85,randomness_0.5485,73,0.023845471441745758,0.022300828248262405,-0.0015446431934833527,0.0015446431934833527
Test,mirror_y,85,randomness_0.5485,101,0.023107126355171204,0.02145373448729515,-0.0016533918678760529,0.0016533918678760529
Test,mirror_y,85,randomness_0.5485,202,0.02289588563144207,0.021671237424016,-0.0012246482074260712,0.0012246482074260712
Test,mirror_y,86,randomness_0.7678,11,0.011320014484226704,0.010441296733915806,-0.0008787177503108978,0.0008787177503108978
Test,mirror_y,86,randomness_0.7678,42,0.013742686249315739,0.012624859809875488,-0.0011178264394402504,0.0011178264394402504
Test,mirror_y,86,randomness_0.7678,73,0.01311427541077137,0.013056845404207706,-5.743000656366348e-05,5.743000656366348e-05
Test,mirror_y,86,randomness_0.7678,101,0.013145308941602707,0.012502489611506462,-0.0006428193300962448,0.0006428193300962448
Test,mirror_y,86,randomness_0.7678,202,0.013332930393517017,0.012319925241172314,-0.0010130051523447037,0.0010130051523447037
Test,mirror_y,87,randomness_0.6877,11,0.014780081808567047,0.014607132412493229,-0.0001729493960738182,0.0001729493960738182
Test,mirror_y,87,randomness_0.6877,42,0.013037482276558876,0.012473586946725845,-0.0005638953298330307,0.0005638953298330307
Test,mirror_y,87,randomness_0.6877,73,0.013825168833136559,0.012558377347886562,-0.0012667914852499962,0.0012667914852499962
Test,mirror_y,87,randomness_0.6877,101,0.013940314762294292,0.013100327923893929,-0.0008399868384003639,0.0008399868384003639
Test,mirror_y,87,randomness_0.6877,202,0.013784599490463734,0.012796974740922451,-0.0009876247495412827,0.0009876247495412827
Test,mirror_y,88,randomness_0.9489,11,0.005857544951140881,0.006405024789273739,0.0005474798381328583,0.0005474798381328583
Test,mirror_y,88,randomness_0.9489,42,0.006249970756471157,0.0065533993765711784,0.00030342862010002136,0.00030342862010002136
Test,mirror_y,88,randomness_0.9489,73,0.006712674163281918,0.006990433670580387,0.00027775950729846954,0.00027775950729846954
Test,mirror_y,88,randomness_0.9489,101,0.008568950928747654,0.008176556788384914,-0.00039239414036273956,0.00039239414036273956
Test,mirror_y,88,randomness_0.9489,202,0.006723326630890369,0.007135146297514439,0.0004118196666240692,0.0004118196666240692
Test,mirror_y,89,randomness_0.0541,11,0.03440655767917633,0.03436524048447609,-4.131719470024109e-05,4.131719470024109e-05
Test,mirror_y,89,randomness_0.0541,42,0.035535089671611786,0.03552297502756119,-1.2114644050598145e-05,1.2114644050598145e-05
Test,mirror_y,89,randomness_0.0541,73,0.03504885360598564,0.035126447677612305,7.759407162666321e-05,7.759407162666321e-05
Test,mirror_y,89,randomness_0.0541,101,0.03442852571606636,0.03425900638103485,-0.0001695193350315094,0.0001695193350315094
Test,mirror_y,89,randomness_0.0541,202,0.03593463450670242,0.03617233410477638,0.00023769959807395935,0.00023769959807395935
Test,mirror_y,90,randomness_0.3714,11,0.03411705046892166,0.033671170473098755,-0.0004458799958229065,0.0004458799958229065
Test,mirror_y,90,randomness_0.3714,42,0.033387549221515656,0.03305932134389877,-0.0003282278776168823,0.0003282278776168823
Test,mirror_y,90,randomness_0.3714,73,0.03394148498773575,0.03358818218111992,-0.00035330280661582947,0.00035330280661582947
Test,mirror_y,90,randomness_0.3714,101,0.03361687436699867,0.03302380070090294,-0.0005930736660957336,0.0005930736660957336
Test,mirror_y,90,randomness_0.3714,202,0.03326134383678436,0.03329910337924957,3.775954246520996e-05,3.775954246520996e-05
Test,mirror_y,91,randomness_0.2472,11,0.04043589532375336,0.040819089859724045,0.00038319453597068787,0.00038319453597068787
Test,mirror_y,91,randomness_0.2472,42,0.040227703750133514,0.04028242453932762,5.4720789194107056e-05,5.4720789194107056e-05
Test,mirror_y,91,randomness_0.2472,73,0.03975054249167442,0.039965491741895676,0.00021494925022125244,0.00021494925022125244
Test,mirror_y,91,randomness_0.2472,101,0.03949183225631714,0.03981099650263786,0.0003191642463207245,0.0003191642463207245
Test,mirror_y,91,randomness_0.2472,202,0.04044422507286072,0.04008844494819641,-0.00035578012466430664,0.00035578012466430664
Test,mirror_y,92,randomness_0.3514,11,0.030833562836050987,0.03087870590388775,4.5143067836761475e-05,4.5143067836761475e-05
Test,mirror_y,92,randomness_0.3514,42,0.029666781425476074,0.03050888516008854,0.0008421037346124649,0.0008421037346124649
Test,mirror_y,92,randomness_0.3514,73,0.029892995953559875,0.030736643821001053,0.0008436478674411774,0.0008436478674411774
Test,mirror_y,92,randomness_0.3514,101,0.030633827671408653,0.030751723796129227,0.00011789612472057343,0.00011789612472057343
Test,mirror_y,92,randomness_0.3514,202,0.030763279646635056,0.031602904200553894,0.0008396245539188385,0.0008396245539188385
Test,mirror_y,93,randomness_0.4995,11,0.027987923473119736,0.029560636729002,0.0015727132558822632,0.0015727132558822632
Test,mirror_y,93,randomness_0.4995,42,0.02695554681122303,0.026935096830129623,-2.0449981093406677e-05,2.0449981093406677e-05
Test,mirror_y,93,randomness_0.4995,73,0.02751961164176464,0.027629468590021133,0.00010985694825649261,0.00010985694825649261
Test,mirror_y,93,randomness_0.4995,101,0.02724420838057995,0.027021057903766632,-0.00022315047681331635,0.00022315047681331635
Test,mirror_y,93,randomness_0.4995,202,0.026493895798921585,0.026978978887200356,0.00048508308827877045,0.00048508308827877045
Test,mirror_y,94,randomness_0.0761,11,0.03435453027486801,0.03363211452960968,-0.0007224157452583313,0.0007224157452583313
Test,mirror_y,94,randomness_0.0761,42,0.033697858452796936,0.03377458080649376,7.672235369682312e-05,7.672235369682312e-05
Test,mirror_y,94,randomness_0.0761,73,0.03372708708047867,0.03338680788874626,-0.0003402791917324066,0.0003402791917324066
Test,mirror_y,94,randomness_0.0761,101,0.03357212245464325,0.033932190388441086,0.0003600679337978363,0.0003600679337978363
Test,mirror_y,94,randomness_0.0761,202,0.03439154475927353,0.03474588692188263,0.00035434216260910034,0.00035434216260910034
Test,mirror_y,95,randomness_0.2132,11,0.03298574686050415,0.03358610346913338,0.0006003566086292267,0.0006003566086292267
Test,mirror_y,95,randomness_0.2132,42,0.033930908888578415,0.03447427228093147,0.0005433633923530579,0.0005433633923530579
Test,mirror_y,95,randomness_0.2132,73,0.033906418830156326,0.034470949321985245,0.0005645304918289185,0.0005645304918289185
Test,mirror_y,95,randomness_0.2132,101,0.032840877771377563,0.03334176912903786,0.0005008913576602936,0.0005008913576602936
Test,mirror_y,95,randomness_0.2132,202,0.03408335894346237,0.03453364968299866,0.0004502907395362854,0.0004502907395362854
Test,mirror_y,96,randomness_0.8849,11,0.010332096368074417,0.008142680861055851,-0.002189415507018566,0.002189415507018566
Test,mirror_y,96,randomness_0.8849,42,0.0072460295632481575,0.007741888053715229,0.0004958584904670715,0.0004958584904670715
Test,mirror_y,96,randomness_0.8849,73,0.007696176879107952,0.006638570688664913,-0.001057606190443039,0.001057606190443039
Test,mirror_y,96,randomness_0.8849,101,0.008646828122437,0.006598544307053089,-0.002048283815383911,0.002048283815383911
Test,mirror_y,96,randomness_0.8849,202,0.009259537793695927,0.00845771748572588,-0.000801820307970047,0.000801820307970047
Test,mirror_y,97,randomness_0.6266,11,0.016289684921503067,0.017376361414790154,0.0010866764932870865,0.0010866764932870865
Test,mirror_y,97,randomness_0.6266,42,0.015840571373701096,0.01676415652036667,0.0009235851466655731,0.0009235851466655731
Test,mirror_y,97,randomness_0.6266,73,0.01659848913550377,0.017555085942149162,0.0009565968066453934,0.0009565968066453934
Test,mirror_y,97,randomness_0.6266,101,0.01687541790306568,0.017385324463248253,0.0005099065601825714,0.0005099065601825714
Test,mirror_y,97,randomness_0.6266,202,0.0157010555267334,0.016482146456837654,0.0007810909301042557,0.0007810909301042557
Test,mirror_y,98,randomness_0.9870,11,8.651349344290793e-05,-0.0014095016522333026,-0.0014960151456762105,0.0014960151456762105
Test,mirror_y,98,randomness_0.9870,42,-3.273305264883675e-05,-0.00021448996267281473,-0.00018175691002397798,0.00018175691002397798
Test,mirror_y,98,randomness_0.9870,73,0.00150746398139745,0.0013456690357998013,-0.00016179494559764862,0.00016179494559764862
Test,mirror_y,98,randomness_0.9870,101,0.0013690508203580976,4.5276388846104965e-05,-0.0013237744315119926,0.0013237744315119926
Test,mirror_y,98,randomness_0.9870,202,0.001764862914569676,0.0015983573393896222,-0.0001665055751800537,0.0001665055751800537
Test,mirror_y,99,randomness_0.8929,11,0.009743822738528252,0.008939762599766254,-0.0008040601387619972,0.0008040601387619972
Test,mirror_y,99,randomness_0.8929,42,0.007615405134856701,0.008047428913414478,0.0004320237785577774,0.0004320237785577774
Test,mirror_y,99,randomness_0.8929,73,0.008200927637517452,0.009194388054311275,0.0009934604167938232,0.0009934604167938232
Test,mirror_y,99,randomness_0.8929,101,0.009009166620671749,0.008950631134212017,-5.8535486459732056e-05,5.8535486459732056e-05
Test,mirror_y,99,randomness_0.8929,202,0.008132119663059711,0.009138808585703373,0.0010066889226436615,0.0010066889226436615
Test,mirror_xy,0,randomness_0.4364,11,0.029328474774956703,0.0301036536693573,0.0007751788944005966,0.0007751788944005966
Test,mirror_xy,0,randomness_0.4364,42,0.02898513711988926,0.029189223423600197,0.0002040863037109375,0.0002040863037109375
Test,mirror_xy,0,randomness_0.4364,73,0.02831052429974079,0.029192201793193817,0.0008816774934530258,0.0008816774934530258
Test,mirror_xy,0,randomness_0.4364,101,0.026842651888728142,0.027829241007566452,0.0009865891188383102,0.0009865891188383102
Test,mirror_xy,0,randomness_0.4364,202,0.027496783062815666,0.028191452845931053,0.000694669783115387,0.000694669783115387
Test,mirror_xy,1,randomness_0.8999,11,-0.00027523082098923624,0.0015718761133030057,0.001847106934292242,0.001847106934292242
Test,mirror_xy,1,randomness_0.8999,42,0.0020282261539250612,0.0023592591751366854,0.00033103302121162415,0.00033103302121162415
Test,mirror_xy,1,randomness_0.8999,73,0.002130600856617093,0.0018617912428453565,-0.0002688096137717366,0.0002688096137717366
Test,mirror_xy,1,randomness_0.8999,101,0.0029510699678212404,0.0017794511513784528,-0.0011716188164427876,0.0011716188164427876
Test,mirror_xy,1,randomness_0.8999,202,0.0028424125630408525,0.0027606275398284197,-8.178502321243286e-05,8.178502321243286e-05
Test,mirror_xy,2,randomness_0.3463,11,0.03137160837650299,0.030120430514216423,-0.0012511778622865677,0.0012511778622865677
Test,mirror_xy,2,randomness_0.3463,42,0.029672380536794662,0.029497282579541206,-0.00017509795725345612,0.00017509795725345612
Test,mirror_xy,2,randomness_0.3463,73,0.03040117397904396,0.03040895238518715,7.778406143188477e-06,7.778406143188477e-06
Test,mirror_xy,2,randomness_0.3463,101,0.03127838671207428,0.03036808781325817,-0.0009102988988161087,0.0009102988988161087
Test,mirror_xy,2,randomness_0.3463,202,0.03139711543917656,0.030757028609514236,-0.000640086829662323,0.000640086829662323
Test,mirror_xy,3,randomness_0.0601,11,0.03848334029316902,0.04050862789154053,0.0020252875983715057,0.0020252875983715057
Test,mirror_xy,3,randomness_0.0601,42,0.03927703574299812,0.0395202711224556,0.00024323537945747375,0.00024323537945747375
Test,mirror_xy,3,randomness_0.0601,73,0.03915226832032204,0.039187993854284286,3.5725533962249756e-05,3.5725533962249756e-05
Test,mirror_xy,3,randomness_0.0601,101,0.03905099630355835,0.039647191762924194,0.0005961954593658447,0.0005961954593658447
Test,mirror_xy,3,randomness_0.0601,202,0.03978098928928375,0.039940245449543,0.00015925616025924683,0.00015925616025924683
Test,mirror_xy,4,randomness_0.8679,11,0.007861494086682796,0.010639947839081287,0.002778453752398491,0.002778453752398491
Test,mirror_xy,4,randomness_0.8679,42,0.009166841395199299,0.009898065589368343,0.0007312241941690445,0.0007312241941690445
Test,mirror_xy,4,randomness_0.8679,73,0.008291478268802166,0.009637407958507538,0.0013459296897053719,0.0013459296897053719
Test,mirror_xy,4,randomness_0.8679,101,0.008415508083999157,0.008658378385007381,0.0002428703010082245,0.0002428703010082245
Test,mirror_xy,4,randomness_0.8679,202,0.00875870045274496,0.00953900720924139,0.0007803067564964294,0.0007803067564964294
Test,mirror_xy,5,randomness_0.4324,11,0.03329095244407654,0.03277861326932907,-0.000512339174747467,0.000512339174747467
Test,mirror_xy,5,randomness_0.4324,42,0.03323908522725105,0.03283042088150978,-0.00040866434574127197,0.00040866434574127197
Test,mirror_xy,5,randomness_0.4324,73,0.03274717554450035,0.032193057239055634,-0.0005541183054447174,0.0005541183054447174
Test,mirror_xy,5,randomness_0.4324,101,0.032100189477205276,0.032366812229156494,0.00026662275195121765,0.00026662275195121765
Test,mirror_xy,5,randomness_0.4324,202,0.03204416483640671,0.03344833850860596,0.0014041736721992493,0.0014041736721992493
Test,mirror_xy,6,randomness_0.5435,11,0.02175365947186947,0.01767916977405548,-0.004074489697813988,0.004074489697813988
Test,mirror_xy,6,randomness_0.5435,42,0.01974528655409813,0.019794493913650513,4.920735955238342e-05,4.920735955238342e-05
Test,mirror_xy,6,randomness_0.5435,73,0.020070895552635193,0.019199689850211143,-0.0008712057024240494,0.0008712057024240494
Test,mirror_xy,6,randomness_0.5435,101,0.01965523511171341,0.018356790766119957,-0.0012984443455934525,0.0012984443455934525
Test,mirror_xy,6,randomness_0.5435,202,0.020421015098690987,0.019096288830041885,-0.0013247262686491013,0.0013247262686491013
Test,mirror_xy,7,randomness_0.3614,11,0.03333273157477379,0.0332551933825016,-7.753819227218628e-05,7.753819227218628e-05
Test,mirror_xy,7,randomness_0.3614,42,0.03377621993422508,0.03362375497817993,-0.00015246495604515076,0.00015246495604515076
Test,mirror_xy,7,randomness_0.3614,73,0.03373078629374504,0.033862560987472534,0.00013177469372749329,0.00013177469372749329
Test,mirror_xy,7,randomness_0.3614,101,0.03375561907887459,0.03269922360777855,-0.0010563954710960388,0.0010563954710960388
Test,mirror_xy,7,randomness_0.3614,202,0.03384269028902054,0.03342870995402336,-0.0004139803349971771,0.0004139803349971771
Test,mirror_xy,8,randomness_0.4865,11,0.03131905943155289,0.03150327503681183,0.00018421560525894165,0.00018421560525894165
Test,mirror_xy,8,randomness_0.4865,42,0.03149830549955368,0.0315171554684639,1.8849968910217285e-05,1.8849968910217285e-05
Test,mirror_xy,8,randomness_0.4865,73,0.03177386894822121,0.030336523428559303,-0.0014373455196619034,0.0014373455196619034
Test,mirror_xy,8,randomness_0.4865,101,0.030746372416615486,0.030872724950313568,0.00012635253369808197,0.00012635253369808197
Test,mirror_xy,8,randomness_0.4865,202,0.03179849311709404,0.03053496778011322,-0.0012635253369808197,0.0012635253369808197
Test,mirror_xy,9,randomness_0.2773,11,0.03768477588891983,0.03755956515669823,-0.0001252107322216034,0.0001252107322216034
Test,mirror_xy,9,randomness_0.2773,42,0.03750874847173691,0.03734191134572029,-0.00016683712601661682,0.00016683712601661682
Test,mirror_xy,9,randomness_0.2773,73,0.037116315215826035,0.03743378445506096,0.0003174692392349243,0.0003174692392349243
Test,mirror_xy,9,randomness_0.2773,101,0.03776825591921806,0.03757146745920181,-0.0001967884600162506,0.0001967884600162506
Test,mirror_xy,9,randomness_0.2773,202,0.03794753551483154,0.03760208189487457,-0.0003454536199569702,0.0003454536199569702
Test,mirror_xy,10,randomness_0.6627,11,0.024438686668872833,0.021210921928286552,-0.003227764740586281,0.003227764740586281
Test,mirror_xy,10,randomness_0.6627,42,0.02211482636630535,0.02224520407617092,0.00013037770986557007,0.00013037770986557007
Test,mirror_xy,10,randomness_0.6627,73,0.022884221747517586,0.022017110139131546,-0.0008671116083860397,0.0008671116083860397
Test,mirror_xy,10,randomness_0.6627,101,0.02204098179936409,0.02067079208791256,-0.0013701897114515305,0.0013701897114515305
Test,mirror_xy,10,randomness_0.6627,202,0.02254374511539936,0.021528102457523346,-0.0010156426578760147,0.0010156426578760147
Test,mirror_xy,11,randomness_0.3774,11,0.035244423896074295,0.03636188060045242,0.001117456704378128,0.001117456704378128
Test,mirror_xy,11,randomness_0.3774,42,0.03363201022148132,0.03446215018630028,0.0008301399648189545,0.0008301399648189545
Test,mirror_xy,11,randomness_0.3774,73,0.03341079503297806,0.03409138694405556,0.0006805919110774994,0.0006805919110774994
Test,mirror_xy,11,randomness_0.3774,101,0.0339321531355381,0.03480185195803642,0.0008696988224983215,0.0008696988224983215
Test,mirror_xy,11,randomness_0.3774,202,0.03364287689328194,0.03451810032129288,0.0008752234280109406,0.0008752234280109406
Test,mirror_xy,12,randomness_0.6687,11,0.021703675389289856,0.019348235800862312,-0.0023554395884275436,0.0023554395884275436
Test,mirror_xy,12,randomness_0.6687,42,0.021792670711874962,0.020436029881238937,-0.0013566408306360245,0.0013566408306360245
Test,mirror_xy,12,randomness_0.6687,73,0.021377883851528168,0.019955677911639214,-0.0014222059398889542,0.0014222059398889542
Test,mirror_xy,12,randomness_0.6687,101,0.02050558105111122,0.019384833052754402,-0.0011207479983568192,0.0011207479983568192
Test,mirror_xy,12,randomness_0.6687,202,0.02068093977868557,0.019200991839170456,-0.0014799479395151138,0.0014799479395151138
Test,mirror_xy,13,randomness_0.5896,11,0.026048986241221428,0.023166049271821976,-0.002882936969399452,0.002882936969399452
Test,mirror_xy,13,randomness_0.5896,42,0.024984819814562798,0.024604111909866333,-0.00038070790469646454,0.00038070790469646454
Test,mirror_xy,13,randomness_0.5896,73,0.02524099312722683,0.02326381206512451,-0.001977181062102318,0.001977181062102318
Test,mirror_xy,13,randomness_0.5896,101,0.024157969281077385,0.02284739352762699,-0.0013105757534503937,0.0013105757534503937
Test,mirror_xy,13,randomness_0.5896,202,0.024184273555874825,0.023263245820999146,-0.000921027734875679,0.000921027734875679
Test,mirror_xy,14,randomness_0.3554,11,0.0361446887254715,0.03605221211910248,-9.247660636901855e-05,9.247660636901855e-05
Test,mirror_xy,14,randomness_0.3554,42,0.03677878901362419,0.03693246468901634,0.00015367567539215088,0.00015367567539215088
Test,mirror_xy,14,randomness_0.3554,73,0.03637724369764328,0.03635348379611969,-2.3759901523590088e-05,2.3759901523590088e-05
Test,mirror_xy,14,randomness_0.3554,101,0.03468836098909378,0.03514019772410393,0.0004518367350101471,0.0004518367350101471
Test,mirror_xy,14,randomness_0.3554,202,0.03633695840835571,0.036558110266923904,0.00022115185856819153,0.00022115185856819153
Test,mirror_xy,15,randomness_0.2593,11,0.037012979388237,0.03623133525252342,-0.0007816441357135773,0.0007816441357135773
Test,mirror_xy,15,randomness_0.2593,42,0.036235082894563675,0.03646571934223175,0.00023063644766807556,0.00023063644766807556
Test,mirror_xy,15,randomness_0.2593,73,0.03654223307967186,0.036237481981515884,-0.00030475109815597534,0.00030475109815597534
Test,mirror_xy,15,randomness_0.2593,101,0.03718305751681328,0.03581564128398895,-0.0013674162328243256,0.0013674162328243256
Test,mirror_xy,15,randomness_0.2593,202,0.037465497851371765,0.036803945899009705,-0.0006615519523620605,0.0006615519523620605
Test,mirror_xy,16,randomness_0.6176,11,0.021010445430874825,0.0206587016582489,-0.00035174377262592316,0.00035174377262592316
Test,mirror_xy,16,randomness_0.6176,42,0.01925431378185749,0.0195937380194664,0.0003394242376089096,0.0003394242376089096
Test,mirror_xy,16,randomness_0.6176,73,0.019963035359978676,0.020050380378961563,8.734501898288727e-05,8.734501898288727e-05
Test,mirror_xy,16,randomness_0.6176,101,0.018779685720801353,0.020362069830298424,0.0015823841094970703,0.0015823841094970703
Test,mirror_xy,16,randomness_0.6176,202,0.019270531833171844,0.020098073408007622,0.0008275415748357773,0.0008275415748357773
Test,mirror_xy,17,randomness_0.9780,11,0.0035268564242869616,0.0035900522489100695,6.319582462310791e-05,6.319582462310791e-05
Test,mirror_xy,17,randomness_0.9780,42,0.001347278361208737,0.00237557222135365,0.0010282938601449132,0.0010282938601449132
Test,mirror_xy,17,randomness_0.9780,73,0.003406862961128354,0.0036906853783875704,0.0002838224172592163,0.0002838224172592163
Test,mirror_xy,17,randomness_0.9780,101,0.0032654099632054567,0.003232854651287198,-3.255531191825867e-05,3.255531191825867e-05
Test,mirror_xy,17,randomness_0.9780,202,0.002283242763951421,0.0036723532248288393,0.0013891104608774185,0.0013891104608774185
Test,mirror_xy,18,randomness_0.2753,11,0.03774562478065491,0.03795034810900688,0.0002047233283519745,0.0002047233283519745
Test,mirror_xy,18,randomness_0.2753,42,0.0379134938120842,0.03831036388874054,0.00039687007665634155,0.00039687007665634155
Test,mirror_xy,18,randomness_0.2753,73,0.03772607445716858,0.03774895519018173,2.2880733013153076e-05,2.2880733013153076e-05
Test,mirror_xy,18,randomness_0.2753,101,0.037782613188028336,0.03784608468413353,6.347149610519409e-05,6.347149610519409e-05
Test,mirror_xy,18,randomness_0.2753,202,0.03817259520292282,0.0382545180618763,8.192285895347595e-05,8.192285895347595e-05
Test,mirror_xy,19,randomness_0.0701,11,0.03653369098901749,0.035514406859874725,-0.0010192841291427612,0.0010192841291427612
Test,mirror_xy,19,randomness_0.0701,42,0.03633759543299675,0.03651368245482445,0.00017608702182769775,0.00017608702182769775
Test,mirror_xy,19,randomness_0.0701,73,0.0359785296022892,0.03607174754142761,9.321793913841248e-05,9.321793913841248e-05
Test,mirror_xy,19,randomness_0.0701,101,0.03630947694182396,0.036452002823352814,0.00014252588152885437,0.00014252588152885437
Test,mirror_xy,19,randomness_0.0701,202,0.03699552267789841,0.03682602196931839,-0.0001695007085800171,0.0001695007085800171
Test,mirror_xy,20,randomness_0.2372,11,0.04196849465370178,0.04187718406319618,-9.131059050559998e-05,9.131059050559998e-05
Test,mirror_xy,20,randomness_0.2372,42,0.04095936939120293,0.04092881456017494,-3.055483102798462e-05,3.055483102798462e-05
Test,mirror_xy,20,randomness_0.2372,73,0.04102877527475357,0.04088422656059265,-0.0001445487141609192,0.0001445487141609192
Test,mirror_xy,20,randomness_0.2372,101,0.04142134636640549,0.040782198309898376,-0.0006391480565071106,0.0006391480565071106
Test,mirror_xy,20,randomness_0.2372,202,0.04195675626397133,0.04149184748530388,-0.00046490877866744995,0.00046490877866744995
Test,mirror_xy,21,randomness_0.2803,11,0.03350960835814476,0.035579025745391846,0.0020694173872470856,0.0020694173872470856
Test,mirror_xy,21,randomness_0.2803,42,0.034360915422439575,0.03413742035627365,-0.00022349506616592407,0.00022349506616592407
Test,mirror_xy,21,randomness_0.2803,73,0.03458763659000397,0.03439212962985039,-0.0001955069601535797,0.0001955069601535797
Test,mirror_xy,21,randomness_0.2803,101,0.033901818096637726,0.035360515117645264,0.0014586970210075378,0.0014586970210075378
Test,mirror_xy,21,randomness_0.2803,202,0.03461907058954239,0.0349326990544796,0.0003136284649372101,0.0003136284649372101
Test,mirror_xy,22,randomness_0.8228,11,0.004255316220223904,0.004777866415679455,0.0005225501954555511,0.0005225501954555511
Test,mirror_xy,22,randomness_0.8228,42,0.005887684412300587,0.005481724627315998,-0.0004059597849845886,0.0004059597849845886
Test,mirror_xy,22,randomness_0.8228,73,0.0059613632038235664,0.00566131342202425,-0.0003000497817993164,0.0003000497817993164
Test,mirror_xy,22,randomness_0.8228,101,0.005261317826807499,0.006144632585346699,0.0008833147585391998,0.0008833147585391998
Test,mirror_xy,22,randomness_0.8228,202,0.005350806750357151,0.005684894509613514,0.0003340877592563629,0.0003340877592563629
Test,mirror_xy,23,randomness_0.2182,11,0.034551169723272324,0.03401914983987808,-0.0005320198833942413,0.0005320198833942413
Test,mirror_xy,23,randomness_0.2182,42,0.03429653123021126,0.034437842667102814,0.00014131143689155579,0.00014131143689155579
Test,mirror_xy,23,randomness_0.2182,73,0.03400015830993652,0.03426152467727661,0.0002613663673400879,0.0002613663673400879
Test,mirror_xy,23,randomness_0.2182,101,0.03460261598229408,0.03417627513408661,-0.00042634084820747375,0.00042634084820747375
Test,mirror_xy,23,randomness_0.2182,202,0.03533010184764862,0.035063356161117554,-0.0002667456865310669,0.0002667456865310669
Test,mirror_xy,24,randomness_0.6927,11,0.02072478085756302,0.019153209403157234,-0.0015715714544057846,0.0015715714544057846
Test,mirror_xy,24,randomness_0.6927,42,0.019152997061610222,0.018860088661313057,-0.0002929084002971649,0.0002929084002971649
Test,mirror_xy,24,randomness_0.6927,73,0.01978646218776703,0.017684554681181908,-0.002101907506585121,0.002101907506585121
Test,mirror_xy,24,randomness_0.6927,101,0.019637642428278923,0.018498796969652176,-0.0011388454586267471,0.0011388454586267471
Test,mirror_xy,24,randomness_0.6927,202,0.01963670179247856,0.01807127147912979,-0.0015654303133487701,0.0015654303133487701
Test,mirror_xy,25,randomness_0.2963,11,0.03945479169487953,0.038668159395456314,-0.0007866322994232178,0.0007866322994232178
Test,mirror_xy,25,randomness_0.2963,42,0.03870806470513344,0.03868748992681503,-2.057477831840515e-05,2.057477831840515e-05
Test,mirror_xy,25,randomness_0.2963,73,0.03840002417564392,0.03856264054775238,0.00016261637210845947,0.00016261637210845947
Test,mirror_xy,25,randomness_0.2963,101,0.038524527102708817,0.03857388719916344,4.936009645462036e-05,4.936009645462036e-05
Test,mirror_xy,25,randomness_0.2963,202,0.039298102259635925,0.03915681317448616,-0.00014128908514976501,0.00014128908514976501
Test,mirror_xy,26,randomness_0.3183,11,0.03216857835650444,0.033650755882263184,0.0014821775257587433,0.0014821775257587433
Test,mirror_xy,26,randomness_0.3183,42,0.032547250390052795,0.032241515815258026,-0.0003057345747947693,0.0003057345747947693
Test,mirror_xy,26,randomness_0.3183,73,0.03285633400082588,0.032724957913160324,-0.00013137608766555786,0.00013137608766555786
Test,mirror_xy,26,randomness_0.3183,101,0.032226916402578354,0.03303168714046478,0.0008047707378864288,0.0008047707378864288
Test,mirror_xy,26,randomness_0.3183,202,0.033032357692718506,0.03284965455532074,-0.0001827031373977661,0.0001827031373977661
Test,mirror_xy,27,randomness_0.8669,11,0.003890683175995946,0.003314535366371274,-0.0005761478096246719,0.0005761478096246719
Test,mirror_xy,27,randomness_0.8669,42,0.003072032006457448,0.002700087847188115,-0.0003719441592693329,0.0003719441592693329
Test,mirror_xy,27,randomness_0.8669,73,0.003657923312857747,0.003102929564192891,-0.000554993748664856,0.000554993748664856
Test,mirror_xy,27,randomness_0.8669,101,0.002982405247166753,0.0028628178406506777,-0.00011958740651607513,0.00011958740651607513
Test,mirror_xy,27,randomness_0.8669,202,0.0041148466989398,0.004170957021415234,5.611032247543335e-05,5.611032247543335e-05
Test,mirror_xy,28,randomness_0.5596,11,0.022518569603562355,0.021674003452062607,-0.0008445661514997482,0.0008445661514997482
Test,mirror_xy,28,randomness_0.5596,42,0.02238229103386402,0.021744992583990097,-0.0006372984498739243,0.0006372984498739243
Test,mirror_xy,28,randomness_0.5596,73,0.021877234801650047,0.022338466718792915,0.00046123191714286804,0.00046123191714286804
Test,mirror_xy,28,randomness_0.5596,101,0.020824138075113297,0.0221744105219841,0.0013502724468708038,0.0013502724468708038
Test,mirror_xy,28,randomness_0.5596,202,0.02071448415517807,0.020967192947864532,0.0002527087926864624,0.0002527087926864624
Test,mirror_xy,29,randomness_0.2653,11,0.03575592488050461,0.03556258603930473,-0.00019333884119987488,0.00019333884119987488
Test,mirror_xy,29,randomness_0.2653,42,0.034170981496572495,0.03501870483160019,0.0008477233350276947,0.0008477233350276947
Test,mirror_xy,29,randomness_0.2653,73,0.03499182313680649,0.03514173999428749,0.0001499168574810028,0.0001499168574810028
Test,mirror_xy,29,randomness_0.2653,101,0.03564206510782242,0.03523685038089752,-0.00040521472692489624,0.00040521472692489624
Test,mirror_xy,29,randomness_0.2653,202,0.03581273555755615,0.03602610528469086,0.0002133697271347046,0.0002133697271347046
Test,mirror_xy,30,randomness_0.1361,11,0.03804817050695419,0.038565799593925476,0.000517629086971283,0.000517629086971283
Test,mirror_xy,30,randomness_0.1361,42,0.0381254181265831,0.03807269036769867,-5.272775888442993e-05,5.272775888442993e-05
Test,mirror_xy,30,randomness_0.1361,73,0.03787863627076149,0.03781586140394211,-6.277486681938171e-05,6.277486681938171e-05
Test,mirror_xy,30,randomness_0.1361,101,0.037929680198431015,0.037825606763362885,-0.00010407343506813049,0.00010407343506813049
Test,mirror_xy,30,randomness_0.1361,202,0.038778793066740036,0.03848997876048088,-0.0002888143062591553,0.0002888143062591553
Test,mirror_xy,31,randomness_0.7618,11,0.01580098271369934,0.016660815104842186,0.0008598323911428452,0.0008598323911428452
Test,mirror_xy,31,randomness_0.7618,42,0.014802095480263233,0.014643720351159573,-0.00015837512910366058,0.00015837512910366058
Test,mirror_xy,31,randomness_0.7618,73,0.016860708594322205,0.016235584393143654,-0.0006251242011785507,0.0006251242011785507
Test,mirror_xy,31,randomness_0.7618,101,0.01601843163371086,0.016997141763567924,0.0009787101298570633,0.0009787101298570633
Test,mirror_xy,31,randomness_0.7618,202,0.01575634256005287,0.015519663691520691,-0.00023667886853218079,0.00023667886853218079
Test,mirror_xy,32,randomness_0.0300,11,0.03916575014591217,0.038765739649534225,-0.00040001049637794495,0.00040001049637794495
Test,mirror_xy,32,randomness_0.0300,42,0.038839101791381836,0.03892139717936516,8.229538798332214e-05,8.229538798332214e-05
Test,mirror_xy,32,randomness_0.0300,73,0.03874159976840019,0.03865613043308258,-8.54693353176117e-05,8.54693353176117e-05
Test,mirror_xy,32,randomness_0.0300,101,0.03873354569077492,0.038881294429302216,0.00014774873852729797,0.00014774873852729797
Test,mirror_xy,32,randomness_0.0300,202,0.039432626217603683,0.03938385099172592,-4.877522587776184e-05,4.877522587776184e-05
Test,mirror_xy,33,randomness_0.2893,11,0.030344774946570396,0.030935442075133324,0.0005906671285629272,0.0005906671285629272
Test,mirror_xy,33,randomness_0.2893,42,0.03014414757490158,0.03008415177464485,-5.9995800256729126e-05,5.9995800256729126e-05
Test,mirror_xy,33,randomness_0.2893,73,0.03056381084024906,0.03052538074553013,-3.8430094718933105e-05,3.8430094718933105e-05
Test,mirror_xy,33,randomness_0.2893,101,0.029450127854943275,0.029906975105404854,0.00045684725046157837,0.00045684725046157837
Test,mirror_xy,33,randomness_0.2893,202,0.030634906142950058,0.0313117541372776,0.0006768479943275452,0.0006768479943275452
Test,mirror_xy,34,randomness_0.6436,11,0.01873798668384552,0.016293194144964218,-0.002444792538881302,0.002444792538881302
Test,mirror_xy,34,randomness_0.6436,42,0.018547067418694496,0.018169669434428215,-0.00037739798426628113,0.00037739798426628113
Test,mirror_xy,34,randomness_0.6436,73,0.01863316260278225,0.0175833310931921,-0.001049831509590149,0.001049831509590149
Test,mirror_xy,34,randomness_0.6436,101,0.0195733904838562,0.016598621383309364,-0.002974769100546837,0.002974769100546837
Test,mirror_xy,34,randomness_0.6436,202,0.018515611067414284,0.01806512288749218,-0.0004504881799221039,0.0004504881799221039
Test,mirror_xy,35,randomness_0.6356,11,0.019419297575950623,0.01872442662715912,-0.0006948709487915039,0.0006948709487915039
Test,mirror_xy,35,randomness_0.6356,42,0.018683327361941338,0.01788303256034851,-0.0008002948015928268,0.0008002948015928268
Test,mirror_xy,35,randomness_0.6356,73,0.018536627292633057,0.017333971336483955,-0.0012026559561491013,0.0012026559561491013
Test,mirror_xy,35,randomness_0.6356,101,0.018329733982682228,0.018071133643388748,-0.0002586003392934799,0.0002586003392934799
Test,mirror_xy,35,randomness_0.6356,202,0.0176395196467638,0.016909722238779068,-0.0007297974079847336,0.0007297974079847336
Test,mirror_xy,36,randomness_0.0551,11,0.03768462315201759,0.03844123333692551,0.0007566101849079132,0.0007566101849079132
Test,mirror_xy,36,randomness_0.0551,42,0.0381012000143528,0.03819133713841438,9.013712406158447e-05,9.013712406158447e-05
Test,mirror_xy,36,randomness_0.0551,73,0.037835102528333664,0.038129109889268875,0.0002940073609352112,0.0002940073609352112
Test,mirror_xy,36,randomness_0.0551,101,0.037543728947639465,0.03747684881091118,-6.688013672828674e-05,6.688013672828674e-05
Test,mirror_xy,36,randomness_0.0551,202,0.03865243121981621,0.03843855485320091,-0.0002138763666152954,0.0002138763666152954
Test,mirror_xy,37,randomness_0.2152,11,0.03151234611868858,0.031888339668512344,0.000375993549823761,0.000375993549823761
Test,mirror_xy,37,randomness_0.2152,42,0.032133426517248154,0.03249378874897957,0.0003603622317314148,0.0003603622317314148
Test,mirror_xy,37,randomness_0.2152,73,0.03255864605307579,0.032238032668828964,-0.00032061338424682617,0.00032061338424682617
Test,mirror_xy,37,randomness_0.2152,101,0.030566394329071045,0.0311397947371006,0.0005734004080295563,0.0005734004080295563
Test,mirror_xy,37,randomness_0.2152,202,0.032754626125097275,0.032799214124679565,4.458799958229065e-05,4.458799958229065e-05
Test,mirror_xy,38,randomness_0.8659,11,0.012965605594217777,0.011217935010790825,-0.0017476705834269524,0.0017476705834269524
Test,mirror_xy,38,randomness_0.8659,42,0.012479840777814388,0.012249276041984558,-0.00023056473582983017,0.00023056473582983017
Test,mirror_xy,38,randomness_0.8659,73,0.014899433590471745,0.01308231707662344,-0.0018171165138483047,0.0018171165138483047
Test,mirror_xy,38,randomness_0.8659,101,0.01471581868827343,0.013066612184047699,-0.001649206504225731,0.001649206504225731
Test,mirror_xy,38,randomness_0.8659,202,0.013360466808080673,0.01280031818896532,-0.0005601486191153526,0.0005601486191153526
Test,mirror_xy,39,randomness_0.6527,11,0.01770375296473503,0.0164917204529047,-0.00121203251183033,0.00121203251183033
Test,mirror_xy,39,randomness_0.6527,42,0.016924547031521797,0.016690514981746674,-0.0002340320497751236,0.0002340320497751236
Test,mirror_xy,39,randomness_0.6527,73,0.017575044184923172,0.016905732452869415,-0.0006693117320537567,0.0006693117320537567
Test,mirror_xy,39,randomness_0.6527,101,0.017294839024543762,0.01722429133951664,-7.05476850271225e-05,7.05476850271225e-05
Test,mirror_xy,39,randomness_0.6527,202,0.017470117658376694,0.016552427783608437,-0.0009176898747682571,0.0009176898747682571
Test,mirror_xy,40,randomness_0.3073,11,0.036178626120090485,0.03602781146764755,-0.00015081465244293213,0.00015081465244293213
Test,mirror_xy,40,randomness_0.3073,42,0.03591012582182884,0.035823602229356766,-8.652359247207642e-05,8.652359247207642e-05
Test,mirror_xy,40,randomness_0.3073,73,0.03618065267801285,0.03555787354707718,-0.0006227791309356689,0.0006227791309356689
Test,mirror_xy,40,randomness_0.3073,101,0.03582523763179779,0.03583645820617676,1.1220574378967285e-05,1.1220574378967285e-05
Test,mirror_xy,40,randomness_0.3073,202,0.03704094514250755,0.03643828630447388,-0.0006026588380336761,0.0006026588380336761
Test,mirror_xy,41,randomness_0.2082,11,0.03747836500406265,0.037653543055057526,0.00017517805099487305,0.00017517805099487305
Test,mirror_xy,41,randomness_0.2082,42,0.03746737539768219,0.0371771939098835,-0.0002901814877986908,0.0002901814877986908
Test,mirror_xy,41,randomness_0.2082,73,0.03749241679906845,0.03726320341229439,-0.0002292133867740631,0.0002292133867740631
Test,mirror_xy,41,randomness_0.2082,101,0.03772009164094925,0.0373256616294384,-0.000394430011510849,0.000394430011510849
Test,mirror_xy,41,randomness_0.2082,202,0.03816499933600426,0.03816039487719536,-4.604458808898926e-06,4.604458808898926e-06
Test,mirror_xy,42,randomness_0.9019,11,0.00028937231400050223,0.0010548281716182828,0.0007654558576177806,0.0007654558576177806
Test,mirror_xy,42,randomness_0.9019,42,0.0022935897577553988,0.0031335868407040834,0.0008399970829486847,0.0008399970829486847
Test,mirror_xy,42,randomness_0.9019,73,0.001869005267508328,0.003780945437029004,0.0019119401695206761,0.0019119401695206761
Test,mirror_xy,42,randomness_0.9019,101,0.0019956633914262056,0.002128842519596219,0.00013317912817001343,0.00013317912817001343
Test,mirror_xy,42,randomness_0.9019,202,0.0029330675024539232,0.0029479984659701586,1.4930963516235352e-05,1.4930963516235352e-05
Test,mirror_xy,43,randomness_0.2102,11,0.037299543619155884,0.03803731128573418,0.0007377676665782928,0.0007377676665782928
Test,mirror_xy,43,randomness_0.2102,42,0.037131477147340775,0.037621933966875076,0.0004904568195343018,0.0004904568195343018
Test,mirror_xy,43,randomness_0.2102,73,0.036839231848716736,0.03687652200460434,3.729015588760376e-05,3.729015588760376e-05
Test,mirror_xy,43,randomness_0.2102,101,0.03722942993044853,0.037860091775655746,0.0006306618452072144,0.0006306618452072144
Test,mirror_xy,43,randomness_0.2102,202,0.03759052976965904,0.03828408569097519,0.0006935559213161469,0.0006935559213161469
Test,mirror_xy,44,randomness_0.7137,11,0.016699722036719322,0.012825097888708115,-0.0038746241480112076,0.0038746241480112076
Test,mirror_xy,44,randomness_0.7137,42,0.015244574286043644,0.01416909508407116,-0.0010754792019724846,0.0010754792019724846
Test,mirror_xy,44,randomness_0.7137,73,0.016335276886820793,0.01473434641957283,-0.001600930467247963,0.001600930467247963
Test,mirror_xy,44,randomness_0.7137,101,0.016871707513928413,0.014675147831439972,-0.0021965596824884415,0.0021965596824884415
Test,mirror_xy,44,randomness_0.7137,202,0.015971124172210693,0.014838323928415775,-0.001132800243794918,0.001132800243794918
Test,mirror_xy,45,randomness_0.4084,11,0.03177281469106674,0.032365258783102036,0.0005924440920352936,0.0005924440920352936
Test,mirror_xy,45,randomness_0.4084,42,0.03123701736330986,0.031240258365869522,3.2410025596618652e-06,3.2410025596618652e-06
Test,mirror_xy,45,randomness_0.4084,73,0.030840249732136726,0.03146926686167717,0.0006290171295404434,0.0006290171295404434
Test,mirror_xy,45,randomness_0.4084,101,0.031064435839653015,0.03114103153347969,7.659569382667542e-05,7.659569382667542e-05
Test,mirror_xy,45,randomness_0.4084,202,0.030868664383888245,0.03168473020195961,0.0008160658180713654,0.0008160658180713654
Test,mirror_xy,46,randomness_0.9479,11,0.0022288274485617876,0.004915147088468075,0.002686319639906287,0.002686319639906287
Test,mirror_xy,46,randomness_0.9479,42,0.002501716138795018,0.0036849670577794313,0.0011832509189844131,0.0011832509189844131
Test,mirror_xy,46,randomness_0.9479,73,0.0038138285744935274,0.00495737511664629,0.0011435465421527624,0.0011435465421527624
Test,mirror_xy,46,randomness_0.9479,101,0.004634262062609196,0.005067015998065472,0.00043275393545627594,0.00043275393545627594
Test,mirror_xy,46,randomness_0.9479,202,0.004646223969757557,0.005340387113392353,0.0006941631436347961,0.0006941631436347961
Test,mirror_xy,47,randomness_0.3193,11,0.037201736122369766,0.03920828551054001,0.0020065493881702423,0.0020065493881702423
Test,mirror_xy,47,randomness_0.3193,42,0.0370497852563858,0.03813928738236427,0.0010895021259784698,0.0010895021259784698
Test,mirror_xy,47,randomness_0.3193,73,0.03658885508775711,0.03838292881846428,0.0017940737307071686,0.0017940737307071686
Test,mirror_xy,47,randomness_0.3193,101,0.03587967902421951,0.03841392323374748,0.0025342442095279694,0.0025342442095279694
Test,mirror_xy,47,randomness_0.3193,202,0.03727683052420616,0.038496050983667374,0.0012192204594612122,0.0012192204594612122
Test,mirror_xy,48,randomness_0.2813,11,0.037094596773386,0.038370996713638306,0.001276399940252304,0.001276399940252304
Test,mirror_xy,48,randomness_0.2813,42,0.03771732747554779,0.03811916336417198,0.0004018358886241913,0.0004018358886241913
Test,mirror_xy,48,randomness_0.2813,73,0.037662576884031296,0.03765687346458435,-5.7034194469451904e-06,5.7034194469451904e-06
Test,mirror_xy,48,randomness_0.2813,101,0.03724612295627594,0.03899875283241272,0.0017526298761367798,0.0017526298761367798
Test,mirror_xy,48,randomness_0.2813,202,0.03761018440127373,0.03852040693163872,0.0009102225303649902,0.0009102225303649902
Test,mirror_xy,49,randomness_0.9990,11,0.006302443332970142,0.007690488360822201,0.0013880450278520584,0.0013880450278520584
Test,mirror_xy,49,randomness_0.9990,42,0.006981258280575275,0.006859327666461468,-0.00012193061411380768,0.00012193061411380768
Test,mirror_xy,49,randomness_0.9990,73,0.0070963772013783455,0.007307854481041431,0.00021147727966308594,0.00021147727966308594
Test,mirror_xy,49,randomness_0.9990,101,0.008208061568439007,0.0072249760851264,-0.0009830854833126068,0.0009830854833126068
Test,mirror_xy,49,randomness_0.9990,202,0.0078114671632647514,0.007723336108028889,-8.813105523586273e-05,8.813105523586273e-05
Test,mirror_xy,50,randomness_0.0861,11,0.039208486676216125,0.03779862821102142,-0.0014098584651947021,0.0014098584651947021
Test,mirror_xy,50,randomness_0.0861,42,0.03808927536010742,0.03799815475940704,-9.112060070037842e-05,9.112060070037842e-05
Test,mirror_xy,50,randomness_0.0861,73,0.038073811680078506,0.03796183317899704,-0.00011197850108146667,0.00011197850108146667
Test,mirror_xy,50,randomness_0.0861,101,0.038262493908405304,0.03777599707245827,-0.00048649683594703674,0.00048649683594703674
Test,mirror_xy,50,randomness_0.0861,202,0.03876865655183792,0.0386347696185112,-0.0001338869333267212,0.0001338869333267212
Test,mirror_xy,51,randomness_0.9900,11,0.004691208712756634,0.0038469538558274508,-0.000844254856929183,0.000844254856929183
Test,mirror_xy,51,randomness_0.9900,42,0.005580815486609936,0.004441601224243641,-0.0011392142623662949,0.0011392142623662949
Test,mirror_xy,51,randomness_0.9900,73,0.005246561951935291,0.0043176813051104546,-0.0009288806468248367,0.0009288806468248367
Test,mirror_xy,51,randomness_0.9900,101,0.0044043464586138725,0.004791746847331524,0.00038740038871765137,0.00038740038871765137
Test,mirror_xy,51,randomness_0.9900,202,0.004571533761918545,0.004367840476334095,-0.00020369328558444977,0.00020369328558444977
Test,mirror_xy,52,randomness_0.6787,11,0.012770028784871101,0.010241673327982426,-0.0025283554568886757,0.0025283554568886757
Test,mirror_xy,52,randomness_0.6787,42,0.012430974282324314,0.012040643952786922,-0.00039033032953739166,0.00039033032953739166
Test,mirror_xy,52,randomness_0.6787,73,0.012549416162073612,0.012010122649371624,-0.0005392935127019882,0.0005392935127019882
Test,mirror_xy,52,randomness_0.6787,101,0.012066938914358616,0.011433309875428677,-0.0006336290389299393,0.0006336290389299393
Test,mirror_xy,52,randomness_0.6787,202,0.012497062794864178,0.01101035624742508,-0.0014867065474390984,0.0014867065474390984
Test,mirror_xy,53,randomness_0.5836,11,0.02221773937344551,0.023363949730992317,0.0011462103575468063,0.0011462103575468063
Test,mirror_xy,53,randomness_0.5836,42,0.021537641063332558,0.02143942564725876,-9.821541607379913e-05,9.821541607379913e-05
Test,mirror_xy,53,randomness_0.5836,73,0.021594149991869926,0.02157062478363514,-2.3525208234786987e-05,2.3525208234786987e-05
Test,mirror_xy,53,randomness_0.5836,101,0.021976567804813385,0.02027888596057892,-0.0016976818442344666,0.0016976818442344666
Test,mirror_xy,53,randomness_0.5836,202,0.022037547081708908,0.022011585533618927,-2.596154808998108e-05,2.596154808998108e-05
Test,mirror_xy,54,randomness_0.9790,11,0.0018837220268324018,0.0028149739373475313,0.0009312519105151296,0.0009312519105151296
Test,mirror_xy,54,randomness_0.9790,42,0.0017389963613823056,0.001234782044775784,-0.0005042143166065216,0.0005042143166065216
Test,mirror_xy,54,randomness_0.9790,73,0.002959267469123006,0.0027126569766551256,-0.00024661049246788025,0.00024661049246788025
Test,mirror_xy,54,randomness_0.9790,101,0.0028991580475121737,0.003763417946174741,0.0008642598986625671,0.0008642598986625671
Test,mirror_xy,54,randomness_0.9790,202,0.002367005916312337,0.0027849276084452868,0.00041792169213294983,0.00041792169213294983
Test,mirror_xy,55,randomness_0.7417,11,0.01044039148837328,0.010254022665321827,-0.00018636882305145264,0.00018636882305145264
Test,mirror_xy,55,randomness_0.7417,42,0.010196936316788197,0.009240253828465939,-0.000956682488322258,0.000956682488322258
Test,mirror_xy,55,randomness_0.7417,73,0.010714810341596603,0.008920661173760891,-0.0017941491678357124,0.0017941491678357124
Test,mirror_xy,55,randomness_0.7417,101,0.01106225699186325,0.009746368043124676,-0.001315888948738575,0.001315888948738575
Test,mirror_xy,55,randomness_0.7417,202,0.010929333046078682,0.009924456477165222,-0.0010048765689134598,0.0010048765689134598
Test,mirror_xy,56,randomness_0.0440,11,0.03464434668421745,0.035492364317178726,0.0008480176329612732,0.0008480176329612732
Test,mirror_xy,56,randomness_0.0440,42,0.0349883958697319,0.03491092100739479,-7.747486233711243e-05,7.747486233711243e-05
Test,mirror_xy,56,randomness_0.0440,73,0.034599289298057556,0.03441662713885307,-0.00018266215920448303,0.00018266215920448303
Test,mirror_xy,56,randomness_0.0440,101,0.0347803458571434,0.03505989909172058,0.00027955323457717896,0.00027955323457717896
Test,mirror_xy,56,randomness_0.0440,202,0.03543275594711304,0.03517010435461998,-0.00026265159249305725,0.00026265159249305725
Test,mirror_xy,57,randomness_0.0631,11,0.03613751754164696,0.0360473096370697,-9.020790457725525e-05,9.020790457725525e-05
Test,mirror_xy,57,randomness_0.0631,42,0.036100804805755615,0.03591318428516388,-0.00018762052059173584,0.00018762052059173584
Test,mirror_xy,57,randomness_0.0631,73,0.03612383082509041,0.035680752247571945,-0.00044307857751846313,0.00044307857751846313
Test,mirror_xy,57,randomness_0.0631,101,0.03600423410534859,0.03591810539364815,-8.612871170043945e-05,8.612871170043945e-05
Test,mirror_xy,57,randomness_0.0631,202,0.03676935285329819,0.036493126302957535,-0.00027622655034065247,0.00027622655034065247
Test,mirror_xy,58,randomness_0.1101,11,0.03675873577594757,0.03686307370662689,0.00010433793067932129,0.00010433793067932129
Test,mirror_xy,58,randomness_0.1101,42,0.03708268702030182,0.037151407450437546,6.872043013572693e-05,6.872043013572693e-05
Test,mirror_xy,58,randomness_0.1101,73,0.036841657012701035,0.03678373247385025,-5.79245388507843e-05,5.79245388507843e-05
Test,mirror_xy,58,randomness_0.1101,101,0.03608911111950874,0.03628768399357796,0.00019857287406921387,0.00019857287406921387
Test,mirror_xy,58,randomness_0.1101,202,0.03716934472322464,0.0375918410718441,0.00042249634861946106,0.00042249634861946106
Test,mirror_xy,59,randomness_0.7648,11,0.017481956630945206,0.017003605142235756,-0.00047835148870944977,0.00047835148870944977
Test,mirror_xy,59,randomness_0.7648,42,0.015695426613092422,0.015165292657911777,-0.000530133955180645,0.000530133955180645
Test,mirror_xy,59,randomness_0.7648,73,0.017235353589057922,0.01732669770717621,9.134411811828613e-05,9.134411811828613e-05
Test,mirror_xy,59,randomness_0.7648,101,0.017290081828832626,0.017433105036616325,0.00014302320778369904,0.00014302320778369904
Test,mirror_xy,59,randomness_0.7648,202,0.016052046790719032,0.015946796163916588,-0.00010525062680244446,0.00010525062680244446
Test,mirror_xy,60,randomness_0.3103,11,0.036936111748218536,0.03645337373018265,-0.00048273801803588867,0.00048273801803588867
Test,mirror_xy,60,randomness_0.3103,42,0.036131519824266434,0.03597848862409592,-0.00015303120017051697,0.00015303120017051697
Test,mirror_xy,60,randomness_0.3103,73,0.03598551079630852,0.03582007437944412,-0.00016543641686439514,0.00016543641686439514
Test,mirror_xy,60,randomness_0.3103,101,0.035803887993097305,0.03555244579911232,-0.00025144219398498535,0.00025144219398498535
Test,mirror_xy,60,randomness_0.3103,202,0.03635895997285843,0.03644106909632683,8.210912346839905e-05,8.210912346839905e-05
Test,mirror_xy,61,randomness_0.0881,11,0.03813604637980461,0.038104891777038574,-3.115460276603699e-05,3.115460276603699e-05
Test,mirror_xy,61,randomness_0.0881,42,0.038178566843271255,0.03804368898272514,-0.00013487786054611206,0.00013487786054611206
Test,mirror_xy,61,randomness_0.0881,73,0.03809349611401558,0.037902601063251495,-0.00019089505076408386,0.00019089505076408386
Test,mirror_xy,61,randomness_0.0881,101,0.03805750980973244,0.03793855756521225,-0.00011895224452018738,0.00011895224452018738
Test,mirror_xy,61,randomness_0.0881,202,0.03894457966089249,0.038621239364147186,-0.0003233402967453003,0.0003233402967453003
Test,mirror_xy,62,randomness_0.1391,11,0.03751685470342636,0.03641536459326744,-0.0011014901101589203,0.0011014901101589203
Test,mirror_xy,62,randomness_0.1391,42,0.03685641288757324,0.03696831688284874,0.00011190399527549744,0.00011190399527549744
Test,mirror_xy,62,randomness_0.1391,73,0.03694169968366623,0.03692414239048958,-1.7557293176651e-05,1.7557293176651e-05
Test,mirror_xy,62,randomness_0.1391,101,0.03698011487722397,0.03718341514468193,0.00020330026745796204,0.00020330026745796204
Test,mirror_xy,62,randomness_0.1391,202,0.037636492401361465,0.03787633776664734,0.0002398453652858734,0.0002398453652858734
Test,mirror_xy,63,randomness_0.6366,11,0.021512696519494057,0.021686146035790443,0.00017344951629638672,0.00017344951629638672
Test,mirror_xy,63,randomness_0.6366,42,0.02091808058321476,0.021151335909962654,0.0002332553267478943,0.0002332553267478943
Test,mirror_xy,63,randomness_0.6366,73,0.020967524498701096,0.021388418972492218,0.00042089447379112244,0.00042089447379112244
Test,mirror_xy,63,randomness_0.6366,101,0.020543653517961502,0.021990736946463585,0.0014470834285020828,0.0014470834285020828
Test,mirror_xy,63,randomness_0.6366,202,0.021297527477145195,0.021410740911960602,0.0001132134348154068,0.0001132134348154068
Test,mirror_xy,64,randomness_0.1982,11,0.03598073869943619,0.03577601909637451,-0.00020471960306167603,0.00020471960306167603
Test,mirror_xy,64,randomness_0.1982,42,0.035142362117767334,0.03527156263589859,0.0001292005181312561,0.0001292005181312561
Test,mirror_xy,64,randomness_0.1982,73,0.035395942628383636,0.03506673127412796,-0.00032921135425567627,0.00032921135425567627
Test,mirror_xy,64,randomness_0.1982,101,0.035755518823862076,0.035478297621011734,-0.0002772212028503418,0.0002772212028503418
Test,mirror_xy,64,randomness_0.1982,202,0.03610794618725777,0.03634155914187431,0.00023361295461654663,0.00023361295461654663
Test,mirror_xy,65,randomness_0.2943,11,0.03586660698056221,0.03551089018583298,-0.0003557167947292328,0.0003557167947292328
Test,mirror_xy,65,randomness_0.2943,42,0.03522195667028427,0.03481811285018921,-0.00040384382009506226,0.00040384382009506226
Test,mirror_xy,65,randomness_0.2943,73,0.03500835597515106,0.03506671264767647,5.8356672525405884e-05,5.8356672525405884e-05
Test,mirror_xy,65,randomness_0.2943,101,0.0358453243970871,0.034672439098358154,-0.0011728852987289429,0.0011728852987289429
Test,mirror_xy,65,randomness_0.2943,202,0.035722434520721436,0.03557807207107544,-0.0001443624496459961,0.0001443624496459961
Test,mirror_xy,66,randomness_0.3123,11,0.03494073078036308,0.03482118621468544,-0.00011954456567764282,0.00011954456567764282
Test,mirror_xy,66,randomness_0.3123,42,0.03414106369018555,0.03400244936347008,-0.00013861432671546936,0.00013861432671546936
Test,mirror_xy,66,randomness_0.3123,73,0.03393992409110069,0.033964477479457855,2.4553388357162476e-05,2.4553388357162476e-05
Test,mirror_xy,66,randomness_0.3123,101,0.034180741757154465,0.034242089837789536,6.13480806350708e-05,6.13480806350708e-05
Test,mirror_xy,66,randomness_0.3123,202,0.03524421527981758,0.034730128943920135,-0.0005140863358974457,0.0005140863358974457
Test,mirror_xy,67,randomness_0.7497,11,0.011569732800126076,0.011098949238657951,-0.0004707835614681244,0.0004707835614681244
Test,mirror_xy,67,randomness_0.7497,42,0.011463006027042866,0.012560558505356312,0.001097552478313446,0.001097552478313446
Test,mirror_xy,67,randomness_0.7497,73,0.012337172403931618,0.013410349376499653,0.0010731769725680351,0.0010731769725680351
Test,mirror_xy,67,randomness_0.7497,101,0.01143123209476471,0.012500857934355736,0.0010696258395910263,0.0010696258395910263
Test,mirror_xy,67,randomness_0.7497,202,0.01158651802688837,0.012587488628923893,0.0010009706020355225,0.0010009706020355225
Test,mirror_xy,68,randomness_0.3824,11,0.03396790847182274,0.033625803887844086,-0.00034210458397865295,0.00034210458397865295
Test,mirror_xy,68,randomness_0.3824,42,0.03425484150648117,0.03399838134646416,-0.00025646016001701355,0.00025646016001701355
Test,mirror_xy,68,randomness_0.3824,73,0.034286171197891235,0.03358197584748268,-0.0007041953504085541,0.0007041953504085541
Test,mirror_xy,68,randomness_0.3824,101,0.03424699977040291,0.03389577567577362,-0.0003512240946292877,0.0003512240946292877
Test,mirror_xy,68,randomness_0.3824,202,0.03531750664114952,0.03418520465493202,-0.0011323019862174988,0.0011323019862174988
Test,mirror_xy,69,randomness_0.1201,11,0.03742735832929611,0.03726738691329956,-0.00015997141599655151,0.00015997141599655151
Test,mirror_xy,69,randomness_0.1201,42,0.037613123655319214,0.03780883550643921,0.00019571185111999512,0.00019571185111999512
Test,mirror_xy,69,randomness_0.1201,73,0.037451617419719696,0.03782876953482628,0.00037715211510658264,0.00037715211510658264
Test,mirror_xy,69,randomness_0.1201,101,0.03700729459524155,0.03687914460897446,-0.00012814998626708984,0.00012814998626708984
Test,mirror_xy,69,randomness_0.1201,202,0.03822154551744461,0.038300834596157074,7.928907871246338e-05,7.928907871246338e-05
Test,mirror_xy,70,randomness_0.8799,11,0.008326669223606586,0.008584908209741116,0.0002582389861345291,0.0002582389861345291
Test,mirror_xy,70,randomness_0.8799,42,0.008941945619881153,0.008961611427366734,1.9665807485580444e-05,1.9665807485580444e-05
Test,mirror_xy,70,randomness_0.8799,73,0.008987694047391415,0.008482602424919605,-0.0005050916224718094,0.0005050916224718094
Test,mirror_xy,70,randomness_0.8799,101,0.009403674863278866,0.008294285275042057,-0.0011093895882368088,0.0011093895882368088
Test,mirror_xy,70,randomness_0.8799,202,0.008508932776749134,0.008257619105279446,-0.0002513136714696884,0.0002513136714696884
Test,mirror_xy,71,randomness_0.4454,11,0.03205069154500961,0.032437365502119064,0.0003866739571094513,0.0003866739571094513
Test,mirror_xy,71,randomness_0.4454,42,0.031045064330101013,0.031116319820284843,7.125549018383026e-05,7.125549018383026e-05
Test,mirror_xy,71,randomness_0.4454,73,0.030299019068479538,0.03167842701077461,0.0013794079422950745,0.0013794079422950745
Test,mirror_xy,71,randomness_0.4454,101,0.029446382075548172,0.03118211217224598,0.0017357300966978073,0.0017357300966978073
Test,mirror_xy,71,randomness_0.4454,202,0.030480626970529556,0.0312698557972908,0.0007892288267612457,0.0007892288267612457
Test,mirror_xy,72,randomness_0.6496,11,0.016182800754904747,0.017885567620396614,0.001702766865491867,0.001702766865491867
Test,mirror_xy,72,randomness_0.6496,42,0.016482237726449966,0.017425602301955223,0.0009433645755052567,0.0009433645755052567
Test,mirror_xy,72,randomness_0.6496,73,0.01606435514986515,0.01803784817457199,0.0019734930247068405,0.0019734930247068405
Test,mirror_xy,72,randomness_0.6496,101,0.015695346519351006,0.01628323644399643,0.0005878899246454239,0.0005878899246454239
Test,mirror_xy,72,randomness_0.6496,202,0.015928931534290314,0.016697382554411888,0.0007684510201215744,0.0007684510201215744
Test,mirror_xy,73,randomness_0.0961,11,0.03634645789861679,0.035438891500234604,-0.0009075663983821869,0.0009075663983821869
Test,mirror_xy,73,randomness_0.0961,42,0.035413626581430435,0.03517967462539673,-0.00023395195603370667,0.00023395195603370667
Test,mirror_xy,73,randomness_0.0961,73,0.03558128699660301,0.03496992588043213,-0.0006113611161708832,0.0006113611161708832
Test,mirror_xy,73,randomness_0.0961,101,0.036188025027513504,0.03562476485967636,-0.0005632601678371429,0.0005632601678371429
Test,mirror_xy,73,randomness_0.0961,202,0.03623104840517044,0.03590943664312363,-0.00032161176204681396,0.00032161176204681396
Test,mirror_xy,74,randomness_0.5345,11,0.020913314074277878,0.02398127131164074,0.0030679572373628616,0.0030679572373628616
Test,mirror_xy,74,randomness_0.5345,42,0.021224742755293846,0.021762071177363396,0.0005373284220695496,0.0005373284220695496
Test,mirror_xy,74,randomness_0.5345,73,0.021359166130423546,0.023515749722719193,0.0021565835922956467,0.0021565835922956467
Test,mirror_xy,74,randomness_0.5345,101,0.021319231018424034,0.02334432117640972,0.0020250901579856873,0.0020250901579856873
Test,mirror_xy,74,randomness_0.5345,202,0.021085983142256737,0.023177370429039,0.0020913872867822647,0.0020913872867822647
Test,mirror_xy,75,randomness_0.8168,11,0.01065211184322834,0.0073511628434062,-0.0033009489998221397,0.0033009489998221397
Test,mirror_xy,75,randomness_0.8168,42,0.010875505395233631,0.010286957025527954,-0.000588548369705677,0.000588548369705677
Test,mirror_xy,75,randomness_0.8168,73,0.011378880590200424,0.010662568733096123,-0.0007163118571043015,0.0007163118571043015
Test,mirror_xy,75,randomness_0.8168,101,0.01202127244323492,0.010250101797282696,-0.0017711706459522247,0.0017711706459522247
Test,mirror_xy,75,randomness_0.8168,202,0.011766381561756134,0.00999830849468708,-0.0017680730670690536,0.0017680730670690536
Test,mirror_xy,76,randomness_0.1011,11,0.034005723893642426,0.03624049574136734,0.0022347718477249146,0.0022347718477249146
Test,mirror_xy,76,randomness_0.1011,42,0.03554697334766388,0.0359722301363945,0.00042525678873062134,0.00042525678873062134
Test,mirror_xy,76,randomness_0.1011,73,0.035042718052864075,0.0354849211871624,0.0004422031342983246,0.0004422031342983246
Test,mirror_xy,76,randomness_0.1011,101,0.03452134504914284,0.03513665497303009,0.0006153099238872528,0.0006153099238872528
Test,mirror_xy,76,randomness_0.1011,202,0.036016494035720825,0.03690914064645767,0.0008926466107368469,0.0008926466107368469
Test,mirror_xy,77,randomness_0.0721,11,0.03899867460131645,0.038906246423721313,-9.242817759513855e-05,9.242817759513855e-05
Test,mirror_xy,77,randomness_0.0721,42,0.038254596292972565,0.03808734193444252,-0.00016725435853004456,0.00016725435853004456
Test,mirror_xy,77,randomness_0.0721,73,0.038082022219896317,0.038067396730184555,-1.4625489711761475e-05,1.4625489711761475e-05
Test,mirror_xy,77,randomness_0.0721,101,0.03850826993584633,0.03859196975827217,8.369982242584229e-05,8.369982242584229e-05
Test,mirror_xy,77,randomness_0.0721,202,0.038974836468696594,0.0382908396422863,-0.0006839968264102936,0.0006839968264102936
Test,mirror_xy,78,randomness_0.7167,11,0.012272180058062077,0.009690911509096622,-0.002581268548965454,0.002581268548965454
Test,mirror_xy,78,randomness_0.7167,42,0.01134672574698925,0.011011297814548016,-0.0003354279324412346,0.0003354279324412346
Test,mirror_xy,78,randomness_0.7167,73,0.011057645082473755,0.009408577345311642,-0.0016490677371621132,0.0016490677371621132
Test,mirror_xy,78,randomness_0.7167,101,0.012573488987982273,0.01205300074070692,-0.0005204882472753525,0.0005204882472753525
Test,mirror_xy,78,randomness_0.7167,202,0.011020059697329998,0.010557319037616253,-0.0004627406597137451,0.0004627406597137451
Test,mirror_xy,79,randomness_0.8238,11,0.010794133879244328,0.012632904574275017,0.0018387706950306892,0.0018387706950306892
Test,mirror_xy,79,randomness_0.8238,42,0.011865364387631416,0.013090090826153755,0.0012247264385223389,0.0012247264385223389
Test,mirror_xy,79,randomness_0.8238,73,0.012555522844195366,0.013216139748692513,0.0006606169044971466,0.0006606169044971466
Test,mirror_xy,79,randomness_0.8238,101,0.012786805629730225,0.014096665196120739,0.0013098595663905144,0.0013098595663905144
Test,mirror_xy,79,randomness_0.8238,202,0.011773964390158653,0.012500779703259468,0.0007268153131008148,0.0007268153131008148
Test,mirror_xy,80,randomness_0.7407,11,0.014477897435426712,0.01405674871057272,-0.00042114872485399246,0.00042114872485399246
Test,mirror_xy,80,randomness_0.7407,42,0.014248574152588844,0.013839655555784702,-0.000408918596804142,0.000408918596804142
Test,mirror_xy,80,randomness_0.7407,73,0.01435738243162632,0.013386896811425686,-0.000970485620200634,0.000970485620200634
Test,mirror_xy,80,randomness_0.7407,101,0.01462711300700903,0.014468101784586906,-0.00015901122242212296,0.00015901122242212296
Test,mirror_xy,80,randomness_0.7407,202,0.013362931087613106,0.013759089633822441,0.00039615854620933533,0.00039615854620933533
Test,mirror_xy,81,randomness_0.0390,11,0.0359405018389225,0.037706512957811356,0.001766011118888855,0.001766011118888855
Test,mirror_xy,81,randomness_0.0390,42,0.03738287463784218,0.037503600120544434,0.00012072548270225525,0.00012072548270225525
Test,mirror_xy,81,randomness_0.0390,73,0.0371023565530777,0.03732785955071449,0.00022550299763679504,0.00022550299763679504
Test,mirror_xy,81,randomness_0.0390,101,0.03657395765185356,0.03696366026997566,0.00038970261812210083,0.00038970261812210083
Test,mirror_xy,81,randomness_0.0390,202,0.03776824474334717,0.03806895390152931,0.00030070915818214417,0.00030070915818214417
Test,mirror_xy,82,randomness_0.9249,11,0.007798383943736553,0.008817180059850216,0.0010187961161136627,0.0010187961161136627
Test,mirror_xy,82,randomness_0.9249,42,0.008281302638351917,0.008185547776520252,-9.575486183166504e-05,9.575486183166504e-05
Test,mirror_xy,82,randomness_0.9249,73,0.00822113174945116,0.007729793898761272,-0.000491337850689888,0.000491337850689888
Test,mirror_xy,82,randomness_0.9249,101,0.008806920610368252,0.008497440256178379,-0.00030948035418987274,0.00030948035418987274
Test,mirror_xy,82,randomness_0.9249,202,0.008878196589648724,0.009317627176642418,0.0004394305869936943,0.0004394305869936943
Test,mirror_xy,83,randomness_0.3654,11,0.03418976068496704,0.03428703919053078,9.727850556373596e-05,9.727850556373596e-05
Test,mirror_xy,83,randomness_0.3654,42,0.03295319154858589,0.0330967977643013,0.00014360621571540833,0.00014360621571540833
Test,mirror_xy,83,randomness_0.3654,73,0.03333060443401337,0.033304426819086075,-2.617761492729187e-05,2.617761492729187e-05
Test,mirror_xy,83,randomness_0.3654,101,0.03336603194475174,0.03401687368750572,0.0006508417427539825,0.0006508417427539825
Test,mirror_xy,83,randomness_0.3654,202,0.034073732793331146,0.03380431607365608,-0.0002694167196750641,0.0002694167196750641
Test,mirror_xy,84,randomness_0.8298,11,0.012272707186639309,0.01055323425680399,-0.0017194729298353195,0.0017194729298353195
Test,mirror_xy,84,randomness_0.8298,42,0.01151040568947792,0.012212968431413174,0.0007025627419352531,0.0007025627419352531
Test,mirror_xy,84,randomness_0.8298,73,0.011909698136150837,0.012278522364795208,0.00036882422864437103,0.00036882422864437103
Test,mirror_xy,84,randomness_0.8298,101,0.012106675654649734,0.012165463529527187,5.878787487745285e-05,5.878787487745285e-05
Test,mirror_xy,84,randomness_0.8298,202,0.012274726293981075,0.01231967844069004,4.49521467089653e-05,4.49521467089653e-05
Test,mirror_xy,85,randomness_0.5485,11,0.02371939830482006,0.020999159663915634,-0.0027202386409044266,0.0027202386409044266
Test,mirror_xy,85,randomness_0.5485,42,0.023887595161795616,0.022597018629312515,-0.0012905765324831009,0.0012905765324831009
Test,mirror_xy,85,randomness_0.5485,73,0.023845471441745758,0.021946050226688385,-0.001899421215057373,0.001899421215057373
Test,mirror_xy,85,randomness_0.5485,101,0.023107126355171204,0.021477660164237022,-0.0016294661909341812,0.0016294661909341812
Test,mirror_xy,85,randomness_0.5485,202,0.02289588563144207,0.02143232710659504,-0.0014635585248470306,0.0014635585248470306
Test,mirror_xy,86,randomness_0.7678,11,0.011320014484226704,0.012148214504122734,0.0008282000198960304,0.0008282000198960304
Test,mirror_xy,86,randomness_0.7678,42,0.013742686249315739,0.013146013021469116,-0.0005966732278466225,0.0005966732278466225
Test,mirror_xy,86,randomness_0.7678,73,0.01311427541077137,0.013059239834547043,-5.503557622432709e-05,5.503557622432709e-05
Test,mirror_xy,86,randomness_0.7678,101,0.013145308941602707,0.013249410316348076,0.00010410137474536896,0.00010410137474536896
Test,mirror_xy,86,randomness_0.7678,202,0.013332930393517017,0.013558954000473022,0.0002260236069560051,0.0002260236069560051
Test,mirror_xy,87,randomness_0.6877,11,0.014780081808567047,0.012449029833078384,-0.0023310519754886627,0.0023310519754886627
Test,mirror_xy,87,randomness_0.6877,42,0.013037482276558876,0.012896666303277016,-0.00014081597328186035,0.00014081597328186035
Test,mirror_xy,87,randomness_0.6877,73,0.013825168833136559,0.01149887777864933,-0.0023262910544872284,0.0023262910544872284
Test,mirror_xy,87,randomness_0.6877,101,0.013940314762294292,0.011606346815824509,-0.0023339679464697838,0.0023339679464697838
Test,mirror_xy,87,randomness_0.6877,202,0.013784599490463734,0.012050492689013481,-0.0017341068014502525,0.0017341068014502525
Test,mirror_xy,88,randomness_0.9489,11,0.005857544951140881,0.005864509381353855,6.964430212974548e-06,6.964430212974548e-06
Test,mirror_xy,88,randomness_0.9489,42,0.006249970756471157,0.00637452770024538,0.00012455694377422333,0.00012455694377422333
Test,mirror_xy,88,randomness_0.9489,73,0.006712674163281918,0.0064643872901797295,-0.0002482868731021881,0.0002482868731021881
Test,mirror_xy,88,randomness_0.9489,101,0.008568950928747654,0.007656903006136417,-0.0009120479226112366,0.0009120479226112366
Test,mirror_xy,88,randomness_0.9489,202,0.006723326630890369,0.006653551943600178,-6.977468729019165e-05,6.977468729019165e-05
Test,mirror_xy,89,randomness_0.0541,11,0.03440655767917633,0.03506394848227501,0.0006573908030986786,0.0006573908030986786
Test,mirror_xy,89,randomness_0.0541,42,0.035535089671611786,0.035688430070877075,0.0001533403992652893,0.0001533403992652893
Test,mirror_xy,89,randomness_0.0541,73,0.03504885360598564,0.03497553616762161,-7.331743836402893e-05,7.331743836402893e-05
Test,mirror_xy,89,randomness_0.0541,101,0.03442852571606636,0.03431183844804764,-0.00011668726801872253,0.00011668726801872253
Test,mirror_xy,89,randomness_0.0541,202,0.03593463450670242,0.036126554012298584,0.0001919195055961609,0.0001919195055961609
Test,mirror_xy,90,randomness_0.3714,11,0.03411705046892166,0.03266681730747223,-0.0014502331614494324,0.0014502331614494324
Test,mirror_xy,90,randomness_0.3714,42,0.033387549221515656,0.0327816903591156,-0.0006058588624000549,0.0006058588624000549
Test,mirror_xy,90,randomness_0.3714,73,0.03394148498773575,0.03299214690923691,-0.0009493380784988403,0.0009493380784988403
Test,mirror_xy,90,randomness_0.3714,101,0.03361687436699867,0.03279862180352211,-0.0008182525634765625,0.0008182525634765625
Test,mirror_xy,90,randomness_0.3714,202,0.03326134383678436,0.03331773355603218,5.638971924781799e-05,5.638971924781799e-05
Test,mirror_xy,91,randomness_0.2472,11,0.04043589532375336,0.040896009653806686,0.00046011433005332947,0.00046011433005332947
Test,mirror_xy,91,randomness_0.2472,42,0.040227703750133514,0.0402049720287323,-2.27317214012146e-05,2.27317214012146e-05
Test,mirror_xy,91,randomness_0.2472,73,0.03975054249167442,0.03977179899811745,2.125650644302368e-05,2.125650644302368e-05
Test,mirror_xy,91,randomness_0.2472,101,0.03949183225631714,0.04003244265913963,0.0005406104028224945,0.0005406104028224945
Test,mirror_xy,91,randomness_0.2472,202,0.04044422507286072,0.040314532816410065,-0.00012969225645065308,0.00012969225645065308
Test,mirror_xy,92,randomness_0.3514,11,0.030833562836050987,0.03058001585304737,-0.00025354698300361633,0.00025354698300361633
Test,mirror_xy,92,randomness_0.3514,42,0.029666781425476074,0.03018292225897312,0.0005161408334970474,0.0005161408334970474
Test,mirror_xy,92,randomness_0.3514,73,0.029892995953559875,0.030344806611537933,0.00045181065797805786,0.00045181065797805786
Test,mirror_xy,92,randomness_0.3514,101,0.030633827671408653,0.03057708777487278,-5.673989653587341e-05,5.673989653587341e-05
Test,mirror_xy,92,randomness_0.3514,202,0.030763279646635056,0.030982356518507004,0.00021907687187194824,0.00021907687187194824
Test,mirror_xy,93,randomness_0.4995,11,0.027987923473119736,0.026878956705331802,-0.0011089667677879333,0.0011089667677879333
Test,mirror_xy,93,randomness_0.4995,42,0.02695554681122303,0.02689693123102188,-5.861558020114899e-05,5.861558020114899e-05
Test,mirror_xy,93,randomness_0.4995,73,0.02751961164176464,0.026701122522354126,-0.0008184891194105148,0.0008184891194105148
Test,mirror_xy,93,randomness_0.4995,101,0.02724420838057995,0.02672659046947956,-0.0005176179111003876,0.0005176179111003876
Test,mirror_xy,93,randomness_0.4995,202,0.026493895798921585,0.026770738884806633,0.0002768430858850479,0.0002768430858850479
Test,mirror_xy,94,randomness_0.0761,11,0.03435453027486801,0.034457866102457047,0.00010333582758903503,0.00010333582758903503
Test,mirror_xy,94,randomness_0.0761,42,0.033697858452796936,0.033999212086200714,0.0003013536334037781,0.0003013536334037781
Test,mirror_xy,94,randomness_0.0761,73,0.03372708708047867,0.03379841521382332,7.132813334465027e-05,7.132813334465027e-05
Test,mirror_xy,94,randomness_0.0761,101,0.03357212245464325,0.03443412110209465,0.0008619986474514008,0.0008619986474514008
Test,mirror_xy,94,randomness_0.0761,202,0.03439154475927353,0.03455705940723419,0.00016551464796066284,0.00016551464796066284
Test,mirror_xy,95,randomness_0.2132,11,0.03298574686050415,0.033436600118875504,0.00045085325837135315,0.00045085325837135315
Test,mirror_xy,95,randomness_0.2132,42,0.033930908888578415,0.03417423740029335,0.0002433285117149353,0.0002433285117149353
Test,mirror_xy,95,randomness_0.2132,73,0.033906418830156326,0.03400743380188942,0.00010101497173309326,0.00010101497173309326
Test,mirror_xy,95,randomness_0.2132,101,0.032840877771377563,0.03324412181973457,0.0004032440483570099,0.0004032440483570099
Test,mirror_xy,95,randomness_0.2132,202,0.03408335894346237,0.03478504717350006,0.0007016882300376892,0.0007016882300376892
Test,mirror_xy,96,randomness_0.8849,11,0.010332096368074417,0.007814736105501652,-0.0025173602625727654,0.0025173602625727654
Test,mirror_xy,96,randomness_0.8849,42,0.0072460295632481575,0.006879637949168682,-0.0003663916140794754,0.0003663916140794754
Test,mirror_xy,96,randomness_0.8849,73,0.007696176879107952,0.0071077169850468636,-0.0005884598940610886,0.0005884598940610886
Test,mirror_xy,96,randomness_0.8849,101,0.008646828122437,0.007075191475450993,-0.0015716366469860077,0.0015716366469860077
Test,mirror_xy,96,randomness_0.8849,202,0.009259537793695927,0.008138357661664486,-0.0011211801320314407,0.0011211801320314407
Test,mirror_xy,97,randomness_0.6266,11,0.016289684921503067,0.015759672969579697,-0.0005300119519233704,0.0005300119519233704
Test,mirror_xy,97,randomness_0.6266,42,0.015840571373701096,0.016577336937189102,0.0007367655634880066,0.0007367655634880066
Test,mirror_xy,97,randomness_0.6266,73,0.01659848913550377,0.016830284148454666,0.00023179501295089722,0.00023179501295089722
Test,mirror_xy,97,randomness_0.6266,101,0.01687541790306568,0.016284022480249405,-0.0005913954228162766,0.0005913954228162766
Test,mirror_xy,97,randomness_0.6266,202,0.0157010555267334,0.01641191728413105,0.0007108617573976517,0.0007108617573976517
Test,mirror_xy,98,randomness_0.9870,11,8.651349344290793e-05,-0.0010272831423208117,-0.0011137966357637197,0.0011137966357637197
Test,mirror_xy,98,randomness_0.9870,42,-3.273305264883675e-05,-0.00014650714001618326,-0.00011377408736734651,0.00011377408736734651
Test,mirror_xy,98,randomness_0.9870,73,0.00150746398139745,0.0004700824210885912,-0.0010373815603088588,0.0010373815603088588
Test,mirror_xy,98,randomness_0.9870,101,0.0013690508203580976,0.0004121560195926577,-0.0009568948007654399,0.0009568948007654399
Test,mirror_xy,98,randomness_0.9870,202,0.001764862914569676,0.0008933536009863019,-0.000871509313583374,0.000871509313583374
Test,mirror_xy,99,randomness_0.8929,11,0.009743822738528252,0.007928903214633465,-0.0018149195238947868,0.0018149195238947868
Test,mirror_xy,99,randomness_0.8929,42,0.007615405134856701,0.00748810451477766,-0.00012730062007904053,0.00012730062007904053
Test,mirror_xy,99,randomness_0.8929,73,0.008200927637517452,0.008175135590136051,-2.5792047381401062e-05,2.5792047381401062e-05
Test,mirror_xy,99,randomness_0.8929,101,0.009009166620671749,0.008616200648248196,-0.00039296597242355347,0.00039296597242355347
Test,mirror_xy,99,randomness_0.8929,202,0.008132119663059711,0.007871671579778194,-0.00026044808328151703,0.00026044808328151703
Prediction,original,0,randomness_0.0061,11,0.04089397192001343,0.04089397192001343,0.0,0.0
Prediction,original,0,randomness_0.0061,42,0.04047681763768196,0.04047681763768196,0.0,0.0
Prediction,original,0,randomness_0.0061,73,0.04042718932032585,0.04042718932032585,0.0,0.0
Prediction,original,0,randomness_0.0061,101,0.0401998832821846,0.0401998832821846,0.0,0.0
Prediction,original,0,randomness_0.0061,202,0.04053992033004761,0.04053992033004761,0.0,0.0
Prediction,original,1,randomness_0.0153,11,0.03743733838200569,0.03743733838200569,0.0,0.0
Prediction,original,1,randomness_0.0153,42,0.03818041831254959,0.03818041831254959,0.0,0.0
Prediction,original,1,randomness_0.0153,73,0.038075532764196396,0.038075532764196396,0.0,0.0
Prediction,original,1,randomness_0.0153,101,0.03751521185040474,0.03751521185040474,0.0,0.0
Prediction,original,1,randomness_0.0153,202,0.038644056767225266,0.038644056767225266,0.0,0.0
Prediction,original,2,randomness_0.0229,11,0.03499021753668785,0.03499021753668785,0.0,0.0
Prediction,original,2,randomness_0.0229,42,0.0357251912355423,0.0357251912355423,0.0,0.0
Prediction,original,2,randomness_0.0229,73,0.035448815673589706,0.035448815673589706,0.0,0.0
Prediction,original,2,randomness_0.0229,101,0.034938983619213104,0.034938983619213104,0.0,0.0
Prediction,original,2,randomness_0.0229,202,0.035926319658756256,0.035926319658756256,0.0,0.0
Prediction,original,3,randomness_0.1000,11,0.03209936246275902,0.03209936246275902,0.0,0.0
Prediction,original,3,randomness_0.1000,42,0.03248172253370285,0.03248172253370285,0.0,0.0
Prediction,original,3,randomness_0.1000,73,0.03213762491941452,0.03213762491941452,0.0,0.0
Prediction,original,3,randomness_0.1000,101,0.03215952590107918,0.03215952590107918,0.0,0.0
Prediction,original,3,randomness_0.1000,202,0.033481989055871964,0.033481989055871964,0.0,0.0
Prediction,original,4,randomness_0.1444,11,0.03502688929438591,0.03502688929438591,0.0,0.0
Prediction,original,4,randomness_0.1444,42,0.035087473690509796,0.035087473690509796,0.0,0.0
Prediction,original,4,randomness_0.1444,73,0.03502921015024185,0.03502921015024185,0.0,0.0
Prediction,original,4,randomness_0.1444,101,0.03535991162061691,0.03535991162061691,0.0,0.0
Prediction,original,4,randomness_0.1444,202,0.03598356246948242,0.03598356246948242,0.0,0.0
Prediction,original,5,randomness_0.1889,11,0.03715226799249649,0.03715226799249649,0.0,0.0
Prediction,original,5,randomness_0.1889,42,0.03691724315285683,0.03691724315285683,0.0,0.0
Prediction,original,5,randomness_0.1889,73,0.03659221902489662,0.03659221902489662,0.0,0.0
Prediction,original,5,randomness_0.1889,101,0.03728031739592552,0.03728031739592552,0.0,0.0
Prediction,original,5,randomness_0.1889,202,0.037877995520830154,0.037877995520830154,0.0,0.0
Prediction,original,6,randomness_0.2333,11,0.03797684982419014,0.03797684982419014,0.0,0.0
Prediction,original,6,randomness_0.2333,42,0.037898436188697815,0.037898436188697815,0.0,0.0
Prediction,original,6,randomness_0.2333,73,0.037968337535858154,0.037968337535858154,0.0,0.0
Prediction,original,6,randomness_0.2333,101,0.03813672810792923,0.03813672810792923,0.0,0.0
Prediction,original,6,randomness_0.2333,202,0.038568779826164246,0.038568779826164246,0.0,0.0
Prediction,original,7,randomness_0.2778,11,0.03274014592170715,0.03274014592170715,0.0,0.0
Prediction,original,7,randomness_0.2778,42,0.03258351609110832,0.03258351609110832,0.0,0.0
Prediction,original,7,randomness_0.2778,73,0.03272544592618942,0.03272544592618942,0.0,0.0
Prediction,original,7,randomness_0.2778,101,0.03167472034692764,0.03167472034692764,0.0,0.0
Prediction,original,7,randomness_0.2778,202,0.033546626567840576,0.033546626567840576,0.0,0.0
Prediction,original,8,randomness_0.3222,11,0.0388004444539547,0.0388004444539547,0.0,0.0
Prediction,original,8,randomness_0.3222,42,0.039207443594932556,0.039207443594932556,0.0,0.0
Prediction,original,8,randomness_0.3222,73,0.038721755146980286,0.038721755146980286,0.0,0.0
Prediction,original,8,randomness_0.3222,101,0.03902849927544594,0.03902849927544594,0.0,0.0
Prediction,original,8,randomness_0.3222,202,0.03907477855682373,0.03907477855682373,0.0,0.0
Prediction,original,9,randomness_0.3667,11,0.03461528569459915,0.03461528569459915,0.0,0.0
Prediction,original,9,randomness_0.3667,42,0.034205563366413116,0.034205563366413116,0.0,0.0
Prediction,original,9,randomness_0.3667,73,0.034085266292095184,0.034085266292095184,0.0,0.0
Prediction,original,9,randomness_0.3667,101,0.0346795916557312,0.0346795916557312,0.0,0.0
Prediction,original,9,randomness_0.3667,202,0.034795332700014114,0.034795332700014114,0.0,0.0
Prediction,original,10,randomness_0.4111,11,0.034653808921575546,0.034653808921575546,0.0,0.0
Prediction,original,10,randomness_0.4111,42,0.03331294655799866,0.03331294655799866,0.0,0.0
Prediction,original,10,randomness_0.4111,73,0.03300977870821953,0.03300977870821953,0.0,0.0
Prediction,original,10,randomness_0.4111,101,0.033886101096868515,0.033886101096868515,0.0,0.0
Prediction,original,10,randomness_0.4111,202,0.034013424068689346,0.034013424068689346,0.0,0.0
Prediction,original,11,randomness_0.4556,11,0.03202272579073906,0.03202272579073906,0.0,0.0
Prediction,original,11,randomness_0.4556,42,0.030526626855134964,0.030526626855134964,0.0,0.0
Prediction,original,11,randomness_0.4556,73,0.030768418684601784,0.030768418684601784,0.0,0.0
Prediction,original,11,randomness_0.4556,101,0.03064166009426117,0.03064166009426117,0.0,0.0
Prediction,original,11,randomness_0.4556,202,0.03097979724407196,0.03097979724407196,0.0,0.0
Prediction,original,12,randomness_0.5000,11,0.024796558544039726,0.024796558544039726,0.0,0.0
Prediction,original,12,randomness_0.5000,42,0.023732570931315422,0.023732570931315422,0.0,0.0
Prediction,original,12,randomness_0.5000,73,0.02389935962855816,0.02389935962855816,0.0,0.0
Prediction,original,12,randomness_0.5000,101,0.024724429473280907,0.024724429473280907,0.0,0.0
Prediction,original,12,randomness_0.5000,202,0.02435077540576458,0.02435077540576458,0.0,0.0
Prediction,mirror_x,0,randomness_0.0061,11,0.04089397192001343,0.04008585214614868,-0.0008081197738647461,0.0008081197738647461
Prediction,mirror_x,0,randomness_0.0061,42,0.04047681763768196,0.04041776806116104,-5.90495765209198e-05,5.90495765209198e-05
Prediction,mirror_x,0,randomness_0.0061,73,0.04042718932032585,0.04026788845658302,-0.00015930086374282837,0.00015930086374282837
Prediction,mirror_x,0,randomness_0.0061,101,0.0401998832821846,0.04036681354045868,0.00016693025827407837,0.00016693025827407837
Prediction,mirror_x,0,randomness_0.0061,202,0.04053992033004761,0.040614087134599686,7.416680455207825e-05,7.416680455207825e-05
Prediction,mirror_x,1,randomness_0.0153,11,0.03743733838200569,0.0387844517827034,0.0013471134006977081,0.0013471134006977081
Prediction,mirror_x,1,randomness_0.0153,42,0.03818041831254959,0.03821698576211929,3.656744956970215e-05,3.656744956970215e-05
Prediction,mirror_x,1,randomness_0.0153,73,0.038075532764196396,0.038094062358140945,1.852959394454956e-05,1.852959394454956e-05
Prediction,mirror_x,1,randomness_0.0153,101,0.03751521185040474,0.0381232388317585,0.0006080269813537598,0.0006080269813537598
Prediction,mirror_x,1,randomness_0.0153,202,0.038644056767225266,0.03877122700214386,0.00012717023491859436,0.00012717023491859436
Prediction,mirror_x,2,randomness_0.0229,11,0.03499021753668785,0.03511441498994827,0.00012419745326042175,0.00012419745326042175
Prediction,mirror_x,2,randomness_0.0229,42,0.0357251912355423,0.035513103008270264,-0.0002120882272720337,0.0002120882272720337
Prediction,mirror_x,2,randomness_0.0229,73,0.035448815673589706,0.03506574034690857,-0.0003830753266811371,0.0003830753266811371
Prediction,mirror_x,2,randomness_0.0229,101,0.034938983619213104,0.03488092124462128,-5.806237459182739e-05,5.806237459182739e-05
Prediction,mirror_x,2,randomness_0.0229,202,0.035926319658756256,0.03601131960749626,8.499994874000549e-05,8.499994874000549e-05
Prediction,mirror_x,3,randomness_0.1000,11,0.03209936246275902,0.03213908523321152,3.972277045249939e-05,3.972277045249939e-05
Prediction,mirror_x,3,randomness_0.1000,42,0.03248172253370285,0.03285625949501991,0.0003745369613170624,0.0003745369613170624
Prediction,mirror_x,3,randomness_0.1000,73,0.03213762491941452,0.03247857466340065,0.00034094974398612976,0.00034094974398612976
Prediction,mirror_x,3,randomness_0.1000,101,0.03215952590107918,0.03234582021832466,0.0001862943172454834,0.0001862943172454834
Prediction,mirror_x,3,randomness_0.1000,202,0.033481989055871964,0.03345057740807533,-3.141164779663086e-05,3.141164779663086e-05
Prediction,mirror_x,4,randomness_0.1444,11,0.03502688929438591,0.03490382060408592,-0.0001230686902999878,0.0001230686902999878
Prediction,mirror_x,4,randomness_0.1444,42,0.035087473690509796,0.03505108132958412,-3.639236092567444e-05,3.639236092567444e-05
Prediction,mirror_x,4,randomness_0.1444,73,0.03502921015024185,0.03493671491742134,-9.249523282051086e-05,9.249523282051086e-05
Prediction,mirror_x,4,randomness_0.1444,101,0.03535991162061691,0.03525450825691223,-0.0001054033637046814,0.0001054033637046814
Prediction,mirror_x,4,randomness_0.1444,202,0.03598356246948242,0.03594757616519928,-3.598630428314209e-05,3.598630428314209e-05
Prediction,mirror_x,5,randomness_0.1889,11,0.03715226799249649,0.037951771169900894,0.0007995031774044037,0.0007995031774044037
Prediction,mirror_x,5,randomness_0.1889,42,0.03691724315285683,0.03694652020931244,2.9277056455612183e-05,2.9277056455612183e-05
Prediction,mirror_x,5,randomness_0.1889,73,0.03659221902489662,0.037087369710206985,0.0004951506853103638,0.0004951506853103638
Prediction,mirror_x,5,randomness_0.1889,101,0.03728031739592552,0.03702773153781891,-0.00025258585810661316,0.00025258585810661316
Prediction,mirror_x,5,randomness_0.1889,202,0.037877995520830154,0.0374910831451416,-0.00038691237568855286,0.00038691237568855286
Prediction,mirror_x,6,randomness_0.2333,11,0.03797684982419014,0.03821941837668419,0.00024256855249404907,0.00024256855249404907
Prediction,mirror_x,6,randomness_0.2333,42,0.037898436188697815,0.03833386301994324,0.00043542683124542236,0.00043542683124542236
Prediction,mirror_x,6,randomness_0.2333,73,0.037968337535858154,0.03795311227440834,-1.5225261449813843e-05,1.5225261449813843e-05
Prediction,mirror_x,6,randomness_0.2333,101,0.03813672810792923,0.038233865052461624,9.713694453239441e-05,9.713694453239441e-05
Prediction,mirror_x,6,randomness_0.2333,202,0.038568779826164246,0.038677144795656204,0.00010836496949195862,0.00010836496949195862
Prediction,mirror_x,7,randomness_0.2778,11,0.03274014592170715,0.03147158771753311,-0.0012685582041740417,0.0012685582041740417
Prediction,mirror_x,7,randomness_0.2778,42,0.03258351609110832,0.03197432681918144,-0.0006091892719268799,0.0006091892719268799
Prediction,mirror_x,7,randomness_0.2778,73,0.03272544592618942,0.03209817036986351,-0.0006272755563259125,0.0006272755563259125
Prediction,mirror_x,7,randomness_0.2778,101,0.03167472034692764,0.031346503645181656,-0.00032821670174598694,0.00032821670174598694
Prediction,mirror_x,7,randomness_0.2778,202,0.033546626567840576,0.03331991285085678,-0.00022671371698379517,0.00022671371698379517
Prediction,mirror_x,8,randomness_0.3222,11,0.0388004444539547,0.03842993453145027,-0.00037050992250442505,0.00037050992250442505
Prediction,mirror_x,8,randomness_0.3222,42,0.039207443594932556,0.03879707679152489,-0.00041036680340766907,0.00041036680340766907
Prediction,mirror_x,8,randomness_0.3222,73,0.038721755146980286,0.038263168185949326,-0.0004585869610309601,0.0004585869610309601
Prediction,mirror_x,8,randomness_0.3222,101,0.03902849927544594,0.0384955033659935,-0.0005329959094524384,0.0005329959094524384
Prediction,mirror_x,8,randomness_0.3222,202,0.03907477855682373,0.03892724961042404,-0.00014752894639968872,0.00014752894639968872
Prediction,mirror_x,9,randomness_0.3667,11,0.03461528569459915,0.035790301859378815,0.001175016164779663,0.001175016164779663
Prediction,mirror_x,9,randomness_0.3667,42,0.034205563366413116,0.03371506184339523,-0.0004905015230178833,0.0004905015230178833
Prediction,mirror_x,9,randomness_0.3667,73,0.034085266292095184,0.034097883850336075,1.2617558240890503e-05,1.2617558240890503e-05
Prediction,mirror_x,9,randomness_0.3667,101,0.0346795916557312,0.033821672201156616,-0.000857919454574585,0.000857919454574585
Prediction,mirror_x,9,randomness_0.3667,202,0.034795332700014114,0.03413422033190727,-0.000661112368106842,0.000661112368106842
Prediction,mirror_x,10,randomness_0.4111,11,0.034653808921575546,0.03527519479393959,0.0006213858723640442,0.0006213858723640442
Prediction,mirror_x,10,randomness_0.4111,42,0.03331294655799866,0.03313923999667168,-0.0001737065613269806,0.0001737065613269806
Prediction,mirror_x,10,randomness_0.4111,73,0.03300977870821953,0.03299003839492798,-1.9740313291549683e-05,1.9740313291549683e-05
Prediction,mirror_x,10,randomness_0.4111,101,0.033886101096868515,0.032904669642448425,-0.0009814314544200897,0.0009814314544200897
Prediction,mirror_x,10,randomness_0.4111,202,0.034013424068689346,0.033377908170223236,-0.0006355158984661102,0.0006355158984661102
Prediction,mirror_x,11,randomness_0.4556,11,0.03202272579073906,0.030594995245337486,-0.0014277305454015732,0.0014277305454015732
Prediction,mirror_x,11,randomness_0.4556,42,0.030526626855134964,0.030748305842280388,0.0002216789871454239,0.0002216789871454239
Prediction,mirror_x,11,randomness_0.4556,73,0.030768418684601784,0.03031931445002556,-0.0004491042345762253,0.0004491042345762253
Prediction,mirror_x,11,randomness_0.4556,101,0.03064166009426117,0.030222907662391663,-0.00041875243186950684,0.00041875243186950684
Prediction,mirror_x,11,randomness_0.4556,202,0.03097979724407196,0.031332772225141525,0.0003529749810695648,0.0003529749810695648
Prediction,mirror_x,12,randomness_0.5000,11,0.024796558544039726,0.026373695582151413,0.0015771370381116867,0.0015771370381116867
Prediction,mirror_x,12,randomness_0.5000,42,0.023732570931315422,0.02392769232392311,0.0001951213926076889,0.0001951213926076889
Prediction,mirror_x,12,randomness_0.5000,73,0.02389935962855816,0.024824414402246475,0.0009250547736883163,0.0009250547736883163
Prediction,mirror_x,12,randomness_0.5000,101,0.024724429473280907,0.02505316585302353,0.0003287363797426224,0.0003287363797426224
Prediction,mirror_x,12,randomness_0.5000,202,0.02435077540576458,0.024996360763907433,0.0006455853581428528,0.0006455853581428528
Prediction,mirror_y,0,randomness_0.0061,11,0.04089397192001343,0.04006084054708481,-0.0008331313729286194,0.0008331313729286194
Prediction,mirror_y,0,randomness_0.0061,42,0.04047681763768196,0.040283165872097015,-0.00019365176558494568,0.00019365176558494568
Prediction,mirror_y,0,randomness_0.0061,73,0.04042718932032585,0.040087901055812836,-0.00033928826451301575,0.00033928826451301575
Prediction,mirror_y,0,randomness_0.0061,101,0.0401998832821846,0.0401461198925972,-5.3763389587402344e-05,5.3763389587402344e-05
Prediction,mirror_y,0,randomness_0.0061,202,0.04053992033004761,0.04062056168913841,8.064135909080505e-05,8.064135909080505e-05
Prediction,mirror_y,1,randomness_0.0153,11,0.03743733838200569,0.03764346241950989,0.00020612403750419617,0.00020612403750419617
Prediction,mirror_y,1,randomness_0.0153,42,0.03818041831254959,0.03815519064664841,-2.5227665901184082e-05,2.5227665901184082e-05
Prediction,mirror_y,1,randomness_0.0153,73,0.038075532764196396,0.03801567107439041,-5.98616898059845e-05,5.98616898059845e-05
Prediction,mirror_y,1,randomness_0.0153,101,0.03751521185040474,0.037775181233882904,0.00025996938347816467,0.00025996938347816467
Prediction,mirror_y,1,randomness_0.0153,202,0.038644056767225266,0.03841915354132652,-0.00022490322589874268,0.00022490322589874268
Prediction,mirror_y,2,randomness_0.0229,11,0.03499021753668785,0.03473842889070511,-0.0002517886459827423,0.0002517886459827423
Prediction,mirror_y,2,randomness_0.0229,42,0.0357251912355423,0.03570987284183502,-1.531839370727539e-05,1.531839370727539e-05
Prediction,mirror_y,2,randomness_0.0229,73,0.035448815673589706,0.03514322265982628,-0.00030559301376342773,0.00030559301376342773
Prediction,mirror_y,2,randomness_0.0229,101,0.034938983619213104,0.03523235768079758,0.00029337406158447266,0.00029337406158447266
Prediction,mirror_y,2,randomness_0.0229,202,0.035926319658756256,0.03582337498664856,-0.00010294467210769653,0.00010294467210769653
Prediction,mirror_y,3,randomness_0.1000,11,0.03209936246275902,0.03226142004132271,0.00016205757856369019,0.00016205757856369019
Prediction,mirror_y,3,randomness_0.1000,42,0.03248172253370285,0.0326191745698452,0.00013745203614234924,0.00013745203614234924
Prediction,mirror_y,3,randomness_0.1000,73,0.03213762491941452,0.03212045878171921,-1.71661376953125e-05,1.71661376953125e-05
Prediction,mirror_y,3,randomness_0.1000,101,0.03215952590107918,0.03200528025627136,-0.00015424564480781555,0.00015424564480781555
Prediction,mirror_y,3,randomness_0.1000,202,0.033481989055871964,0.033133894205093384,-0.0003480948507785797,0.0003480948507785797
Prediction,mirror_y,4,randomness_0.1444,11,0.03502688929438591,0.035690128803253174,0.0006632395088672638,0.0006632395088672638
Prediction,mirror_y,4,randomness_0.1444,42,0.035087473690509796,0.03530443087220192,0.0002169571816921234,0.0002169571816921234
Prediction,mirror_y,4,randomness_0.1444,73,0.03502921015024185,0.0349423848092556,-8.682534098625183e-05,8.682534098625183e-05
Prediction,mirror_y,4,randomness_0.1444,101,0.03535991162061691,0.03562024608254433,0.00026033446192741394,0.00026033446192741394
Prediction,mirror_y,4,randomness_0.1444,202,0.03598356246948242,0.036008283495903015,2.4721026420593262e-05,2.4721026420593262e-05
Prediction,mirror_y,5,randomness_0.1889,11,0.03715226799249649,0.03754562884569168,0.00039336085319519043,0.00039336085319519043
Prediction,mirror_y,5,randomness_0.1889,42,0.03691724315285683,0.03711584955453873,0.00019860640168190002,0.00019860640168190002
Prediction,mirror_y,5,randomness_0.1889,73,0.03659221902489662,0.03701175004243851,0.0004195310175418854,0.0004195310175418854
Prediction,mirror_y,5,randomness_0.1889,101,0.03728031739592552,0.03681899607181549,-0.00046132132411003113,0.00046132132411003113
Prediction,mirror_y,5,randomness_0.1889,202,0.037877995520830154,0.03780645504593849,-7.15404748916626e-05,7.15404748916626e-05
Prediction,mirror_y,6,randomness_0.2333,11,0.03797684982419014,0.038737863302230835,0.0007610134780406952,0.0007610134780406952
Prediction,mirror_y,6,randomness_0.2333,42,0.037898436188697815,0.037945397198200226,4.696100950241089e-05,4.696100950241089e-05
Prediction,mirror_y,6,randomness_0.2333,73,0.037968337535858154,0.03818525746464729,0.0002169199287891388,0.0002169199287891388
Prediction,mirror_y,6,randomness_0.2333,101,0.03813672810792923,0.03788263723254204,-0.00025409087538719177,0.00025409087538719177
Prediction,mirror_y,6,randomness_0.2333,202,0.038568779826164246,0.03829101845622063,-0.0002777613699436188,0.0002777613699436188
Prediction,mirror_y,7,randomness_0.2778,11,0.03274014592170715,0.03220464289188385,-0.0005355030298233032,0.0005355030298233032
Prediction,mirror_y,7,randomness_0.2778,42,0.03258351609110832,0.0325082466006279,-7.526949048042297e-05,7.526949048042297e-05
Prediction,mirror_y,7,randomness_0.2778,73,0.03272544592618942,0.03263024613261223,-9.519979357719421e-05,9.519979357719421e-05
Prediction,mirror_y,7,randomness_0.2778,101,0.03167472034692764,0.03150932118296623,-0.00016539916396141052,0.00016539916396141052
Prediction,mirror_y,7,randomness_0.2778,202,0.033546626567840576,0.033312566578388214,-0.00023405998945236206,0.00023405998945236206
Prediction,mirror_y,8,randomness_0.3222,11,0.0388004444539547,0.04004337638616562,0.0012429319322109222,0.0012429319322109222
Prediction,mirror_y,8,randomness_0.3222,42,0.039207443594932556,0.03949509561061859,0.00028765201568603516,0.00028765201568603516
Prediction,mirror_y,8,randomness_0.3222,73,0.038721755146980286,0.03872982785105705,8.072704076766968e-06,8.072704076766968e-06
Prediction,mirror_y,8,randomness_0.3222,101,0.03902849927544594,0.03916561231017113,0.0001371130347251892,0.0001371130347251892
Prediction,mirror_y,8,randomness_0.3222,202,0.03907477855682373,0.03908669576048851,1.1917203664779663e-05,1.1917203664779663e-05
Prediction,mirror_y,9,randomness_0.3667,11,0.03461528569459915,0.0354251004755497,0.0008098147809505463,0.0008098147809505463
Prediction,mirror_y,9,randomness_0.3667,42,0.034205563366413116,0.03481480851769447,0.0006092451512813568,0.0006092451512813568
Prediction,mirror_y,9,randomness_0.3667,73,0.034085266292095184,0.03423445299267769,0.00014918670058250427,0.00014918670058250427
Prediction,mirror_y,9,randomness_0.3667,101,0.0346795916557312,0.0352281779050827,0.0005485862493515015,0.0005485862493515015
Prediction,mirror_y,9,randomness_0.3667,202,0.034795332700014114,0.034958187490701675,0.00016285479068756104,0.00016285479068756104
Prediction,mirror_y,10,randomness_0.4111,11,0.034653808921575546,0.034345317631959915,-0.0003084912896156311,0.0003084912896156311
Prediction,mirror_y,10,randomness_0.4111,42,0.03331294655799866,0.03327076509594917,-4.218146204948425e-05,4.218146204948425e-05
Prediction,mirror_y,10,randomness_0.4111,73,0.03300977870821953,0.033478137105703354,0.0004683583974838257,0.0004683583974838257
Prediction,mirror_y,10,randomness_0.4111,101,0.033886101096868515,0.033328209072351456,-0.0005578920245170593,0.0005578920245170593
Prediction,mirror_y,10,randomness_0.4111,202,0.034013424068689346,0.033829521387815475,-0.00018390268087387085,0.00018390268087387085
Prediction,mirror_y,11,randomness_0.4556,11,0.03202272579073906,0.033020149916410446,0.0009974241256713867,0.0009974241256713867
Prediction,mirror_y,11,randomness_0.4556,42,0.030526626855134964,0.03083001635968685,0.0003033895045518875,0.0003033895045518875
Prediction,mirror_y,11,randomness_0.4556,73,0.030768418684601784,0.03046506829559803,-0.00030335038900375366,0.00030335038900375366
Prediction,mirror_y,11,randomness_0.4556,101,0.03064166009426117,0.029853103682398796,-0.0007885564118623734,0.0007885564118623734
Prediction,mirror_y,11,randomness_0.4556,202,0.03097979724407196,0.030877206474542618,-0.00010259076952934265,0.00010259076952934265
Prediction,mirror_y,12,randomness_0.5000,11,0.024796558544039726,0.02369152009487152,-0.0011050384491682053,0.0011050384491682053
Prediction,mirror_y,12,randomness_0.5000,42,0.023732570931315422,0.02351718209683895,-0.00021538883447647095,0.00021538883447647095
Prediction,mirror_y,12,randomness_0.5000,73,0.02389935962855816,0.02366754412651062,-0.00023181550204753876,0.00023181550204753876
Prediction,mirror_y,12,randomness_0.5000,101,0.024724429473280907,0.023800311610102654,-0.0009241178631782532,0.0009241178631782532
Prediction,mirror_y,12,randomness_0.5000,202,0.02435077540576458,0.02401098422706127,-0.0003397911787033081,0.0003397911787033081
Prediction,mirror_xy,0,randomness_0.0061,11,0.04089397192001343,0.04032093286514282,-0.0005730390548706055,0.0005730390548706055
Prediction,mirror_xy,0,randomness_0.0061,42,0.04047681763768196,0.04031045362353325,-0.00016636401414871216,0.00016636401414871216
Prediction,mirror_xy,0,randomness_0.0061,73,0.04042718932032585,0.04022500291466713,-0.00020218640565872192,0.00020218640565872192
Prediction,mirror_xy,0,randomness_0.0061,101,0.0401998832821846,0.039991866797208786,-0.00020801648497581482,0.00020801648497581482
Prediction,mirror_xy,0,randomness_0.0061,202,0.04053992033004761,0.040573250502347946,3.3330172300338745e-05,3.3330172300338745e-05
Prediction,mirror_xy,1,randomness_0.0153,11,0.03743733838200569,0.038735296577215195,0.0012979581952095032,0.0012979581952095032
Prediction,mirror_xy,1,randomness_0.0153,42,0.03818041831254959,0.038281455636024475,0.00010103732347488403,0.00010103732347488403
Prediction,mirror_xy,1,randomness_0.0153,73,0.038075532764196396,0.03801953047513962,-5.6002289056777954e-05,5.6002289056777954e-05
Prediction,mirror_xy,1,randomness_0.0153,101,0.03751521185040474,0.03832358866930008,0.00080837681889534,0.00080837681889534
Prediction,mirror_xy,1,randomness_0.0153,202,0.038644056767225266,0.03853542357683182,-0.00010863319039344788,0.00010863319039344788
Prediction,mirror_xy,2,randomness_0.0229,11,0.03499021753668785,0.03549477085471153,0.0005045533180236816,0.0005045533180236816
Prediction,mirror_xy,2,randomness_0.0229,42,0.0357251912355423,0.0355902798473835,-0.00013491138815879822,0.00013491138815879822
Prediction,mirror_xy,2,randomness_0.0229,73,0.035448815673589706,0.03506068140268326,-0.00038813427090644836,0.00038813427090644836
Prediction,mirror_xy,2,randomness_0.0229,101,0.034938983619213104,0.03520691394805908,0.0002679303288459778,0.0002679303288459778
Prediction,mirror_xy,2,randomness_0.0229,202,0.035926319658756256,0.03573351725935936,-0.00019280239939689636,0.00019280239939689636
Prediction,mirror_xy,3,randomness_0.1000,11,0.03209936246275902,0.031290311366319656,-0.0008090510964393616,0.0008090510964393616
Prediction,mirror_xy,3,randomness_0.1000,42,0.03248172253370285,0.03267206996679306,0.00019034743309020996,0.00019034743309020996
Prediction,mirror_xy,3,randomness_0.1000,73,0.03213762491941452,0.03196515515446663,-0.00017246976494789124,0.00017246976494789124
Prediction,mirror_xy,3,randomness_0.1000,101,0.03215952590107918,0.03215954080224037,1.4901161193847656e-08,1.4901161193847656e-08
Prediction,mirror_xy,3,randomness_0.1000,202,0.033481989055871964,0.03306640312075615,-0.0004155859351158142,0.0004155859351158142
Prediction,mirror_xy,4,randomness_0.1444,11,0.03502688929438591,0.0351199246942997,9.303539991378784e-05,9.303539991378784e-05
Prediction,mirror_xy,4,randomness_0.1444,42,0.035087473690509796,0.03512100130319595,3.3527612686157227e-05,3.3527612686157227e-05
Prediction,mirror_xy,4,randomness_0.1444,73,0.03502921015024185,0.034868597984313965,-0.00016061216592788696,0.00016061216592788696
Prediction,mirror_xy,4,randomness_0.1444,101,0.03535991162061691,0.03541025146842003,5.0339847803115845e-05,5.0339847803115845e-05
Prediction,mirror_xy,4,randomness_0.1444,202,0.03598356246948242,0.03621111065149307,0.00022754818201065063,0.00022754818201065063
Prediction,mirror_xy,5,randomness_0.1889,11,0.03715226799249649,0.03668522089719772,-0.0004670470952987671,0.0004670470952987671
Prediction,mirror_xy,5,randomness_0.1889,42,0.03691724315285683,0.03687388077378273,-4.336237907409668e-05,4.336237907409668e-05
Prediction,mirror_xy,5,randomness_0.1889,73,0.03659221902489662,0.036727383732795715,0.00013516470789909363,0.00013516470789909363
Prediction,mirror_xy,5,randomness_0.1889,101,0.03728031739592552,0.03627274930477142,-0.0010075680911540985,0.0010075680911540985
Prediction,mirror_xy,5,randomness_0.1889,202,0.037877995520830154,0.037414610385894775,-0.00046338513493537903,0.00046338513493537903
Prediction,mirror_xy,6,randomness_0.2333,11,0.03797684982419014,0.03800088167190552,2.4031847715377808e-05,2.4031847715377808e-05
Prediction,mirror_xy,6,randomness_0.2333,42,0.037898436188697815,0.03815757483243942,0.00025913864374160767,0.00025913864374160767
Prediction,mirror_xy,6,randomness_0.2333,73,0.037968337535858154,0.03803115710616112,6.281957030296326e-05,6.281957030296326e-05
Prediction,mirror_xy,6,randomness_0.2333,101,0.03813672810792923,0.03819196671247482,5.523860454559326e-05,5.523860454559326e-05
Prediction,mirror_xy,6,randomness_0.2333,202,0.038568779826164246,0.038430020213127136,-0.00013875961303710938,0.00013875961303710938
Prediction,mirror_xy,7,randomness_0.2778,11,0.03274014592170715,0.03276047110557556,2.0325183868408203e-05,2.0325183868408203e-05
Prediction,mirror_xy,7,randomness_0.2778,42,0.03258351609110832,0.03236338868737221,-0.0002201274037361145,0.0002201274037361145
Prediction,mirror_xy,7,randomness_0.2778,73,0.03272544592618942,0.03252162039279938,-0.00020382553339004517,0.00020382553339004517
Prediction,mirror_xy,7,randomness_0.2778,101,0.03167472034692764,0.0318421795964241,0.00016745924949645996,0.00016745924949645996
Prediction,mirror_xy,7,randomness_0.2778,202,0.033546626567840576,0.03304794058203697,-0.0004986859858036041,0.0004986859858036041
Prediction,mirror_xy,8,randomness_0.3222,11,0.0388004444539547,0.03891092538833618,0.00011048093438148499,0.00011048093438148499
Prediction,mirror_xy,8,randomness_0.3222,42,0.039207443594932556,0.03888248652219772,-0.00032495707273483276,0.00032495707273483276
Prediction,mirror_xy,8,randomness_0.3222,73,0.038721755146980286,0.03823482617735863,-0.0004869289696216583,0.0004869289696216583
Prediction,mirror_xy,8,randomness_0.3222,101,0.03902849927544594,0.03833331540226936,-0.0006951838731765747,0.0006951838731765747
Prediction,mirror_xy,8,randomness_0.3222,202,0.03907477855682373,0.03894428536295891,-0.0001304931938648224,0.0001304931938648224
Prediction,mirror_xy,9,randomness_0.3667,11,0.03461528569459915,0.03435349464416504,-0.00026179105043411255,0.00026179105043411255
Prediction,mirror_xy,9,randomness_0.3667,42,0.034205563366413116,0.034264132380485535,5.856901407241821e-05,5.856901407241821e-05
Prediction,mirror_xy,9,randomness_0.3667,73,0.034085266292095184,0.034225739538669586,0.00014047324657440186,0.00014047324657440186
Prediction,mirror_xy,9,randomness_0.3667,101,0.0346795916557312,0.03354953974485397,-0.0011300519108772278,0.0011300519108772278
Prediction,mirror_xy,9,randomness_0.3667,202,0.034795332700014114,0.03453374281525612,-0.0002615898847579956,0.0002615898847579956
Prediction,mirror_xy,10,randomness_0.4111,11,0.034653808921575546,0.03471939638257027,6.558746099472046e-05,6.558746099472046e-05
Prediction,mirror_xy,10,randomness_0.4111,42,0.03331294655799866,0.03326718509197235,-4.576146602630615e-05,4.576146602630615e-05
Prediction,mirror_xy,10,randomness_0.4111,73,0.03300977870821953,0.03340265154838562,0.0003928728401660919,0.0003928728401660919
Prediction,mirror_xy,10,randomness_0.4111,101,0.033886101096868515,0.03348327428102493,-0.00040282681584358215,0.00040282681584358215
Prediction,mirror_xy,10,randomness_0.4111,202,0.034013424068689346,0.03399793431162834,-1.548975706100464e-05,1.548975706100464e-05
Prediction,mirror_xy,11,randomness_0.4556,11,0.03202272579073906,0.03064125031232834,-0.0013814754784107208,0.0013814754784107208
Prediction,mirror_xy,11,randomness_0.4556,42,0.030526626855134964,0.03053388185799122,7.255002856254578e-06,7.255002856254578e-06
Prediction,mirror_xy,11,randomness_0.4556,73,0.030768418684601784,0.029216444119811058,-0.0015519745647907257,0.0015519745647907257
Prediction,mirror_xy,11,randomness_0.4556,101,0.03064166009426117,0.028951531276106834,-0.001690128818154335,0.001690128818154335
Prediction,mirror_xy,11,randomness_0.4556,202,0.03097979724407196,0.029891440644860268,-0.0010883565992116928,0.0010883565992116928
Prediction,mirror_xy,12,randomness_0.5000,11,0.024796558544039726,0.026189658790826797,0.0013931002467870712,0.0013931002467870712
Prediction,mirror_xy,12,randomness_0.5000,42,0.023732570931315422,0.024272063747048378,0.0005394928157329559,0.0005394928157329559
Prediction,mirror_xy,12,randomness_0.5000,73,0.02389935962855816,0.025021253153681755,0.0011218935251235962,0.0011218935251235962
Prediction,mirror_xy,12,randomness_0.5000,101,0.024724429473280907,0.02521074377000332,0.0004863142967224121,0.0004863142967224121
Prediction,mirror_xy,12,randomness_0.5000,202,0.02435077540576458,0.024883920326828957,0.0005331449210643768,0.0005331449210643768
