Dataset,Transform,Sample_Index,Sample_ID,Actual_Stiffness,Original_Ensemble_Prediction,Transformed_Ensemble_Prediction,Signed_Prediction_Change,Absolute_Prediction_Change,Relative_Prediction_Change_Percent,Original_Member_Std,Transformed_Member_Std,Original_Absolute_Error,Transformed_Absolute_Error,Numerically_Unchanged_At_1e_8
Test,original,0,randomness_0.4364,0.029904160648584366,0.02819271422922611,0.02819271422922611,0.0,0.0,0.0,0.0010294116984001253,0.0010294116984001253,0.0017114464193582549,0.0017114464193582549,True
Test,original,1,randomness_0.8999,0.0001607175508979708,0.0019354157440830023,0.0019354157440830023,0.0,0.0,0.0,0.001302676664390733,0.001302676664390733,0.0017746981931850315,0.0017746981931850315,True
Test,original,2,randomness_0.3463,0.028783505782485008,0.03082413300871849,0.03082413300871849,0.0,0.0,0.0,0.0007648223107890366,0.0007648223107890366,0.002040627226233483,0.002040627226233483,True
Test,original,3,randomness_0.0601,0.038523707538843155,0.03914892598986626,0.03914892598986626,0.0,0.0,0.0,0.0004659725951167148,0.0004659725951167148,0.0006252184510231046,0.0006252184510231046,True
Test,original,4,randomness_0.8679,0.008534790016710758,0.008498804457485677,0.008498804457485677,0.0,0.0,0.0,0.0004924190851258075,0.0004924190851258075,3.5985559225081704e-05,3.5985559225081704e-05,True
Test,original,5,randomness_0.4324,0.03343658149242401,0.032684313505887984,0.032684313505887984,0.0,0.0,0.0,0.0005980646495096384,0.0005980646495096384,0.0007522679865360274,0.0007522679865360274,True
Test,original,6,randomness_0.5435,0.01657457835972309,0.020329218357801437,0.020329218357801437,0.0,0.0,0.0,0.000851384103700825,0.000851384103700825,0.0037546399980783463,0.0037546399980783463,True
Test,original,7,randomness_0.3614,0.03378213196992874,0.03368760943412781,0.03368760943412781,0.0,0.0,0.0,0.00020268802402117266,0.00020268802402117266,9.452253580093106e-05,9.452253580093106e-05,True
Test,original,8,randomness_0.4865,0.028001928701996803,0.03142721988260746,0.03142721988260746,0.0,0.0,0.0,0.000429626148352744,0.000429626148352744,0.0034252911806106554,0.0034252911806106554,True
Test,original,9,randomness_0.2773,0.035752955824136734,0.03760512620210647,0.03760512620210647,0.0,0.0,0.0,0.00031560432580799325,0.00031560432580799325,0.001852170377969739,0.001852170377969739,True
Test,original,10,randomness_0.6627,0.02130408026278019,0.022804492339491843,0.022804492339491843,0.0,0.0,0.0,0.0009751313371816254,0.0009751313371816254,0.001500412076711654,0.001500412076711654,True
Test,original,11,randomness_0.3774,0.034980010241270065,0.03397245183587074,0.03397245183587074,0.0,0.0,0.0,0.0007347644872700862,0.0007347644872700862,0.001007558405399324,0.001007558405399324,True
Test,original,12,randomness_0.6687,0.01660303585231304,0.021212150156497956,0.021212150156497956,0.0,0.0,0.0,0.0005889595048764632,0.0005889595048764632,0.004609114304184914,0.004609114304184914,True
Test,original,13,randomness_0.5896,0.025645151734352112,0.024923408403992653,0.024923408403992653,0.0,0.0,0.0,0.0007911659528872577,0.0007911659528872577,0.0007217433303594589,0.0007217433303594589,True
Test,original,14,randomness_0.3554,0.03571183979511261,0.03606520816683769,0.03606520816683769,0.0,0.0,0.0,0.0008034981800248337,0.0008034981800248337,0.000353368371725081,0.000353368371725081,True
Test,original,15,randomness_0.2593,0.034776538610458374,0.03688777014613152,0.03688777014613152,0.0,0.0,0.0,0.0004954891017095303,0.0004954891017095303,0.002111231535673143,0.002111231535673143,True
Test,original,16,randomness_0.6176,0.025575056672096252,0.019655602425336836,0.019655602425336836,0.0,0.0,0.0,0.0008669856672082005,0.0008669856672082005,0.005919454246759416,0.005919454246759416,True
Test,original,17,randomness_0.9780,3.279328893768252e-06,0.002765930094756186,0.002765930094756186,0.0,0.0,0.0,0.0009333868112379688,0.0009333868112379688,0.002762650765862418,0.002762650765862418,True
Test,original,18,randomness_0.2753,0.03773081675171852,0.03786808028817177,0.03786808028817177,0.0,0.0,0.0,0.0001852412980594714,0.0001852412980594714,0.00013726353645324846,0.00013726353645324846,True
Test,original,19,randomness_0.0701,0.03618176653981209,0.03643096312880516,0.03643096312880516,0.0,0.0,0.0,0.00037331388063519845,0.00037331388063519845,0.00024919658899306973,0.00024919658899306973,True
Test,original,20,randomness_0.2372,0.04343936964869499,0.041466948390007016,0.041466948390007016,0.0,0.0,0.0,0.00048558523235834857,0.00048558523235834857,0.001972421258687976,0.001972421258687976,True
Test,original,21,randomness_0.2803,0.034028586000204086,0.034195809811353686,0.034195809811353686,0.0,0.0,0.0,0.00047886358609213544,0.00047886358609213544,0.00016722381114959994,0.00016722381114959994,True
Test,original,22,randomness_0.8228,0.001965631963685155,0.0053432976827025415,0.0053432976827025415,0.0,0.0,0.0,0.0006835280984216794,0.0006835280984216794,0.0033776657190173866,0.0033776657190173866,True
Test,original,23,randomness_0.2182,0.03561365231871605,0.03455611541867256,0.03455611541867256,0.0,0.0,0.0,0.0004943971106844354,0.0004943971106844354,0.001057536900043489,0.001057536900043489,True
Test,original,24,randomness_0.6927,0.02150697261095047,0.01978771686553955,0.01978771686553955,0.0,0.0,0.0,0.0005758228064852214,0.0005758228064852214,0.0017192557454109199,0.0017192557454109199,True
Test,original,25,randomness_0.2963,0.0379083976149559,0.038877101987600325,0.038877101987600325,0.0,0.0,0.0,0.0004720838161628573,0.0004720838161628573,0.000968704372644423,0.000968704372644423,True
Test,original,26,randomness_0.3183,0.032574255019426346,0.03256628736853599,0.03256628736853599,0.0,0.0,0.0,0.000379162271765732,0.000379162271765732,7.967650890353117e-06,7.967650890353117e-06,True
Test,original,27,randomness_0.8669,0.000550733064301312,0.003543578088283539,0.003543578088283539,0.0,0.0,0.0,0.0004992933162762454,0.0004992933162762454,0.002992845023982227,0.002992845023982227,True
Test,original,28,randomness_0.5596,0.02113732509315014,0.021663343533873558,0.021663343533873558,0.0,0.0,0.0,0.0008512705996039576,0.0008512705996039576,0.0005260184407234192,0.0005260184407234192,True
Test,original,29,randomness_0.2653,0.03422939032316208,0.035274706035852435,0.035274706035852435,0.0,0.0,0.0,0.000698968994951333,0.000698968994951333,0.0010453157126903562,0.0010453157126903562,True
Test,original,30,randomness_0.1361,0.03697212412953377,0.03815213963389397,0.03815213963389397,0.0,0.0,0.0,0.0003634936152391873,0.0003634936152391873,0.001180015504360199,0.001180015504360199,True
Test,original,31,randomness_0.7618,0.01672402210533619,0.0158477121964097,0.0158477121964097,0.0,0.0,0.0,0.0007347028652018808,0.0007347028652018808,0.0008763099089264884,0.0008763099089264884,True
Test,original,32,randomness_0.0300,0.04144977033138275,0.03898252472281456,0.03898252472281456,0.0,0.0,0.0,0.00030690733153364877,0.00030690733153364877,0.0024672456085681888,0.0024672456085681888,True
Test,original,33,randomness_0.2893,0.025877267122268677,0.030227553471922873,0.030227553471922873,0.0,0.0,0.0,0.0004754190846135676,0.0004754190846135676,0.004350286349654196,0.004350286349654196,True
Test,original,34,randomness_0.6436,0.02099030651152134,0.01880144365131855,0.01880144365131855,0.0,0.0,0.0,0.0004400723645116956,0.0004400723645116956,0.0021888628602027907,0.0021888628602027907,True
Test,original,35,randomness_0.6356,0.015841074287891388,0.01852170117199421,0.01852170117199421,0.0,0.0,0.0,0.0006417010137088428,0.0006417010137088428,0.0026806268841028207,0.0026806268841028207,True
Test,original,36,randomness_0.0551,0.03732594847679138,0.03796341717243194,0.03796341717243194,0.0,0.0,0.0,0.00043705074898659066,0.00043705074898659066,0.0006374686956405612,0.0006374686956405612,True
Test,original,37,randomness_0.2152,0.03537635877728462,0.03190508782863617,0.03190508782863617,0.0,0.0,0.0,0.0008870370007945303,0.0008870370007945303,0.00347127094864845,0.00347127094864845,True
Test,original,38,randomness_0.8659,0.009412657469511032,0.013684233091771603,0.013684233091771603,0.0,0.0,0.0,0.0010738589324913476,0.0010738589324913476,0.004271575622260571,0.004271575622260571,True
Test,original,39,randomness_0.6527,0.016307538375258446,0.01739366017282009,0.01739366017282009,0.0,0.0,0.0,0.00030196697055607597,0.00030196697055607597,0.0010861217975616441,0.0010861217975616441,True
Test,original,40,randomness_0.3073,0.0371292345225811,0.036227117478847506,0.036227117478847506,0.0,0.0,0.0,0.0004818757562414866,0.0004818757562414866,0.000902117043733594,0.000902117043733594,True
Test,original,41,randomness_0.2082,0.03589737415313721,0.03766464963555336,0.03766464963555336,0.0,0.0,0.0,0.0002986247132792836,0.0002986247132792836,0.0017672754824161543,0.0017672754824161543,True
Test,original,42,randomness_0.9019,0.002554831327870488,0.0018761396466288715,0.0018761396466288715,0.0,0.0,0.0,0.0009776922420336135,0.0009776922420336135,0.0006786916812416167,0.0006786916812416167,True
Test,original,43,randomness_0.2102,0.038845494389534,0.03721804246306419,0.03721804246306419,0.0,0.0,0.0,0.000272263632285231,0.000272263632285231,0.0016274519264698056,0.0016274519264698056,True
Test,original,44,randomness_0.7137,0.014563924632966518,0.016224480979144574,0.016224480979144574,0.0,0.0,0.0,0.0006483515215711671,0.0006483515215711671,0.0016605563461780555,0.0016605563461780555,True
Test,original,45,randomness_0.4084,0.033570900559425354,0.03115663640201092,0.03115663640201092,0.0,0.0,0.0,0.00038002175419242257,0.00038002175419242257,0.002414264157414435,0.002414264157414435,True
Test,original,46,randomness_0.9479,0.009905030019581318,0.003564971638843417,0.003564971638843417,0.0,0.0,0.0,0.0011500230371053598,0.0011500230371053598,0.0063400583807379,0.0063400583807379,True
Test,original,47,randomness_0.3193,0.03850352391600609,0.03679937720298767,0.03679937720298767,0.0,0.0,0.0,0.0005793795966778069,0.0005793795966778069,0.0017041467130184187,0.0017041467130184187,True
Test,original,48,randomness_0.2813,0.03455840423703194,0.03746616169810295,0.03746616169810295,0.0,0.0,0.0,0.00027788633163403374,0.00027788633163403374,0.0029077574610710116,0.0029077574610710116,True
Test,original,49,randomness_0.9990,0.0025757469702512026,0.0072799215093255045,0.0072799215093255045,0.0,0.0,0.0,0.000745375169627892,0.000745375169627892,0.004704174539074302,0.004704174539074302,True
Test,original,50,randomness_0.0861,0.03853650018572807,0.038480544835329054,0.038480544835329054,0.0,0.0,0.0,0.0004947164727033881,0.0004947164727033881,5.595535039901872e-05,5.595535039901872e-05,True
Test,original,51,randomness_0.9900,0.0056488653644919395,0.004898893274366855,0.004898893274366855,0.0,0.0,0.0,0.0004951679243967955,0.0004951679243967955,0.0007499720901250843,0.0007499720901250843,True
Test,original,52,randomness_0.6787,0.017087284475564957,0.012462884187698364,0.012462884187698364,0.0,0.0,0.0,0.00025533539947025823,0.00025533539947025823,0.004624400287866592,0.004624400287866592,True
Test,original,53,randomness_0.5836,0.024796433746814728,0.021872729063034058,0.021872729063034058,0.0,0.0,0.0,0.000294478286253438,0.000294478286253438,0.00292370468378067,0.00292370468378067,True
Test,original,54,randomness_0.9790,0.0026478071231395006,0.0023696299642324446,0.0023696299642324446,0.0,0.0,0.0,0.000561668169040909,0.000561668169040909,0.00027817715890705603,0.00027817715890705603,True
Test,original,55,randomness_0.7417,0.008688955567777157,0.010668745636940003,0.010668745636940003,0.0,0.0,0.0,0.00035342205400200425,0.00035342205400200425,0.001979790069162846,0.001979790069162846,True
Test,original,56,randomness_0.0440,0.03956732526421547,0.03488902673125267,0.03488902673125267,0.0,0.0,0.0,0.00033953767238372763,0.00033953767238372763,0.004678298532962796,0.004678298532962796,True
Test,original,57,randomness_0.0631,0.0343242883682251,0.03622714802622795,0.03622714802622795,0.0,0.0,0.0,0.00030754973898400426,0.00030754973898400426,0.0019028596580028534,0.0019028596580028534,True
Test,original,58,randomness_0.1101,0.03572596609592438,0.03678830713033676,0.03678830713033676,0.0,0.0,0.0,0.0004255716459411197,0.0004255716459411197,0.001062341034412384,0.001062341034412384,True
Test,original,59,randomness_0.7648,0.014725374057888985,0.01675097309052944,0.01675097309052944,0.0,0.0,0.0,0.0008158241192231151,0.0008158241192231151,0.0020255990326404558,0.0020255990326404558,True
Test,original,60,randomness_0.3103,0.03514377400279045,0.036243198066949846,0.036243198066949846,0.0,0.0,0.0,0.0004374352205974826,0.0004374352205974826,0.0010994240641593947,0.0010994240641593947,True
Test,original,61,randomness_0.0881,0.03940906748175621,0.03828203976154328,0.03828203976154328,0.0,0.0,0.0,0.0003731428134240655,0.0003731428134240655,0.0011270277202129336,0.0011270277202129336,True
Test,original,62,randomness_0.1391,0.03866087272763252,0.037186314910650255,0.037186314910650255,0.0,0.0,0.0,0.00036163059039552613,0.00036163059039552613,0.001474557816982268,0.001474557816982268,True
Test,original,63,randomness_0.6366,0.02110357955098152,0.021047896519303323,0.021047896519303323,0.0,0.0,0.0,0.00037280272888311824,0.00037280272888311824,5.5683031678199074e-05,5.5683031678199074e-05,True
Test,original,64,randomness_0.1982,0.035181619226932526,0.0356765016913414,0.0356765016913414,0.0,0.0,0.0,0.0004027923439094918,0.0004027923439094918,0.0004948824644088745,0.0004948824644088745,True
Test,original,65,randomness_0.2943,0.03517470136284828,0.03553293570876122,0.03553293570876122,0.0,0.0,0.0,0.00039265916175486635,0.00039265916175486635,0.0003582343459129361,0.0003582343459129361,True
Test,original,66,randomness_0.3123,0.03714391961693764,0.034489335119724275,0.034489335119724275,0.0,0.0,0.0,0.0005683259251904571,0.0005683259251904571,0.0026545844972133623,0.0026545844972133623,True
Test,original,67,randomness_0.7497,0.007547418586909771,0.011677532270550729,0.011677532270550729,0.0,0.0,0.0,0.00037473814513798925,0.00037473814513798925,0.004130113683640958,0.004130113683640958,True
Test,original,68,randomness_0.3824,0.0404185950756073,0.03441468551754952,0.03441468551754952,0.0,0.0,0.0,0.00052078792656764,0.00052078792656764,0.006003909558057782,0.006003909558057782,True
Test,original,69,randomness_0.1201,0.03461236506700516,0.03754418790340423,0.03754418790340423,0.0,0.0,0.0,0.00043989724464251433,0.00043989724464251433,0.0029318228363990756,0.0029318228363990756,True
Test,original,70,randomness_0.8799,0.00699444767087698,0.00883378330618143,0.00883378330618143,0.0,0.0,0.0,0.00042510485425180464,0.00042510485425180464,0.0018393356353044506,0.0018393356353044506,True
Test,original,71,randomness_0.4454,0.03629140555858612,0.030664356797933577,0.030664356797933577,0.0,0.0,0.0,0.000964047844560858,0.000964047844560858,0.0056270487606525435,0.0056270487606525435,True
Test,original,72,randomness_0.6496,0.02062382735311985,0.016070734336972238,0.016070734336972238,0.0,0.0,0.0,0.00029281336379804735,0.00029281336379804735,0.004553093016147612,0.004553093016147612,True
Test,original,73,randomness_0.0961,0.03442269563674927,0.03595208898186684,0.03595208898186684,0.0,0.0,0.0,0.0004232159286177456,0.0004232159286177456,0.0015293933451175704,0.0015293933451175704,True
Test,original,74,randomness_0.5345,0.01858634315431118,0.021180487424135207,0.021180487424135207,0.0,0.0,0.0,0.0001826520308813798,0.0001826520308813798,0.0025941442698240273,0.0025941442698240273,True
Test,original,75,randomness_0.8168,0.0062795402482151985,0.01133883036673069,0.01133883036673069,0.0,0.0,0.0,0.0005780102923575549,0.0005780102923575549,0.005059290118515492,0.005059290118515492,True
Test,original,76,randomness_0.1011,0.036559849977493286,0.03502665087580681,0.03502665087580681,0.0,0.0,0.0,0.0007981868502265683,0.0007981868502265683,0.0015331991016864777,0.0015331991016864777,True
Test,original,77,randomness_0.0721,0.03727954253554344,0.03856367990374565,0.03856367990374565,0.0,0.0,0.0,0.00041499011290005753,0.00041499011290005753,0.0012841373682022095,0.0012841373682022095,True
Test,original,78,randomness_0.7167,0.016387207433581352,0.01165401991456747,0.01165401991456747,0.0,0.0,0.0,0.0007210311267195283,0.0007210311267195283,0.004733187519013882,0.004733187519013882,True
Test,original,79,randomness_0.8238,0.013117153197526932,0.011955158226191998,0.011955158226191998,0.0,0.0,0.0,0.0007811764768967687,0.0007811764768967687,0.0011619949713349339,0.0011619949713349339,True
Test,original,80,randomness_0.7407,0.018954401835799217,0.014214779622852803,0.014214779622852803,0.0,0.0,0.0,0.0004965816552400015,0.0004965816552400015,0.004739622212946415,0.004739622212946415,True
Test,original,81,randomness_0.0390,0.03908586874604225,0.03695358708500862,0.03695358708500862,0.0,0.0,0.0,0.0007142386646443946,0.0007142386646443946,0.0021322816610336304,0.0021322816610336304,True
Test,original,82,randomness_0.9249,0.0027470618952065706,0.008397187106311321,0.008397187106311321,0.0,0.0,0.0,0.0004478397016540132,0.0004478397016540132,0.005650125211104751,0.005650125211104751,True
Test,original,83,randomness_0.3654,0.03203712776303291,0.03358266428112984,0.03358266428112984,0.0,0.0,0.0,0.0005283024663810084,0.0005283024663810084,0.0015455365180969266,0.0015455365180969266,True
Test,original,84,randomness_0.8298,0.010121873579919338,0.012014842592179775,0.012014842592179775,0.0,0.0,0.0,0.00031936614736905036,0.00031936614736905036,0.001892969012260437,0.001892969012260437,True
Test,original,85,randomness_0.5485,0.024540526792407036,0.023491095378994943,0.023491095378994943,0.0,0.0,0.0,0.0004573356405284225,0.0004573356405284225,0.0010494314134120927,0.0010494314134120927,True
Test,original,86,randomness_0.7678,0.012096458114683628,0.012931043095886708,0.012931043095886708,0.0,0.0,0.0,0.000934769373956801,0.000934769373956801,0.0008345849812030799,0.0008345849812030799,True
Test,original,87,randomness_0.6877,0.00928312074393034,0.013873529434204102,0.013873529434204102,0.0,0.0,0.0,0.0006195804265684859,0.0006195804265684859,0.0045904086902737624,0.0045904086902737624,True
Test,original,88,randomness_0.9489,0.004402373917400837,0.006822493486106395,0.006822493486106395,0.0,0.0,0.0,0.0010405426347436689,0.0010405426347436689,0.0024201195687055584,0.0024201195687055584,True
Test,original,89,randomness_0.0541,0.037917304784059525,0.03507073223590851,0.03507073223590851,0.0,0.0,0.0,0.0006737934943217498,0.0006737934943217498,0.0028465725481510162,0.0028465725481510162,True
Test,original,90,randomness_0.3714,0.03878291696310043,0.03366486057639122,0.03366486057639122,0.0,0.0,0.0,0.00036160295450816417,0.00036160295450816417,0.005118056386709216,0.005118056386709216,True
Test,original,91,randomness_0.2472,0.04218277707695961,0.04007003977894783,0.04007003977894783,0.0,0.0,0.0,0.0004286972409106019,0.0004286972409106019,0.0021127372980117784,0.0021127372980117784,True
Test,original,92,randomness_0.3514,0.034423813223838806,0.030358089506626128,0.030358089506626128,0.0,0.0,0.0,0.0005386335368874673,0.0005386335368874673,0.004065723717212678,0.004065723717212678,True
Test,original,93,randomness_0.4995,0.027025047689676285,0.027240237221121788,0.027240237221121788,0.0,0.0,0.0,0.0005646181710731277,0.0005646181710731277,0.00021518953144550323,0.00021518953144550323,True
Test,original,94,randomness_0.0761,0.035666197538375854,0.03394862860441208,0.03394862860441208,0.0,0.0,0.0,0.0003919993886786485,0.0003919993886786485,0.001717568933963777,0.001717568933963777,True
Test,original,95,randomness_0.2132,0.03450039401650429,0.03354946225881576,0.03354946225881576,0.0,0.0,0.0,0.0005869054909414319,0.0005869054909414319,0.0009509317576885251,0.0009509317576885251,True
Test,original,96,randomness_0.8849,0.0015759459929540753,0.00863613374531269,0.00863613374531269,0.0,0.0,0.0,0.0012329785827789404,0.0012329785827789404,0.007060187752358615,0.007060187752358615,True
Test,original,97,randomness_0.6266,0.02275308407843113,0.016261043772101403,0.016261043772101403,0.0,0.0,0.0,0.0004956130381370528,0.0004956130381370528,0.0064920403063297265,0.0064920403063297265,True
Test,original,98,randomness_0.9870,0.0015948686050251126,0.000939031631423859,0.000939031631423859,0.0,0.0,0.0,0.0008457456657246078,0.0008457456657246078,0.0006558369736012537,0.0006558369736012537,True
Test,original,99,randomness_0.8929,0.0076829856261610985,0.008540288358926774,0.008540288358926774,0.0,0.0,0.0,0.0008374840578941235,0.0008374840578941235,0.0008573027327656753,0.0008573027327656753,True
Test,mirror_x,0,randomness_0.4364,0.029904160648584366,0.02819271422922611,0.029134437814354895,0.0009417235851287842,0.0009417235851287842,3.340308341623035,0.0010294116984001253,0.0011911241748699748,0.0017114464193582549,0.0007697228342294707,False
Test,mirror_x,1,randomness_0.8999,0.0001607175508979708,0.0019354157440830023,0.0024818152422085406,0.0005463994981255384,0.0005463994981255384,28.231634458694653,0.001302676664390733,0.0009311622416661811,0.0017746981931850315,0.00232109769131057,False
Test,mirror_x,2,randomness_0.3463,0.028783505782485008,0.03082413300871849,0.030876623839139937,5.249083042144567e-05,5.249083042144567e-05,0.17029134414453387,0.0007648223107890366,0.001069801053000603,0.002040627226233483,0.0020931180566549287,False
Test,mirror_x,3,randomness_0.0601,0.038523707538843155,0.03914892598986626,0.03946426138281822,0.00031533539295196256,0.00031533539295196256,0.8054764849324026,0.0004659725951167148,0.0002711545145188627,0.0006252184510231046,0.0009405538439750671,False
Test,mirror_x,4,randomness_0.8679,0.008534790016710758,0.008498804457485677,0.008123683929443359,-0.0003751205280423178,0.0003751205280423178,4.413803493406826,0.0004924190851258075,0.0013423283733787238,3.5985559225081704e-05,0.00041110608726739953,False
Test,mirror_x,5,randomness_0.4324,0.03343658149242401,0.032684313505887984,0.03238474577665329,-0.00029956772923469405,0.00029956772923469405,0.9165489407655075,0.0005980646495096384,0.0005674560118106724,0.0007522679865360274,0.0010518357157707214,False
Test,mirror_x,6,randomness_0.5435,0.01657457835972309,0.020329218357801437,0.020383558049798012,5.4339691996575096e-05,5.4339691996575096e-05,0.2672984816247102,0.000851384103700825,0.0006320915639621169,0.0037546399980783463,0.0038089796900749213,False
Test,mirror_x,7,randomness_0.3614,0.03378213196992874,0.03368760943412781,0.03372361585497856,3.600642085074823e-05,3.600642085074823e-05,0.10688327683552193,0.00020268802402117266,0.00048392234322841186,9.452253580093106e-05,5.851611495018283e-05,False
Test,mirror_x,8,randomness_0.4865,0.028001928701996803,0.03142721988260746,0.03118477389216423,-0.0002424459904432283,0.0002424459904432283,0.7714522358288632,0.000429626148352744,0.0006535661851071047,0.0034252911806106554,0.003182845190167427,False
Test,mirror_x,9,randomness_0.2773,0.035752955824136734,0.03760512620210647,0.037443531304597856,-0.00016159489750861705,0.00016159489750861705,0.4297150783117575,0.00031560432580799325,0.00027677562227587004,0.001852170377969739,0.001690575480461122,False
Test,mirror_x,10,randomness_0.6627,0.02130408026278019,0.022804492339491843,0.022236060351133347,-0.0005684319883584969,0.0005684319883584969,2.492631626682216,0.0009751313371816254,0.00025783164727945516,0.001500412076711654,0.000931980088353157,False
Test,mirror_x,11,randomness_0.3774,0.034980010241270065,0.03397245183587074,0.03460226878523827,0.0006298169493675274,0.0006298169493675274,1.8539049003890793,0.0007347644872700862,0.0006269043527642121,0.001007558405399324,0.00037774145603179654,False
Test,mirror_x,12,randomness_0.6687,0.01660303585231304,0.021212150156497956,0.020735415816307067,-0.00047673434019088884,0.00047673434019088884,2.2474588227674315,0.0005889595048764632,0.000651662736804551,0.004609114304184914,0.0041323799639940255,False
Test,mirror_x,13,randomness_0.5896,0.025645151734352112,0.024923408403992653,0.02439795471727848,-0.0005254536867141738,0.0005254536867141738,2.1082737890295844,0.0007911659528872577,0.0008411251376941982,0.0007217433303594589,0.0012471970170736327,False
Test,mirror_x,14,randomness_0.3554,0.03571183979511261,0.03606520816683769,0.03607247471809387,7.266551256178422e-06,7.266551256178422e-06,0.02014836909456712,0.0008034981800248337,0.0007954384739743453,0.000353368371725081,0.00036063492298125943,False
Test,mirror_x,15,randomness_0.2593,0.034776538610458374,0.03688777014613152,0.03670801445841789,-0.00017975568771362582,0.00017975568771362582,0.4873042935409776,0.0004954891017095303,0.00035335534310007685,0.002111231535673143,0.001931475847959517,False
Test,mirror_x,16,randomness_0.6176,0.025575056672096252,0.019655602425336836,0.01970227509737015,4.667267203331202e-05,4.667267203331202e-05,0.2374522592762109,0.0008669856672082005,0.00033328405663722897,0.005919454246759416,0.005872781574726104,False
Test,mirror_x,17,randomness_0.9780,3.279328893768252e-06,0.002765930094756186,0.0029798213159665464,0.00021389122121036027,0.00021389122121036027,7.733066776194665,0.0009333868112379688,0.0008984674080226066,0.002762650765862418,0.002976541987072778,False
Test,mirror_x,18,randomness_0.2753,0.03773081675171852,0.03786808028817177,0.03788329064846039,1.5210360288619995e-05,1.5210360288619995e-05,0.04016670550202411,0.0001852412980594714,0.0003048214987509847,0.00013726353645324846,0.00015247389674186845,False
Test,mirror_x,19,randomness_0.0701,0.03618176653981209,0.03643096312880516,0.03655278906226158,0.00012182593345642229,0.00012182593345642229,0.3344021760437544,0.00037331388063519845,0.00026221399126322555,0.00024919658899306973,0.000371022522449492,False
Test,mirror_x,20,randomness_0.2372,0.04343936964869499,0.041466948390007016,0.04155130013823509,8.435174822807312e-05,8.435174822807312e-05,0.20341923267351106,0.00048558523235834857,0.0004894576743672349,0.001972421258687976,0.0018880695104599027,False
Test,mirror_x,21,randomness_0.2803,0.034028586000204086,0.034195809811353686,0.034634717553853986,0.0004389077425002996,0.0004389077425002996,1.283513228438221,0.00047886358609213544,0.0002571828130000757,0.00016722381114959994,0.0006061315536498996,False
Test,mirror_x,22,randomness_0.8228,0.001965631963685155,0.0053432976827025415,0.004905089223757386,-0.00043820845894515514,0.00043820845894515514,8.2010863883503,0.0006835280984216794,0.0008690905228855598,0.0033776657190173866,0.0029394572600722315,False
Test,mirror_x,23,randomness_0.2182,0.03561365231871605,0.03455611541867256,0.03456401750445366,7.902085781101575e-06,7.902085781101575e-06,0.022867401863207244,0.0004943971106844354,0.0005740680894484739,0.001057536900043489,0.0010496348142623874,False
Test,mirror_x,24,randomness_0.6927,0.02150697261095047,0.01978771686553955,0.019375019520521165,-0.00041269734501838545,0.00041269734501838545,2.085623863645941,0.0005758228064852214,0.0004550483840407457,0.0017192557454109199,0.0021319530904293053,False
Test,mirror_x,25,randomness_0.2963,0.0379083976149559,0.038877101987600325,0.03885082304477692,-2.627894282340726e-05,2.627894282340726e-05,0.0675949118630005,0.0004720838161628573,0.00027663253725877297,0.000968704372644423,0.0009424254298210158,False
Test,mirror_x,26,randomness_0.3183,0.032574255019426346,0.03256628736853599,0.032926055043935774,0.00035976767539978166,0.00035976767539978166,1.1047242546516745,0.000379162271765732,0.0002687221692160068,7.967650890353117e-06,0.00035180002450942854,False
Test,mirror_x,27,randomness_0.8669,0.000550733064301312,0.003543578088283539,0.0023657262325286867,-0.0011778518557548521,0.0011778518557548521,33.23905460554949,0.0004992933162762454,0.0006874653364714783,0.002992845023982227,0.0018149931682273747,False
Test,mirror_x,28,randomness_0.5596,0.02113732509315014,0.021663343533873558,0.022502250596880914,0.0008389070630073561,0.0008389070630073561,3.8724726942339807,0.0008512705996039576,0.0010070590232811852,0.0005260184407234192,0.0013649255037307753,False
Test,mirror_x,29,randomness_0.2653,0.03422939032316208,0.035274706035852435,0.035591673105955124,0.0003169670701026889,0.0003169670701026889,0.8985675735483962,0.000698968994951333,0.0006788427778263869,0.0010453157126903562,0.001362282782793045,False
Test,mirror_x,30,randomness_0.1361,0.03697212412953377,0.03815213963389397,0.03806151673197746,-9.06229019165053e-05,9.06229019165053e-05,0.2375303267028223,0.0003634936152391873,0.0003434861377329229,0.001180015504360199,0.0010893926024436937,False
Test,mirror_x,31,randomness_0.7618,0.01672402210533619,0.0158477121964097,0.015286516770720482,-0.0005611954256892187,0.0005611954256892187,3.541176282948636,0.0007347028652018808,0.0005778443422411007,0.0008763099089264884,0.001437505334615707,False
Test,mirror_x,32,randomness_0.0300,0.04144977033138275,0.03898252472281456,0.038952022790908813,-3.0501931905749236e-05,3.0501931905749236e-05,0.07824514220829301,0.00030690733153364877,0.00039306969491115316,0.0024672456085681888,0.002497747540473938,False
Test,mirror_x,33,randomness_0.2893,0.025877267122268677,0.030227553471922873,0.030797620862722398,0.0005700673907995252,0.0005700673907995252,1.8859197166884092,0.0004754190846135676,0.0006591808113627502,0.004350286349654196,0.0049203537404537215,False
Test,mirror_x,34,randomness_0.6436,0.02099030651152134,0.01880144365131855,0.01822374016046524,-0.0005777034908533082,0.0005777034908533082,3.072654959731211,0.0004400723645116956,0.0003786418797910599,0.0021888628602027907,0.002766566351056099,False
Test,mirror_x,35,randomness_0.6356,0.015841074287891388,0.01852170117199421,0.018997445330023767,0.00047574415802955836,0.00047574415802955836,2.568577009270124,0.0006417010137088428,0.0008466916510504746,0.0026806268841028207,0.003156371042132379,False
Test,mirror_x,36,randomness_0.0551,0.03732594847679138,0.03796341717243194,0.038013909757137296,5.049258470535278e-05,5.049258470535278e-05,0.1330032659494604,0.00043705074898659066,0.0004885539552775059,0.0006374686956405612,0.000687961280345914,False
Test,mirror_x,37,randomness_0.2152,0.03537635877728462,0.03190508782863617,0.032411524653434755,0.0005064368247985826,0.0005064368247985826,1.5873230862697516,0.0008870370007945303,0.000751488552965835,0.00347127094864845,0.0029648341238498674,False
Test,mirror_x,38,randomness_0.8659,0.009412657469511032,0.013684233091771603,0.012301667965948582,-0.001382565125823021,0.001382565125823021,10.103343874304247,0.0010738589324913476,0.0012195786777615938,0.004271575622260571,0.00288901049643755,False
Test,mirror_x,39,randomness_0.6527,0.016307538375258446,0.01739366017282009,0.017365138977766037,-2.8521195054052872e-05,2.8521195054052872e-05,0.16397465956372448,0.00030196697055607597,0.0004363067099145881,0.0010861217975616441,0.0010576006025075912,False
Test,mirror_x,40,randomness_0.3073,0.0371292345225811,0.036227117478847506,0.036183618009090424,-4.3499469757082854e-05,4.3499469757082854e-05,0.1200743332187044,0.0004818757562414866,0.00034862785272662424,0.000902117043733594,0.0009456165134906769,False
Test,mirror_x,41,randomness_0.2082,0.03589737415313721,0.03766464963555336,0.037574610114097594,-9.003952145576755e-05,9.003952145576755e-05,0.2390557786332763,0.0002986247132792836,0.0004572767809975978,0.0017672754824161543,0.0016772359609603868,False
Test,mirror_x,42,randomness_0.9019,0.002554831327870488,0.0018761396466288715,0.002556215994991362,0.0006800763483624905,0.0006800763483624905,36.24870619756269,0.0009776922420336135,0.0009396111262774451,0.0006786916812416167,1.3846671208738413e-06,False
Test,mirror_x,43,randomness_0.2102,0.038845494389534,0.03721804246306419,0.037748392671346664,0.0005303502082824735,0.0005303502082824735,1.4249814691592173,0.000272263632285231,0.00046134345602562006,0.0016274519264698056,0.0010971017181873322,False
Test,mirror_x,44,randomness_0.7137,0.014563924632966518,0.016224480979144574,0.015687608532607554,-0.0005368724465370199,0.0005368724465370199,3.3090269403818318,0.0006483515215711671,0.0005687201184744792,0.0016605563461780555,0.0011236838996410356,False
Test,mirror_x,45,randomness_0.4084,0.033570900559425354,0.03115663640201092,0.03110976628959179,-4.68701124191305e-05,4.68701124191305e-05,0.15043380105082654,0.00038002175419242257,0.00033385842392254044,0.002414264157414435,0.0024611342698335655,False
Test,mirror_x,46,randomness_0.9479,0.009905030019581318,0.003564971638843417,0.004837696859613061,0.001272725220769644,0.001272725220769644,35.70085121862439,0.0011500230371053598,0.001137791093028071,0.0063400583807379,0.005067333159968257,False
Test,mirror_x,47,randomness_0.3193,0.03850352391600609,0.03679937720298767,0.03674142956733704,-5.794763565063199e-05,5.794763565063199e-05,0.15746906620454254,0.0005793795966778069,0.00046956384690409047,0.0017041467130184187,0.0017620943486690507,False
Test,mirror_x,48,randomness_0.2813,0.03455840423703194,0.03746616169810295,0.03792726919054985,0.00046110749244690497,0.00046110749244690497,1.2307305353626672,0.00027788633163403374,0.00016205348183152469,0.0029077574610710116,0.0033688649535179166,False
Test,mirror_x,49,randomness_0.9990,0.0025757469702512026,0.0072799215093255045,0.0074478423222899435,0.00016792081296443905,0.00016792081296443905,2.3066294430418544,0.000745375169627892,0.00035564904710242454,0.004704174539074302,0.004872095352038741,False
Test,mirror_x,50,randomness_0.0861,0.03853650018572807,0.038480544835329054,0.03795825093984604,-0.0005222938954830142,0.0005222938954830142,1.357293400387344,0.0004947164727033881,0.00041633317915530145,5.595535039901872e-05,0.0005782492458820329,False
Test,mirror_x,51,randomness_0.9900,0.0056488653644919395,0.004898893274366855,0.006131592579185963,0.0012326993048191077,0.0012326993048191077,25.162812002235846,0.0004951679243967955,0.0008429822717439786,0.0007499720901250843,0.0004827272146940235,False
Test,mirror_x,52,randomness_0.6787,0.017087284475564957,0.012462884187698364,0.013369297049939633,0.0009064128622412685,0.0009064128622412685,7.272898059471289,0.00025533539947025823,0.00041969795798523315,0.004624400287866592,0.003717987425625324,False
Test,mirror_x,53,randomness_0.5836,0.024796433746814728,0.021872729063034058,0.02133302167057991,-0.000539707392454146,0.000539707392454146,2.4674899547230114,0.000294478286253438,0.0009559826775015991,0.00292370468378067,0.003463412076234816,False
Test,mirror_x,54,randomness_0.9790,0.0026478071231395006,0.0023696299642324446,0.0029704462504014373,0.0006008162861689927,0.0006008162861689927,25.354856886425527,0.000561668169040909,0.0010383929486027887,0.00027817715890705603,0.00032263912726193666,False
Test,mirror_x,55,randomness_0.7417,0.008688955567777157,0.010668745636940003,0.010562444105744362,-0.00010630153119564091,0.00010630153119564091,0.9963826565287782,0.00035342205400200425,0.0003099681237032036,0.001979790069162846,0.001873488537967205,False
Test,mirror_x,56,randomness_0.0440,0.03956732526421547,0.03488902673125267,0.03495395630598068,6.492957472800653e-05,6.492957472800653e-05,0.1861031413348207,0.00033953767238372763,0.0004194258153829399,0.004678298532962796,0.00461336895823479,False
Test,mirror_x,57,randomness_0.0631,0.0343242883682251,0.03622714802622795,0.035856868326663974,-0.0003702796995639773,0.0003702796995639773,1.022105574791314,0.00030754973898400426,0.0004848997049455793,0.0019028596580028534,0.001532579958438876,False
Test,mirror_x,58,randomness_0.1101,0.03572596609592438,0.03678830713033676,0.03689236864447594,0.00010406151413917819,0.00010406151413917819,0.2828657316861582,0.0004255716459411197,0.0005804711024680538,0.001062341034412384,0.0011664025485515622,False
Test,mirror_x,59,randomness_0.7648,0.014725374057888985,0.01675097309052944,0.016875101253390312,0.00012412816286087175,0.00012412816286087175,0.7410206093104558,0.0008158241192231151,0.0010601005123993068,0.0020255990326404558,0.0021497271955013275,False
Test,mirror_x,60,randomness_0.3103,0.03514377400279045,0.036243198066949846,0.036588498204946515,0.0003453001379966694,0.0003453001379966694,0.9527308747942651,0.0004374352205974826,0.0006749056581439515,0.0010994240641593947,0.0014447242021560641,False
Test,mirror_x,61,randomness_0.0881,0.03940906748175621,0.03828203976154328,0.038067412376403806,-0.00021462738513947088,0.00021462738513947088,0.5606477253468548,0.0003731428134240655,0.00044208326002428847,0.0011270277202129336,0.0013416551053524045,False
Test,mirror_x,62,randomness_0.1391,0.03866087272763252,0.037186314910650255,0.037204714864492415,1.839995384216031e-05,1.839995384216031e-05,0.04948044431498782,0.00036163059039552613,0.00045573291599771077,0.001474557816982268,0.0014561578631401076,False
Test,mirror_x,63,randomness_0.6366,0.02110357955098152,0.021047896519303323,0.02089112214744091,-0.0001567743718624108,0.0001567743718624108,0.744845793586218,0.00037280272888311824,0.0004886951893419739,5.5683031678199074e-05,0.00021245740354060988,False
Test,mirror_x,64,randomness_0.1982,0.035181619226932526,0.0356765016913414,0.035334900766611096,-0.0003416009247303037,0.0003416009247303037,0.9574955742177192,0.0004027923439094918,0.0006032320156943201,0.0004948824644088745,0.00015328153967857083,False
Test,mirror_x,65,randomness_0.2943,0.03517470136284828,0.03553293570876122,0.035081394016742706,-0.0004515416920185117,0.0004515416920185117,1.2707694509665206,0.00039265916175486635,0.0001890223502644939,0.0003582343459129361,9.330734610557556e-05,False
Test,mirror_x,66,randomness_0.3123,0.03714391961693764,0.034489335119724275,0.03423059955239296,-0.00025873556733131686,0.00025873556733131686,0.750190070156926,0.0005683259251904571,0.0003023808733512829,0.0026545844972133623,0.002913320064544679,False
Test,mirror_x,67,randomness_0.7497,0.007547418586909771,0.011677532270550729,0.013455499708652497,0.0017779674381017685,0.0017779674381017685,15.225540781296571,0.00037473814513798925,0.0006805843253391929,0.004130113683640958,0.005908081121742726,False
Test,mirror_x,68,randomness_0.3824,0.0404185950756073,0.03441468551754952,0.03424099609255791,-0.00017368942499160905,0.00017368942499160905,0.5046956622719606,0.00052078792656764,0.0003518440304744323,0.006003909558057782,0.006177598983049391,False
Test,mirror_x,69,randomness_0.1201,0.03461236506700516,0.03754418790340423,0.037536051124334335,-8.136779069897737e-06,8.136779069897737e-06,0.0216725398105094,0.00043989724464251433,0.0006113457556504208,0.0029318228363990756,0.002923686057329178,False
Test,mirror_x,70,randomness_0.8799,0.00699444767087698,0.00883378330618143,0.009184158034622669,0.0003503747284412384,0.0003503747284412384,3.9663043148914925,0.00042510485425180464,0.00047157757702999945,0.0018393356353044506,0.002189710363745689,False
Test,mirror_x,71,randomness_0.4454,0.03629140555858612,0.030664356797933577,0.0320297822356224,0.0013654254376888261,0.0013654254376888261,4.452809646999803,0.000964047844560858,0.001267854093435853,0.0056270487606525435,0.004261623322963717,False
Test,mirror_x,72,randomness_0.6496,0.02062382735311985,0.016070734336972238,0.01620140615850687,0.00013067182153463086,0.00013067182153463086,0.8131042352806992,0.00029281336379804735,0.0005037953917702466,0.004553093016147612,0.004422421194612981,False
Test,mirror_x,73,randomness_0.0961,0.03442269563674927,0.03595208898186684,0.03551802411675453,-0.0004340648651123061,0.0004340648651123061,1.2073425422685047,0.0004232159286177456,0.0003814027420172837,0.0015293933451175704,0.0010953284800052643,False
Test,mirror_x,74,randomness_0.5345,0.01858634315431118,0.021180487424135207,0.022396641969680785,0.001216154545545578,0.001216154545545578,5.741862881586792,0.0001826520308813798,0.0008345611377783993,0.0025941442698240273,0.0038102988153696053,False
Test,mirror_x,75,randomness_0.8168,0.0062795402482151985,0.01133883036673069,0.011196775548160075,-0.0001420548185706149,0.0001420548185706149,1.252817212853087,0.0005780102923575549,0.0007646961478310869,0.005059290118515492,0.004917235299944877,False
Test,mirror_x,76,randomness_0.1011,0.036559849977493286,0.03502665087580681,0.03561433926224709,0.0005876883864402785,0.0005876883864402785,1.6778320842721497,0.0007981868502265683,0.0003884087886966118,0.0015331991016864777,0.0009455107152461992,False
Test,mirror_x,77,randomness_0.0721,0.03727954253554344,0.03856367990374565,0.038393913954496386,-0.0001697659492492648,0.0001697659492492648,0.4402223793813194,0.00041499011290005753,0.0003045903218900831,0.0012841373682022095,0.0011143714189529447,False
Test,mirror_x,78,randomness_0.7167,0.016387207433581352,0.01165401991456747,0.011427883431315422,-0.0002261364832520478,0.0002261364832520478,1.9404161388927976,0.0007210311267195283,0.0006462074248450488,0.004733187519013882,0.00495932400226593,False
Test,mirror_x,79,randomness_0.8238,0.013117153197526932,0.011955158226191998,0.012032600119709969,7.744189351797069e-05,7.744189351797069e-05,0.647769707876445,0.0007811764768967687,0.0008751185955444234,0.0011619949713349339,0.0010845530778169632,False
Test,mirror_x,80,randomness_0.7407,0.018954401835799217,0.014214779622852803,0.013985668122768403,-0.00022911150008439983,0.00022911150008439983,1.6117836938960497,0.0004965816552400015,0.0003883554951713705,0.004739622212946415,0.004968733713030814,False
Test,mirror_x,81,randomness_0.0390,0.03908586874604225,0.03695358708500862,0.0375550739467144,0.0006014868617057814,0.0006014868617057814,1.6276819360515975,0.0007142386646443946,0.0003537556609424437,0.0021322816610336304,0.001530794799327849,False
Test,mirror_x,82,randomness_0.9249,0.0027470618952065706,0.008397187106311321,0.008284062892198563,-0.00011312421411275794,0.00011312421411275794,1.347167958514749,0.0004478397016540132,0.0009578777264680728,0.005650125211104751,0.005537000996991993,False
Test,mirror_x,83,randomness_0.3654,0.03203712776303291,0.03358266428112984,0.03369410485029221,0.00011144056916236739,0.00011144056916236739,0.3318395712426725,0.0005283024663810084,0.0006929808920621645,0.0015455365180969266,0.001656977087259294,False
Test,mirror_x,84,randomness_0.8298,0.010121873579919338,0.012014842592179775,0.011536918953061104,-0.00047792363911867107,0.00047792363911867107,3.9777769492356243,0.00031936614736905036,0.0007812905527770523,0.001892969012260437,0.001415045373141766,False
Test,mirror_x,85,randomness_0.5485,0.024540526792407036,0.023491095378994943,0.022429430112242698,-0.0010616652667522451,0.0010616652667522451,4.519437044649504,0.0004573356405284225,0.0007419133027551976,0.0010494314134120927,0.002111096680164338,False
Test,mirror_x,86,randomness_0.7678,0.012096458114683628,0.012931043095886708,0.012360486201941967,-0.000570556893944741,0.000570556893944741,4.412303707550336,0.000934769373956801,0.001008611243774497,0.0008345849812030799,0.00026402808725833893,False
Test,mirror_x,87,randomness_0.6877,0.00928312074393034,0.013873529434204102,0.012624271214008331,-0.001249258220195771,0.001249258220195771,9.004617218137891,0.0006195804265684859,0.0007444493480988434,0.0045904086902737624,0.0033411504700779915,False
Test,mirror_x,88,randomness_0.9489,0.004402373917400837,0.006822493486106395,0.006898030079901219,7.553659379482339e-05,7.553659379482339e-05,1.1071698924835793,0.0010405426347436689,0.001075734886254423,0.0024201195687055584,0.002495656162500382,False
Test,mirror_x,89,randomness_0.0541,0.037917304784059525,0.03507073223590851,0.03543211221694946,0.0003613799810409518,0.0003613799810409518,1.0304318102344583,0.0006737934943217498,0.0006067508118095639,0.0028465725481510162,0.0024851925671100644,False
Test,mirror_x,90,randomness_0.3714,0.03878291696310043,0.03366486057639122,0.03337077647447586,-0.0002940841019153581,0.0002940841019153581,0.8735639978310082,0.00036160295450816417,0.00017696654018367175,0.005118056386709216,0.005412140488624574,False
Test,mirror_x,91,randomness_0.2472,0.04218277707695961,0.04007003977894783,0.039942065626382826,-0.00012797415256500522,0.00012797415256500522,0.31937615552915133,0.0004286972409106019,0.000397014134687331,0.0021127372980117784,0.0022407114505767836,False
Test,mirror_x,92,randomness_0.3514,0.034423813223838806,0.030358089506626128,0.0301628228276968,-0.00019526667892932892,0.00019526667892932892,0.6432113552030635,0.0005386335368874673,0.0007629014964412446,0.004065723717212678,0.004260990396142007,False
Test,mirror_x,93,randomness_0.4995,0.027025047689676285,0.027240237221121788,0.02659754827618599,-0.0006426889449357986,0.0006426889449357986,2.3593368138419315,0.0005646181710731277,0.00075084974088913,0.00021518953144550323,0.0004274994134902954,False
Test,mirror_x,94,randomness_0.0761,0.035666197538375854,0.03394862860441208,0.03380460143089294,-0.00014402717351913452,0.00014402717351913452,0.42425034365133757,0.0003919993886786485,0.0003428337886617711,0.001717568933963777,0.0018615961074829115,False
Test,mirror_x,95,randomness_0.2132,0.03450039401650429,0.03354946225881576,0.033811578154563905,0.0002621158957481426,0.0002621158957481426,0.7812819583397843,0.0005869054909414319,0.0005130905969513411,0.0009509317576885251,0.0006888158619403825,False
Test,mirror_x,96,randomness_0.8849,0.0015759459929540753,0.00863613374531269,0.007737061940133572,-0.0008990718051791191,0.0008990718051791191,10.410582231511817,0.0012329785827789404,0.0006327173870265822,0.007060187752358615,0.006161115947179496,False
Test,mirror_x,97,randomness_0.6266,0.02275308407843113,0.016261043772101403,0.015792343020439147,-0.0004687007516622557,0.0004687007516622557,2.88235342227165,0.0004956130381370528,0.0004921766161312186,0.0064920403063297265,0.006960741057991982,False
Test,mirror_x,98,randomness_0.9870,0.0015948686050251126,0.000939031631423859,0.0007907792285550385,-0.00014825240286882042,0.00014825240286882042,15.787796481788845,0.0008457456657246078,0.0006963213756136837,0.0006558369736012537,0.0008040893764700741,False
Test,mirror_x,99,randomness_0.8929,0.0076829856261610985,0.008540288358926774,0.008661301620304585,0.00012101326137781143,0.00012101326137781143,1.4169692672182643,0.0008374840578941235,0.0004635508282423226,0.0008573027327656753,0.0009783159941434867,False
Test,mirror_y,0,randomness_0.4364,0.029904160648584366,0.02819271422922611,0.028157228976488112,-3.548525273799896e-05,3.548525273799896e-05,0.12586674858433108,0.0010294116984001253,0.000953311791875059,0.0017114464193582549,0.0017469316720962538,False
Test,mirror_y,1,randomness_0.8999,0.0001607175508979708,0.0019354157440830023,0.0016090806340798736,-0.00032633511000312865,0.00032633511000312865,16.861240847131057,0.001302676664390733,0.0013154193328805748,0.0017746981931850315,0.0014483630831819028,False
Test,mirror_y,2,randomness_0.3463,0.028783505782485008,0.03082413300871849,0.030848492681980134,2.4359673261642456e-05,2.4359673261642456e-05,0.07902792677008114,0.0007648223107890366,0.00043900639740202424,0.002040627226233483,0.0020649868994951255,False
Test,mirror_y,3,randomness_0.0601,0.038523707538843155,0.03914892598986626,0.039384647458791736,0.00023572146892547607,0.00023572146892547607,0.6021147782866197,0.0004659725951167148,0.00017983803046896108,0.0006252184510231046,0.0008609399199485807,False
Test,mirror_y,4,randomness_0.8679,0.008534790016710758,0.008498804457485677,0.009776258282363415,0.0012774538248777386,0.0012774538248777386,15.03098266665693,0.0004924190851258075,0.0005316906139569549,3.5985559225081704e-05,0.001241468265652657,False
Test,mirror_y,5,randomness_0.4324,0.03343658149242401,0.032684313505887984,0.032372237741947175,-0.0003120757639408084,0.0003120757639408084,0.9548181695313528,0.0005980646495096384,0.0005634327824456385,0.0007522679865360274,0.0010643437504768358,False
Test,mirror_y,6,randomness_0.5435,0.01657457835972309,0.020329218357801437,0.019812466576695442,-0.0005167517811059952,0.0005167517811059952,2.541916624687585,0.000851384103700825,0.00042478268007800624,0.0037546399980783463,0.003237888216972351,False
Test,mirror_y,7,randomness_0.3614,0.03378213196992874,0.03368760943412781,0.03399353846907616,0.0003059290349483462,0.0003059290349483462,0.9081351870531351,0.00020268802402117266,0.00031664890416749136,9.452253580093106e-05,0.00021140649914741516,False
Test,mirror_y,8,randomness_0.4865,0.028001928701996803,0.03142721988260746,0.030644142255187034,-0.0007830776274204247,0.0007830776274204247,2.491717785873251,0.000429626148352744,0.00066161171597089,0.0034252911806106554,0.0026422135531902306,False
Test,mirror_y,9,randomness_0.2773,0.035752955824136734,0.03760512620210647,0.037808554619550704,0.00020342841744423051,0.00020342841744423051,0.5409592733472474,0.00031560432580799325,0.00029275497484636026,0.001852170377969739,0.0020555987954139696,False
Test,mirror_y,10,randomness_0.6627,0.02130408026278019,0.022804492339491843,0.021934489905834197,-0.0008700024336576462,0.0008700024336576462,3.8150484593380454,0.0009751313371816254,0.0006279606113353401,0.001500412076711654,0.0006304096430540078,False
Test,mirror_y,11,randomness_0.3774,0.034980010241270065,0.03397245183587074,0.03413422629237175,0.00016177445650100708,0.00016177445650100708,0.47619305572226345,0.0007347644872700862,0.0004363201525250432,0.001007558405399324,0.0008457839488983168,False
Test,mirror_y,12,randomness_0.6687,0.01660303585231304,0.021212150156497956,0.020915767922997475,-0.00029638223350048065,0.00029638223350048065,1.3972286228121449,0.0005889595048764632,0.0007388454218141569,0.004609114304184914,0.004312732070684434,False
Test,mirror_y,13,randomness_0.5896,0.025645151734352112,0.024923408403992653,0.023964283615350725,-0.0009591247886419282,0.0009591247886419282,3.848289018480632,0.0007911659528872577,0.0006080091245198203,0.0007217433303594589,0.0016808681190013872,False
Test,mirror_y,14,randomness_0.3554,0.03571183979511261,0.03606520816683769,0.03622494637966156,0.00015973821282386919,0.00015973821282386919,0.44291498910784055,0.0008034981800248337,0.0008583551154667543,0.000353368371725081,0.0005131065845489502,False
Test,mirror_y,15,randomness_0.2593,0.034776538610458374,0.03688777014613152,0.03681657612323761,-7.119402289390564e-05,7.119402289390564e-05,0.19300169842706494,0.0004954891017095303,0.0004337285842369933,0.002111231535673143,0.0020400375127792372,False
Test,mirror_y,16,randomness_0.6176,0.025575056672096252,0.019655602425336836,0.01976778469979763,0.00011218227446079324,0.00011218227446079324,0.5707394361832733,0.0008669856672082005,0.0004869166311701408,0.005919454246759416,0.005807271972298623,False
Test,mirror_y,17,randomness_0.9780,3.279328893768252e-06,0.002765930094756186,0.0028299179393798113,6.39878446236251e-05,6.39878446236251e-05,2.313429567324823,0.0009333868112379688,0.0005407050994659278,0.002762650765862418,0.002826638610486043,False
Test,mirror_y,18,randomness_0.2753,0.03773081675171852,0.03786808028817177,0.038162970542907716,0.00029489025473594666,0.00029489025473594666,0.778730404319061,0.0001852412980594714,0.00023597636080549488,0.00013726353645324846,0.0004321537911891951,False
Test,mirror_y,19,randomness_0.0701,0.03618176653981209,0.03643096312880516,0.036414938420057295,-1.6024708747862382e-05,1.6024708747862382e-05,0.04398650864981387,0.00037331388063519845,0.0003064082438618759,0.00024919658899306973,0.00023317188024520735,False
Test,mirror_y,20,randomness_0.2372,0.04343936964869499,0.041466948390007016,0.04114035815000534,-0.0003265902400016729,0.0003265902400016729,0.787591690929388,0.00048558523235834857,0.0003456471879865226,0.001972421258687976,0.0022990114986896487,False
Test,mirror_y,21,randomness_0.2803,0.034028586000204086,0.034195809811353686,0.034699013084173204,0.0005032032728195177,0.0005032032728195177,1.4715348915423088,0.00047886358609213544,0.0006200272727743588,0.00016722381114959994,0.0006704270839691176,False
Test,mirror_y,22,randomness_0.8228,0.001965631963685155,0.0053432976827025415,0.005277982167899609,-6.531551480293274e-05,6.531551480293274e-05,1.2223821071091319,0.0006835280984216794,0.0007767581297545798,0.0033776657190173866,0.003312350204214454,False
Test,mirror_y,23,randomness_0.2182,0.03561365231871605,0.03455611541867256,0.03417990356683731,-0.00037621185183524947,0.00037621185183524947,1.0886983310397256,0.0004943971106844354,0.0005198754692481268,0.001057536900043489,0.0014337487518787384,False
Test,mirror_y,24,randomness_0.6927,0.02150697261095047,0.01978771686553955,0.019203635305166243,-0.000584081560373307,0.000584081560373307,2.951738011728322,0.0005758228064852214,0.0003230252530966023,0.0017192557454109199,0.002303337305784227,False
Test,mirror_y,25,randomness_0.2963,0.0379083976149559,0.038877101987600325,0.03848553523421287,-0.00039156675338745256,0.00039156675338745256,1.0071912086254293,0.0004720838161628573,0.00035531688180001484,0.000968704372644423,0.0005771376192569705,False
Test,mirror_y,26,randomness_0.3183,0.032574255019426346,0.03256628736853599,0.03293937221169472,0.0003730848431587261,0.0003730848431587261,1.1456167506498853,0.000379162271765732,0.00021363560723823728,7.967650890353117e-06,0.00036511719226837297,False
Test,mirror_y,27,randomness_0.8669,0.000550733064301312,0.003543578088283539,0.002527468302287161,-0.0010161097859963776,0.0010161097859963776,28.6746830655725,0.0004992933162762454,0.0007235144450952798,0.002992845023982227,0.001976735237985849,False
Test,mirror_y,28,randomness_0.5596,0.02113732509315014,0.021663343533873558,0.02174677699804306,8.343346416950226e-05,8.343346416950226e-05,0.38513659740031725,0.0008512705996039576,0.0004905949397769014,0.0005260184407234192,0.0006094519048929214,False
Test,mirror_y,29,randomness_0.2653,0.03422939032316208,0.035274706035852435,0.035143230110406876,-0.00013147592544555942,0.00013147592544555942,0.37272011653883147,0.000698968994951333,0.0006759260249869076,0.0010453157126903562,0.0009138397872447968,False
Test,mirror_y,30,randomness_0.1361,0.03697212412953377,0.03815213963389397,0.03827034011483192,0.00011820048093795499,0.00011820048093795499,0.30981350475281577,0.0003634936152391873,0.0005248417918696475,0.001180015504360199,0.001298215985298154,False
Test,mirror_y,31,randomness_0.7618,0.01672402210533619,0.0158477121964097,0.01576776783913374,-7.994435727596075e-05,7.994435727596075e-05,0.5044536163022455,0.0007347028652018808,0.0008801138436110744,0.0008763099089264884,0.0009562542662024491,False
Test,mirror_y,32,randomness_0.0300,0.04144977033138275,0.03898252472281456,0.03894166648387909,-4.085823893547336e-05,4.085823893547336e-05,0.10481167965901662,0.00030690733153364877,0.0002563979048096464,0.0024672456085681888,0.002508103847503662,False
Test,mirror_y,33,randomness_0.2893,0.025877267122268677,0.030227553471922873,0.030004654079675674,-0.00022289939224719862,0.00022289939224719862,0.7374046743618886,0.0004754190846135676,0.000432031991750536,0.004350286349654196,0.004127386957406998,False
Test,mirror_y,34,randomness_0.6436,0.02099030651152134,0.01880144365131855,0.018030696362257004,-0.0007707472890615442,0.0007707472890615442,4.099404829519523,0.0004400723645116956,0.0005542833281805644,0.0021888628602027907,0.002959610149264335,False
Test,mirror_y,35,randomness_0.6356,0.015841074287891388,0.01852170117199421,0.018259520083665846,-0.0002621810883283622,0.0002621810883283622,1.4155345985432153,0.0006417010137088428,0.0008632242337066012,0.0026806268841028207,0.0024184457957744585,False
Test,mirror_y,36,randomness_0.0551,0.03732594847679138,0.03796341717243194,0.03772932440042496,-0.00023409277200698436,0.00023409277200698436,0.6166272412826327,0.00043705074898659066,0.00046907827973454824,0.0006374686956405612,0.00040337592363357683,False
Test,mirror_y,37,randomness_0.2152,0.03537635877728462,0.03190508782863617,0.03188851997256279,-1.6567856073380904e-05,1.6567856073380904e-05,0.051928570647940826,0.0008870370007945303,0.0006712590851878292,0.00347127094864845,0.003487838804721831,False
Test,mirror_y,38,randomness_0.8659,0.009412657469511032,0.013684233091771603,0.012980677746236324,-0.000703555345535279,0.000703555345535279,5.141357508433047,0.0010738589324913476,0.0007873040377629282,0.004271575622260571,0.003568020276725292,False
Test,mirror_y,39,randomness_0.6527,0.016307538375258446,0.01739366017282009,0.016643260791897773,-0.0007503993809223168,0.0007503993809223168,4.31421203741186,0.00030196697055607597,0.00045374278070359523,0.0010861217975616441,0.0003357224166393273,False
Test,mirror_y,40,randomness_0.3073,0.0371292345225811,0.036227117478847506,0.03643516227602959,0.00020804479718208174,0.00020804479718208174,0.574279191005346,0.0004818757562414866,0.00027224277582385445,0.000902117043733594,0.0006940722465515123,False
Test,mirror_y,41,randomness_0.2082,0.03589737415313721,0.03766464963555336,0.03750200644135475,-0.00016264319419861256,0.00016264319419861256,0.4318192144951916,0.0002986247132792836,0.0004355090106232468,0.0017672754824161543,0.0016046322882175418,False
Test,mirror_y,42,randomness_0.9019,0.002554831327870488,0.0018761396466288715,0.00249969142023474,0.0006235517736058684,0.0006235517736058684,33.2358934328952,0.0009776922420336135,0.0005572827752954724,0.0006786916812416167,5.51399076357483e-05,False
Test,mirror_y,43,randomness_0.2102,0.038845494389534,0.03721804246306419,0.03726891428232193,5.087181925773898e-05,5.087181925773898e-05,0.13668590793893856,0.000272263632285231,0.0001940757699708932,0.0016274519264698056,0.0015765801072120667,False
Test,mirror_y,44,randomness_0.7137,0.014563924632966518,0.016224480979144574,0.015045553632080554,-0.0011789273470640196,0.0011789273470640196,7.266348603566719,0.0006483515215711671,0.0005428480136686756,0.0016605563461780555,0.00048162899911403587,False
Test,mirror_y,45,randomness_0.4084,0.033570900559425354,0.03115663640201092,0.03169238269329071,0.0005357462912797886,0.0005357462912797886,1.7195254467366392,0.00038002175419242257,0.00045269477019652934,0.002414264157414435,0.0018785178661346463,False
Test,mirror_y,46,randomness_0.9479,0.009905030019581318,0.003564971638843417,0.004327394673600793,0.0007624230347573762,0.0007624230347573762,21.38651052508033,0.0011500230371053598,0.0006780869818894083,0.0063400583807379,0.005577635345980525,False
Test,mirror_y,47,randomness_0.3193,0.03850352391600609,0.03679937720298767,0.03747230470180511,0.0006729274988174425,0.0006729274988174425,1.8286382813098498,0.0005793795966778069,0.000360035234757355,0.0017041467130184187,0.0010312192142009763,False
Test,mirror_y,48,randomness_0.2813,0.03455840423703194,0.03746616169810295,0.0375757597386837,0.00010959804058074951,0.00010959804058074951,0.2925254032261833,0.00027788633163403374,0.0002508976916348547,0.0029077574610710116,0.003017355501651761,False
Test,mirror_y,49,randomness_0.9990,0.0025757469702512026,0.0072799215093255045,0.006904725916683674,-0.0003751955926418306,0.0003751955926418306,5.153841180309553,0.000745375169627892,0.0007622705879619378,0.004704174539074302,0.004328978946432471,False
Test,mirror_y,50,randomness_0.0861,0.03853650018572807,0.038480544835329054,0.03826935216784477,-0.00021119266748428206,0.00021119266748428206,0.5488297226248878,0.0004947164727033881,0.000431319322591534,5.595535039901872e-05,0.0002671480178833008,False
Test,mirror_y,51,randomness_0.9900,0.0056488653644919395,0.004898893274366855,0.003914655279368162,-0.0009842379949986935,0.0009842379949986935,20.0910275010206,0.0004951679243967955,0.0005581079847373319,0.0007499720901250843,0.0017342100851237777,False
Test,mirror_y,52,randomness_0.6787,0.017087284475564957,0.012462884187698364,0.011734361387789249,-0.0007285227999091152,0.0007285227999091152,5.84553935459187,0.00025533539947025823,0.00025012592487107124,0.004624400287866592,0.005352923087775708,False
Test,mirror_y,53,randomness_0.5836,0.024796433746814728,0.021872729063034058,0.02146037146449089,-0.0004123575985431685,0.0004123575985431685,1.8852590243988907,0.000294478286253438,0.0009252945422461234,0.00292370468378067,0.0033360622823238387,False
Test,mirror_y,54,randomness_0.9790,0.0026478071231395006,0.0023696299642324446,0.0016145709669217467,-0.0007550589973106979,0.0007550589973106979,31.864004452495674,0.000561668169040909,0.0005156272859102034,0.00027817715890705603,0.0010332361562177539,False
Test,mirror_y,55,randomness_0.7417,0.008688955567777157,0.010668745636940003,0.009766997210681439,-0.000901748426258564,0.000901748426258564,8.452244124522988,0.00035342205400200425,0.00041044108694206417,0.001979790069162846,0.001078041642904282,False
Test,mirror_y,56,randomness_0.0440,0.03956732526421547,0.03488902673125267,0.034835470467805864,-5.355626344680925e-05,5.355626344680925e-05,0.15350460722034115,0.00033953767238372763,0.0003860977129921901,0.004678298532962796,0.0047318547964096055,False
Test,mirror_y,57,randomness_0.0631,0.0343242883682251,0.03622714802622795,0.03597915396094322,-0.0002479940652847304,0.0002479940652847304,0.6845531011858459,0.00030754973898400426,0.0004669256657989821,0.0019028596580028534,0.001654865592718123,False
Test,mirror_y,58,randomness_0.1101,0.03572596609592438,0.03678830713033676,0.03666418939828873,-0.00012411773204803328,0.00012411773204803328,0.3373836464078066,0.0004255716459411197,0.0005414931619288374,0.001062341034412384,0.0009382233023643508,False
Test,mirror_y,59,randomness_0.7648,0.014725374057888985,0.01675097309052944,0.015541033819317818,-0.0012099392712116228,0.0012099392712116228,7.223098411492826,0.0008158241192231151,0.00044204128441020264,0.0020255990326404558,0.000815659761428833,False
Test,mirror_y,60,randomness_0.3103,0.03514377400279045,0.036243198066949846,0.03599553182721138,-0.00024766623973846574,0.00024766623973846574,0.6833454356896624,0.0004374352205974826,0.0003858439278458203,0.0010994240641593947,0.000851757824420929,False
Test,mirror_y,61,randomness_0.0881,0.03940906748175621,0.03828203976154328,0.038521884381771086,0.00023984462022780956,0.00023984462022780956,0.6265199600694961,0.0003731428134240655,0.00041010823700255307,0.0011270277202129336,0.0008871830999851241,False
Test,mirror_y,62,randomness_0.1391,0.03866087272763252,0.037186314910650255,0.03688371852040291,-0.0003025963902473436,0.0003025963902473436,0.8137305107387213,0.00036163059039552613,0.0004603797913158944,0.001474557816982268,0.0017771542072296115,False
Test,mirror_y,63,randomness_0.6366,0.02110357955098152,0.021047896519303323,0.01997000686824322,-0.0010778896510601037,0.0010778896510601037,5.121127662669549,0.00037280272888311824,0.0006752459233868235,5.5683031678199074e-05,0.0011335726827383028,False
Test,mirror_y,64,randomness_0.1982,0.035181619226932526,0.0356765016913414,0.0356157124042511,-6.0789287090301514e-05,6.0789287090301514e-05,0.17039026868784873,0.0004027923439094918,0.0003871845070892394,0.0004948824644088745,0.000434093177318573,False
Test,mirror_y,65,randomness_0.2943,0.03517470136284828,0.03553293570876122,0.03564976379275322,0.00011682808399200023,0.00011682808399200023,0.32878815572560305,0.00039265916175486635,0.0005660862729641252,0.0003582343459129361,0.00047506242990493636,False
Test,mirror_y,66,randomness_0.3123,0.03714391961693764,0.034489335119724275,0.034228330850601195,-0.00026100426912308017,0.00026100426912308017,0.7567680508106205,0.0005683259251904571,0.0006413687513458333,0.0026545844972133623,0.0029155887663364424,False
Test,mirror_y,67,randomness_0.7497,0.007547418586909771,0.011677532270550729,0.012499070353806018,0.0008215380832552899,0.0008215380832552899,7.035202851265981,0.00037473814513798925,0.001433625141332115,0.004130113683640958,0.0049516517668962475,False
Test,mirror_y,68,randomness_0.3824,0.0404185950756073,0.03441468551754952,0.03394072651863098,-0.0004739589989185347,0.0004739589989185347,1.3771998546284632,0.00052078792656764,0.0005172627717245516,0.006003909558057782,0.006477868556976317,False
Test,mirror_y,69,randomness_0.1201,0.03461236506700516,0.03754418790340423,0.03738057389855385,-0.0001636140048503834,0.0001636140048503834,0.43579050177177514,0.00043989724464251433,0.0005484875724887618,0.0029318228363990756,0.002768208831548692,False
Test,mirror_y,70,randomness_0.8799,0.00699444767087698,0.00883378330618143,0.008310492150485516,-0.0005232911556959149,0.0005232911556959149,5.923749061511872,0.00042510485425180464,0.00044588508136450924,0.0018393356353044506,0.0013160444796085358,False
Test,mirror_y,71,randomness_0.4454,0.03629140555858612,0.030664356797933577,0.031975891441106796,0.0013115346431732192,0.0013115346431732192,4.277065557956205,0.000964047844560858,0.0008644615430193794,0.0056270487606525435,0.004315514117479324,False
Test,mirror_y,72,randomness_0.6496,0.02062382735311985,0.016070734336972238,0.017157219350337982,0.0010864850133657442,0.0010864850133657442,6.7606432325011,0.00029281336379804735,0.0005887398346343583,0.004553093016147612,0.003466608002781868,False
Test,mirror_y,73,randomness_0.0961,0.03442269563674927,0.03595208898186684,0.03579037487506866,-0.00016171410679817477,0.00016171410679817477,0.44980447973339893,0.0004232159286177456,0.0005241350610185717,0.0015293933451175704,0.0013676792383193956,False
Test,mirror_y,74,randomness_0.5345,0.01858634315431118,0.021180487424135207,0.022427167370915414,0.0012466799467802069,0.0012466799467802069,5.885983272318902,0.0001826520308813798,0.0007703407325956323,0.0025941442698240273,0.003840824216604234,False
Test,mirror_y,75,randomness_0.8168,0.0062795402482151985,0.01133883036673069,0.010258143953979015,-0.0010806864127516757,0.0010806864127516757,9.530845579298216,0.0005780102923575549,0.0009767883451411456,0.005059290118515492,0.003978603705763816,False
Test,mirror_y,76,randomness_0.1011,0.036559849977493286,0.03502665087580681,0.03561055064201355,0.0005838997662067427,0.0005838997662067427,1.6670156912148486,0.0007981868502265683,0.0007194754832969106,0.0015331991016864777,0.0009492993354797349,False
Test,mirror_y,77,randomness_0.0721,0.03727954253554344,0.03856367990374565,0.03846812173724175,-9.555816650390347e-05,9.555816650390347e-05,0.24779317415354338,0.00041499011290005753,0.00036445731736249853,0.0012841373682022095,0.001188579201698306,False
Test,mirror_y,78,randomness_0.7167,0.016387207433581352,0.01165401991456747,0.01110882293432951,-0.0005451969802379598,0.0005451969802379598,4.6781881636950535,0.0007210311267195283,0.0006656213446518482,0.004733187519013882,0.005278384499251842,False
Test,mirror_y,79,randomness_0.8238,0.013117153197526932,0.011955158226191998,0.013505181297659874,0.001550023071467876,0.001550023071467876,12.965307879171375,0.0007811764768967687,0.000582311863493923,0.0011619949713349339,0.0003880281001329422,False
Test,mirror_y,80,randomness_0.7407,0.018954401835799217,0.014214779622852803,0.014480959065258503,0.0002661794424057007,0.0002661794424057007,1.8725541265358037,0.0004965816552400015,0.00043586786906970416,0.004739622212946415,0.004473442770540714,False
Test,mirror_y,81,randomness_0.0390,0.03908586874604225,0.03695358708500862,0.03707863241434097,0.0001250453293323503,0.0001250453293323503,0.3383848205174075,0.0007142386646443946,0.0008148188281305128,0.0021322816610336304,0.00200723633170128,False
Test,mirror_y,82,randomness_0.9249,0.0027470618952065706,0.008397187106311321,0.008569278381764888,0.00017209127545356716,0.00017209127545356716,2.0493919365476976,0.0004478397016540132,0.0002524864700665986,0.005650125211104751,0.005822216486558318,False
Test,mirror_y,83,randomness_0.3654,0.03203712776303291,0.03358266428112984,0.03365784287452698,7.517859339713912e-05,7.517859339713912e-05,0.22386131358667127,0.0005283024663810084,0.00039500478094858424,0.0015455365180969266,0.0016207151114940657,False
Test,mirror_y,84,randomness_0.8298,0.010121873579919338,0.012014842592179775,0.012103203497827054,8.836090564727853e-05,8.836090564727853e-05,0.7354312382318758,0.00031936614736905036,0.0007108155786420678,0.001892969012260437,0.0019813299179077155,False
Test,mirror_y,85,randomness_0.5485,0.024540526792407036,0.023491095378994943,0.021966486051678658,-0.0015246093273162849,0.0015246093273162849,6.490158516318258,0.0004573356405284225,0.00045994711159176555,0.0010494314134120927,0.0025740407407283776,False
Test,mirror_y,86,randomness_0.7678,0.012096458114683628,0.012931043095886708,0.012189083360135555,-0.0007419597357511531,0.0007419597357511531,5.737818134618747,0.000934769373956801,0.0010140282597522164,0.0008345849812030799,9.262524545192684e-05,False
Test,mirror_y,87,randomness_0.6877,0.00928312074393034,0.013873529434204102,0.013107279874384403,-0.0007662495598196994,0.0007662495598196994,5.523104725828245,0.0006195804265684859,0.0008730343566693318,0.0045904086902737624,0.003824159130454063,False
Test,mirror_y,88,randomness_0.9489,0.004402373917400837,0.006822493486106395,0.007052112184464931,0.00022961869835853594,0.00022961869835853594,3.365612570039691,0.0010405426347436689,0.0006968699900380066,0.0024201195687055584,0.0026497382670640944,False
Test,mirror_y,89,randomness_0.0541,0.037917304784059525,0.03507073223590851,0.03508920073509216,1.8468499183653397e-05,1.8468499183653397e-05,0.0526607173737414,0.0006737934943217498,0.0008025064607276255,0.0028465725481510162,0.002828104048967363,False
Test,mirror_y,90,randomness_0.3714,0.03878291696310043,0.03366486057639122,0.03332831561565399,-0.000336544960737227,0.000336544960737227,0.9996921269688612,0.00036160295450816417,0.00029623499599947456,0.005118056386709216,0.005454601347446443,False
Test,mirror_y,91,randomness_0.2472,0.04218277707695961,0.04007003977894783,0.04019328951835632,0.00012324973940849165,0.00012324973940849165,0.3075857675420755,0.0004286972409106019,0.0003900651483851952,0.0021127372980117784,0.0019894875586032867,False
Test,mirror_y,92,randomness_0.3514,0.034423813223838806,0.030358089506626128,0.03089577257633209,0.0005376830697059638,0.0005376830697059638,1.7711360577832347,0.0005386335368874673,0.0004171571316607321,0.004065723717212678,0.0035280406475067146,False
Test,mirror_y,93,randomness_0.4995,0.027025047689676285,0.027240237221121788,0.027625047788023948,0.00038481056690215995,0.00038481056690215995,1.4126549771886052,0.0005646181710731277,0.0011185666297904094,0.00021518953144550323,0.0006000000983476632,False
Test,mirror_y,94,randomness_0.0761,0.035666197538375854,0.03394862860441208,0.03389431610703468,-5.431249737739702e-05,5.431249737739702e-05,0.1599843634636198,0.0003919993886786485,0.000516540926481852,0.001717568933963777,0.001771881431341174,False
Test,mirror_y,95,randomness_0.2132,0.03450039401650429,0.03354946225881576,0.03408134877681732,0.0005318865180015606,0.0005318865180015606,1.5853801586992566,0.0005869054909414319,0.0005707450273120006,0.0009509317576885251,0.00041904523968696455,False
Test,mirror_y,96,randomness_0.8849,0.0015759459929540753,0.00863613374531269,0.007515880279242992,-0.0011202534660696983,0.0011202534660696983,12.97170121615731,0.0012329785827789404,0.0008576411269569854,0.007060187752358615,0.005939934286288917,False
Test,mirror_y,97,randomness_0.6266,0.02275308407843113,0.016261043772101403,0.017112614959478377,0.0008515711873769739,0.0008515711873769739,5.2368790055038765,0.0004956130381370528,0.0004633106552983086,0.0064920403063297265,0.0056404691189527525,False
Test,mirror_y,98,randomness_0.9870,0.0015948686050251126,0.000939031631423859,0.00027306222982588225,-0.0006659694015979766,0.0006659694015979766,70.92086989531583,0.0008457456657246078,0.0012275491064135035,0.0006558369736012537,0.0013218063751992304,False
Test,mirror_y,99,randomness_0.8929,0.0076829856261610985,0.008540288358926774,0.00885420385748148,0.0003139154985547059,0.0003139154985547059,3.6757013974426793,0.0008374840578941235,0.0004648197143926676,0.0008573027327656753,0.0011712182313203812,False
Test,mirror_xy,0,randomness_0.4364,0.029904160648584366,0.02819271422922611,0.028901154547929762,0.0007084403187036514,0.0007084403187036514,2.5128489330383217,0.0010294116984001253,0.0009036552795416365,0.0017114464193582549,0.0010030061006546034,False
Test,mirror_xy,1,randomness_0.8999,0.0001607175508979708,0.0019354157440830023,0.002066601044498384,0.00013118530041538183,0.00013118530041538183,6.778145771338513,0.001302676664390733,0.00048385856176340656,0.0017746981931850315,0.0019058834936004133,False
Test,mirror_xy,2,randomness_0.3463,0.028783505782485008,0.03082413300871849,0.030230356380343437,-0.0005937766283750541,0.0005937766283750541,1.9263368355149084,0.0007648223107890366,0.0004684364980990014,0.002040627226233483,0.001446850597858429,False
Test,mirror_xy,3,randomness_0.0601,0.038523707538843155,0.03914892598986626,0.03976086601614952,0.0006119400262832586,0.0006119400262832586,1.5631080823051442,0.0004659725951167148,0.0004975728730474848,0.0006252184510231046,0.0012371584773063632,False
Test,mirror_xy,4,randomness_0.8679,0.008534790016710758,0.008498804457485677,0.009674561396241187,0.0011757569387555108,0.0011757569387555108,13.83438040770445,0.0004924190851258075,0.000713145906570614,3.5985559225081704e-05,0.0011397713795304291,False
Test,mirror_xy,5,randomness_0.4324,0.03343658149242401,0.032684313505887984,0.03272344842553139,3.913491964340626e-05,3.913491964340626e-05,0.11973609186056858,0.0005980646495096384,0.00048694355066194225,0.0007522679865360274,0.0007131330668926211,False
Test,mirror_xy,6,randomness_0.5435,0.01657457835972309,0.020329218357801437,0.018825286626815797,-0.00150393173098564,0.00150393173098564,7.397882714996265,0.000851384103700825,0.0008194594169887363,0.0037546399980783463,0.002250708267092706,False
Test,mirror_xy,7,randomness_0.3614,0.03378213196992874,0.03368760943412781,0.033373888581991196,-0.0003137208521366147,0.0003137208521366147,0.9312648104344099,0.00020268802402117266,0.00043974444182558425,9.452253580093106e-05,0.0004082433879375458,False
Test,mirror_xy,8,randomness_0.4865,0.028001928701996803,0.03142721988260746,0.030952929332852364,-0.00047429054975509435,0.00047429054975509435,1.5091711946737534,0.000429626148352744,0.0005436709407738413,0.0034252911806106554,0.002951000630855561,False
Test,mirror_xy,9,randomness_0.2773,0.035752955824136734,0.03760512620210647,0.03750176206231117,-0.00010336413979530196,0.00010336413979530196,0.2748671530572126,0.00031560432580799325,0.00011004239587998758,0.001852170377969739,0.001748806238174437,False
Test,mirror_xy,10,randomness_0.6627,0.02130408026278019,0.022804492339491843,0.021534426137804985,-0.0012700662016868584,0.0012700662016868584,5.569368450651331,0.0009751313371816254,0.0006302277083416742,0.001500412076711654,0.00023034587502479553,False
Test,mirror_xy,11,randomness_0.3774,0.034980010241270065,0.03397245183587074,0.03484707400202751,0.0008746221661567674,0.0008746221661567674,2.574504102271693,0.0007347644872700862,0.0008837614242558335,0.001007558405399324,0.0001329362392425565,False
Test,mirror_xy,12,randomness_0.6687,0.01660303585231304,0.021212150156497956,0.019665153697133064,-0.0015469964593648917,0.0015469964593648917,7.292973357021978,0.0005889595048764632,0.0005179568653529208,0.004609114304184914,0.0030621178448200226,False
Test,mirror_xy,13,randomness_0.5896,0.025645151734352112,0.024923408403992653,0.02342892251908779,-0.0014944858849048615,0.0014944858849048615,5.99631423070309,0.0007911659528872577,0.0006787964802747298,0.0007217433303594589,0.0022162292152643204,False
Test,mirror_xy,14,randomness_0.3554,0.03571183979511261,0.03606520816683769,0.03620729371905327,0.00014208555221557895,0.00014208555221557895,0.3939684794228583,0.0008034981800248337,0.0006769528952685635,0.000353368371725081,0.00049545392394066,False
Test,mirror_xy,15,randomness_0.2593,0.034776538610458374,0.03688777014613152,0.036310824751853946,-0.0005769453942775712,0.0005769453942775712,1.5640560326416926,0.0004954891017095303,0.00036196174149072684,0.002111231535673143,0.0015342861413955716,False
Test,mirror_xy,16,randomness_0.6176,0.025575056672096252,0.019655602425336836,0.020152592658996583,0.000496990233659747,0.000496990233659747,2.528491485049104,0.0008669856672082005,0.00039552661461132087,0.005919454246759416,0.005422464013099669,False
Test,mirror_xy,17,randomness_0.9780,3.279328893768252e-06,0.002765930094756186,0.0033123035449534655,0.0005463734501972794,0.0005463734501972794,19.75369700171116,0.0009333868112379688,0.0005553671366129668,0.002762650765862418,0.0033090242160596973,False
Test,mirror_xy,18,randomness_0.2753,0.03773081675171852,0.03786808028817177,0.0380220539867878,0.00015397369861602783,0.00015397369861602783,0.4066055037496107,0.0001852412980594714,0.0002489236965735651,0.00013726353645324846,0.0002912372350692763,False
Test,mirror_xy,19,randomness_0.0701,0.03618176653981209,0.03643096312880516,0.0362755723297596,-0.0001553907990455572,0.0001553907990455572,0.42653497382476047,0.00037331388063519845,0.0005029255345729589,0.00024919658899306973,9.380578994751254e-05,False
Test,mirror_xy,20,randomness_0.2372,0.04343936964869499,0.041466948390007016,0.041192854195833205,-0.0002740941941738115,0.0002740941941738115,0.6609943697710453,0.00048558523235834857,0.0004720462259141491,0.001972421258687976,0.0022465154528617873,False
Test,mirror_xy,21,randomness_0.2803,0.034028586000204086,0.034195809811353686,0.03488035798072815,0.0006845481693744659,0.0006845481693744659,2.001848101129579,0.00047886358609213544,0.0006147662860683264,0.00016722381114959994,0.0008517719805240659,False
Test,mirror_xy,22,randomness_0.8228,0.001965631963685155,0.0053432976827025415,0.005550086311995983,0.00020678862929344143,0.00020678862929344143,3.8700563130304872,0.0006835280984216794,0.000496242601835218,0.0033776657190173866,0.003584454348310828,False
Test,mirror_xy,23,randomness_0.2182,0.03561365231871605,0.03455611541867256,0.03439162969589234,-0.0001644857227802235,0.0001644857227802235,0.47599598735957127,0.0004943971106844354,0.00040478334609022644,0.001057536900043489,0.0012220226228237124,False
Test,mirror_xy,24,randomness_0.6927,0.02150697261095047,0.01978771686553955,0.018453584238886832,-0.0013341326266527176,0.0013341326266527176,6.742226178585156,0.0005758228064852214,0.000590409797058916,0.0017192557454109199,0.0030533883720636375,False
Test,mirror_xy,25,randomness_0.2963,0.0379083976149559,0.038877101987600325,0.038729798048734665,-0.00014730393886566023,0.00014730393886566023,0.37889639745432196,0.0004720838161628573,0.00024504134422968565,0.000968704372644423,0.0008214004337787628,False
Test,mirror_xy,26,randomness_0.3183,0.032574255019426346,0.03256628736853599,0.032899714261293414,0.0003334268927574213,0.0003334268927574213,1.02384066376434,0.000379162271765732,0.0005117986193328299,7.967650890353117e-06,0.0003254592418670682,False
Test,mirror_xy,27,randomness_0.8669,0.000550733064301312,0.003543578088283539,0.0032302655279636385,-0.00031331256031990034,0.00031331256031990034,8.841700465296213,0.0004992933162762454,0.0005753960625714741,0.002992845023982227,0.0026795324636623265,False
Test,mirror_xy,28,randomness_0.5596,0.02113732509315014,0.021663343533873558,0.02177981324493885,0.00011646971106529097,0.00011646971106529097,0.5376349725663302,0.0008512705996039576,0.0005339851713332765,0.0005260184407234192,0.0006424881517887102,False
Test,mirror_xy,29,randomness_0.2653,0.03422939032316208,0.035274706035852435,0.03539719730615616,0.0001224912703037262,0.0001224912703037262,0.347249584955375,0.000698968994951333,0.00040531000679716036,0.0010453157126903562,0.0011678069829940824,False
Test,mirror_xy,30,randomness_0.1361,0.03697212412953377,0.03815213963389397,0.038153987377882004,1.8477439880371094e-06,1.8477439880371094e-06,0.00484309400670046,0.0003634936152391873,0.00035750934133699463,0.001180015504360199,0.001181863248348236,False
Test,mirror_xy,31,randomness_0.7618,0.01672402210533619,0.0158477121964097,0.016011385060846806,0.00016367286443710535,0.00016367286443710535,1.0327854418897477,0.0007347028652018808,0.0009428729584071255,0.0008763099089264884,0.000712637044489383,False
Test,mirror_xy,32,randomness_0.0300,0.04144977033138275,0.03898252472281456,0.03892168253660202,-6.0842186212543836e-05,6.0842186212543836e-05,0.15607554063048124,0.00030690733153364877,0.0002784183297047201,0.0024672456085681888,0.0025280877947807326,False
Test,mirror_xy,33,randomness_0.2893,0.025877267122268677,0.030227553471922873,0.030552740767598154,0.0003251872956752805,0.0003251872956752805,1.0757976029298353,0.0004754190846135676,0.0005830735570521494,0.004350286349654196,0.004675473645329477,False
Test,mirror_xy,34,randomness_0.6436,0.02099030651152134,0.01880144365131855,0.017341987788677217,-0.0014594558626413318,0.0014594558626413318,7.762467019594954,0.0004400723645116956,0.0008542232711954881,0.0021888628602027907,0.0036483187228441225,False
Test,mirror_xy,35,randomness_0.6356,0.015841074287891388,0.01852170117199421,0.01778445728123188,-0.000737243890762327,0.000737243890762327,3.9804329198285457,0.0006417010137088428,0.0006970548354443952,0.0026806268841028207,0.0019433829933404936,False
Test,mirror_xy,36,randomness_0.0551,0.03732594847679138,0.03796341717243194,0.03813541680574417,0.00017199963331222812,0.00017199963331222812,0.4530667840858378,0.00043705074898659066,0.00039442841276313763,0.0006374686956405612,0.0008094683289527893,False
Test,mirror_xy,37,randomness_0.2152,0.03537635877728462,0.03190508782863617,0.03211183398962021,0.0002067461609840393,0.0002067461609840393,0.6480037356251245,0.0008870370007945303,0.0006381843414938709,0.00347127094864845,0.0032645247876644107,False
Test,mirror_xy,38,randomness_0.8659,0.009412657469511032,0.013684233091771603,0.012483291700482369,-0.0012009413912892342,0.0012009413912892342,8.776095695208278,0.0010738589324913476,0.0007835002971883577,0.004271575622260571,0.0030706342309713367,False
Test,mirror_xy,39,randomness_0.6527,0.016307538375258446,0.01739366017282009,0.016772937402129172,-0.000620722770690918,0.000620722770690918,3.568672519317584,0.00030196697055607597,0.00029826826099556004,0.0010861217975616441,0.00046539902687072615,False
Test,mirror_xy,40,randomness_0.3073,0.0371292345225811,0.036227117478847506,0.035936806350946426,-0.00029031112790108005,0.00029031112790108005,0.8013641385367979,0.0004818757562414866,0.0003264349354034775,0.000902117043733594,0.001192428171634674,False
Test,mirror_xy,41,randomness_0.2082,0.03589737415313721,0.03766464963555336,0.037515999376773836,-0.00014865025877952576,0.00014865025877952576,0.39466783898928953,0.0002986247132792836,0.00040282974893617057,0.0017672754824161543,0.0016186252236366286,False
Test,mirror_xy,42,randomness_0.9019,0.002554831327870488,0.0018761396466288715,0.0026092402869835494,0.0007331006403546779,0.0007331006403546779,39.07495061318835,0.0009776922420336135,0.0010499486190020228,0.0006786916812416167,5.4408959113061255e-05,False
Test,mirror_xy,43,randomness_0.2102,0.038845494389534,0.03721804246306419,0.03773598894476891,0.0005179464817047161,0.0005179464817047161,1.39165428224425,0.000272263632285231,0.0005381214240808104,0.0016274519264698056,0.0011095054447650896,False
Test,mirror_xy,44,randomness_0.7137,0.014563924632966518,0.016224480979144574,0.01424840223044157,-0.0019760787487030033,0.0019760787487030033,12.179611484910446,0.0006483515215711671,0.0008364128832887226,0.0016605563461780555,0.0003155224025249478,False
Test,mirror_xy,45,randomness_0.4084,0.033570900559425354,0.03115663640201092,0.031580109149217606,0.00042347274720668654,0.00042347274720668654,1.3591735055821195,0.00038002175419242257,0.00048682112540369857,0.002414264157414435,0.0019907914102077484,False
Test,mirror_xy,46,randomness_0.9479,0.009905030019581318,0.003564971638843417,0.004792978474870324,0.0012280068360269072,0.0012280068360269072,34.446468595899105,0.0011500230371053598,0.0006411695384270163,0.0063400583807379,0.005112051544710994,False
Test,mirror_xy,47,randomness_0.3193,0.03850352391600609,0.03679937720298767,0.038528095185756686,0.0017287179827690166,0.0017287179827690166,4.697682716838657,0.0005793795966778069,0.0004027920448611422,0.0017041467130184187,2.457126975059787e-05,False
Test,mirror_xy,48,randomness_0.2813,0.03455840423703194,0.03746616169810295,0.038333238661289216,0.0008670769631862682,0.0008670769631862682,2.314293548864312,0.00027788633163403374,0.0004956472677364591,0.0029077574610710116,0.00377483442425728,False
Test,mirror_xy,49,randomness_0.9990,0.0025757469702512026,0.0072799215093255045,0.007361196540296077,8.12750309705729e-05,8.12750309705729e-05,1.1164272975534204,0.000745375169627892,0.0003580684026129978,0.004704174539074302,0.004785449570044875,False
Test,mirror_xy,50,randomness_0.0861,0.03853650018572807,0.038480544835329054,0.038033876568078995,-0.00044666826725005965,0.00044666826725005965,1.1607638851307862,0.0004947164727033881,0.000349779351642867,5.595535039901872e-05,0.0005026236176490784,False
Test,mirror_xy,51,randomness_0.9900,0.0056488653644919395,0.004898893274366855,0.004353164741769433,-0.0005457285325974224,0.0005457285325974224,11.139833060926474,0.0004951679243967955,0.00033834124314809696,0.0007499720901250843,0.0012957006227225067,False
Test,mirror_xy,52,randomness_0.6787,0.017087284475564957,0.012462884187698364,0.011347221210598946,-0.0011156629770994186,0.0011156629770994186,8.951884333488767,0.00025533539947025823,0.0007522298184887626,0.004624400287866592,0.005740063264966011,False
Test,mirror_xy,53,randomness_0.5836,0.024796433746814728,0.021872729063034058,0.021732894331216814,-0.0001398347318172441,0.0001398347318172441,0.6393108578918548,0.000294478286253438,0.0011140698047984543,0.00292370468378067,0.0030635394155979143,False
Test,mirror_xy,54,randomness_0.9790,0.0026478071231395006,0.0023696299642324446,0.0026621517026796937,0.0002925217384472491,0.0002925217384472491,12.344616790917433,0.000561668169040909,0.0009070764604639434,0.00027817715890705603,1.4344579540193081e-05,False
Test,mirror_xy,55,randomness_0.7417,0.008688955567777157,0.010668745636940003,0.009617152437567712,-0.0010515931993722912,0.0010515931993722912,9.856765126456873,0.00035342205400200425,0.0005347636801836054,0.001979790069162846,0.0009281968697905547,False
Test,mirror_xy,56,randomness_0.0440,0.03956732526421547,0.03488902673125267,0.03500998318195343,0.00012095645070075989,0.00012095645070075989,0.3466890940595092,0.00033953767238372763,0.00039455882195093476,0.004678298532962796,0.004557342082262036,False
Test,mirror_xy,57,randomness_0.0631,0.0343242883682251,0.03622714802622795,0.036010495573282245,-0.00021665245294570645,0.00021665245294570645,0.5980389424772082,0.00030754973898400426,0.00030042627608866654,0.0019028596580028534,0.001686207205057147,False
Test,mirror_xy,58,randomness_0.1101,0.03572596609592438,0.03678830713033676,0.03693554773926735,0.00014724060893058638,0.00014724060893058638,0.4002375222347953,0.0004255716459411197,0.00048097404984331096,0.001062341034412384,0.0012095816433429704,False
Test,mirror_xy,59,randomness_0.7648,0.014725374057888985,0.01675097309052944,0.01657509934157133,-0.0001758737489581108,0.0001758737489581108,1.0499315353658183,0.0008158241192231151,0.00098323583964566,0.0020255990326404558,0.001849725283682345,False
Test,mirror_xy,60,randomness_0.3103,0.03514377400279045,0.036243198066949846,0.03604909032583237,-0.0001941077411174788,0.0001941077411174788,0.535570124796701,0.0004374352205974826,0.00039407522044038987,0.0010994240641593947,0.0009053163230419159,False
Test,mirror_xy,61,randomness_0.0881,0.03940906748175621,0.03828203976154328,0.03812219575047493,-0.0001598440110683469,0.0001598440110683469,0.4175430882575914,0.0003731428134240655,0.00029045312796112117,0.0011270277202129336,0.0012868717312812805,False
Test,mirror_xy,62,randomness_0.1391,0.03866087272763252,0.037186314910650255,0.037073515355587006,-0.00011279955506324907,0.00011279955506324907,0.30333620132642664,0.00036163059039552613,0.0005298922566555679,0.001474557816982268,0.001587357372045517,False
Test,mirror_xy,63,randomness_0.6366,0.02110357955098152,0.021047896519303323,0.021525475755333902,0.0004775792360305793,0.0004775792360305793,2.269011706669047,0.00037280272888311824,0.00032179659137979714,5.5683031678199074e-05,0.00042189620435238023,False
Test,mirror_xy,64,randomness_0.1982,0.035181619226932526,0.0356765016913414,0.03558683395385742,-8.966773748397827e-05,8.966773748397827e-05,0.25133556608141433,0.0004027923439094918,0.0004967605219100043,0.0004948824644088745,0.00040521472692489624,False
Test,mirror_xy,65,randomness_0.2943,0.03517470136284828,0.03553293570876122,0.03512924537062645,-0.0004036903381347684,0.0004036903381347684,1.1361018449011293,0.00039265916175486635,0.00040511847930783685,0.0003582343459129361,4.5455992221832275e-05,False
Test,mirror_xy,66,randomness_0.3123,0.03714391961693764,0.034489335119724275,0.03435206636786461,-0.0001372687518596677,0.0001372687518596677,0.39800347377866496,0.0005683259251904571,0.000402354562370207,0.0026545844972133623,0.00279185324907303,False
Test,mirror_xy,67,randomness_0.7497,0.007547418586909771,0.011677532270550729,0.012431640736758709,0.0007541084662079801,0.0007541084662079801,6.457772487683439,0.00037473814513798925,0.0008336121111778116,0.004130113683640958,0.004884222149848938,False
Test,mirror_xy,68,randomness_0.3824,0.0404185950756073,0.03441468551754952,0.03385742828249931,-0.000557257235050207,0.000557257235050207,1.6192425607551686,0.00052078792656764,0.000254115890536754,0.006003909558057782,0.006561166793107989,False
Test,mirror_xy,69,randomness_0.1201,0.03461236506700516,0.03754418790340423,0.037616994231939316,7.280632853508273e-05,7.280632853508273e-05,0.1939217029341609,0.00043989724464251433,0.0005513476309471068,0.0029318228363990756,0.0030046291649341583,False
Test,mirror_xy,70,randomness_0.8799,0.00699444767087698,0.00883378330618143,0.008516205288469792,-0.00031757801771163836,0.00031757801771163836,3.5950397095366093,0.00042510485425180464,0.00028299787052811243,0.0018393356353044506,0.0015217576175928123,False
Test,mirror_xy,71,randomness_0.4454,0.03629140555858612,0.030664356797933577,0.03153681606054306,0.0008724592626094818,0.0008724592626094818,2.8451901611980834,0.000964047844560858,0.0005488494047888763,0.0056270487606525435,0.004754589498043062,False
Test,mirror_xy,72,randomness_0.6496,0.02062382735311985,0.016070734336972238,0.017265927419066428,0.0011951930820941897,0.0011951930820941897,7.437078213311856,0.00029281336379804735,0.0007573368662159886,0.004553093016147612,0.0033578999340534224,False
Test,mirror_xy,73,randomness_0.0961,0.03442269563674927,0.03595208898186684,0.03542453870177269,-0.0005275502800941509,0.0005275502800941509,1.4673703115282997,0.0004232159286177456,0.00036812150300057463,0.0015293933451175704,0.0010018430650234195,False
Test,mirror_xy,74,randomness_0.5345,0.01858634315431118,0.021180487424135207,0.02315615676343441,0.0019756693392992027,0.0019756693392992027,9.327780327887655,0.0001826520308813798,0.0008350825709531084,0.0025941442698240273,0.00456981360912323,False
Test,mirror_xy,75,randomness_0.8168,0.0062795402482151985,0.01133883036673069,0.00970981977880001,-0.00162901058793068,0.00162901058793068,14.366654542344746,0.0005780102923575549,0.0013397024771422442,0.005059290118515492,0.003430279530584812,False
Test,mirror_xy,76,randomness_0.1011,0.036559849977493286,0.03502665087580681,0.0359486885368824,0.0009220376610755907,0.0009220376610755907,2.632388875387597,0.0007981868502265683,0.0006860489358955182,0.0015331991016864777,0.000611161440610887,False
Test,mirror_xy,77,randomness_0.0721,0.03727954253554344,0.03856367990374565,0.03838875889778137,-0.00017492100596427917,0.00017492100596427917,0.4535900266802321,0.00041499011290005753,0.0003580509748878297,0.0012841373682022095,0.0011092163622379303,False
Test,mirror_xy,78,randomness_0.7167,0.016387207433581352,0.01165401991456747,0.010544221289455891,-0.0011097986251115792,0.0011097986251115792,9.522882518197315,0.0007210311267195283,0.0010621407878601422,0.004733187519013882,0.005842986144125461,False
Test,mirror_xy,79,randomness_0.8238,0.013117153197526932,0.011955158226191998,0.013107316009700299,0.0011521577835083008,0.0011521577835083008,9.637327768561791,0.0007811764768967687,0.0006292661652433743,0.0011619949713349339,9.837187826633106e-06,False
Test,mirror_xy,80,randomness_0.7407,0.018954401835799217,0.014214779622852803,0.01390209849923849,-0.0003126811236143119,0.0003126811236143119,2.199690265416574,0.0004965816552400015,0.00039813937345822863,0.004739622212946415,0.0050523033365607265,False
Test,mirror_xy,81,randomness_0.0390,0.03908586874604225,0.03695358708500862,0.03751411736011505,0.0005605302751064273,0.0005605302751064273,1.5168494301161466,0.0007142386646443946,0.00041311779363671235,0.0021322816610336304,0.001571751385927203,False
Test,mirror_xy,82,randomness_0.9249,0.0027470618952065706,0.008397187106311321,0.008509517833590507,0.00011233072727918555,0.00011233072727918555,1.3377185223699235,0.0004478397016540132,0.0006043113096936681,0.005650125211104751,0.005762455938383936,False
Test,mirror_xy,83,randomness_0.3654,0.03203712776303291,0.03358266428112984,0.03370189070701599,0.00011922642588615279,0.00011922642588615279,0.35502372559864565,0.0005283024663810084,0.000494018975602328,0.0015455365180969266,0.0016647629439830794,False
Test,mirror_xy,84,randomness_0.8298,0.010121873579919338,0.012014842592179775,0.01190597340464592,-0.00010886918753385579,0.00010886918753385579,0.9061224622677669,0.00031936614736905036,0.0007585230481058927,0.001892969012260437,0.0017840998247265812,False
Test,mirror_xy,85,randomness_0.5485,0.024540526792407036,0.023491095378994943,0.02169044315814972,-0.0018006522208452239,0.0018006522208452239,7.665254394460103,0.0004573356405284225,0.0006076568576034692,0.0010494314134120927,0.0028500836342573166,False
Test,mirror_xy,86,randomness_0.7678,0.012096458114683628,0.012931043095886708,0.013032366335391999,0.00010132323950529099,0.00010132323950529099,0.7835658635885402,0.000934769373956801,0.000529094715914525,0.0008345849812030799,0.0009359082207083709,False
Test,mirror_xy,87,randomness_0.6877,0.00928312074393034,0.013873529434204102,0.012100282683968544,-0.0017732467502355586,0.0017732467502355586,12.78151142897897,0.0006195804265684859,0.0005839501238748781,0.0045904086902737624,0.002817161940038204,False
Test,mirror_xy,88,randomness_0.9489,0.004402373917400837,0.006822493486106395,0.006602775864303112,-0.0002197176218032837,0.0002197176218032837,3.2204885537923293,0.0010405426347436689,0.0006576564952671586,0.0024201195687055584,0.0022004019469022747,False
Test,mirror_xy,89,randomness_0.0541,0.037917304784059525,0.03507073223590851,0.03523326143622398,0.00016252920031547408,0.00016252920031547408,0.4634325831071823,0.0006737934943217498,0.0006980794414020644,0.0028465725481510162,0.002684043347835542,False
Test,mirror_xy,90,randomness_0.3714,0.03878291696310043,0.03366486057639122,0.0329114019870758,-0.0007534585893154144,0.0007534585893154144,2.23811587636221,0.00036160295450816417,0.0002554365029281387,0.005118056386709216,0.0058715149760246305,False
Test,mirror_xy,91,randomness_0.2472,0.04218277707695961,0.04007003977894783,0.04024395123124123,0.000173911452293396,0.000173911452293396,0.4340186664470604,0.0004286972409106019,0.00041813422849246645,0.0021127372980117784,0.0019388258457183824,False
Test,mirror_xy,92,randomness_0.3514,0.034423813223838806,0.030358089506626128,0.03053343780338764,0.00017534829676151345,0.00017534829676151345,0.5775999070140463,0.0005386335368874673,0.00030168100740684086,0.004065723717212678,0.003890375420451165,False
Test,mirror_xy,93,randomness_0.4995,0.027025047689676285,0.027240237221121788,0.0267948679625988,-0.00044536925852298875,0.00044536925852298875,1.6349683554798642,0.0005646181710731277,8.876945342294683e-05,0.00021518953144550323,0.00023017972707748552,False
Test,mirror_xy,94,randomness_0.0761,0.035666197538375854,0.03394862860441208,0.03424933478236199,0.00030070617794990956,0.00030070617794990956,0.8857682631422371,0.0003919993886786485,0.0003309892598709786,0.001717568933963777,0.0014168627560138675,False
Test,mirror_xy,95,randomness_0.2132,0.03450039401650429,0.03354946225881576,0.03392948806285858,0.00038002580404281755,0.00038002580404281755,1.1327329216519961,0.0005869054909414319,0.0006145373423859701,0.0009509317576885251,0.0005709059536457076,False
Test,mirror_xy,96,randomness_0.8849,0.0015759459929540753,0.00863613374531269,0.007403128035366535,-0.0012330057099461554,0.0012330057099461554,14.277288267048622,0.0012329785827789404,0.000542871014402645,0.007060187752358615,0.00582718204241246,False
Test,mirror_xy,97,randomness_0.6266,0.02275308407843113,0.016261043772101403,0.016372646763920785,0.00011160299181938241,0.00011160299181938241,0.6863212065811937,0.0004956130381370528,0.0003988932666511137,0.0064920403063297265,0.006380437314510344,False
Test,mirror_xy,98,randomness_0.9870,0.0015948686050251126,0.000939031631423859,0.00012036035186611116,-0.0008186712795577478,0.0008186712795577478,87.18250292765877,0.0008457456657246078,0.0007404850856978383,0.0006558369736012537,0.0014745082531590014,False
Test,mirror_xy,99,randomness_0.8929,0.0076829856261610985,0.008540288358926774,0.008016003109514714,-0.0005242852494120598,0.0005242852494120598,6.138964252466351,0.0008374840578941235,0.00041612952922743716,0.0008573027327656753,0.0003330174833536155,False
Prediction,original,0,randomness_0.0061,0.03912373632192612,0.04050755649805069,0.04050755649805069,0.0,0.0,0.0,0.00025121249197928555,0.00025121249197928555,0.0013838201761245741,0.0013838201761245741,True
Prediction,original,1,randomness_0.0153,0.040389399975538254,0.037970511615276335,0.037970511615276335,0.0,0.0,0.0,0.0005000812202940054,0.0005000812202940054,0.0024188883602619185,0.0024188883602619185,True
Prediction,original,2,randomness_0.0229,0.03663037717342377,0.035405905544757844,0.035405905544757844,0.0,0.0,0.0,0.0004374437352827307,0.0004374437352827307,0.0012244716286659227,0.0012244716286659227,True
Prediction,original,3,randomness_0.1000,0.03645944222807884,0.0324720449745655,0.0324720449745655,0.0,0.0,0.0,0.0005849098011025153,0.0005849098011025153,0.003987397253513339,0.003987397253513339,True
Prediction,original,4,randomness_0.1444,0.03658205270767212,0.035297409445047376,0.035297409445047376,0.0,0.0,0.0,0.0004073995365650382,0.0004073995365650382,0.0012846432626247434,0.0012846432626247434,True
Prediction,original,5,randomness_0.1889,0.038283560425043106,0.03716400861740112,0.03716400861740112,0.0,0.0,0.0,0.00047730477817935994,0.00047730477817935994,0.0011195518076419844,0.0011195518076419844,True
Prediction,original,6,randomness_0.2333,0.04112198203802109,0.038109826296567915,0.038109826296567915,0.0,0.0,0.0,0.00027099337588860147,0.00027099337588860147,0.003012155741453172,0.003012155741453172,True
Prediction,original,7,randomness_0.2778,0.029800966382026672,0.032654090970754626,0.032654090970754626,0.0,0.0,0.0,0.0006658198721813697,0.0006658198721813697,0.002853124588727954,0.002853124588727954,True
Prediction,original,8,randomness_0.3222,0.04275771602988243,0.038966584205627444,0.038966584205627444,0.0,0.0,0.0,0.00020068409501115294,0.00020068409501115294,0.003791131824254987,0.003791131824254987,True
Prediction,original,9,randomness_0.3667,0.037394601851701736,0.03447620794177055,0.03447620794177055,0.0,0.0,0.0,0.00031170179153383,0.00031170179153383,0.0029183939099311842,0.0029183939099311842,True
Prediction,original,10,randomness_0.4111,0.034637823700904846,0.03377521187067032,0.03377521187067032,0.0,0.0,0.0,0.000640420056507856,0.000640420056507856,0.0008626118302345262,0.0008626118302345262,True
Prediction,original,11,randomness_0.4556,0.03763680160045624,0.030987845733761787,0.030987845733761787,0.0,0.0,0.0,0.0006024444147423213,0.0006024444147423213,0.00664895586669445,0.00664895586669445,True
Prediction,original,12,randomness_0.5000,0.027826448902487755,0.02430073879659176,0.02430073879659176,0.0,0.0,0.0,0.00047743445450506666,0.00047743445450506666,0.0035257101058959947,0.0035257101058959947,True
Prediction,mirror_x,0,randomness_0.0061,0.03912373632192612,0.04050755649805069,0.04035048186779022,-0.00015707463026046892,0.00015707463026046892,0.38776624373288887,0.00025121249197928555,0.0001943787881888698,0.0013838201761245741,0.0012267455458641052,False
Prediction,mirror_x,1,randomness_0.0153,0.040389399975538254,0.037970511615276335,0.0383979931473732,0.00042748153209686696,0.00042748153209686696,1.1258250518933806,0.0005000812202940054,0.00034974323412932033,0.0024188883602619185,0.0019914068281650515,False
Prediction,mirror_x,2,randomness_0.0229,0.03663037717342377,0.035405905544757844,0.03531709983944893,-8.88057053089128e-05,8.88057053089128e-05,0.2508217314104575,0.0004374437352827307,0.00045135153645157035,0.0012244716286659227,0.0013132773339748355,False
Prediction,mirror_x,3,randomness_0.1000,0.03645944222807884,0.0324720449745655,0.032654063403606416,0.00018201842904091298,0.00018201842904091298,0.5605388548318506,0.0005849098011025153,0.0005163163986096439,0.003987397253513339,0.003805378824472426,False
Prediction,mirror_x,4,randomness_0.1444,0.03658205270767212,0.035297409445047376,0.03521874025464058,-7.866919040679793e-05,7.866919040679793e-05,0.22287525244387615,0.0004073995365650382,0.0004299137491394682,0.0012846432626247434,0.0013633124530315413,False
Prediction,mirror_x,5,randomness_0.1889,0.038283560425043106,0.03716400861740112,0.03730089515447617,0.0001368865370750469,0.0001368865370750469,0.3683309259888428,0.00047730477817935994,0.0004200012314934164,0.0011195518076419844,0.0009826652705669375,False
Prediction,mirror_x,6,randomness_0.2333,0.04112198203802109,0.038109826296567915,0.03828348070383072,0.00017365440726280212,0.00017365440726280212,0.4556683253065392,0.00027099337588860147,0.0002613516733966245,0.003012155741453172,0.00283850133419037,False
Prediction,mirror_x,7,randomness_0.2778,0.029800966382026672,0.032654090970754626,0.0320421002805233,-0.0006119906902313232,0.0006119906902313232,1.874162385287127,0.0006658198721813697,0.0007826048373079773,0.002853124588727954,0.0022411338984966306,False
Prediction,mirror_x,8,randomness_0.3222,0.04275771602988243,0.038966584205627444,0.0385825864970684,-0.0003839977085590418,0.0003839977085590418,0.9854538610124978,0.00020068409501115294,0.00027281536793547883,0.003791131824254987,0.004175129532814029,False
Prediction,mirror_x,9,randomness_0.3667,0.037394601851701736,0.03447620794177055,0.0343118280172348,-0.00016437992453575273,0.00016437992453575273,0.4767923572493422,0.00031170179153383,0.0008455152406396739,0.0029183939099311842,0.003082773834466937,False
Prediction,mirror_x,10,randomness_0.4111,0.034637823700904846,0.03377521187067032,0.03353741019964218,-0.0002378016710281386,0.0002378016710281386,0.7040715893617844,0.000640420056507856,0.000987908423060267,0.0008626118302345262,0.0011004135012626648,False
Prediction,mirror_x,11,randomness_0.4556,0.03763680160045624,0.030987845733761787,0.030643659085035323,-0.0003441866487264647,0.0003441866487264647,1.1107149934965226,0.0006024444147423213,0.000438869922323049,0.00664895586669445,0.006993142515420915,False
Prediction,mirror_x,12,randomness_0.5000,0.027826448902487755,0.02430073879659176,0.02503506578505039,0.0007343269884586313,0.0007343269884586313,3.021829890051008,0.00047743445450506666,0.0008752721594303177,0.0035257101058959947,0.0027913831174373634,False
Prediction,mirror_y,0,randomness_0.0061,0.03912373632192612,0.04050755649805069,0.040239717811346054,-0.000267838686704637,0.000267838686704637,0.6612067225470042,0.00025121249197928555,0.00022952982734237285,0.0013838201761245741,0.0011159814894199371,False
Prediction,mirror_y,1,randomness_0.0153,0.040389399975538254,0.037970511615276335,0.038001731783151624,3.122016787528853e-05,3.122016787528853e-05,0.08222214172834058,0.0005000812202940054,0.000307273062243504,0.0024188883602619185,0.00238766819238663,False
Prediction,mirror_y,2,randomness_0.0229,0.03663037717342377,0.035405905544757844,0.03532945141196251,-7.645413279533386e-05,7.645413279533386e-05,0.21593610336751737,0.0004374437352827307,0.00044218121944630736,0.0012244716286659227,0.0013009257614612565,False
Prediction,mirror_y,3,randomness_0.1000,0.03645944222807884,0.0324720449745655,0.03242804557085037,-4.399940371513367e-05,4.399940371513367e-05,0.13549933103873574,0.0005849098011025153,0.000457126021975607,0.003987397253513339,0.004031396657228473,False
Prediction,mirror_y,4,randomness_0.1444,0.03658205270767212,0.035297409445047376,0.03551309481263161,0.00021568536758423407,0.00021568536758423407,0.6110515501711902,0.0004073995365650382,0.0004053655166971108,0.0012846432626247434,0.0010689578950405093,False
Prediction,mirror_y,5,randomness_0.1889,0.038283560425043106,0.03716400861740112,0.03725973591208458,9.572729468345503e-05,9.572729468345503e-05,0.2575806492484589,0.00047730477817935994,0.0004053049663650818,0.0011195518076419844,0.0010238245129585294,False
Prediction,mirror_y,6,randomness_0.2333,0.04112198203802109,0.038109826296567915,0.0382084347307682,9.860843420028687e-05,9.860843420028687e-05,0.25874805472195844,0.00027099337588860147,0.0003402148670492229,0.003012155741453172,0.0029135473072528853,False
Prediction,mirror_y,7,randomness_0.2778,0.029800966382026672,0.032654090970754626,0.032433004677295686,-0.00022108629345893999,0.00022108629345893999,0.6770554221121861,0.0006658198721813697,0.0006564173556718263,0.002853124588727954,0.002632038295269014,False
Prediction,mirror_y,8,randomness_0.3222,0.04275771602988243,0.038966584205627444,0.03930412158370018,0.00033753737807273865,0.00033753737807273865,0.8662226493642532,0.00020068409501115294,0.0004947829930210929,0.003791131824254987,0.003453594446182248,False
Prediction,mirror_y,9,randomness_0.3667,0.037394601851701736,0.03447620794177055,0.03493214547634125,0.00045593753457069675,0.00045593753457069675,1.3224700794842745,0.00031170179153383,0.00045603201100586596,0.0029183939099311842,0.0024624563753604875,False
Prediction,mirror_y,10,randomness_0.4111,0.034637823700904846,0.03377521187067032,0.03365039005875588,-0.00012482181191444258,0.00012482181191444258,0.3695663328253914,0.000640420056507856,0.00044514018726456953,0.0008626118302345262,0.0009874336421489688,False
Prediction,mirror_y,11,randomness_0.4556,0.03763680160045624,0.030987845733761787,0.031009108945727348,2.126321196556022e-05,2.126321196556022e-05,0.06861790957734629,0.0006024444147423213,0.0011964621389623843,0.00664895586669445,0.00662769265472889,False
Prediction,mirror_y,12,randomness_0.5000,0.027826448902487755,0.02430073879659176,0.023737508431077005,-0.0005632303655147552,0.0005632303655147552,2.317749967312721,0.00047743445450506666,0.00018322586800458953,0.0035257101058959947,0.00408894047141075,False
Prediction,mirror_xy,0,randomness_0.0061,0.03912373632192612,0.04050755649805069,0.04028430134057999,-0.00022325515747070174,0.00022325515747070174,0.5511444697520702,0.00025121249197928555,0.00020889692078531028,0.0013838201761245741,0.0011605650186538724,False
Prediction,mirror_xy,1,randomness_0.0153,0.040389399975538254,0.037970511615276335,0.038379058986902234,0.0004085473716258989,0.0004085473716258989,1.0759596177301223,0.0005000812202940054,0.00027074860421778915,0.0024188883602619185,0.0020103409886360196,False
Prediction,mirror_xy,2,randomness_0.0229,0.03663037717342377,0.035405905544757844,0.035417232662439346,1.1327117681501908e-05,1.1327117681501908e-05,0.03199217053545743,0.0004374437352827307,0.0002771985787206576,0.0012244716286659227,0.0012131445109844208,False
Prediction,mirror_xy,3,randomness_0.1000,0.03645944222807884,0.0324720449745655,0.03223069608211517,-0.00024134889245033125,0.00024134889245033125,0.7432512878057833,0.0005849098011025153,0.0006806459491398675,0.003987397253513339,0.00422874614596367,False
Prediction,mirror_xy,4,randomness_0.1444,0.03658205270767212,0.035297409445047376,0.03534617722034454,4.876777529716492e-05,4.876777529716492e-05,0.13816247725796654,0.0004073995365650382,0.0005201422102362342,0.0012846432626247434,0.0012358754873275785,False
Prediction,mirror_xy,5,randomness_0.1889,0.038283560425043106,0.03716400861740112,0.03679476901888847,-0.00036923959851264954,0.00036923959851264954,0.993540826862693,0.00047730477817935994,0.00041216141852716846,0.0011195518076419844,0.001488791406154634,False
Prediction,mirror_xy,6,randomness_0.2333,0.04112198203802109,0.038109826296567915,0.038162320107221606,5.249381065369069e-05,5.249381065369069e-05,0.137743505428725,0.00027099337588860147,0.00017016968500744423,0.003012155741453172,0.0029596619307994815,False
Prediction,mirror_xy,7,randomness_0.2778,0.029800966382026672,0.032654090970754626,0.03250712007284164,-0.0001469708979129833,0.0001469708979129833,0.4500841810130684,0.0006658198721813697,0.00045268321610698783,0.002853124588727954,0.0027061536908149705,False
Prediction,mirror_xy,8,randomness_0.3222,0.04275771602988243,0.038966584205627444,0.03866116777062416,-0.0003054164350032862,0.0003054164350032862,0.7837906278661674,0.00020068409501115294,0.0003466881733188817,0.003791131824254987,0.004096548259258273,False
Prediction,mirror_xy,9,randomness_0.3667,0.037394601851701736,0.03447620794177055,0.03418532982468605,-0.0002908781170845032,0.0002908781170845032,0.8437068182666405,0.00031170179153383,0.000374747525644273,0.0029183939099311842,0.0032092720270156874,False
Prediction,mirror_xy,10,randomness_0.4111,0.034637823700904846,0.03377521187067032,0.033774088323116305,-1.1235475540147255e-06,1.1235475540147255e-06,0.0033265447995320806,0.000640420056507856,0.0005964904283149861,0.0008626118302345262,0.0008637353777885409,False
Prediction,mirror_xy,11,randomness_0.4556,0.03763680160045624,0.030987845733761787,0.029846909642219543,-0.0011409360915422447,0.0011409360915422447,3.6818825721052795,0.0006024444147423213,0.0007589598357416207,0.00664895586669445,0.007789891958236695,False
Prediction,mirror_xy,12,randomness_0.5000,0.027826448902487755,0.02430073879659176,0.025115527957677842,0.0008147891610860818,0.0008147891610860818,3.352939875228641,0.00047743445450506666,0.0006958420807889511,0.0035257101058959947,0.002710920944809913,False
