Sample_ID,Randomness_Value,Actual_Stiffness,Node_Count,Edge_Count,Graph_Density,Total_Edge_Weight,Mean_Edge_Weight,Std_Edge_Weight,Mean_Degree,Std_Degree,Mean_Weighted_Degree,Std_Weighted_Degree,Mean_Center_Distance,Std_Center_Distance
randomness_0.0000,0.0,0.0423730835318565,121.0,305.0,0.04201101928374656,305.0,1.0,0.0,5.041322231292725,1.2358067035675049,5.041322231292725,1.2358067035675049,135.9774627685547,50.838069915771484
randomness_0.0010,0.001,0.0389990672469139,121.0,294.0,0.04049586776859504,294.0,1.0,0.0,4.859504222869873,1.2081388235092163,4.859504222869873,1.2081388235092163,135.97793579101562,50.83683395385742
randomness_0.0020,0.002,0.028625738248229,121.0,288.0,0.03966942148760331,288.0,1.0,0.0,4.760330677032471,1.3112659454345703,4.760330677032471,1.3112659454345703,135.97900390625,50.83882522583008
randomness_0.0030,0.003,0.0398790046572685,121.0,297.0,0.04090909090909091,297.0,1.0,0.0,4.909090995788574,1.2662172317504883,4.909090995788574,1.2662172317504883,135.98011779785156,50.83869934082031
randomness_0.0040,0.004,0.0346378531306982,121.0,292.0,0.04022038567493113,292.0,1.0,0.0,4.826446056365967,1.3340901136398315,4.826446056365967,1.3340901136398315,135.9749298095703,50.83728790283203
randomness_0.0050,0.005,0.0354644667822868,121.0,297.0,0.04090909090909091,297.0,1.0,0.0,4.909090995788574,1.4488525390625,4.909090995788574,1.4488525390625,135.97816467285156,50.83835983276367
randomness_0.0060,0.006,0.0345550399273634,121.0,297.0,0.04090909090909091,297.0,1.0,0.0,4.909090995788574,1.317397952079773,4.909090995788574,1.317397952079773,135.97280883789062,50.837242126464844
randomness_0.0070,0.007,0.0353983953595161,121.0,297.0,0.04090909090909091,297.0,1.0,0.0,4.909090995788574,1.336085319519043,4.909090995788574,1.336085319519043,135.9758758544922,50.8465690612793
randomness_0.0080,0.008,0.0330853592604399,121.0,291.0,0.04008264462809917,291.0,1.0,0.0,4.809917449951172,1.3503230810165405,4.809917449951172,1.3503230810165405,135.9744110107422,50.843204498291016
randomness_0.0090,0.009,0.0335037726908922,121.0,288.0,0.03966942148760331,288.0,1.0,0.0,4.760330677032471,1.37885320186615,4.760330677032471,1.37885320186615,135.9716339111328,50.84496307373047
randomness_0.0100,0.01,0.0405168622732162,121.0,295.0,0.040633608815427,295.0,1.0,0.0,4.876032829284668,1.3209702968597412,4.876032829284668,1.3209702968597412,135.9777374267578,50.8324089050293
randomness_0.0110,0.011,0.0357772849500179,121.0,295.0,0.040633608815427,295.0,1.0,0.0,4.876032829284668,1.3209702968597412,4.876032829284668,1.3209702968597412,135.9658660888672,50.84069061279297
randomness_0.0120,0.012,0.0394698426127434,121.0,293.0,0.04035812672176309,293.0,1.0,0.0,4.84297513961792,1.366713285446167,4.84297513961792,1.366713285446167,135.9700469970703,50.834449768066406
randomness_0.0130,0.013,0.0415955953299999,121.0,297.0,0.04090909090909091,297.0,1.0,0.0,4.909090995788574,1.2984415292739868,4.909090995788574,1.2984415292739868,135.97755432128906,50.84206771850586
randomness_0.0140,0.014,0.0345942163839936,121.0,292.0,0.04022038567493113,292.0,1.0,0.0,4.826446056365967,1.321642518043518,4.826446056365967,1.321642518043518,135.97303771972656,50.83855056762695
randomness_0.0150,0.015,0.0292893473058939,121.0,289.0,0.03980716253443526,289.0,1.0,0.0,4.776859283447266,1.3015412092208862,4.776859283447266,1.3015412092208862,135.97909545898438,50.825904846191406
randomness_0.0160,0.016,0.0337966392437011,121.0,290.0,0.03994490358126722,290.0,1.0,0.0,4.793388366699219,1.4195644855499268,4.793388366699219,1.4195644855499268,135.9678955078125,50.848052978515625
randomness_0.0170,0.017,0.0380104511976242,121.0,305.0,0.04201101928374656,305.0,1.0,0.0,5.041322231292725,1.3261308670043945,5.041322231292725,1.3261308670043945,135.977294921875,50.82828903198242
randomness_0.0180,0.018,0.0368641018867493,121.0,303.0,0.04173553719008265,303.0,1.0,0.0,5.008264541625977,1.3205050230026245,5.008264541625977,1.3205050230026245,135.96963500976562,50.86444854736328
randomness_0.0190,0.019,0.0351530600339174,121.0,294.0,0.04049586776859504,294.0,1.0,0.0,4.859504222869873,1.3003864288330078,4.859504222869873,1.3003864288330078,136.01060485839844,50.822654724121094
randomness_0.0200,0.02,0.0411534711718559,121.0,302.0,0.04159779614325069,302.0,1.0,0.0,4.991735458374023,1.1606202125549316,4.991735458374023,1.1606202125549316,135.9829559326172,50.82929611206055
randomness_0.0210,0.021,0.031226472184062,121.0,292.0,0.04022038567493113,292.0,1.0,0.0,4.826446056365967,1.3525469303131104,4.826446056365967,1.3525469303131104,135.9636688232422,50.825218200683594
randomness_0.0220,0.022,0.0404299281537533,121.0,301.0,0.04146005509641873,301.0,1.0,0.0,4.97520637512207,1.3874455690383911,4.97520637512207,1.3874455690383911,135.9725341796875,50.81306838989258
randomness_0.0230,0.023,0.0391004271805286,121.0,292.0,0.04022038567493113,292.0,1.0,0.0,4.826446056365967,1.4123287200927734,4.826446056365967,1.4123287200927734,135.9630889892578,50.83571243286133
randomness_0.0240,0.024,0.0387919247150421,121.0,294.0,0.04049586776859504,294.0,1.0,0.0,4.859504222869873,1.3983802795410156,4.859504222869873,1.3983802795410156,135.9665069580078,50.852298736572266
randomness_0.0250,0.025,0.0411754429340363,121.0,305.0,0.04201101928374656,305.0,1.0,0.0,5.041322231292725,1.2019041776657104,5.041322231292725,1.2019041776657104,135.9885711669922,50.82955551147461
randomness_0.0260,0.026,0.0350423581898212,121.0,297.0,0.04090909090909091,297.0,1.0,0.0,4.909090995788574,1.2264306545257568,4.909090995788574,1.2264306545257568,135.9590301513672,50.84021759033203
randomness_0.0270,0.027,0.0310798838734627,121.0,289.0,0.03980716253443526,289.0,1.0,0.0,4.776859283447266,1.3756295442581177,4.776859283447266,1.3756295442581177,135.95640563964844,50.8260383605957
randomness_0.0280,0.028,0.0409685172140598,121.0,302.0,0.04159779614325069,302.0,1.0,0.0,4.991735458374023,1.195693850517273,4.991735458374023,1.195693850517273,135.96731567382812,50.87333297729492
randomness_0.0290,0.029,0.0370265264064074,121.0,300.0,0.04132231404958678,300.0,1.0,0.0,4.958677768707275,1.3073011636734009,4.958677768707275,1.3073011636734009,135.9619903564453,50.80378723144531
randomness_0.0300,0.03,0.0414497714489698,121.0,299.0,0.04118457300275482,299.0,1.0,0.0,4.942148685455322,1.3624086380004883,4.942148685455322,1.3624086380004883,135.9647979736328,50.88461685180664
randomness_0.0310,0.031,0.039685270562768,121.0,296.0,0.04077134986225895,296.0,1.0,0.0,4.892561912536621,1.3161530494689941,4.892561912536621,1.3161530494689941,135.98358154296875,50.81941223144531
randomness_0.0320,0.032,0.0321397732943296,121.0,289.0,0.03980716253443526,289.0,1.0,0.0,4.776859283447266,1.3390978574752808,4.776859283447266,1.3390978574752808,135.9979248046875,50.83145523071289
randomness_0.0330,0.033,0.0376963451504707,121.0,298.0,0.04104683195592287,298.0,1.0,0.0,4.925619602203369,1.349412441253662,4.925619602203369,1.349412441253662,135.9501495361328,50.8753662109375
randomness_0.0340,0.034,0.0372296843677759,121.0,293.0,0.04035812672176309,293.0,1.0,0.0,4.84297513961792,1.3606529235839844,4.84297513961792,1.3606529235839844,135.98851013183594,50.790122985839844
randomness_0.0350,0.035,0.042989894002676,121.0,301.0,0.04146005509641873,301.0,1.0,0.0,4.97520637512207,1.326542854309082,4.97520637512207,1.326542854309082,135.90846252441406,50.846492767333984
randomness_0.0360,0.036,0.0371465571224689,121.0,299.0,0.04118457300275482,299.0,1.0,0.0,4.942148685455322,1.3924086093902588,4.942148685455322,1.3924086093902588,135.99334716796875,50.81681442260742
randomness_0.0370,0.037,0.035187853127718,121.0,292.0,0.04022038567493113,292.0,1.0,0.0,4.826446056365967,1.3278809785842896,4.826446056365967,1.3278809785842896,136.04434204101562,50.8275032043457
randomness_0.0380,0.038,0.041283905506134,121.0,296.0,0.04077134986225895,296.0,1.0,0.0,4.892561912536621,1.365463376045227,4.892561912536621,1.365463376045227,135.96800231933594,50.89226150512695
randomness_0.0390,0.039,0.0390858681556892,121.0,296.0,0.04077134986225895,296.0,1.0,0.0,4.892561912536621,1.3894624710083008,4.892561912536621,1.3894624710083008,135.972900390625,50.879032135009766
randomness_0.0400,0.04,0.0389154389500618,121.0,298.0,0.04104683195592287,298.0,1.0,0.0,4.925619602203369,1.318434476852417,4.925619602203369,1.318434476852417,136.02130126953125,50.840213775634766
randomness_0.0410,0.041,0.0383377775549889,121.0,295.0,0.040633608815427,295.0,1.0,0.0,4.876032829284668,1.3334242105484009,4.876032829284668,1.3334242105484009,135.94937133789062,50.853389739990234
randomness_0.0420,0.042,0.0373291980475187,121.0,300.0,0.04132231404958678,300.0,1.0,0.0,4.958677768707275,1.2622733116149902,4.958677768707275,1.2622733116149902,135.92164611816406,50.887210845947266
randomness_0.0430,0.043,0.0285858793184161,121.0,289.0,0.03980716253443526,289.0,1.0,0.0,4.776859283447266,1.3452553749084473,4.776859283447266,1.3452553749084473,136.0295867919922,50.814186096191406
randomness_0.0440,0.044,0.0395673248916864,121.0,292.0,0.04022038567493113,292.0,1.0,0.0,4.826446056365967,1.2509677410125732,4.826446056365967,1.2509677410125732,136.09030151367188,50.78190612792969
randomness_0.0450,0.045,0.0359035637229681,121.0,293.0,0.04035812672176309,293.0,1.0,0.0,4.84297513961792,1.3484504222869873,4.84297513961792,1.3484504222869873,135.978759765625,50.851993560791016
randomness_0.0460,0.046,0.0427741162478924,121.0,303.0,0.04173553719008265,303.0,1.0,0.0,5.008264541625977,1.3015938997268677,5.008264541625977,1.3015938997268677,135.96600341796875,50.85823440551758
randomness_0.0470,0.047,0.0370874829590321,121.0,297.0,0.04090909090909091,297.0,1.0,0.0,4.909090995788574,1.2984415292739868,4.909090995788574,1.2984415292739868,135.97373962402344,50.84648132324219
randomness_0.0480,0.048,0.0354285456240177,121.0,298.0,0.04104683195592287,298.0,1.0,0.0,4.925619602203369,1.391623616218567,4.925619602203369,1.391623616218567,135.98475646972656,50.855506896972656
randomness_0.0490,0.049,0.0413604080677032,121.0,303.0,0.04173553719008265,303.0,1.0,0.0,5.008264541625977,1.3142316341400146,5.008264541625977,1.3142316341400146,135.96954345703125,50.83780288696289
randomness_0.0501,0.0501,0.0412635006010532,121.0,298.0,0.04104683195592287,298.0,1.0,0.0,4.925619602203369,1.3371074199676514,4.925619602203369,1.3371074199676514,135.8736114501953,50.83445358276367
randomness_0.0511,0.0511,0.0396446485072374,121.0,302.0,0.04159779614325069,302.0,1.0,0.0,4.991735458374023,1.351435661315918,4.991735458374023,1.351435661315918,136.03173828125,50.79043960571289
randomness_0.0521,0.0521,0.0411672692745924,121.0,300.0,0.04132231404958678,300.0,1.0,0.0,4.958677768707275,1.2491101026535034,4.958677768707275,1.2491101026535034,135.98245239257812,50.751102447509766
randomness_0.0531,0.0531,0.0354317143559456,121.0,292.0,0.04022038567493113,292.0,1.0,0.0,4.826446056365967,1.38872492313385,4.826446056365967,1.38872492313385,135.99525451660156,50.8984375
randomness_0.0541,0.0541,0.0379173051565886,121.0,293.0,0.04035812672176309,293.0,1.0,0.0,4.84297513961792,1.3545653820037842,4.84297513961792,1.3545653820037842,135.95852661132812,50.86852264404297
randomness_0.0551,0.0551,0.0373259469866753,121.0,298.0,0.04104683195592287,298.0,1.0,0.0,4.925619602203369,1.3676624298095703,4.925619602203369,1.3676624298095703,135.95252990722656,50.90724182128906
randomness_0.0561,0.0561,0.0287058036774397,121.0,286.0,0.03939393939393939,286.0,1.0,0.0,4.7272725105285645,1.3545149564743042,4.7272725105285645,1.3545149564743042,136.0181884765625,50.876529693603516
randomness_0.0571,0.0571,0.0389853850007057,121.0,295.0,0.040633608815427,295.0,1.0,0.0,4.876032829284668,1.2568504810333252,4.876032829284668,1.2568504810333252,136.03590393066406,50.83940124511719
randomness_0.0581,0.0581,0.039041031524539,121.0,291.0,0.04008264462809917,291.0,1.0,0.0,4.809917449951172,1.2485630512237549,4.809917449951172,1.2485630512237549,136.0680694580078,50.85293197631836
randomness_0.0591,0.0591,0.0382420890033245,121.0,295.0,0.040633608815427,295.0,1.0,0.0,4.876032829284668,1.4577817916870117,4.876032829284668,1.4577817916870117,135.9323272705078,50.856510162353516
randomness_0.0601,0.0601,0.0385237075388432,121.0,300.0,0.04132231404958678,300.0,1.0,0.0,4.958677768707275,1.319884181022644,4.958677768707275,1.319884181022644,135.94671630859375,50.90108108520508
randomness_0.0611,0.0611,0.0383793223649263,121.0,302.0,0.04159779614325069,302.0,1.0,0.0,4.991735458374023,1.2952289581298828,4.991735458374023,1.2952289581298828,135.9849853515625,50.886878967285156
randomness_0.0621,0.0621,0.0414746906608343,121.0,300.0,0.04132231404958678,300.0,1.0,0.0,4.958677768707275,1.3073011636734009,4.958677768707275,1.3073011636734009,135.96725463867188,50.87870407104492
randomness_0.0631,0.0631,0.0343242887407541,121.0,294.0,0.04049586776859504,294.0,1.0,0.0,4.859504222869873,1.3130356073379517,4.859504222869873,1.3130356073379517,136.03851318359375,50.76212692260742
randomness_0.0641,0.0641,0.0424685828387737,121.0,300.0,0.04132231404958678,300.0,1.0,0.0,4.958677768707275,1.3810805082321167,4.958677768707275,1.3810805082321167,135.91734313964844,50.886070251464844
randomness_0.0651,0.0651,0.0318736631423235,121.0,291.0,0.04008264462809917,291.0,1.0,0.0,4.809917449951172,1.3745864629745483,4.809917449951172,1.3745864629745483,136.0303192138672,50.76274490356445
randomness_0.0661,0.0661,0.0420046001672745,121.0,302.0,0.04159779614325069,302.0,1.0,0.0,4.991735458374023,1.2694495916366577,4.991735458374023,1.2694495916366577,136.07814025878906,50.785484313964844
randomness_0.0671,0.0671,0.0400081768631935,121.0,299.0,0.04118457300275482,299.0,1.0,0.0,4.942148685455322,1.3804868459701538,4.942148685455322,1.3804868459701538,135.86746215820312,50.86079406738281
randomness_0.0681,0.0681,0.0428333535790443,121.0,301.0,0.04146005509641873,301.0,1.0,0.0,4.97520637512207,1.3573358058929443,4.97520637512207,1.3573358058929443,135.90525817871094,50.798011779785156
randomness_0.0691,0.0691,0.0349673595279455,121.0,293.0,0.04035812672176309,293.0,1.0,0.0,4.84297513961792,1.3727470636367798,4.84297513961792,1.3727470636367798,135.91616821289062,50.93027877807617
randomness_0.0701,0.0701,0.0361817667260766,121.0,295.0,0.040633608815427,295.0,1.0,0.0,4.876032829284668,1.2568506002426147,4.876032829284668,1.2568506002426147,135.95892333984375,50.87993240356445
randomness_0.0711,0.0711,0.0358967121690512,121.0,294.0,0.04049586776859504,294.0,1.0,0.0,4.859504222869873,1.3563792705535889,4.859504222869873,1.3563792705535889,136.0137481689453,50.78333282470703
randomness_0.0721,0.0721,0.0372795432806015,121.0,298.0,0.04104683195592287,298.0,1.0,0.0,4.925619602203369,1.2802716493606567,4.925619602203369,1.2802716493606567,135.95758056640625,50.818058013916016
randomness_0.0731,0.0731,0.036315917596221,121.0,294.0,0.04049586776859504,294.0,1.0,0.0,4.859504222869873,1.43915593624115,4.859504222869873,1.43915593624115,135.9382781982422,50.832462310791016
randomness_0.0741,0.0741,0.0370866969227791,121.0,295.0,0.040633608815427,295.0,1.0,0.0,4.876032829284668,1.2436299324035645,4.876032829284668,1.2436299324035645,136.0890655517578,50.86722183227539
randomness_0.0751,0.0751,0.0353228740394115,121.0,290.0,0.03994490358126722,290.0,1.0,0.0,4.793388366699219,1.4369237422943115,4.793388366699219,1.4369237422943115,136.07760620117188,50.83740997314453
randomness_0.0761,0.0761,0.0356661971658468,121.0,289.0,0.03980716253443526,289.0,1.0,0.0,4.776859283447266,1.32045316696167,4.776859283447266,1.32045316696167,135.9201202392578,50.93757247924805
randomness_0.0771,0.0771,0.0378903474658728,121.0,297.0,0.04090909090909091,297.0,1.0,0.0,4.909090995788574,1.3545149564743042,4.909090995788574,1.3545149564743042,136.008056640625,50.66902160644531
randomness_0.0781,0.0781,0.0350526504218578,121.0,296.0,0.04077134986225895,296.0,1.0,0.0,4.892561912536621,1.4759877920150757,4.892561912536621,1.4759877920150757,135.91664123535156,50.795143127441406
randomness_0.0791,0.0791,0.0408696711063385,121.0,302.0,0.04159779614325069,302.0,1.0,0.0,4.991735458374023,1.2364697456359863,4.991735458374023,1.2364697456359863,136.03231811523438,50.83719253540039
randomness_0.0801,0.0801,0.0368950605392456,121.0,296.0,0.04077134986225895,296.0,1.0,0.0,4.892561912536621,1.309858798980713,4.892561912536621,1.309858798980713,136.05352783203125,50.851173400878906
randomness_0.0811,0.0811,0.0360118340700865,121.0,297.0,0.04090909090909091,297.0,1.0,0.0,4.909090995788574,1.2464827299118042,4.909090995788574,1.2464827299118042,135.98043823242188,50.77906799316406
randomness_0.0821,0.0821,0.0360031485557556,121.0,297.0,0.04090909090909091,297.0,1.0,0.0,4.909090995788574,1.3236563205718994,4.909090995788574,1.3236563205718994,136.07057189941406,50.7434196472168
randomness_0.0831,0.0831,0.0381616029888392,121.0,295.0,0.040633608815427,295.0,1.0,0.0,4.876032829284668,1.3880852460861206,4.876032829284668,1.3880852460861206,136.02630615234375,50.990821838378906
randomness_0.0841,0.0841,0.0366937089711428,121.0,289.0,0.03980716253443526,289.0,1.0,0.0,4.776859283447266,1.3513848781585693,4.776859283447266,1.3513848781585693,136.08058166503906,50.802345275878906
randomness_0.0851,0.0851,0.0343593172729015,121.0,298.0,0.04104683195592287,298.0,1.0,0.0,4.925619602203369,1.260757327079773,4.925619602203369,1.260757327079773,135.9265899658203,50.88056564331055
randomness_0.0861,0.0861,0.0385365009307861,121.0,298.0,0.04104683195592287,298.0,1.0,0.0,4.925619602203369,1.2738001346588135,4.925619602203369,1.2738001346588135,135.83807373046875,50.868682861328125
randomness_0.0871,0.0871,0.0381259419023991,121.0,297.0,0.04090909090909091,297.0,1.0,0.0,4.909090995788574,1.3606027364730835,4.909090995788574,1.3606027364730835,136.012939453125,50.9398193359375
randomness_0.0881,0.0881,0.0394090674817562,121.0,298.0,0.04104683195592287,298.0,1.0,0.0,4.925619602203369,1.3555231094360352,4.925619602203369,1.3555231094360352,135.95108032226562,50.803558349609375
randomness_0.0891,0.0891,0.0329950571060181,121.0,296.0,0.04077134986225895,296.0,1.0,0.0,4.892561912536621,1.3410348892211914,4.892561912536621,1.3410348892211914,135.97378540039062,50.753421783447266
randomness_0.0901,0.0901,0.0432870648801327,121.0,302.0,0.04159779614325069,302.0,1.0,0.0,4.991735458374023,1.2025859355926514,4.991735458374023,1.2025859355926514,135.93702697753906,50.89385223388672
randomness_0.0911,0.0911,0.0398575376719236,121.0,297.0,0.04090909090909091,297.0,1.0,0.0,4.909090995788574,1.2984415292739868,4.909090995788574,1.2984415292739868,136.0077362060547,50.763675689697266
randomness_0.0921,0.0921,0.0277100998364858,121.0,291.0,0.04008264462809917,291.0,1.0,0.0,4.809917449951172,1.3503230810165405,4.809917449951172,1.3503230810165405,135.91317749023438,50.9116096496582
randomness_0.0931,0.0931,0.0336260215379298,121.0,291.0,0.04008264462809917,291.0,1.0,0.0,4.809917449951172,1.2682651281356812,4.809917449951172,1.2682651281356812,136.00393676757812,50.90559005737305
randomness_0.0941,0.0941,0.0386629350483417,121.0,300.0,0.04132231404958678,300.0,1.0,0.0,4.958677768707275,1.3261308670043945,4.958677768707275,1.3261308670043945,135.9093780517578,50.92047119140625
randomness_0.0951,0.0951,0.0391530055552721,121.0,298.0,0.04104683195592287,298.0,1.0,0.0,4.925619602203369,1.3309121131896973,4.925619602203369,1.3309121131896973,135.98780822753906,50.80635070800781
randomness_0.0961,0.0961,0.0344226974993944,121.0,293.0,0.04035812672176309,293.0,1.0,0.0,4.84297513961792,1.2398898601531982,4.84297513961792,1.2398898601531982,136.00241088867188,50.72713851928711
randomness_0.0971,0.0971,0.0408303335309029,121.0,297.0,0.04090909090909091,297.0,1.0,0.0,4.909090995788574,1.336085319519043,4.909090995788574,1.336085319519043,136.0432891845703,50.8240966796875
randomness_0.0981,0.0981,0.0354667957872152,121.0,299.0,0.04118457300275482,299.0,1.0,0.0,4.942148685455322,1.3684611320495605,4.942148685455322,1.3684611320495605,135.97750854492188,50.845951080322266
randomness_0.0991,0.0991,0.0352356549352407,121.0,286.0,0.03939393939393939,286.0,1.0,0.0,4.7272725105285645,1.2856487035751343,4.7272725105285645,1.2856487035751343,135.98085021972656,50.90638732910156
randomness_0.1001,0.1001,0.037224255502224,121.0,294.0,0.04049586776859504,294.0,1.0,0.0,4.859504222869873,1.3130356073379517,4.859504222869873,1.3130356073379517,136.16213989257812,50.8528938293457
randomness_0.1011,0.1011,0.0365598505362868,121.0,293.0,0.04035812672176309,293.0,1.0,0.0,4.84297513961792,1.390690803527832,4.84297513961792,1.390690803527832,136.06576538085938,50.780372619628906
randomness_0.1021,0.1021,0.0420161742717028,121.0,297.0,0.04090909090909091,297.0,1.0,0.0,4.909090995788574,1.336085319519043,4.909090995788574,1.336085319519043,136.16250610351562,50.83881378173828
randomness_0.1031,0.1031,0.0385822132229805,121.0,296.0,0.04077134986225895,296.0,1.0,0.0,4.892561912536621,1.4071933031082153,4.892561912536621,1.4071933031082153,135.89434814453125,50.86931610107422
randomness_0.1041,0.1041,0.0358628667891026,121.0,289.0,0.03980716253443526,289.0,1.0,0.0,4.776859283447266,1.428676724433899,4.776859283447266,1.428676724433899,136.03590393066406,50.835975646972656
randomness_0.1051,0.1051,0.0374808698892593,121.0,292.0,0.04022038567493113,292.0,1.0,0.0,4.826446056365967,1.382761001586914,4.826446056365967,1.382761001586914,135.96246337890625,50.8817024230957
randomness_0.1061,0.1061,0.0406281433999538,121.0,298.0,0.04104683195592287,298.0,1.0,0.0,4.925619602203369,1.2931177616119385,4.925619602203369,1.2931177616119385,136.07325744628906,50.766448974609375
randomness_0.1071,0.1071,0.0365901526063681,121.0,300.0,0.04132231404958678,300.0,1.0,0.0,4.958677768707275,1.319884181022644,4.958677768707275,1.319884181022644,135.94720458984375,50.77973937988281
randomness_0.1081,0.1081,0.039384538680315,121.0,293.0,0.04035812672176309,293.0,1.0,0.0,4.84297513961792,1.323707938194275,4.84297513961792,1.323707938194275,135.8802032470703,50.90922546386719
randomness_0.1091,0.1091,0.0394290547817946,121.0,294.0,0.04049586776859504,294.0,1.0,0.0,4.859504222869873,1.2682113647460938,4.859504222869873,1.2682113647460938,135.95077514648438,50.769649505615234
randomness_0.1101,0.1101,0.0357259644195437,121.0,296.0,0.04077134986225895,296.0,1.0,0.0,4.892561912536621,1.3894624710083008,4.892561912536621,1.3894624710083008,135.98287963867188,50.78248977661133
randomness_0.1111,0.1111,0.0374157171696424,121.0,298.0,0.04104683195592287,298.0,1.0,0.0,4.925619602203369,1.2738001346588135,4.925619602203369,1.2738001346588135,135.9944305419922,50.782596588134766
randomness_0.1121,0.1121,0.0410379186272621,121.0,298.0,0.04104683195592287,298.0,1.0,0.0,4.925619602203369,1.4780223369598389,4.925619602203369,1.4780223369598389,135.90042114257812,50.910736083984375
randomness_0.1131,0.1131,0.0320388097316027,121.0,299.0,0.04118457300275482,299.0,1.0,0.0,4.942148685455322,1.2939624786376953,4.942148685455322,1.2939624786376953,135.9219207763672,50.94186019897461
randomness_0.1141,0.1141,0.0380216337740421,121.0,298.0,0.04104683195592287,298.0,1.0,0.0,4.925619602203369,1.267295479774475,4.925619602203369,1.267295479774475,135.80186462402344,50.88633346557617
randomness_0.1151,0.1151,0.0338554073125124,121.0,294.0,0.04049586776859504,294.0,1.0,0.0,4.859504222869873,1.3624588251113892,4.859504222869873,1.3624588251113892,135.86654663085938,50.787384033203125
randomness_0.1161,0.1161,0.0339945819228888,121.0,291.0,0.04008264462809917,291.0,1.0,0.0,4.809917449951172,1.368561029434204,4.809917449951172,1.368561029434204,136.07424926757812,50.703826904296875
randomness_0.1171,0.1171,0.0358096666634083,121.0,291.0,0.04008264462809917,291.0,1.0,0.0,4.809917449951172,1.398429036140442,4.809917449951172,1.398429036140442,135.9031524658203,50.742130279541016
randomness_0.1181,0.1181,0.0372757166624069,121.0,299.0,0.04118457300275482,299.0,1.0,0.0,4.942148685455322,1.3563289642333984,4.942148685455322,1.3563289642333984,135.8169403076172,50.98243713378906
randomness_0.1191,0.1191,0.0366279747337103,121.0,300.0,0.04132231404958678,300.0,1.0,0.0,4.958677768707275,1.2817646265029907,4.958677768707275,1.2817646265029907,136.10093688964844,50.856746673583984
randomness_0.1201,0.1201,0.0346123669296503,121.0,297.0,0.04090909090909091,297.0,1.0,0.0,4.909090995788574,1.3846861124038696,4.909090995788574,1.3846861124038696,135.83340454101562,50.85375213623047
randomness_0.1211,0.1211,0.0374036740511656,121.0,302.0,0.04159779614325069,302.0,1.0,0.0,4.991735458374023,1.2297676801681519,4.991735458374023,1.2297676801681519,136.037109375,50.81403350830078
randomness_0.1221,0.1221,0.033644669316709,121.0,297.0,0.04090909090909091,297.0,1.0,0.0,4.909090995788574,1.2727272510528564,4.909090995788574,1.2727272510528564,135.8986053466797,50.812294006347656
randomness_0.1231,0.1231,0.03632049895823,121.0,297.0,0.04090909090909091,297.0,1.0,0.0,4.909090995788574,1.3422566652297974,4.909090995788574,1.3422566652297974,135.9761962890625,50.87496566772461
randomness_0.1241,0.1241,0.0390386577695608,121.0,300.0,0.04132231404958678,300.0,1.0,0.0,4.958677768707275,1.3261308670043945,4.958677768707275,1.3261308670043945,136.02159118652344,51.14848327636719
randomness_0.1251,0.1251,0.0415224276483059,121.0,307.0,0.04228650137741047,307.0,1.0,0.0,5.074380397796631,1.2342581748962402,5.074380397796631,1.2342581748962402,136.00782775878906,50.870540618896484
randomness_0.1261,0.1261,0.0346332360059023,121.0,293.0,0.04035812672176309,293.0,1.0,0.0,4.84297513961792,1.3174498081207275,4.84297513961792,1.3174498081207275,136.0335693359375,50.76829528808594
randomness_0.1271,0.1271,0.0410001292824745,121.0,298.0,0.04104683195592287,298.0,1.0,0.0,4.925619602203369,1.444083333015442,4.925619602203369,1.444083333015442,135.9033660888672,50.932804107666016
randomness_0.1281,0.1281,0.0370051935315132,121.0,291.0,0.04008264462809917,291.0,1.0,0.0,4.809917449951172,1.374586582183838,4.809917449951172,1.374586582183838,135.9344024658203,50.86111068725586
randomness_0.1291,0.1291,0.0346995212137699,121.0,296.0,0.04077134986225895,296.0,1.0,0.0,4.892561912536621,1.3161530494689941,4.892561912536621,1.3161530494689941,135.92852783203125,50.90150451660156
randomness_0.1301,0.1301,0.0355821181088686,121.0,291.0,0.04008264462809917,291.0,1.0,0.0,4.809917449951172,1.325615644454956,4.809917449951172,1.325615644454956,135.8874053955078,50.753517150878906
randomness_0.1311,0.1311,0.0360415406525135,121.0,292.0,0.04022038567493113,292.0,1.0,0.0,4.826446056365967,1.492004632949829,4.826446056365967,1.492004632949829,135.97071838378906,50.84593963623047
randomness_0.1321,0.1321,0.0396183460950851,121.0,302.0,0.04159779614325069,302.0,1.0,0.0,4.991735458374023,1.3205050230026245,4.991735458374023,1.3205050230026245,135.9988250732422,50.97307586669922
randomness_0.1331,0.1331,0.0419586654752493,121.0,298.0,0.04104683195592287,298.0,1.0,0.0,4.925619602203369,1.2867107391357422,4.925619602203369,1.2867107391357422,135.96763610839844,50.83625411987305
randomness_0.1341,0.1341,0.03649667724967,121.0,301.0,0.04146005509641873,301.0,1.0,0.0,4.97520637512207,1.2495473623275757,4.97520637512207,1.2495473623275757,135.998779296875,50.719581604003906
randomness_0.1351,0.1351,0.0384815935045481,121.0,300.0,0.04132231404958678,300.0,1.0,0.0,4.958677768707275,1.268803596496582,4.958677768707275,1.268803596496582,135.99928283691406,50.83871078491211
randomness_0.1361,0.1361,0.0369721245020628,121.0,298.0,0.04104683195592287,298.0,1.0,0.0,4.925619602203369,1.3371073007583618,4.925619602203369,1.3371073007583618,136.18643188476562,50.830806732177734
randomness_0.1371,0.1371,0.0395542200654745,121.0,298.0,0.04104683195592287,298.0,1.0,0.0,4.925619602203369,1.2994931936264038,4.925619602203369,1.2994931936264038,135.8952178955078,51.061614990234375
randomness_0.1381,0.1381,0.0421723697334528,121.0,297.0,0.04090909090909091,297.0,1.0,0.0,4.909090995788574,1.4200454950332642,4.909090995788574,1.4200454950332642,135.77699279785156,50.89045333862305
randomness_0.1391,0.1391,0.0386608716100454,121.0,296.0,0.04077134986225895,296.0,1.0,0.0,4.892561912536621,1.271438717842102,4.892561912536621,1.271438717842102,135.9929962158203,50.70799255371094
randomness_0.1401,0.1401,0.0337737036403269,121.0,292.0,0.04022038567493113,292.0,1.0,0.0,4.826446056365967,1.3464229106903076,4.826446056365967,1.3464229106903076,135.76885986328125,50.74055862426758
randomness_0.1411,0.1411,0.0346299377386458,121.0,298.0,0.04104683195592287,298.0,1.0,0.0,4.925619602203369,1.2071774005889893,4.925619602203369,1.2071774005889893,135.8754425048828,51.00250244140625
randomness_0.1421,0.1421,0.0414773605763912,121.0,298.0,0.04104683195592287,298.0,1.0,0.0,4.925619602203369,1.2738001346588135,4.925619602203369,1.2738001346588135,136.06002807617188,50.80635070800781
randomness_0.1431,0.1431,0.0386291652917862,121.0,294.0,0.04049586776859504,294.0,1.0,0.0,4.859504222869873,1.3563793897628784,4.859504222869873,1.3563793897628784,135.79307556152344,50.91665267944336
randomness_0.1441,0.1441,0.0377634420990944,121.0,296.0,0.04077134986225895,296.0,1.0,0.0,4.892561912536621,1.3348579406738281,4.892561912536621,1.3348579406738281,135.968994140625,50.87785339355469
randomness_0.1451,0.1451,0.0374378848820925,121.0,289.0,0.03980716253443526,289.0,1.0,0.0,4.776859283447266,1.3329119682312012,4.776859283447266,1.3329119682312012,135.89019775390625,50.89496994018555
randomness_0.1461,0.1461,0.0400956444442272,121.0,294.0,0.04049586776859504,294.0,1.0,0.0,4.859504222869873,1.3685110807418823,4.859504222869873,1.3685110807418823,136.06956481933594,50.7784423828125
randomness_0.1471,0.1471,0.0350478313863277,121.0,296.0,0.04077134986225895,296.0,1.0,0.0,4.892561912536621,1.2907917499542236,4.892561912536621,1.2907917499542236,136.0718994140625,50.77999496459961
randomness_0.1481,0.1481,0.0405187137424946,121.0,293.0,0.04035812672176309,293.0,1.0,0.0,4.84297513961792,1.3237080574035645,4.84297513961792,1.3237080574035645,135.94895935058594,50.85432434082031
randomness_0.1491,0.1491,0.03782167583704,121.0,297.0,0.04090909090909091,297.0,1.0,0.0,4.909090995788574,1.2856487035751343,4.909090995788574,1.2856487035751343,135.98272705078125,50.70909881591797
randomness_0.1502,0.1502,0.0255790930241346,121.0,289.0,0.03980716253443526,289.0,1.0,0.0,4.776859283447266,1.357486605644226,4.776859283447266,1.357486605644226,136.0657196044922,50.8642463684082
randomness_0.1512,0.1512,0.0414184413850307,121.0,305.0,0.04201101928374656,305.0,1.0,0.0,5.041322231292725,1.319884181022644,5.041322231292725,1.319884181022644,136.0271453857422,50.958229064941406
randomness_0.1522,0.1522,0.0394350353628397,121.0,298.0,0.04104683195592287,298.0,1.0,0.0,4.925619602203369,1.3246879577636719,4.925619602203369,1.3246879577636719,135.96261596679688,50.73446273803711
randomness_0.1532,0.1532,0.0392082661390305,121.0,301.0,0.04146005509641873,301.0,1.0,0.0,4.97520637512207,1.3874455690383911,4.97520637512207,1.3874455690383911,136.0910186767578,50.8779182434082
randomness_0.1542,0.1542,0.0324190760031342,121.0,291.0,0.04008264462809917,291.0,1.0,0.0,4.809917449951172,1.3503230810165405,4.809917449951172,1.3503230810165405,136.1207733154297,50.84959030151367
randomness_0.1552,0.1552,0.0324397183954716,121.0,290.0,0.03994490358126722,290.0,1.0,0.0,4.793388366699219,1.4019901752471924,4.793388366699219,1.4019901752471924,136.0287628173828,50.823726654052734
randomness_0.1562,0.1562,0.0372020840644836,121.0,293.0,0.04035812672176309,293.0,1.0,0.0,4.84297513961792,1.2984942197799683,4.84297513961792,1.2984942197799683,135.8726806640625,50.78633499145508
randomness_0.1572,0.1572,0.0355894934386015,121.0,295.0,0.040633608815427,295.0,1.0,0.0,4.876032829284668,1.3020659685134888,4.876032829284668,1.3020659685134888,135.686279296875,51.093055725097656
randomness_0.1582,0.1582,0.0358638592064381,121.0,295.0,0.040633608815427,295.0,1.0,0.0,4.876032829284668,1.3146990537643433,4.876032829284668,1.3146990537643433,136.07565307617188,50.993797302246094
randomness_0.1592,0.1592,0.0373496826738119,121.0,298.0,0.04104683195592287,298.0,1.0,0.0,4.925619602203369,1.3676624298095703,4.925619602203369,1.3676624298095703,135.74176025390625,50.89328384399414
randomness_0.1602,0.1602,0.0354020348446284,121.0,296.0,0.04077134986225895,296.0,1.0,0.0,4.892561912536621,1.3348579406738281,4.892561912536621,1.3348579406738281,136.08985900878906,50.85295486450195
randomness_0.1612,0.1612,0.0350601704791188,121.0,299.0,0.04118457300275482,299.0,1.0,0.0,4.942148685455322,1.3563289642333984,4.942148685455322,1.3563289642333984,136.03851318359375,50.73583221435547
randomness_0.1622,0.1622,0.036237620189786,121.0,290.0,0.03994490358126722,290.0,1.0,0.0,4.793388366699219,1.378209114074707,4.793388366699219,1.378209114074707,136.09457397460938,50.759033203125
randomness_0.1632,0.1632,0.0380652755498886,121.0,301.0,0.04146005509641873,301.0,1.0,0.0,4.97520637512207,1.3327583074569702,4.97520637512207,1.3327583074569702,135.91612243652344,50.88872146606445
randomness_0.1642,0.1642,0.0441122628748417,121.0,303.0,0.04173553719008265,303.0,1.0,0.0,5.008264541625977,1.2025859355926514,5.008264541625977,1.2025859355926514,136.01693725585938,50.746376037597656
randomness_0.1652,0.1652,0.0352230176329613,121.0,289.0,0.03980716253443526,289.0,1.0,0.0,4.776859283447266,1.2951760292053223,4.776859283447266,1.2951760292053223,136.0041046142578,50.963932037353516
randomness_0.1662,0.1662,0.0406282469630241,121.0,298.0,0.04104683195592287,298.0,1.0,0.0,4.925619602203369,1.240936040878296,4.925619602203369,1.240936040878296,136.0207977294922,50.907928466796875
randomness_0.1672,0.1672,0.0355353228747845,121.0,292.0,0.04022038567493113,292.0,1.0,0.0,4.826446056365967,1.3946634531021118,4.826446056365967,1.3946634531021118,136.2803497314453,50.794715881347656
randomness_0.1682,0.1682,0.0374293509870768,121.0,295.0,0.040633608815427,295.0,1.0,0.0,4.876032829284668,1.3272119760513306,4.876032829284668,1.3272119760513306,135.801025390625,50.90922546386719
randomness_0.1692,0.1692,0.0344738312065601,121.0,298.0,0.04104683195592287,298.0,1.0,0.0,4.925619602203369,1.318434476852417,4.925619602203369,1.318434476852417,136.107666015625,50.81885528564453
randomness_0.1702,0.1702,0.0406062595546246,121.0,291.0,0.04008264462809917,291.0,1.0,0.0,4.809917449951172,1.4449342489242554,4.809917449951172,1.4449342489242554,136.037841796875,50.736148834228516
randomness_0.1712,0.1712,0.0380158729851246,121.0,297.0,0.04090909090909091,297.0,1.0,0.0,4.909090995788574,1.3483997583389282,4.909090995788574,1.3483997583389282,135.88418579101562,50.81868362426758
randomness_0.1722,0.1722,0.0335841909050941,121.0,300.0,0.04132231404958678,300.0,1.0,0.0,4.958677768707275,1.2945958375930786,4.958677768707275,1.2945958375930786,135.98170471191406,50.82526779174805
randomness_0.1732,0.1732,0.0341335732489824,121.0,295.0,0.040633608815427,295.0,1.0,0.0,4.876032829284668,1.3701072931289673,4.876032829284668,1.3701072931289673,136.1466827392578,50.9050407409668
randomness_0.1742,0.1742,0.0321388042701074,121.0,283.0,0.03898071625344353,283.0,1.0,0.0,4.677685737609863,1.4386337995529175,4.677685737609863,1.4386337995529175,135.87551879882812,50.580970764160156
randomness_0.1752,0.1752,0.0359096558764577,121.0,298.0,0.04104683195592287,298.0,1.0,0.0,4.925619602203369,1.3676624298095703,4.925619602203369,1.3676624298095703,136.174560546875,50.86802673339844
randomness_0.1762,0.1762,0.03735710978508,121.0,299.0,0.04118457300275482,299.0,1.0,0.0,4.942148685455322,1.4042292833328247,4.942148685455322,1.4042292833328247,136.1042938232422,50.92634963989258
randomness_0.1772,0.1772,0.0361790183931589,121.0,296.0,0.04077134986225895,296.0,1.0,0.0,4.892561912536621,1.3348579406738281,4.892561912536621,1.3348579406738281,135.6034393310547,51.029232025146484
randomness_0.1782,0.1782,0.0377047291025519,121.0,291.0,0.04008264462809917,291.0,1.0,0.0,4.809917449951172,1.4619925022125244,4.809917449951172,1.4619925022125244,135.6999969482422,50.95549774169922
randomness_0.1792,0.1792,0.0418280929327011,121.0,302.0,0.04159779614325069,302.0,1.0,0.0,4.991735458374023,1.3079279661178589,4.991735458374023,1.3079279661178589,135.7955322265625,50.87367248535156
randomness_0.1802,0.1802,0.0362420108169317,121.0,294.0,0.04049586776859504,294.0,1.0,0.0,4.859504222869873,1.3193148374557495,4.859504222869873,1.3193148374557495,136.172119140625,50.46217727661133
randomness_0.1812,0.1812,0.0418269954621792,121.0,306.0,0.04214876033057851,306.0,1.0,0.0,5.057851314544678,1.2746577262878418,5.057851314544678,1.2746577262878418,135.8910675048828,50.48275375366211
randomness_0.1822,0.1822,0.0407392159104347,121.0,297.0,0.04090909090909091,297.0,1.0,0.0,4.909090995788574,1.3846861124038696,4.909090995788574,1.3846861124038696,135.84085083007812,50.85899353027344
randomness_0.1832,0.1832,0.0361501201987267,121.0,297.0,0.04090909090909091,297.0,1.0,0.0,4.909090995788574,1.2398346662521362,4.909090995788574,1.2398346662521362,136.08056640625,50.78299331665039
randomness_0.1842,0.1842,0.0371307160705328,121.0,299.0,0.04118457300275482,299.0,1.0,0.0,4.942148685455322,1.2811249494552612,4.942148685455322,1.2811249494552612,136.27699279785156,50.81535720825195
randomness_0.1852,0.1852,0.04094033613801,121.0,295.0,0.040633608815427,295.0,1.0,0.0,4.876032829284668,1.3880853652954102,4.876032829284668,1.3880853652954102,135.96006774902344,50.7237663269043
randomness_0.1862,0.1862,0.0382922470569611,121.0,293.0,0.04035812672176309,293.0,1.0,0.0,4.84297513961792,1.4602630138397217,4.84297513961792,1.4602630138397217,136.03814697265625,50.837493896484375
randomness_0.1872,0.1872,0.0389524783939123,121.0,300.0,0.04132231404958678,300.0,1.0,0.0,4.958677768707275,1.3569332361221313,4.958677768707275,1.3569332361221313,136.03207397460938,50.722747802734375
randomness_0.1882,0.1882,0.0333323244005442,121.0,297.0,0.04090909090909091,297.0,1.0,0.0,4.909090995788574,1.2530953884124756,4.909090995788574,1.2530953884124756,135.91111755371094,51.048946380615234
randomness_0.1892,0.1892,0.03733005002141,121.0,300.0,0.04132231404958678,300.0,1.0,0.0,4.958677768707275,1.2557088136672974,4.958677768707275,1.2557088136672974,135.90673828125,50.77155303955078
randomness_0.1902,0.1902,0.0334649316966534,121.0,289.0,0.03980716253443526,289.0,1.0,0.0,4.776859283447266,1.3875930309295654,4.776859283447266,1.3875930309295654,135.87591552734375,50.580013275146484
randomness_0.1912,0.1912,0.0310376984067261,121.0,291.0,0.04008264462809917,291.0,1.0,0.0,4.809917449951172,1.3067784309387207,4.809917449951172,1.3067784309387207,136.0391082763672,50.92803955078125
randomness_0.1922,0.1922,0.0329171856865287,121.0,288.0,0.03966942148760331,288.0,1.0,0.0,4.760330677032471,1.4085030555725098,4.760330677032471,1.4085030555725098,136.18115234375,51.010475158691406
randomness_0.1932,0.1932,0.0365469336509705,121.0,297.0,0.04090909090909091,297.0,1.0,0.0,4.909090995788574,1.390641689300537,4.909090995788574,1.390641689300537,136.0240020751953,50.75674057006836
randomness_0.1942,0.1942,0.0337530635297298,121.0,295.0,0.040633608815427,295.0,1.0,0.0,4.876032829284668,1.2957031726837158,4.876032829284668,1.2957031726837158,135.81256103515625,51.12004852294922
randomness_0.1952,0.1952,0.0349111512303352,121.0,295.0,0.040633608815427,295.0,1.0,0.0,4.876032829284668,1.3020659685134888,4.876032829284668,1.3020659685134888,135.7187957763672,50.649383544921875
randomness_0.1962,0.1962,0.0365883443504572,121.0,290.0,0.03994490358126722,290.0,1.0,0.0,4.793388366699219,1.278670310974121,4.793388366699219,1.278670310974121,136.13047790527344,50.59171676635742
randomness_0.1972,0.1972,0.0372184347361326,121.0,300.0,0.04132231404958678,300.0,1.0,0.0,4.958677768707275,1.2817646265029907,4.958677768707275,1.2817646265029907,136.1487274169922,50.90858459472656
randomness_0.1982,0.1982,0.035181619040668,121.0,294.0,0.04049586776859504,294.0,1.0,0.0,4.859504222869873,1.2217437028884888,4.859504222869873,1.2217437028884888,135.8212432861328,50.74322509765625
randomness_0.1992,0.1992,0.0326875079423189,121.0,292.0,0.04022038567493113,292.0,1.0,0.0,4.826446056365967,1.3946633338928223,4.826446056365967,1.3946633338928223,135.90924072265625,50.92047882080078
randomness_0.2002,0.2002,0.0367738347500563,121.0,294.0,0.04049586776859504,294.0,1.0,0.0,4.859504222869873,1.3745368719100952,4.859504222869873,1.3745368719100952,136.25875854492188,50.48872756958008
randomness_0.2012,0.2012,0.0392136126756668,121.0,297.0,0.04090909090909091,297.0,1.0,0.0,4.909090995788574,1.3483997583389282,4.909090995788574,1.3483997583389282,136.2148895263672,50.645240783691406
randomness_0.2022,0.2022,0.039508280903101,121.0,297.0,0.04090909090909091,297.0,1.0,0.0,4.909090995788574,1.3545149564743042,4.909090995788574,1.3545149564743042,136.30296325683594,50.69550323486328
randomness_0.2032,0.2032,0.0349351029843092,121.0,298.0,0.04104683195592287,298.0,1.0,0.0,4.925619602203369,1.2802716493606567,4.925619602203369,1.2802716493606567,136.0358123779297,50.66018295288086
randomness_0.2042,0.2042,0.0355158485472202,121.0,291.0,0.04008264462809917,291.0,1.0,0.0,4.809917449951172,1.398429036140442,4.809917449951172,1.398429036140442,135.83241271972656,51.218841552734375
randomness_0.2052,0.2052,0.0380328107625246,121.0,297.0,0.04090909090909091,297.0,1.0,0.0,4.909090995788574,1.30479097366333,4.909090995788574,1.30479097366333,136.03208923339844,50.80415725708008
randomness_0.2062,0.2062,0.0386482801288366,121.0,295.0,0.040633608815427,295.0,1.0,0.0,4.876032829284668,1.3701072931289673,4.876032829284668,1.3701072931289673,135.98007202148438,51.16178512573242
randomness_0.2072,0.2072,0.0351240664720535,121.0,296.0,0.04077134986225895,296.0,1.0,0.0,4.892561912536621,1.3894624710083008,4.892561912536621,1.3894624710083008,136.15481567382812,51.14097213745117
randomness_0.2082,0.2082,0.0358973741531372,121.0,297.0,0.04090909090909091,297.0,1.0,0.0,4.909090995788574,1.3483997583389282,4.909090995788574,1.3483997583389282,135.8797149658203,50.79712677001953
randomness_0.2092,0.2092,0.0373731505125761,121.0,301.0,0.04146005509641873,301.0,1.0,0.0,4.97520637512207,1.216028094291687,4.97520637512207,1.216028094291687,136.21961975097656,50.770713806152344
randomness_0.2102,0.2102,0.038845494017005,121.0,298.0,0.04104683195592287,298.0,1.0,0.0,4.925619602203369,1.2409359216690063,4.925619602203369,1.2409359216690063,136.35546875,50.28927230834961
randomness_0.2112,0.2112,0.0329967312514782,121.0,302.0,0.04159779614325069,302.0,1.0,0.0,4.991735458374023,1.2497661113739014,4.991735458374023,1.2497661113739014,135.7952880859375,50.76320266723633
randomness_0.2122,0.2122,0.0403857871890068,121.0,298.0,0.04104683195592287,298.0,1.0,0.0,4.925619602203369,1.4093272686004639,4.925619602203369,1.4093272686004639,135.7755126953125,50.92719650268555
randomness_0.2132,0.2132,0.0345003955066204,121.0,292.0,0.04022038567493113,292.0,1.0,0.0,4.826446056365967,1.4005767107009888,4.826446056365967,1.4005767107009888,136.05445861816406,50.81806945800781
randomness_0.2142,0.2142,0.0330830454826355,121.0,295.0,0.040633608815427,295.0,1.0,0.0,4.876032829284668,1.3083977699279785,4.876032829284668,1.3083977699279785,136.0880889892578,50.892147064208984
randomness_0.2152,0.2152,0.0353763576596975,121.0,288.0,0.03966942148760331,288.0,1.0,0.0,4.760330677032471,1.4259971380233765,4.760330677032471,1.4259971380233765,135.77593994140625,51.15068054199219
randomness_0.2162,0.2162,0.035659858211875,121.0,298.0,0.04104683195592287,298.0,1.0,0.0,4.925619602203369,1.3246879577636719,4.925619602203369,1.3246879577636719,135.81356811523438,50.85296630859375
randomness_0.2172,0.2172,0.0296359106898308,121.0,284.0,0.03911845730027548,284.0,1.0,0.0,4.694214820861816,1.3474369049072266,4.694214820861816,1.3474369049072266,136.2658233642578,50.60847854614258
randomness_0.2182,0.2182,0.035613651946187,121.0,292.0,0.04022038567493113,292.0,1.0,0.0,4.826446056365967,1.3090763092041016,4.826446056365967,1.3090763092041016,136.27157592773438,50.92930221557617
randomness_0.2192,0.2192,0.0411048330366611,121.0,298.0,0.04104683195592287,298.0,1.0,0.0,4.925619602203369,1.2994930744171143,4.925619602203369,1.2994930744171143,135.9456024169922,50.91713333129883
randomness_0.2202,0.2202,0.0327013686299324,121.0,292.0,0.04022038567493113,292.0,1.0,0.0,4.826446056365967,1.3340901136398315,4.826446056365967,1.3340901136398315,136.26768493652344,50.61760711669922
randomness_0.2212,0.2212,0.0311106855049729,121.0,294.0,0.04049586776859504,294.0,1.0,0.0,4.859504222869873,1.248508334159851,4.859504222869873,1.248508334159851,135.99066162109375,50.77671813964844
randomness_0.2222,0.2222,0.0343262750655413,121.0,296.0,0.04077134986225895,296.0,1.0,0.0,4.892561912536621,1.3894624710083008,4.892561912536621,1.3894624710083008,136.3243865966797,50.540992736816406
randomness_0.2232,0.2232,0.0399618908762932,121.0,298.0,0.04104683195592287,298.0,1.0,0.0,4.925619602203369,1.3676624298095703,4.925619602203369,1.3676624298095703,136.17958068847656,50.800384521484375
randomness_0.2242,0.2242,0.0360516704618931,121.0,301.0,0.04146005509641873,301.0,1.0,0.0,4.97520637512207,1.2362487316131592,4.97520637512207,1.2362487316131592,135.99269104003906,51.073143005371094
randomness_0.2252,0.2252,0.0363332945853472,121.0,294.0,0.04049586776859504,294.0,1.0,0.0,4.859504222869873,1.3379753828048706,4.859504222869873,1.3379753828048706,135.7303009033203,51.02646255493164
randomness_0.2262,0.2262,0.03996646925807,121.0,297.0,0.04090909090909091,297.0,1.0,0.0,4.909090995788574,1.3111095428466797,4.909090995788574,1.3111095428466797,135.9761962890625,51.0109977722168
randomness_0.2272,0.2272,0.0368797224014997,121.0,298.0,0.04104683195592287,298.0,1.0,0.0,4.925619602203369,1.3796950578689575,4.925619602203369,1.3796950578689575,136.2285614013672,50.580020904541016
randomness_0.2282,0.2282,0.0372669961303473,121.0,296.0,0.04077134986225895,296.0,1.0,0.0,4.892561912536621,1.470377802848816,4.892561912536621,1.470377802848816,135.98802185058594,50.782501220703125
randomness_0.2292,0.2292,0.0393136106431484,121.0,302.0,0.04159779614325069,302.0,1.0,0.0,4.991735458374023,1.332963466644287,4.991735458374023,1.332963466644287,135.76051330566406,50.89027786254883
randomness_0.2302,0.2302,0.0257252069337483,121.0,287.0,0.03953168044077135,287.0,1.0,0.0,4.743801593780518,1.3937814235687256,4.743801593780518,1.3937814235687256,136.21348571777344,50.71436309814453
randomness_0.2312,0.2312,0.0382906604558229,121.0,299.0,0.04118457300275482,299.0,1.0,0.0,4.942148685455322,1.300333857536316,4.942148685455322,1.300333857536316,135.58303833007812,51.07330322265625
randomness_0.2322,0.2322,0.036492782458663,121.0,292.0,0.04022038567493113,292.0,1.0,0.0,4.826446056365967,1.3153743743896484,4.826446056365967,1.3153743743896484,135.73269653320312,50.94777297973633
randomness_0.2332,0.2332,0.0345691721886396,121.0,297.0,0.04090909090909091,297.0,1.0,0.0,4.909090995788574,1.3298853635787964,4.909090995788574,1.3298853635787964,135.96197509765625,50.90005874633789
randomness_0.2342,0.2342,0.0376643512398005,121.0,288.0,0.03966942148760331,288.0,1.0,0.0,4.760330677032471,1.3362387418746948,4.760330677032471,1.3362387418746948,136.24082946777344,50.512229919433594
randomness_0.2352,0.2352,0.0396641507744789,121.0,299.0,0.04118457300275482,299.0,1.0,0.0,4.942148685455322,1.3924086093902588,4.942148685455322,1.3924086093902588,136.25064086914062,51.058589935302734
randomness_0.2362,0.2362,0.0356200736016035,121.0,296.0,0.04077134986225895,296.0,1.0,0.0,4.892561912536621,1.3410348892211914,4.892561912536621,1.3410348892211914,136.07354736328125,50.8602409362793
randomness_0.2372,0.2372,0.043439370393753,121.0,306.0,0.04214876033057851,306.0,1.0,0.0,5.057851314544678,1.2681574821472168,5.057851314544678,1.2681574821472168,135.8718719482422,51.214969635009766
randomness_0.2382,0.2382,0.0364261426031589,121.0,296.0,0.04077134986225895,296.0,1.0,0.0,4.892561912536621,1.3533042669296265,4.892561912536621,1.3533042669296265,135.91165161132812,50.899261474609375
randomness_0.2392,0.2392,0.0387058358639479,121.0,295.0,0.040633608815427,295.0,1.0,0.0,4.876032829284668,1.2764246463775635,4.876032829284668,1.2764246463775635,135.91493225097656,51.043766021728516
randomness_0.2402,0.2402,0.0320285096764565,121.0,289.0,0.03980716253443526,289.0,1.0,0.0,4.776859283447266,1.3452553749084473,4.776859283447266,1.3452553749084473,135.86624145507812,50.907169342041016
randomness_0.2412,0.2412,0.0352636497467756,121.0,297.0,0.04090909090909091,297.0,1.0,0.0,4.909090995788574,1.2727272510528564,4.909090995788574,1.2727272510528564,135.48744201660156,50.73472213745117
randomness_0.2422,0.2422,0.0347922313958406,121.0,292.0,0.04022038567493113,292.0,1.0,0.0,4.826446056365967,1.4583909511566162,4.826446056365967,1.4583909511566162,136.07310485839844,50.98779296875
randomness_0.2432,0.2432,0.0352936618030071,121.0,293.0,0.04035812672176309,293.0,1.0,0.0,4.84297513961792,1.2984942197799683,4.84297513961792,1.2984942197799683,136.08201599121094,50.863338470458984
randomness_0.2442,0.2442,0.0337179535999894,121.0,288.0,0.03966942148760331,288.0,1.0,0.0,4.760330677032471,1.425997018814087,4.760330677032471,1.425997018814087,136.2174530029297,50.45911407470703
randomness_0.2452,0.2452,0.0369331635534763,121.0,296.0,0.04077134986225895,296.0,1.0,0.0,4.892561912536621,1.3593974113464355,4.892561912536621,1.3593974113464355,135.86338806152344,51.236141204833984
randomness_0.2462,0.2462,0.0380232129245996,121.0,302.0,0.04159779614325069,302.0,1.0,0.0,4.991735458374023,1.3636114597320557,4.991735458374023,1.3636114597320557,135.82025146484375,50.80368423461914
randomness_0.2472,0.2472,0.0421827763319016,121.0,304.0,0.0418732782369146,304.0,1.0,0.0,5.02479362487793,1.326542854309082,5.02479362487793,1.326542854309082,136.3018341064453,51.03718185424805
randomness_0.2482,0.2482,0.0322219256311655,121.0,291.0,0.04008264462809917,291.0,1.0,0.0,4.809917449951172,1.208195447921753,4.809917449951172,1.208195447921753,136.04043579101562,51.139888763427734
randomness_0.2492,0.2492,0.0360765360295773,121.0,297.0,0.04090909090909091,297.0,1.0,0.0,4.909090995788574,1.2596733570098877,4.909090995788574,1.2596733570098877,135.96334838867188,51.329681396484375
randomness_0.2503,0.2503,0.0354842914268374,121.0,293.0,0.04035812672176309,293.0,1.0,0.0,4.84297513961792,1.3787542581558228,4.84297513961792,1.3787542581558228,135.74411010742188,51.143741607666016
randomness_0.2513,0.2513,0.0410456568002701,121.0,303.0,0.04173553719008265,303.0,1.0,0.0,5.008264541625977,1.332963466644287,5.008264541625977,1.332963466644287,136.2540740966797,50.70252990722656
randomness_0.2523,0.2523,0.0326928336173296,121.0,285.0,0.03925619834710744,285.0,1.0,0.0,4.7107439041137695,1.3075623512268066,4.7107439041137695,1.3075623512268066,136.02821350097656,50.93085861206055
randomness_0.2533,0.2533,0.0295058242045343,121.0,292.0,0.04022038567493113,292.0,1.0,0.0,4.826446056365967,1.3027478456497192,4.826446056365967,1.3027478456497192,136.02984619140625,50.76265335083008
randomness_0.2543,0.2543,0.0361936453729868,121.0,290.0,0.03994490358126722,290.0,1.0,0.0,4.793388366699219,1.4311606884002686,4.793388366699219,1.4311606884002686,136.38595581054688,50.67679977416992
randomness_0.2553,0.2553,0.0353323262184858,121.0,286.0,0.03939393939393939,286.0,1.0,0.0,4.7272725105285645,1.3965719938278198,4.7272725105285645,1.3965719938278198,136.414794921875,50.81452178955078
randomness_0.2563,0.2563,0.0383484411984682,121.0,295.0,0.040633608815427,295.0,1.0,0.0,4.876032829284668,1.3579896688461304,4.876032829284668,1.3579896688461304,135.6657257080078,51.15940856933594
randomness_0.2573,0.2573,0.0346051994711161,121.0,296.0,0.04077134986225895,296.0,1.0,0.0,4.892561912536621,1.3953977823257446,4.892561912536621,1.3953977823257446,135.75735473632812,50.76921081542969
randomness_0.2583,0.2583,0.0419803738594055,121.0,302.0,0.04159779614325069,302.0,1.0,0.0,4.991735458374023,1.3391491174697876,4.991735458374023,1.3391491174697876,136.00518798828125,50.84481430053711
randomness_0.2593,0.2593,0.0347765378654003,121.0,297.0,0.04090909090909091,297.0,1.0,0.0,4.909090995788574,1.2920609712600708,4.909090995788574,1.2920609712600708,136.17047119140625,50.71115493774414
randomness_0.2603,0.2603,0.041734018176794,121.0,299.0,0.04118457300275482,299.0,1.0,0.0,4.942148685455322,1.3563289642333984,4.942148685455322,1.3563289642333984,136.0986785888672,50.732208251953125
randomness_0.2613,0.2613,0.0366053827106953,121.0,292.0,0.04022038567493113,292.0,1.0,0.0,4.826446056365967,1.327880859375,4.826446056365967,1.327880859375,135.7872314453125,50.888427734375
randomness_0.2623,0.2623,0.0328476250171661,121.0,288.0,0.03966942148760331,288.0,1.0,0.0,4.760330677032471,1.3049479722976685,4.760330677032471,1.3049479722976685,136.2095184326172,50.84260559082031
randomness_0.2633,0.2633,0.0381239425390959,121.0,296.0,0.04077134986225895,296.0,1.0,0.0,4.892561912536621,1.3593974113464355,4.892561912536621,1.3593974113464355,135.88002014160156,50.976383209228516
randomness_0.2643,0.2643,0.0348874751478434,121.0,294.0,0.04049586776859504,294.0,1.0,0.0,4.859504222869873,1.28117835521698,4.859504222869873,1.28117835521698,135.9962921142578,50.94084930419922
randomness_0.2653,0.2653,0.0342293921858072,121.0,293.0,0.04035812672176309,293.0,1.0,0.0,4.84297513961792,1.285701870918274,4.84297513961792,1.285701870918274,136.23080444335938,50.80900192260742
randomness_0.2663,0.2663,0.040416743978858,121.0,302.0,0.04159779614325069,302.0,1.0,0.0,4.991735458374023,1.3205050230026245,4.991735458374023,1.3205050230026245,135.95375061035156,50.95595932006836
randomness_0.2673,0.2673,0.0350380782037973,121.0,297.0,0.04090909090909091,297.0,1.0,0.0,4.909090995788574,1.38468599319458,4.909090995788574,1.38468599319458,136.00355529785156,51.1846809387207
randomness_0.2683,0.2683,0.0350119467824698,121.0,293.0,0.04035812672176309,293.0,1.0,0.0,4.84297513961792,1.2857017517089844,4.84297513961792,1.2857017517089844,135.87405395507812,50.86849594116211
randomness_0.2693,0.2693,0.0362822465598583,121.0,295.0,0.040633608815427,295.0,1.0,0.0,4.876032829284668,1.3020659685134888,4.876032829284668,1.3020659685134888,136.2410125732422,50.61556625366211
randomness_0.2703,0.2703,0.039744283631444,121.0,292.0,0.04022038567493113,292.0,1.0,0.0,4.826446056365967,1.3090763092041016,4.826446056365967,1.3090763092041016,135.97576904296875,50.5667839050293
randomness_0.2713,0.2713,0.0369778361171484,121.0,298.0,0.04104683195592287,298.0,1.0,0.0,4.925619602203369,1.2802717685699463,4.925619602203369,1.2802717685699463,136.0689697265625,51.09134292602539
randomness_0.2723,0.2723,0.0407411511987448,121.0,295.0,0.040633608815427,295.0,1.0,0.0,4.876032829284668,1.382118582725525,4.876032829284668,1.382118582725525,136.22421264648438,50.875885009765625
randomness_0.2733,0.2733,0.0340051658451557,121.0,288.0,0.03966942148760331,288.0,1.0,0.0,4.760330677032471,1.3238111734390259,4.760330677032471,1.3238111734390259,136.3539581298828,50.6514778137207
randomness_0.2743,0.2743,0.0378865543752909,121.0,298.0,0.04104683195592287,298.0,1.0,0.0,4.925619602203369,1.2994931936264038,4.925619602203369,1.2994931936264038,136.58392333984375,50.902645111083984
randomness_0.2753,0.2753,0.0377308182418346,121.0,301.0,0.04146005509641873,301.0,1.0,0.0,4.97520637512207,1.2757289409637451,4.97520637512207,1.2757289409637451,136.22264099121094,50.48684310913086
randomness_0.2763,0.2763,0.0363034319132566,121.0,293.0,0.04035812672176309,293.0,1.0,0.0,4.84297513961792,1.4200935363769531,4.84297513961792,1.4200935363769531,136.37576293945312,50.47586441040039
randomness_0.2773,0.2773,0.0357529539614916,121.0,300.0,0.04132231404958678,300.0,1.0,0.0,4.958677768707275,1.255708932876587,4.958677768707275,1.255708932876587,136.3989715576172,50.92647171020508
randomness_0.2783,0.2783,0.0344150476157665,121.0,295.0,0.040633608815427,295.0,1.0,0.0,4.876032829284668,1.3272119760513306,4.876032829284668,1.3272119760513306,135.8608856201172,51.106258392333984
randomness_0.2793,0.2793,0.0368793293833733,121.0,299.0,0.04118457300275482,299.0,1.0,0.0,4.942148685455322,1.3744871616363525,4.942148685455322,1.3744871616363525,135.76295471191406,50.59098434448242
randomness_0.2803,0.2803,0.0340285860002041,121.0,292.0,0.04022038567493113,292.0,1.0,0.0,4.826446056365967,1.244343876838684,4.826446056365967,1.244343876838684,136.38291931152344,50.39250564575195
randomness_0.2813,0.2813,0.0345584027469158,121.0,300.0,0.04132231404958678,300.0,1.0,0.0,4.958677768707275,1.2491101026535034,4.958677768707275,1.2491101026535034,135.93487548828125,50.759788513183594
randomness_0.2823,0.2823,0.0340432453900576,121.0,288.0,0.03966942148760331,288.0,1.0,0.0,4.760330677032471,1.3300395011901855,4.760330677032471,1.3300395011901855,136.05697631835938,50.560508728027344
randomness_0.2833,0.2833,0.0385010853409767,121.0,297.0,0.04090909090909091,297.0,1.0,0.0,4.909090995788574,1.253095269203186,4.909090995788574,1.253095269203186,136.21810913085938,51.073585510253906
randomness_0.2843,0.2843,0.0310164917260408,121.0,290.0,0.03994490358126722,290.0,1.0,0.0,4.793388366699219,1.3355741500854492,4.793388366699219,1.3355741500854492,135.73587036132812,51.16735076904297
randomness_0.2853,0.2853,0.0341714177280664,121.0,296.0,0.04077134986225895,296.0,1.0,0.0,4.892561912536621,1.27792227268219,4.892561912536621,1.27792227268219,135.61892700195312,51.1099967956543
randomness_0.2863,0.2863,0.0288104072213173,121.0,286.0,0.03939393939393939,286.0,1.0,0.0,4.7272725105285645,1.3236563205718994,4.7272725105285645,1.3236563205718994,135.71170043945312,51.1194953918457
randomness_0.2873,0.2873,0.0388717334717512,121.0,301.0,0.04146005509641873,301.0,1.0,0.0,4.97520637512207,1.2627061605453491,4.97520637512207,1.2627061605453491,136.29217529296875,50.57588577270508
randomness_0.2883,0.2883,0.0298806250095367,121.0,289.0,0.03980716253443526,289.0,1.0,0.0,4.776859283447266,1.405347466468811,4.776859283447266,1.405347466468811,136.13290405273438,50.99217987060547
randomness_0.2893,0.2893,0.0258772673085332,121.0,284.0,0.03911845730027548,284.0,1.0,0.0,4.694214820861816,1.3837485313415527,4.694214820861816,1.3837485313415527,136.04376220703125,50.62305450439453
randomness_0.2903,0.2903,0.0349052995443344,121.0,292.0,0.04022038567493113,292.0,1.0,0.0,4.826446056365967,1.340270757675171,4.826446056365967,1.340270757675171,135.84628295898438,51.26932144165039
randomness_0.2913,0.2913,0.0380726344883442,121.0,301.0,0.04146005509641873,301.0,1.0,0.0,4.97520637512207,1.3327583074569702,4.97520637512207,1.3327583074569702,135.99325561523438,50.70749282836914
randomness_0.2923,0.2923,0.0344676582142711,121.0,294.0,0.04049586776859504,294.0,1.0,0.0,4.859504222869873,1.3379753828048706,4.859504222869873,1.3379753828048706,136.07337951660156,51.17116165161133
randomness_0.2933,0.2933,0.0316933810710907,121.0,290.0,0.03994490358126722,290.0,1.0,0.0,4.793388366699219,1.4426637887954712,4.793388366699219,1.4426637887954712,136.18069458007812,51.3556022644043
randomness_0.2943,0.2943,0.0351747006177902,121.0,295.0,0.040633608815427,295.0,1.0,0.0,4.876032829284668,1.2957031726837158,4.876032829284668,1.2957031726837158,136.238037109375,50.61561965942383
randomness_0.2953,0.2953,0.0325219526429625,121.0,291.0,0.04008264462809917,291.0,1.0,0.0,4.809917449951172,1.2419261932373047,4.809917449951172,1.2419261932373047,135.89625549316406,51.20367431640625
randomness_0.2963,0.2963,0.0379083968698978,121.0,301.0,0.04146005509641873,301.0,1.0,0.0,4.97520637512207,1.345103144645691,4.97520637512207,1.345103144645691,136.0281219482422,50.57875061035156
randomness_0.2973,0.2973,0.033350645005703,121.0,289.0,0.03980716253443526,289.0,1.0,0.0,4.776859283447266,1.387593150138855,4.776859283447266,1.387593150138855,135.86399841308594,51.21031188964844
randomness_0.2983,0.2983,0.0347930405288935,121.0,289.0,0.03980716253443526,289.0,1.0,0.0,4.776859283447266,1.3816243410110474,4.776859283447266,1.3816243410110474,136.3244171142578,50.95220184326172
randomness_0.2993,0.2993,0.0373929925262928,121.0,295.0,0.040633608815427,295.0,1.0,0.0,4.876032829284668,1.382118582725525,4.876032829284668,1.382118582725525,135.6503143310547,51.38747024536133
randomness_0.3003,0.3003,0.039714590460062,121.0,294.0,0.04049586776859504,294.0,1.0,0.0,4.859504222869873,1.3563793897628784,4.859504222869873,1.3563793897628784,136.1580352783203,51.02580642700195
randomness_0.3013,0.3013,0.0373528596013784,121.0,303.0,0.04173553719008265,303.0,1.0,0.0,5.008264541625977,1.288832426071167,5.008264541625977,1.288832426071167,135.79574584960938,50.940372467041016
randomness_0.3023,0.3023,0.0331089302897453,121.0,297.0,0.04090909090909091,297.0,1.0,0.0,4.909090995788574,1.2920609712600708,4.909090995788574,1.2920609712600708,136.1688995361328,50.65982437133789
randomness_0.3033,0.3033,0.0392777040600777,121.0,303.0,0.04173553719008265,303.0,1.0,0.0,5.008264541625977,1.2364697456359863,5.008264541625977,1.2364697456359863,135.88531494140625,51.2264289855957
randomness_0.3043,0.3043,0.0345573195298167,121.0,297.0,0.04090909090909091,297.0,1.0,0.0,4.909090995788574,1.2856487035751343,4.909090995788574,1.2856487035751343,136.2391357421875,50.386627197265625
randomness_0.3053,0.3053,0.0335291266441345,121.0,298.0,0.04104683195592287,298.0,1.0,0.0,4.925619602203369,1.2275439500808716,4.925619602203369,1.2275439500808716,136.02011108398438,51.057167053222656
randomness_0.3063,0.3063,0.0363085314631462,121.0,297.0,0.04090909090909091,297.0,1.0,0.0,4.909090995788574,1.38468599319458,4.909090995788574,1.38468599319458,136.3129425048828,50.84721374511719
randomness_0.3073,0.3073,0.0371292354539037,121.0,296.0,0.04077134986225895,296.0,1.0,0.0,4.892561912536621,1.3775153160095215,4.892561912536621,1.3775153160095215,135.59849548339844,51.01348876953125
randomness_0.3083,0.3083,0.0365689985454083,121.0,296.0,0.04077134986225895,296.0,1.0,0.0,4.892561912536621,1.3224173784255981,4.892561912536621,1.3224173784255981,135.79931640625,51.027557373046875
randomness_0.3093,0.3093,0.0382632095366716,121.0,301.0,0.04146005509641873,301.0,1.0,0.0,4.97520637512207,1.3694591522216797,4.97520637512207,1.3694591522216797,135.474853515625,51.23064041137695
randomness_0.3103,0.3103,0.0351437743753195,121.0,296.0,0.04077134986225895,296.0,1.0,0.0,4.892561912536621,1.3835017681121826,4.892561912536621,1.3835017681121826,136.3124542236328,50.4871940612793
randomness_0.3113,0.3113,0.0344449218887005,121.0,299.0,0.04118457300275482,299.0,1.0,0.0,4.942148685455322,1.312983512878418,4.942148685455322,1.312983512878418,135.61434936523438,50.934120178222656
randomness_0.3123,0.3123,0.0371439211070538,121.0,293.0,0.04035812672176309,293.0,1.0,0.0,4.84297513961792,1.3423075675964355,4.84297513961792,1.3423075675964355,136.6254425048828,50.73371505737305
randomness_0.3133,0.3133,0.0365176323801279,121.0,301.0,0.04146005509641873,301.0,1.0,0.0,4.97520637512207,1.2362487316131592,4.97520637512207,1.2362487316131592,136.09197998046875,50.67610549926758
randomness_0.3143,0.3143,0.0370357222855091,121.0,297.0,0.04090909090909091,297.0,1.0,0.0,4.909090995788574,1.2856487035751343,4.909090995788574,1.2856487035751343,136.02088928222656,50.84803771972656
randomness_0.3153,0.3153,0.0324775107204914,121.0,293.0,0.04035812672176309,293.0,1.0,0.0,4.84297513961792,1.443184494972229,4.84297513961792,1.443184494972229,135.920166015625,50.65705490112305
randomness_0.3163,0.3163,0.036071015521884,121.0,292.0,0.04022038567493113,292.0,1.0,0.0,4.826446056365967,1.244343876838684,4.826446056365967,1.244343876838684,135.64053344726562,51.09283447265625
randomness_0.3173,0.3173,0.0283317757770419,121.0,292.0,0.04022038567493113,292.0,1.0,0.0,4.826446056365967,1.340270757675171,4.826446056365967,1.340270757675171,135.6190185546875,50.8589973449707
randomness_0.3183,0.3183,0.0325742553919554,121.0,291.0,0.04008264462809917,291.0,1.0,0.0,4.809917449951172,1.2682651281356812,4.809917449951172,1.2682651281356812,135.8331298828125,50.875221252441406
randomness_0.3193,0.3193,0.0385035225311217,121.0,300.0,0.04132231404958678,300.0,1.0,0.0,4.958677768707275,1.3446969985961914,4.958677768707275,1.3446969985961914,135.87689208984375,51.37877655029297
randomness_0.3203,0.3203,0.0301459653303027,121.0,292.0,0.04022038567493113,292.0,1.0,0.0,4.826446056365967,1.340270757675171,4.826446056365967,1.340270757675171,136.2480010986328,51.33122253417969
randomness_0.3213,0.3213,0.0341670491211934,121.0,295.0,0.040633608815427,295.0,1.0,0.0,4.876032829284668,1.289309024810791,4.876032829284668,1.289309024810791,135.7168426513672,50.626953125
randomness_0.3223,0.3223,0.0364177595824003,121.0,297.0,0.04090909090909091,297.0,1.0,0.0,4.909090995788574,1.2128785848617554,4.909090995788574,1.2128785848617554,136.12042236328125,50.80583953857422
randomness_0.3233,0.3233,0.0314961894415319,121.0,294.0,0.04049586776859504,294.0,1.0,0.0,4.859504222869873,1.2940152883529663,4.859504222869873,1.2940152883529663,136.2677459716797,50.79324722290039
randomness_0.3243,0.3243,0.0364768955856562,121.0,300.0,0.04132231404958678,300.0,1.0,0.0,4.958677768707275,1.2945958375930786,4.958677768707275,1.2945958375930786,136.08517456054688,51.34328842163086
randomness_0.3253,0.3253,0.038070400771164,121.0,295.0,0.040633608815427,295.0,1.0,0.0,4.876032829284668,1.345763087272644,4.876032829284668,1.345763087272644,135.92428588867188,50.55226135253906
randomness_0.3263,0.3263,0.0306561779230833,121.0,291.0,0.04008264462809917,291.0,1.0,0.0,4.809917449951172,1.4676344394683838,4.809917449951172,1.4676344394683838,135.58155822753906,51.35361099243164
randomness_0.3273,0.3273,0.0372033804655075,121.0,294.0,0.04049586776859504,294.0,1.0,0.0,4.859504222869873,1.3379755020141602,4.859504222869873,1.3379755020141602,135.71334838867188,51.15131378173828
randomness_0.3283,0.3283,0.0345361800864339,121.0,295.0,0.040633608815427,295.0,1.0,0.0,4.876032829284668,1.3146990537643433,4.876032829284668,1.3146990537643433,136.49600219726562,50.89937210083008
randomness_0.3293,0.3293,0.0393680929280869,121.0,296.0,0.04077134986225895,296.0,1.0,0.0,4.892561912536621,1.3533042669296265,4.892561912536621,1.3533042669296265,136.1779327392578,51.44062423706055
randomness_0.3303,0.3303,0.0387686046153125,121.0,291.0,0.04008264462809917,291.0,1.0,0.0,4.809917449951172,1.3564295768737793,4.809917449951172,1.3564295768737793,136.29200744628906,50.686641693115234
randomness_0.3313,0.3313,0.040446874499321,121.0,293.0,0.04035812672176309,293.0,1.0,0.0,4.84297513961792,1.3545655012130737,4.84297513961792,1.3545655012130737,136.1387939453125,51.739200592041016
randomness_0.3323,0.3323,0.0331541713327169,121.0,292.0,0.04022038567493113,292.0,1.0,0.0,4.826446056365967,1.3525469303131104,4.826446056365967,1.3525469303131104,136.3033447265625,51.232364654541016
randomness_0.3333,0.3333,0.0372493364630191,121.0,296.0,0.04077134986225895,296.0,1.0,0.0,4.892561912536621,1.3533042669296265,4.892561912536621,1.3533042669296265,136.18199157714844,50.64242172241211
randomness_0.3343,0.3343,0.0384222455322742,121.0,300.0,0.04132231404958678,300.0,1.0,0.0,4.958677768707275,1.3385368585586548,4.958677768707275,1.3385368585586548,135.88449096679688,50.842166900634766
randomness_0.3353,0.3353,0.0355213038623333,121.0,295.0,0.040633608815427,295.0,1.0,0.0,4.876032829284668,1.3146990537643433,4.876032829284668,1.3146990537643433,135.8677215576172,51.15934371948242
randomness_0.3363,0.3363,0.0355565246194601,121.0,294.0,0.04049586776859504,294.0,1.0,0.0,4.859504222869873,1.255110502243042,4.859504222869873,1.255110502243042,136.04736328125,50.47926330566406
randomness_0.3373,0.3373,0.0358491539955139,121.0,294.0,0.04049586776859504,294.0,1.0,0.0,4.859504222869873,1.4042778015136719,4.859504222869873,1.4042778015136719,135.83395385742188,51.454994201660156
randomness_0.3383,0.3383,0.0362717304378748,121.0,299.0,0.04118457300275482,299.0,1.0,0.0,4.942148685455322,1.2149040699005127,4.942148685455322,1.2149040699005127,136.77549743652344,50.14664840698242
randomness_0.3393,0.3393,0.0355278838425875,121.0,290.0,0.03994490358126722,290.0,1.0,0.0,4.793388366699219,1.4426636695861816,4.793388366699219,1.4426636695861816,135.53651428222656,51.18138885498047
randomness_0.3403,0.3403,0.0319295739987865,121.0,289.0,0.03980716253443526,289.0,1.0,0.0,4.776859283447266,1.3266972303390503,4.776859283447266,1.3266972303390503,136.02542114257812,50.903770446777344
randomness_0.3413,0.3413,0.0380415976047516,121.0,299.0,0.04118457300275482,299.0,1.0,0.0,4.942148685455322,1.3502219915390015,4.942148685455322,1.3502219915390015,136.0253143310547,51.417476654052734
randomness_0.3423,0.3423,0.0298948723822832,121.0,294.0,0.04049586776859504,294.0,1.0,0.0,4.859504222869873,1.2284895181655884,4.859504222869873,1.2284895181655884,136.3104705810547,51.12025833129883
randomness_0.3433,0.3433,0.0279942501336336,121.0,285.0,0.03925619834710744,285.0,1.0,0.0,4.7107439041137695,1.3075623512268066,4.7107439041137695,1.3075623512268066,136.59483337402344,50.54265213012695
randomness_0.3443,0.3443,0.0348538249731064,121.0,292.0,0.04022038567493113,292.0,1.0,0.0,4.826446056365967,1.4355446100234985,4.826446056365967,1.4355446100234985,135.97549438476562,50.76740264892578
randomness_0.3453,0.3453,0.0337549213320017,121.0,287.0,0.03953168044077135,287.0,1.0,0.0,4.743801593780518,1.3331682682037354,4.743801593780518,1.3331682682037354,136.5460968017578,50.33588409423828
randomness_0.3463,0.3463,0.028783505409956,121.0,285.0,0.03925619834710744,285.0,1.0,0.0,4.7107439041137695,1.338791847229004,4.7107439041137695,1.338791847229004,136.18589782714844,51.33002853393555
randomness_0.3473,0.3473,0.0350981216877699,121.0,293.0,0.04035812672176309,293.0,1.0,0.0,4.84297513961792,1.2597274780273438,4.84297513961792,1.2597274780273438,136.0007781982422,51.235984802246094
randomness_0.3483,0.3483,0.0312551099807024,121.0,289.0,0.03980716253443526,289.0,1.0,0.0,4.776859283447266,1.2563070058822632,4.776859283447266,1.2563070058822632,136.57635498046875,50.75958251953125
randomness_0.3493,0.3493,0.0375946238636971,121.0,296.0,0.04077134986225895,296.0,1.0,0.0,4.892561912536621,1.3835017681121826,4.892561912536621,1.3835017681121826,136.0538787841797,50.51777267456055
randomness_0.3504,0.3504,0.0315157599747181,121.0,294.0,0.04049586776859504,294.0,1.0,0.0,4.859504222869873,1.255110502243042,4.859504222869873,1.255110502243042,136.18312072753906,50.923919677734375
randomness_0.3514,0.3514,0.0344238121062517,121.0,286.0,0.03939393939393939,286.0,1.0,0.0,4.7272725105285645,1.30479097366333,4.7272725105285645,1.30479097366333,136.9107666015625,50.71221923828125
randomness_0.3524,0.3524,0.0280057210475206,121.0,288.0,0.03966942148760331,288.0,1.0,0.0,4.760330677032471,1.2793644666671753,4.760330677032471,1.2793644666671753,135.8939208984375,50.71220016479492
randomness_0.3534,0.3534,0.030192144850029,121.0,288.0,0.03966942148760331,288.0,1.0,0.0,4.760330677032471,1.3728464841842651,4.760330677032471,1.3728464841842651,135.88706970214844,50.99421310424805
randomness_0.3544,0.3544,0.0328137777745724,121.0,290.0,0.03994490358126722,290.0,1.0,0.0,4.793388366699219,1.390150547027588,4.793388366699219,1.390150547027588,136.36334228515625,51.02094650268555
randomness_0.3554,0.3554,0.0357118391786051,121.0,300.0,0.04132231404958678,300.0,1.0,0.0,4.958677768707275,1.3009639978408813,4.958677768707275,1.3009639978408813,136.5783233642578,50.464698791503906
randomness_0.3564,0.3564,0.0348567966371775,121.0,292.0,0.04022038567493113,292.0,1.0,0.0,4.826446056365967,1.2963883876800537,4.826446056365967,1.2963883876800537,136.23184204101562,50.95195007324219
randomness_0.3574,0.3574,0.0345283068716526,121.0,298.0,0.04104683195592287,298.0,1.0,0.0,4.925619602203369,1.3616063594818115,4.925619602203369,1.3616063594818115,136.0204620361328,50.76689529418945
randomness_0.3584,0.3584,0.0319383942522109,121.0,289.0,0.03980716253443526,289.0,1.0,0.0,4.776859283447266,1.3141794204711914,4.776859283447266,1.3141794204711914,135.83169555664062,50.950069427490234
randomness_0.3594,0.3594,0.0425106521695852,121.0,301.0,0.04146005509641873,301.0,1.0,0.0,4.97520637512207,1.3140236139297485,4.97520637512207,1.3140236139297485,135.86325073242188,50.618797302246094
randomness_0.3604,0.3604,0.037477270886302,121.0,295.0,0.040633608815427,295.0,1.0,0.0,4.876032829284668,1.3020659685134888,4.876032829284668,1.3020659685134888,135.83419799804688,51.24964141845703
randomness_0.3614,0.3614,0.0337821323424578,121.0,293.0,0.04035812672176309,293.0,1.0,0.0,4.84297513961792,1.3361364603042603,4.84297513961792,1.3361364603042603,135.9764862060547,51.107723236083984
randomness_0.3624,0.3624,0.0385363407433033,121.0,294.0,0.04049586776859504,294.0,1.0,0.0,4.859504222869873,1.2747113704681396,4.859504222869873,1.2747113704681396,135.99832153320312,50.7032585144043
randomness_0.3634,0.3634,0.0278850337490439,121.0,285.0,0.03925619834710744,285.0,1.0,0.0,4.7107439041137695,1.3449509143829346,4.7107439041137695,1.3449509143829346,136.57090759277344,50.622615814208984
randomness_0.3644,0.3644,0.0411073476076126,121.0,302.0,0.04159779614325069,302.0,1.0,0.0,4.991735458374023,1.2824039459228516,4.991735458374023,1.2824039459228516,136.2077178955078,50.931888580322266
randomness_0.3654,0.3654,0.0320371283548434,121.0,293.0,0.04035812672176309,293.0,1.0,0.0,4.84297513961792,1.2984942197799683,4.84297513961792,1.2984942197799683,136.49571228027344,50.59734344482422
randomness_0.3664,0.3664,0.0340604193508625,121.0,292.0,0.04022038567493113,292.0,1.0,0.0,4.826446056365967,1.2376843690872192,4.826446056365967,1.2376843690872192,136.52481079101562,50.365455627441406
randomness_0.3674,0.3674,0.0329214727506042,121.0,290.0,0.03994490358126722,290.0,1.0,0.0,4.793388366699219,1.2591309547424316,4.793388366699219,1.2591309547424316,135.94259643554688,50.949153900146484
randomness_0.3684,0.3684,0.0379765786230564,121.0,293.0,0.04035812672176309,293.0,1.0,0.0,4.84297513961792,1.2398898601531982,4.84297513961792,1.2398898601531982,135.76409912109375,50.994895935058594
randomness_0.3694,0.3694,0.0368252672255039,121.0,290.0,0.03994490358126722,290.0,1.0,0.0,4.793388366699219,1.2786701917648315,4.793388366699219,1.2786701917648315,136.36846923828125,50.64018249511719
randomness_0.3704,0.3704,0.0297635015100241,121.0,293.0,0.04035812672176309,293.0,1.0,0.0,4.84297513961792,1.3667134046554565,4.84297513961792,1.3667134046554565,135.92849731445312,50.55272674560547
randomness_0.3714,0.3714,0.0387829169631004,121.0,292.0,0.04022038567493113,292.0,1.0,0.0,4.826446056365967,1.3525469303131104,4.826446056365967,1.3525469303131104,135.6369171142578,51.02744674682617
randomness_0.3724,0.3724,0.0361438792198896,121.0,297.0,0.04090909090909091,297.0,1.0,0.0,4.909090995788574,1.3666633367538452,4.909090995788574,1.3666633367538452,136.1422882080078,50.73778533935547
randomness_0.3734,0.3734,0.0348132174703646,121.0,297.0,0.04090909090909091,297.0,1.0,0.0,4.909090995788574,1.323656439781189,4.909090995788574,1.323656439781189,136.18911743164062,50.92258834838867
randomness_0.3744,0.3744,0.0354504637420177,121.0,299.0,0.04118457300275482,299.0,1.0,0.0,4.942148685455322,1.2484537363052368,4.942148685455322,1.2484537363052368,136.6189727783203,50.5343017578125
randomness_0.3754,0.3754,0.0350654110312462,121.0,296.0,0.04077134986225895,296.0,1.0,0.0,4.892561912536621,1.290791630744934,4.892561912536621,1.290791630744934,135.93008422851562,50.85746383666992
randomness_0.3764,0.3764,0.0242654642090201,121.0,288.0,0.03966942148760331,288.0,1.0,0.0,4.760330677032471,1.3175534009933472,4.760330677032471,1.3175534009933472,135.3998260498047,50.40159606933594
randomness_0.3774,0.3774,0.0349800117313862,121.0,295.0,0.040633608815427,295.0,1.0,0.0,4.876032829284668,1.3334242105484009,4.876032829284668,1.3334242105484009,136.12425231933594,50.758426666259766
randomness_0.3784,0.3784,0.0406006179749966,121.0,296.0,0.04077134986225895,296.0,1.0,0.0,4.892561912536621,1.3348579406738281,4.892561912536621,1.3348579406738281,136.4968719482422,51.1236572265625
randomness_0.3794,0.3794,0.029923553019762,121.0,292.0,0.04022038567493113,292.0,1.0,0.0,4.826446056365967,1.2641116380691528,4.826446056365967,1.2641116380691528,135.9838409423828,50.79267501831055
randomness_0.3804,0.3804,0.0381237547844648,121.0,294.0,0.04049586776859504,294.0,1.0,0.0,4.859504222869873,1.3317841291427612,4.859504222869873,1.3317841291427612,136.3478546142578,50.772396087646484
randomness_0.3814,0.3814,0.0366342078894377,121.0,298.0,0.04104683195592287,298.0,1.0,0.0,4.925619602203369,1.2475781440734863,4.925619602203369,1.2475781440734863,136.02133178710938,50.771366119384766
randomness_0.3824,0.3824,0.0404185958206654,121.0,294.0,0.04049586776859504,294.0,1.0,0.0,4.859504222869873,1.3805363178253174,4.859504222869873,1.3805363178253174,136.3014373779297,50.503597259521484
randomness_0.3834,0.3834,0.0352173872292042,121.0,290.0,0.03994490358126722,290.0,1.0,0.0,4.793388366699219,1.3105885982513428,4.793388366699219,1.3105885982513428,136.15977478027344,50.697113037109375
randomness_0.3844,0.3844,0.0289080582559109,121.0,297.0,0.04090909090909091,297.0,1.0,0.0,4.909090995788574,1.3298853635787964,4.909090995788574,1.3298853635787964,136.2947235107422,50.86128616333008
randomness_0.3854,0.3854,0.0326629846174298,121.0,294.0,0.04049586776859504,294.0,1.0,0.0,4.859504222869873,1.3130356073379517,4.859504222869873,1.3130356073379517,135.53982543945312,50.98539352416992
randomness_0.3864,0.3864,0.0331580234605479,121.0,285.0,0.03925619834710744,285.0,1.0,0.0,4.7107439041137695,1.4050559997558594,4.7107439041137695,1.4050559997558594,136.56436157226562,50.578819274902344
randomness_0.3874,0.3874,0.0298370823264122,121.0,288.0,0.03966942148760331,288.0,1.0,0.0,4.760330677032471,1.2532589435577393,4.760330677032471,1.2532589435577393,136.07443237304688,51.09162902832031
randomness_0.3884,0.3884,0.0342014288260593,121.0,293.0,0.04035812672176309,293.0,1.0,0.0,4.84297513961792,1.2398898601531982,4.84297513961792,1.2398898601531982,135.44989013671875,50.94951629638672
randomness_0.3894,0.3894,0.0324053633958101,121.0,286.0,0.03939393939393939,286.0,1.0,0.0,4.7272725105285645,1.4083575010299683,4.7272725105285645,1.4083575010299683,136.3699951171875,50.7353630065918
randomness_0.3904,0.3904,0.0391915085534877,121.0,297.0,0.04090909090909091,297.0,1.0,0.0,4.909090995788574,1.3298853635787964,4.909090995788574,1.3298853635787964,136.00816345214844,50.50735855102539
randomness_0.3914,0.3914,0.0333195473998785,121.0,289.0,0.03980716253443526,289.0,1.0,0.0,4.776859283447266,1.4459266662597656,4.776859283447266,1.4459266662597656,135.12176513671875,51.485557556152344
randomness_0.3924,0.3924,0.0299341243413035,121.0,285.0,0.03925619834710744,285.0,1.0,0.0,4.7107439041137695,1.2820310592651367,4.7107439041137695,1.2820310592651367,136.0615692138672,51.1300163269043
randomness_0.3934,0.3934,0.0320241738110781,121.0,296.0,0.04077134986225895,296.0,1.0,0.0,4.892561912536621,1.3224173784255981,4.892561912536621,1.3224173784255981,136.41604614257812,50.547489166259766
randomness_0.3944,0.3944,0.0342632587999105,121.0,295.0,0.040633608815427,295.0,1.0,0.0,4.876032829284668,1.2957031726837158,4.876032829284668,1.2957031726837158,136.10791015625,51.14970016479492
randomness_0.3954,0.3954,0.0354467958211899,121.0,294.0,0.04049586776859504,294.0,1.0,0.0,4.859504222869873,1.3624588251113892,4.859504222869873,1.3624588251113892,135.9309844970703,51.19539260864258
randomness_0.3964,0.3964,0.0301962347295005,121.0,292.0,0.04022038567493113,292.0,1.0,0.0,4.826446056365967,1.321642518043518,4.826446056365967,1.321642518043518,135.71829223632812,50.75838088989258
randomness_0.3974,0.3974,0.0361158844083548,121.0,293.0,0.04035812672176309,293.0,1.0,0.0,4.84297513961792,1.3361364603042603,4.84297513961792,1.3361364603042603,136.11639404296875,50.872703552246094
randomness_0.3984,0.3984,0.0332087492253512,121.0,296.0,0.04077134986225895,296.0,1.0,0.0,4.892561912536621,1.3471835851669312,4.892561912536621,1.3471835851669312,135.9162139892578,50.88785934448242
randomness_0.3994,0.3994,0.0366842374374246,121.0,298.0,0.04104683195592287,298.0,1.0,0.0,4.925619602203369,1.2475780248641968,4.925619602203369,1.2475780248641968,136.2852783203125,50.364166259765625
randomness_0.4004,0.4004,0.0340888008062789,121.0,296.0,0.04077134986225895,296.0,1.0,0.0,4.892561912536621,1.2115263938903809,4.892561912536621,1.2115263938903809,136.01947021484375,50.24825668334961
randomness_0.4014,0.4014,0.0275231188163161,121.0,285.0,0.03925619834710744,285.0,1.0,0.0,4.7107439041137695,1.2884613275527954,4.7107439041137695,1.2884613275527954,135.8311309814453,50.7275276184082
randomness_0.4024,0.4024,0.0328474394977093,121.0,292.0,0.04022038567493113,292.0,1.0,0.0,4.826446056365967,1.2376843690872192,4.826446056365967,1.2376843690872192,136.7080535888672,51.00950241088867
randomness_0.4034,0.4034,0.0391752647988043,121.0,301.0,0.04146005509641873,301.0,1.0,0.0,4.97520637512207,1.2561440467834473,4.97520637512207,1.2561440467834473,136.5354461669922,50.11245346069336
randomness_0.4044,0.4044,0.0375166542828083,121.0,295.0,0.040633608815427,295.0,1.0,0.0,4.876032829284668,1.3020659685134888,4.876032829284668,1.3020659685134888,136.07537841796875,50.708961486816406
randomness_0.4054,0.4054,0.0367389947510151,121.0,299.0,0.04118457300275482,299.0,1.0,0.0,4.942148685455322,1.2484537363052368,4.942148685455322,1.2484537363052368,135.57432556152344,51.37946701049805
randomness_0.4064,0.4064,0.0334790546447039,121.0,293.0,0.04035812672176309,293.0,1.0,0.0,4.84297513961792,1.3667134046554565,4.84297513961792,1.3667134046554565,136.4708251953125,51.09846878051758
randomness_0.4074,0.4074,0.0341136057872857,121.0,291.0,0.04008264462809917,291.0,1.0,0.0,4.809917449951172,1.3805856704711914,4.809917449951172,1.3805856704711914,135.94717407226562,51.20426559448242
randomness_0.4084,0.4084,0.0335708998143673,121.0,291.0,0.04008264462809917,291.0,1.0,0.0,4.809917449951172,1.3067784309387207,4.809917449951172,1.3067784309387207,136.2718505859375,50.86166763305664
randomness_0.4094,0.4094,0.0348294068127871,121.0,294.0,0.04049586776859504,294.0,1.0,0.0,4.859504222869873,1.3865097761154175,4.859504222869873,1.3865097761154175,136.16075134277344,51.32170486450195
randomness_0.4104,0.4104,0.0361098866535382,121.0,297.0,0.04090909090909091,297.0,1.0,0.0,4.909090995788574,1.2792043685913086,4.909090995788574,1.2792043685913086,136.10472106933594,51.50088119506836
randomness_0.4114,0.4114,0.0322503715753555,121.0,284.0,0.03911845730027548,284.0,1.0,0.0,4.694214820861816,1.310119390487671,4.694214820861816,1.310119390487671,135.7716064453125,51.18122482299805
randomness_0.4124,0.4124,0.0345298986881971,121.0,283.0,0.03898071625344353,283.0,1.0,0.0,4.677685737609863,1.3435789346694946,4.677685737609863,1.3435789346694946,135.55694580078125,50.7456169128418
randomness_0.4134,0.4134,0.0268853187561035,121.0,283.0,0.03898071625344353,283.0,1.0,0.0,4.677685737609863,1.3978428840637207,4.677685737609863,1.3978428840637207,136.723388671875,50.61043930053711
randomness_0.4144,0.4144,0.0346165381371975,121.0,290.0,0.03994490358126722,290.0,1.0,0.0,4.793388366699219,1.4019901752471924,4.793388366699219,1.4019901752471924,136.07379150390625,51.02467727661133
randomness_0.4154,0.4154,0.0372808482497931,121.0,297.0,0.04090909090909091,297.0,1.0,0.0,4.909090995788574,1.2727272510528564,4.909090995788574,1.2727272510528564,136.829833984375,50.83790969848633
randomness_0.4164,0.4164,0.0293942402009685,121.0,290.0,0.03994490358126722,290.0,1.0,0.0,4.793388366699219,1.2525502443313599,4.793388366699219,1.2525502443313599,136.5740203857422,50.79976272583008
randomness_0.4174,0.4174,0.0392017108031007,121.0,302.0,0.04159779614325069,302.0,1.0,0.0,4.991735458374023,1.3079280853271484,4.991735458374023,1.3079280853271484,136.217041015625,50.557308197021484
randomness_0.4184,0.4184,0.0359781168401241,121.0,293.0,0.04035812672176309,293.0,1.0,0.0,4.84297513961792,1.3299367427825928,4.84297513961792,1.3299367427825928,135.83779907226562,50.60868835449219
randomness_0.4194,0.4194,0.0315395105630159,121.0,289.0,0.03980716253443526,289.0,1.0,0.0,4.776859283447266,1.3266972303390503,4.776859283447266,1.3266972303390503,135.98190307617188,50.64804458618164
randomness_0.4204,0.4204,0.029015002399683,121.0,287.0,0.03953168044077135,287.0,1.0,0.0,4.743801593780518,1.1959222555160522,4.743801593780518,1.1959222555160522,136.16036987304688,50.47636032104492
randomness_0.4214,0.4214,0.0319497726857662,121.0,290.0,0.03994490358126722,290.0,1.0,0.0,4.793388366699219,1.2721905708312988,4.793388366699219,1.2721905708312988,135.3983154296875,51.590110778808594
randomness_0.4224,0.4224,0.0262064777314663,121.0,283.0,0.03898071625344353,283.0,1.0,0.0,4.677685737609863,1.3124632835388184,4.677685737609863,1.3124632835388184,136.48193359375,51.02470397949219
randomness_0.4234,0.4234,0.0354209512472153,121.0,294.0,0.04049586776859504,294.0,1.0,0.0,4.859504222869873,1.3003864288330078,4.859504222869873,1.3003864288330078,136.07598876953125,50.91371154785156
randomness_0.4244,0.4244,0.0294438774697483,121.0,293.0,0.04035812672176309,293.0,1.0,0.0,4.84297513961792,1.3423075675964355,4.84297513961792,1.3423075675964355,136.06301879882812,50.973304748535156
randomness_0.4254,0.4254,0.0361317062507301,121.0,301.0,0.04146005509641873,301.0,1.0,0.0,4.97520637512207,1.2627060413360596,4.97520637512207,1.2627060413360596,136.63502502441406,51.05348205566406
randomness_0.4264,0.4264,0.0366809606552124,121.0,296.0,0.04077134986225895,296.0,1.0,0.0,4.892561912536621,1.284373164176941,4.892561912536621,1.284373164176941,135.66847229003906,50.500030517578125
randomness_0.4274,0.4274,0.0303518131375313,121.0,292.0,0.04022038567493113,292.0,1.0,0.0,4.826446056365967,1.2575569152832031,4.826446056365967,1.2575569152832031,136.4556121826172,51.158226013183594
randomness_0.4284,0.4284,0.0283579642802297,121.0,290.0,0.03994490358126722,290.0,1.0,0.0,4.793388366699219,1.2258737087249756,4.793388366699219,1.2258737087249756,135.53004455566406,51.28217697143555
randomness_0.4294,0.4294,0.0317938279360533,121.0,294.0,0.04049586776859504,294.0,1.0,0.0,4.859504222869873,1.2682113647460938,4.859504222869873,1.2682113647460938,136.57540893554688,50.936710357666016
randomness_0.4304,0.4304,0.0361382640898228,121.0,295.0,0.040633608815427,295.0,1.0,0.0,4.876032829284668,1.3272119760513306,4.876032829284668,1.3272119760513306,135.88902282714844,51.40854263305664
randomness_0.4314,0.4314,0.032262072712183,121.0,294.0,0.04049586776859504,294.0,1.0,0.0,4.859504222869873,1.2940154075622559,4.859504222869873,1.2940154075622559,136.31224060058594,50.88714599609375
randomness_0.4324,0.4324,0.0334365800023079,121.0,296.0,0.04077134986225895,296.0,1.0,0.0,4.892561912536621,1.3348579406738281,4.892561912536621,1.3348579406738281,136.33799743652344,50.4161262512207
randomness_0.4334,0.4334,0.0278077464550734,121.0,284.0,0.03911845730027548,284.0,1.0,0.0,4.694214820861816,1.3164124488830566,4.694214820861816,1.3164124488830566,135.919677734375,50.74327850341797
randomness_0.4344,0.4344,0.0276398908346891,121.0,291.0,0.04008264462809917,291.0,1.0,0.0,4.809917449951172,1.3130875825881958,4.809917449951172,1.3130875825881958,136.19052124023438,50.98408889770508
randomness_0.4354,0.4354,0.0249162284849223,121.0,282.0,0.03884297520661157,282.0,1.0,0.0,4.661157131195068,1.3456616401672363,4.661157131195068,1.3456616401672363,136.0680389404297,51.535308837890625
randomness_0.4364,0.4364,0.0299041608348489,121.0,288.0,0.03966942148760331,288.0,1.0,0.0,4.760330677032471,1.3546662330627441,4.760330677032471,1.3546662330627441,135.79176330566406,51.148956298828125
randomness_0.4374,0.4374,0.0334990168376291,121.0,288.0,0.03966942148760331,288.0,1.0,0.0,4.760330677032471,1.3485517501831055,4.760330677032471,1.3485517501831055,136.35372924804688,51.17184066772461
randomness_0.4384,0.4384,0.0335047371685505,121.0,296.0,0.04077134986225895,296.0,1.0,0.0,4.892561912536621,1.27792227268219,4.892561912536621,1.27792227268219,135.8924560546875,51.37120056152344
randomness_0.4394,0.4394,0.0324932495132089,121.0,292.0,0.04022038567493113,292.0,1.0,0.0,4.826446056365967,1.3946634531021118,4.826446056365967,1.3946634531021118,135.3350830078125,51.05304718017578
randomness_0.4404,0.4404,0.0341988924425095,121.0,295.0,0.040633608815427,295.0,1.0,0.0,4.876032829284668,1.327211856842041,4.876032829284668,1.327211856842041,135.97488403320312,50.99995422363281
randomness_0.4414,0.4414,0.0278060588985682,121.0,289.0,0.03980716253443526,289.0,1.0,0.0,4.776859283447266,1.2823505401611328,4.776859283447266,1.2823505401611328,135.88079833984375,50.200923919677734
randomness_0.4424,0.4424,0.0305150995962322,121.0,286.0,0.03939393939393939,286.0,1.0,0.0,4.7272725105285645,1.4024771451950073,4.7272725105285645,1.4024771451950073,135.3053436279297,51.87388610839844
randomness_0.4434,0.4434,0.0358169537037611,121.0,289.0,0.03980716253443526,289.0,1.0,0.0,4.776859283447266,1.2951759099960327,4.776859283447266,1.2951759099960327,136.13394165039062,50.725059509277344
randomness_0.4444,0.4444,0.029372990941726,121.0,287.0,0.03953168044077135,287.0,1.0,0.0,4.743801593780518,1.314439296722412,4.743801593780518,1.314439296722412,135.7618408203125,50.35388946533203
randomness_0.4454,0.4454,0.0362914048135281,121.0,292.0,0.04022038567493113,292.0,1.0,0.0,4.826446056365967,1.38872492313385,4.826446056365967,1.38872492313385,136.00267028808594,51.27062225341797
randomness_0.4464,0.4464,0.0256694046780467,121.0,286.0,0.03939393939393939,286.0,1.0,0.0,4.7272725105285645,1.2264306545257568,4.7272725105285645,1.2264306545257568,135.6451873779297,50.691410064697266
randomness_0.4474,0.4474,0.0354120764881372,121.0,295.0,0.040633608815427,295.0,1.0,0.0,4.876032829284668,1.3579896688461304,4.876032829284668,1.3579896688461304,136.00650024414062,51.33234786987305
randomness_0.4484,0.4484,0.0323633156716824,121.0,287.0,0.03953168044077135,287.0,1.0,0.0,4.743801593780518,1.2890442609786987,4.743801593780518,1.2890442609786987,136.79217529296875,50.56622314453125
randomness_0.4494,0.4494,0.036078416928649,121.0,288.0,0.03966942148760331,288.0,1.0,0.0,4.760330677032471,1.3424092531204224,4.760330677032471,1.3424092531204224,136.294921875,50.54079818725586
randomness_0.4505,0.4505,0.033427177862823,121.0,293.0,0.04035812672176309,293.0,1.0,0.0,4.84297513961792,1.3174498081207275,4.84297513961792,1.3174498081207275,135.82748413085938,51.58066940307617
randomness_0.4515,0.4515,0.0287766087800264,121.0,288.0,0.03966942148760331,288.0,1.0,0.0,4.760330677032471,1.4201897382736206,4.760330677032471,1.4201897382736206,135.57997131347656,50.5925178527832
randomness_0.4525,0.4525,0.0341012679040432,121.0,289.0,0.03980716253443526,289.0,1.0,0.0,4.776859283447266,1.3696086406707764,4.776859283447266,1.3696086406707764,136.11375427246094,51.42201232910156
randomness_0.4535,0.4535,0.0274398727342486,121.0,294.0,0.04049586776859504,294.0,1.0,0.0,4.859504222869873,1.3317842483520508,4.859504222869873,1.3317842483520508,135.99603271484375,51.290836334228516
randomness_0.4545,0.4545,0.02892538420856,121.0,280.0,0.03856749311294766,280.0,1.0,0.0,4.628098964691162,1.2605406045913696,4.628098964691162,1.2605406045913696,136.35372924804688,50.65876388549805
randomness_0.4555,0.4555,0.0349632449448109,121.0,295.0,0.040633608815427,295.0,1.0,0.0,4.876032829284668,1.2502577304840088,4.876032829284668,1.2502577304840088,136.13160705566406,50.546119689941406
randomness_0.4565,0.4565,0.0353126738220453,121.0,295.0,0.040633608815427,295.0,1.0,0.0,4.876032829284668,1.4690765142440796,4.876032829284668,1.4690765142440796,136.9224090576172,50.70968246459961
randomness_0.4575,0.4575,0.0315084617584944,121.0,289.0,0.03980716253443526,289.0,1.0,0.0,4.776859283447266,1.27588951587677,4.776859283447266,1.27588951587677,136.705810546875,50.7922477722168
randomness_0.4585,0.4585,0.0271237330511212,121.0,286.0,0.03939393939393939,286.0,1.0,0.0,4.7272725105285645,1.336085319519043,4.7272725105285645,1.336085319519043,136.2574920654297,50.86337661743164
randomness_0.4595,0.4595,0.0303160576149821,121.0,279.0,0.0384297520661157,279.0,1.0,0.0,4.611570358276367,1.3134516477584839,4.611570358276367,1.3134516477584839,135.96243286132812,51.822696685791016
randomness_0.4605,0.4605,0.0310722965747118,121.0,289.0,0.03980716253443526,289.0,1.0,0.0,4.776859283447266,1.3204530477523804,4.776859283447266,1.3204530477523804,136.50045776367188,50.6103630065918
randomness_0.4615,0.4615,0.026931158475285,121.0,281.0,0.03870523415977961,281.0,1.0,0.0,4.644628047943115,1.4537469148635864,4.644628047943115,1.4537469148635864,135.3045196533203,50.97917938232422
randomness_0.4625,0.4625,0.0241053399629891,121.0,282.0,0.03884297520661157,282.0,1.0,0.0,4.661157131195068,1.3145952224731445,4.661157131195068,1.3145952224731445,135.88375854492188,50.88782501220703
randomness_0.4635,0.4635,0.0304585488629527,121.0,288.0,0.03966942148760331,288.0,1.0,0.0,4.760330677032471,1.219841480255127,4.760330677032471,1.219841480255127,136.9145965576172,51.230003356933594
randomness_0.4645,0.4645,0.0236013410612941,121.0,288.0,0.03966942148760331,288.0,1.0,0.0,4.760330677032471,1.2858080863952637,4.760330677032471,1.2858080863952637,137.15509033203125,50.433902740478516
randomness_0.4655,0.4655,0.0348065337644265,121.0,288.0,0.03966942148760331,288.0,1.0,0.0,4.760330677032471,1.2663789987564087,4.760330677032471,1.2663789987564087,136.38818359375,50.84210968017578
randomness_0.4665,0.4665,0.0237462685778883,121.0,283.0,0.03898071625344353,283.0,1.0,0.0,4.677685737609863,1.3187451362609863,4.677685737609863,1.3187451362609863,135.98484802246094,51.032470703125
randomness_0.4675,0.4675,0.0322938414872335,121.0,292.0,0.04022038567493113,292.0,1.0,0.0,4.826446056365967,1.2963883876800537,4.826446056365967,1.2963883876800537,136.46705627441406,50.77617645263672
randomness_0.4685,0.4685,0.0279624502640218,121.0,292.0,0.04022038567493113,292.0,1.0,0.0,4.826446056365967,1.3586435317993164,4.826446056365967,1.3586435317993164,136.50076293945312,50.661495208740234
randomness_0.4695,0.4695,0.0310673188258666,121.0,296.0,0.04077134986225895,296.0,1.0,0.0,4.892561912536621,1.3533042669296265,4.892561912536621,1.3533042669296265,135.83343505859375,50.458824157714844
randomness_0.4705,0.4705,0.0300985022803072,121.0,289.0,0.03980716253443526,289.0,1.0,0.0,4.776859283447266,1.428676724433899,4.776859283447266,1.428676724433899,136.0057830810547,50.496681213378906
randomness_0.4715,0.4715,0.0325216773897409,121.0,287.0,0.03953168044077135,287.0,1.0,0.0,4.743801593780518,1.3996983766555786,4.743801593780518,1.3996983766555786,136.06466674804688,50.251243591308594
randomness_0.4725,0.4725,0.03062330968678,121.0,291.0,0.04008264462809917,291.0,1.0,0.0,4.809917449951172,1.3067784309387207,4.809917449951172,1.3067784309387207,136.0160675048828,50.97262954711914
randomness_0.4735,0.4735,0.0316697970643738,121.0,286.0,0.03939393939393939,286.0,1.0,0.0,4.7272725105285645,1.3545148372650146,4.7272725105285645,1.3545148372650146,135.83944702148438,50.538177490234375
randomness_0.4745,0.4745,0.0291070223942018,121.0,287.0,0.03953168044077135,287.0,1.0,0.0,4.743801593780518,1.2696646451950073,4.743801593780518,1.2696646451950073,136.03082275390625,50.51552200317383
randomness_0.4755,0.4755,0.0285009581595659,121.0,284.0,0.03911845730027548,284.0,1.0,0.0,4.694214820861816,1.225372076034546,4.694214820861816,1.225372076034546,136.04129028320312,51.90025329589844
randomness_0.4765,0.4765,0.0343691910112126,121.0,290.0,0.03994490358126722,290.0,1.0,0.0,4.793388366699219,1.304267406463623,4.793388366699219,1.304267406463623,136.58685302734375,51.04125213623047
randomness_0.4775,0.4775,0.0327410862052902,121.0,291.0,0.04008264462809917,291.0,1.0,0.0,4.809917449951172,1.4788538217544556,4.809917449951172,1.4788538217544556,135.68658447265625,50.364864349365234
randomness_0.4785,0.4785,0.0315838970243931,121.0,288.0,0.03966942148760331,288.0,1.0,0.0,4.760330677032471,1.2466471195220947,4.760330677032471,1.2466471195220947,136.1532440185547,51.09178924560547
randomness_0.4795,0.4795,0.0308609881235408,121.0,291.0,0.04008264462809917,291.0,1.0,0.0,4.809917449951172,1.362508773803711,4.809917449951172,1.362508773803711,135.25131225585938,51.457828521728516
randomness_0.4805,0.4805,0.0314789243042469,121.0,296.0,0.04077134986225895,296.0,1.0,0.0,4.892561912536621,1.3533042669296265,4.892561912536621,1.3533042669296265,136.0790557861328,50.72239303588867
randomness_0.4815,0.4815,0.0290290102362633,121.0,291.0,0.04008264462809917,291.0,1.0,0.0,4.809917449951172,1.4392033815383911,4.809917449951172,1.4392033815383911,136.2845916748047,50.4010009765625
randomness_0.4825,0.4825,0.0216641044069547,121.0,286.0,0.03939393939393939,286.0,1.0,0.0,4.7272725105285645,1.4024771451950073,4.7272725105285645,1.4024771451950073,136.1580047607422,50.97964859008789
randomness_0.4835,0.4835,0.0272912026258136,121.0,281.0,0.03870523415977961,281.0,1.0,0.0,4.644628047943115,1.3413913249969482,4.644628047943115,1.3413913249969482,136.19068908691406,50.436927795410156
randomness_0.4845,0.4845,0.0311666500090793,121.0,292.0,0.04022038567493113,292.0,1.0,0.0,4.826446056365967,1.2771202325820923,4.826446056365967,1.2771202325820923,136.08265686035156,51.41615676879883
randomness_0.4855,0.4855,0.025715606791065,121.0,286.0,0.03939393939393939,286.0,1.0,0.0,4.7272725105285645,1.2398346662521362,4.7272725105285645,1.2398346662521362,136.55191040039062,50.692962646484375
randomness_0.4865,0.4865,0.0280019292485735,121.0,291.0,0.04008264462809917,291.0,1.0,0.0,4.809917449951172,1.2352536916732788,4.809917449951172,1.2352536916732788,135.36978149414062,50.502872467041016
randomness_0.4875,0.4875,0.0254979579100413,121.0,283.0,0.03898071625344353,283.0,1.0,0.0,4.677685737609863,1.3978427648544312,4.677685737609863,1.3978427648544312,135.66749572753906,50.79288864135742
randomness_0.4885,0.4885,0.0310669004917145,121.0,289.0,0.03980716253443526,289.0,1.0,0.0,4.776859283447266,1.3513848781585693,4.776859283447266,1.3513848781585693,136.46815490722656,50.79954147338867
randomness_0.4895,0.4895,0.031016281247139,121.0,285.0,0.03925619834710744,285.0,1.0,0.0,4.7107439041137695,1.2884612083435059,4.7107439041137695,1.2884612083435059,136.14707946777344,50.8726692199707
randomness_0.4905,0.4905,0.021619337674039,121.0,284.0,0.03911845730027548,284.0,1.0,0.0,4.694214820861816,1.2717071771621704,4.694214820861816,1.2717071771621704,135.54383850097656,51.40958023071289
randomness_0.4915,0.4915,0.0190893468307651,121.0,275.0,0.03787878787878788,275.0,1.0,0.0,4.545454502105713,1.253095269203186,4.545454502105713,1.253095269203186,136.8711395263672,50.33356857299805
randomness_0.4925,0.4925,0.0303699512159228,121.0,288.0,0.03966942148760331,288.0,1.0,0.0,4.760330677032471,1.3546662330627441,4.760330677032471,1.3546662330627441,136.5926513671875,51.0213508605957
randomness_0.4935,0.4935,0.0274850230664015,121.0,277.0,0.03815426997245179,277.0,1.0,0.0,4.578512191772461,1.4010154008865356,4.578512191772461,1.4010154008865356,136.15350341796875,51.02997970581055
randomness_0.4945,0.4945,0.0322866389527917,121.0,296.0,0.04077134986225895,296.0,1.0,0.0,4.892561912536621,1.258371353149414,4.892561912536621,1.258371353149414,136.0449676513672,50.921470642089844
randomness_0.4955,0.4955,0.030335883423686,121.0,282.0,0.03884297520661157,282.0,1.0,0.0,4.661157131195068,1.3820197582244873,4.661157131195068,1.3820197582244873,135.83592224121094,50.623741149902344
randomness_0.4965,0.4965,0.0224882408506755,121.0,287.0,0.03953168044077135,287.0,1.0,0.0,4.743801593780518,1.3144394159317017,4.743801593780518,1.3144394159317017,136.9824676513672,51.22178268432617
randomness_0.4975,0.4975,0.0278665494748599,121.0,291.0,0.04008264462809917,291.0,1.0,0.0,4.809917449951172,1.2485629320144653,4.809917449951172,1.2485629320144653,136.029541015625,51.32322692871094
randomness_0.4985,0.4985,0.0270979911088943,121.0,286.0,0.03939393939393939,286.0,1.0,0.0,4.7272725105285645,1.3236563205718994,4.7272725105285645,1.3236563205718994,136.11830139160156,50.474212646484375
randomness_0.4995,0.4995,0.0270250485977158,121.0,285.0,0.03925619834710744,285.0,1.0,0.0,4.7107439041137695,1.2948596477508545,4.7107439041137695,1.2948596477508545,135.90798950195312,51.47221374511719
randomness_0.5005,0.5005,0.0267701246428441,121.0,287.0,0.03953168044077135,287.0,1.0,0.0,4.743801593780518,1.2028130292892456,4.743801593780518,1.2028130292892456,136.50399780273438,51.17902755737305
randomness_0.5015,0.5015,0.0272973120212555,121.0,285.0,0.03925619834710744,285.0,1.0,0.0,4.7107439041137695,1.2559809684753418,4.7107439041137695,1.2559809684753418,136.01927185058594,51.197723388671875
randomness_0.5025,0.5025,0.0244186518713832,121.0,284.0,0.03911845730027548,284.0,1.0,0.0,4.694214820861816,1.3412894010543823,4.694214820861816,1.3412894010543823,135.3557891845703,51.10648727416992
randomness_0.5035,0.5035,0.0302251308235743,121.0,290.0,0.03994490358126722,290.0,1.0,0.0,4.793388366699219,1.329371690750122,4.793388366699219,1.329371690750122,136.71575927734375,51.14964294433594
randomness_0.5045,0.5045,0.029887406155467,121.0,288.0,0.03966942148760331,288.0,1.0,0.0,4.760330677032471,1.2532589435577393,4.760330677032471,1.2532589435577393,135.6277618408203,51.06822967529297
randomness_0.5055,0.5055,0.0293795708566904,121.0,281.0,0.03870523415977961,281.0,1.0,0.0,4.644628047943115,1.3838472366333008,4.644628047943115,1.3838472366333008,136.39454650878906,51.176902770996094
randomness_0.5065,0.5065,0.0283297779038548,121.0,289.0,0.03980716253443526,289.0,1.0,0.0,4.776859283447266,1.3329119682312012,4.776859283447266,1.3329119682312012,135.8154754638672,51.36217498779297
randomness_0.5075,0.5075,0.0332271590080887,121.0,289.0,0.03980716253443526,289.0,1.0,0.0,4.776859283447266,1.4344497919082642,4.776859283447266,1.4344497919082642,136.27456665039062,50.994529724121094
randomness_0.5085,0.5085,0.0285960011726672,121.0,285.0,0.03925619834710744,285.0,1.0,0.0,4.7107439041137695,1.3872978687286377,4.7107439041137695,1.3872978687286377,135.8887176513672,51.10642623901367
randomness_0.5095,0.5095,0.0300941018387675,121.0,289.0,0.03980716253443526,289.0,1.0,0.0,4.776859283447266,1.405347466468811,4.776859283447266,1.405347466468811,136.20411682128906,50.883445739746094
randomness_0.5105,0.5105,0.0326334904879332,121.0,290.0,0.03994490358126722,290.0,1.0,0.0,4.793388366699219,1.396082878112793,4.793388366699219,1.396082878112793,135.71669006347656,50.73278045654297
randomness_0.5115,0.5115,0.0314277773958194,121.0,292.0,0.04022038567493113,292.0,1.0,0.0,4.826446056365967,1.327880859375,4.826446056365967,1.327880859375,136.74826049804688,50.494510650634766
randomness_0.5125,0.5125,0.0304702760651708,121.0,292.0,0.04022038567493113,292.0,1.0,0.0,4.826446056365967,1.3027478456497192,4.826446056365967,1.3027478456497192,136.66268920898438,50.333187103271484
randomness_0.5135,0.5135,0.0261879231780767,121.0,287.0,0.03953168044077135,287.0,1.0,0.0,4.743801593780518,1.3818715810775757,4.743801593780518,1.3818715810775757,137.17385864257812,51.063785552978516
randomness_0.5145,0.5145,0.027306255701321,121.0,283.0,0.03898071625344353,283.0,1.0,0.0,4.677685737609863,1.2545115947723389,4.677685737609863,1.2545115947723389,136.28231811523438,51.32258987426758
randomness_0.5155,0.5155,0.0286013149232329,121.0,279.0,0.0384297520661157,279.0,1.0,0.0,4.611570358276367,1.4046669006347656,4.611570358276367,1.4046669006347656,136.25621032714844,51.70231628417969
randomness_0.5165,0.5165,0.0301899749785662,121.0,290.0,0.03994490358126722,290.0,1.0,0.0,4.793388366699219,1.3105884790420532,4.793388366699219,1.3105884790420532,135.70350646972656,51.505985260009766
randomness_0.5175,0.5175,0.0312466390430927,121.0,286.0,0.03939393939393939,286.0,1.0,0.0,4.7272725105285645,1.2920609712600708,4.7272725105285645,1.2920609712600708,136.48635864257812,50.54988479614258
randomness_0.5185,0.5185,0.0250644330761698,121.0,277.0,0.03815426997245179,277.0,1.0,0.0,4.578512191772461,1.3221074342727661,4.578512191772461,1.3221074342727661,136.8312530517578,49.91937255859375
randomness_0.5195,0.5195,0.0281967543753455,121.0,281.0,0.03870523415977961,281.0,1.0,0.0,4.644628047943115,1.395740270614624,4.644628047943115,1.395740270614624,136.03712463378906,50.40191650390625
randomness_0.5205,0.5205,0.0262703182841036,121.0,282.0,0.03884297520661157,282.0,1.0,0.0,4.661157131195068,1.4057363271713257,4.661157131195068,1.4057363271713257,136.79299926757812,50.342498779296875
randomness_0.5215,0.5215,0.0249420994892716,121.0,282.0,0.03884297520661157,282.0,1.0,0.0,4.661157131195068,1.4405790567398071,4.661157131195068,1.4405790567398071,136.61309814453125,50.783565521240234
randomness_0.5225,0.5225,0.0295020799018857,121.0,283.0,0.03898071625344353,283.0,1.0,0.0,4.677685737609863,1.3799920082092285,4.677685737609863,1.3799920082092285,136.15631103515625,50.17668151855469
randomness_0.5235,0.5235,0.0298303858833412,121.0,283.0,0.03898071625344353,283.0,1.0,0.0,4.677685737609863,1.415468692779541,4.677685737609863,1.415468692779541,136.3214111328125,51.020774841308594
randomness_0.5245,0.5245,0.0266178239136934,121.0,284.0,0.03911845730027548,284.0,1.0,0.0,4.694214820861816,1.2781894207000732,4.694214820861816,1.2781894207000732,136.2288360595703,51.024742126464844
randomness_0.5255,0.5255,0.0287928830832243,121.0,283.0,0.03898071625344353,283.0,1.0,0.0,4.677685737609863,1.2545115947723389,4.677685737609863,1.2545115947723389,136.54556274414062,51.20924377441406
randomness_0.5265,0.5265,0.0303881872445345,121.0,283.0,0.03898071625344353,283.0,1.0,0.0,4.677685737609863,1.3312199115753174,4.677685737609863,1.3312199115753174,136.40306091308594,51.06492233276367
randomness_0.5275,0.5275,0.0286855599842966,121.0,287.0,0.03953168044077135,287.0,1.0,0.0,4.743801593780518,1.48562753200531,4.743801593780518,1.48562753200531,136.1183624267578,51.366416931152344
randomness_0.5285,0.5285,0.0265063244524872,121.0,287.0,0.03953168044077135,287.0,1.0,0.0,4.743801593780518,1.276157259941101,4.743801593780518,1.276157259941101,135.3606414794922,51.24261474609375
randomness_0.5295,0.5295,0.0222397048026323,121.0,279.0,0.0384297520661157,279.0,1.0,0.0,4.611570358276367,1.3869038820266724,4.611570358276367,1.3869038820266724,136.0943145751953,51.672035217285156
randomness_0.5305,0.5305,0.0324952930212021,121.0,290.0,0.03994490358126722,290.0,1.0,0.0,4.793388366699219,1.2392836809158325,4.793388366699219,1.2392836809158325,136.39486694335938,50.60444259643555
randomness_0.5315,0.5315,0.034170775488019,121.0,290.0,0.03994490358126722,290.0,1.0,0.0,4.793388366699219,1.341747760772705,4.793388366699219,1.341747760772705,137.51434326171875,50.56019592285156
randomness_0.5325,0.5325,0.0286173306405544,121.0,284.0,0.03911845730027548,284.0,1.0,0.0,4.694214820861816,1.3164124488830566,4.694214820861816,1.3164124488830566,136.66627502441406,50.379947662353516
randomness_0.5335,0.5335,0.0299882303923368,121.0,277.0,0.03815426997245179,277.0,1.0,0.0,4.578512191772461,1.244837760925293,4.578512191772461,1.244837760925293,136.27093505859375,51.30731964111328
randomness_0.5345,0.5345,0.0185863432855489,121.0,274.0,0.03774104683195592,274.0,1.0,0.0,4.52892541885376,1.379150390625,4.52892541885376,1.379150390625,135.0908966064453,51.688236236572266
randomness_0.5355,0.5355,0.0269062954932451,121.0,278.0,0.03829201101928375,278.0,1.0,0.0,4.595041275024414,1.2699874639511108,4.595041275024414,1.2699874639511108,136.255859375,52.148983001708984
randomness_0.5365,0.5365,0.0215434039354382,121.0,280.0,0.03856749311294766,280.0,1.0,0.0,4.628098964691162,1.34307062625885,4.628098964691162,1.34307062625885,136.29312133789062,51.071136474609375
randomness_0.5375,0.5375,0.0300985630601645,121.0,279.0,0.0384297520661157,279.0,1.0,0.0,4.611570358276367,1.3197287321090698,4.611570358276367,1.3197287321090698,135.665283203125,51.50126266479492
randomness_0.5385,0.5385,0.0218957589007914,121.0,278.0,0.03829201101928375,278.0,1.0,0.0,4.595041275024414,1.382168173789978,4.595041275024414,1.382168173789978,135.9625244140625,51.070648193359375
randomness_0.5395,0.5395,0.0255217119009398,121.0,284.0,0.03911845730027548,284.0,1.0,0.0,4.694214820861816,1.2910561561584473,4.694214820861816,1.2910561561584473,136.0353240966797,50.615875244140625
randomness_0.5405,0.5405,0.0206991080081721,121.0,277.0,0.03815426997245179,277.0,1.0,0.0,4.578512191772461,1.2247589826583862,4.578512191772461,1.2247589826583862,136.2295379638672,50.55659103393555
randomness_0.5415,0.5415,0.0272711990005614,121.0,278.0,0.03829201101928375,278.0,1.0,0.0,4.595041275024414,1.4175902605056763,4.595041275024414,1.4175902605056763,136.1258087158203,51.01486587524414
randomness_0.5425,0.5425,0.0278573310002685,121.0,280.0,0.03856749311294766,280.0,1.0,0.0,4.628098964691162,1.3182271718978882,4.628098964691162,1.3182271718978882,135.84994506835938,50.9647102355957
randomness_0.5435,0.5435,0.0165745792581988,121.0,273.0,0.03760330578512397,273.0,1.0,0.0,4.512396812438965,1.2204571962356567,4.512396812438965,1.2204571962356567,136.0702667236328,50.99928283691406
randomness_0.5445,0.5445,0.0214038656020369,121.0,273.0,0.03760330578512397,273.0,1.0,0.0,4.512396812438965,1.279951572418213,4.512396812438965,1.279951572418213,135.93930053710938,51.852169036865234
randomness_0.5455,0.5455,0.0272066726302143,121.0,287.0,0.03953168044077135,287.0,1.0,0.0,4.743801593780518,1.2826169729232788,4.743801593780518,1.2826169729232788,137.08177185058594,50.47481155395508
randomness_0.5465,0.5465,0.0243465086158173,121.0,282.0,0.03884297520661157,282.0,1.0,0.0,4.661157131195068,1.2501485347747803,4.661157131195068,1.2501485347747803,136.204345703125,50.584999084472656
randomness_0.5475,0.5475,0.0174562358297408,121.0,278.0,0.03829201101928375,278.0,1.0,0.0,4.595041275024414,1.452148675918579,4.595041275024414,1.452148675918579,136.02145385742188,51.8624153137207
randomness_0.5485,0.5485,0.0245405273228263,121.0,278.0,0.03829201101928375,278.0,1.0,0.0,4.595041275024414,1.3458139896392822,4.595041275024414,1.3458139896392822,136.2141876220703,50.74038314819336
randomness_0.5495,0.5495,0.0317138027399778,121.0,282.0,0.03884297520661157,282.0,1.0,0.0,4.661157131195068,1.399844765663147,4.661157131195068,1.399844765663147,136.73016357421875,50.96141052246094
randomness_0.5506,0.5506,0.0227465906405931,121.0,276.0,0.03801652892561983,276.0,1.0,0.0,4.561983585357666,1.284957766532898,4.561983585357666,1.284957766532898,136.160400390625,51.40530014038086
randomness_0.5516,0.5516,0.0299777328968048,121.0,291.0,0.04008264462809917,291.0,1.0,0.0,4.809917449951172,1.368561029434204,4.809917449951172,1.368561029434204,136.09219360351562,50.723854064941406
randomness_0.5526,0.5526,0.0224830094026402,121.0,277.0,0.03815426997245179,277.0,1.0,0.0,4.578512191772461,1.3283437490463257,4.578512191772461,1.3283437490463257,136.78494262695312,51.12553787231445
randomness_0.5536,0.5536,0.0267194552347064,121.0,276.0,0.03801652892561983,276.0,1.0,0.0,4.561983585357666,1.3354204893112183,4.561983585357666,1.3354204893112183,136.48492431640625,51.25530242919922
randomness_0.5546,0.5546,0.0265956324190401,121.0,278.0,0.03829201101928375,278.0,1.0,0.0,4.595041275024414,1.4234082698822021,4.595041275024414,1.4234082698822021,136.1606903076172,50.86583709716797
randomness_0.5556,0.5556,0.0185934659106859,120.0,268.0,0.03753501400560224,268.0,1.0,0.0,4.4666666984558105,1.2905640602111816,4.4666666984558105,1.2905640602111816,135.1790008544922,51.12267303466797
randomness_0.5566,0.5566,0.0257762800902128,121.0,273.0,0.03760330578512397,273.0,1.0,0.0,4.512396812438965,1.2604321241378784,4.512396812438965,1.2604321241378784,136.84861755371094,50.63290023803711
randomness_0.5576,0.5576,0.0250946714892052,121.0,275.0,0.03787878787878788,275.0,1.0,0.0,4.545454502105713,1.3422566652297974,4.545454502105713,1.3422566652297974,135.89317321777344,50.966976165771484
randomness_0.5586,0.5586,0.0180390145229156,121.0,276.0,0.03801652892561983,276.0,1.0,0.0,4.561983585357666,1.3538591861724854,4.561983585357666,1.3538591861724854,136.44061279296875,51.39899444580078
randomness_0.5596,0.5596,0.0211373252513413,121.0,277.0,0.03815426997245179,277.0,1.0,0.0,4.578512191772461,1.3590959310531616,4.578512191772461,1.3590959310531616,135.88247680664062,51.04676055908203
randomness_0.5606,0.5606,0.0225457675139767,121.0,274.0,0.03774104683195592,274.0,1.0,0.0,4.52892541885376,1.2925366163253784,4.52892541885376,1.2925366163253784,136.09591674804688,50.595924377441406
randomness_0.5616,0.5616,0.0249329876986612,121.0,288.0,0.03966942148760331,288.0,1.0,0.0,4.760330677032471,1.0986453294754028,4.760330677032471,1.0986453294754028,135.55601501464844,51.62544250488281
randomness_0.5626,0.5626,0.029026311263442,121.0,285.0,0.03925619834710744,285.0,1.0,0.0,4.7107439041137695,1.2755684852600098,4.7107439041137695,1.2755684852600098,135.11656188964844,51.36124038696289
randomness_0.5636,0.5636,0.0232628718484193,121.0,276.0,0.03801652892561983,276.0,1.0,0.0,4.561983585357666,1.3167237043380737,4.561983585357666,1.3167237043380737,135.819580078125,51.5557861328125
randomness_0.5646,0.5646,0.0229587642941624,121.0,272.0,0.03746556473829201,272.0,1.0,0.0,4.495867729187012,1.2205132246017456,4.495867729187012,1.2205132246017456,137.18765258789062,50.65715789794922
randomness_0.5656,0.5656,0.0285240080207586,121.0,284.0,0.03911845730027548,284.0,1.0,0.0,4.694214820861816,1.1559617519378662,4.694214820861816,1.1559617519378662,135.84613037109375,50.65106201171875
randomness_0.5666,0.5666,0.0275630221385334,121.0,279.0,0.0384297520661157,279.0,1.0,0.0,4.611570358276367,1.3197288513183594,4.611570358276367,1.3197288513183594,136.41146850585938,49.87913513183594
randomness_0.5676,0.5676,0.0264401700149392,121.0,282.0,0.03884297520661157,282.0,1.0,0.0,4.661157131195068,1.3700076341629028,4.661157131195068,1.3700076341629028,136.01824951171875,50.30714797973633
randomness_0.5686,0.5686,0.0255786359884074,120.0,280.0,0.0392156862745098,280.0,1.0,0.0,4.666666507720947,1.3249738216400146,4.666666507720947,1.3249738216400146,135.8154296875,50.70600891113281
randomness_0.5696,0.5696,0.0251608455655514,120.0,278.0,0.03893557422969188,278.0,1.0,0.0,4.633333206176758,1.3349989652633667,4.633333206176758,1.3349989652633667,135.9047088623047,50.243099212646484
randomness_0.5706,0.5706,0.0195049798680657,121.0,275.0,0.03787878787878788,275.0,1.0,0.0,4.545454502105713,1.4258533716201782,4.545454502105713,1.4258533716201782,135.8245391845703,51.1663818359375
randomness_0.5716,0.5716,0.030594193804088,121.0,282.0,0.03884297520661157,282.0,1.0,0.0,4.661157131195068,1.4290591478347778,4.661157131195068,1.4290591478347778,136.63247680664062,50.43754959106445
randomness_0.5726,0.5726,0.0258988168794846,121.0,286.0,0.03939393939393939,286.0,1.0,0.0,4.7272725105285645,1.30479097366333,4.7272725105285645,1.30479097366333,136.56312561035156,50.978309631347656
randomness_0.5736,0.5736,0.0131832725050497,121.0,263.0,0.03622589531680441,263.0,1.0,0.0,4.347107410430908,1.4414795637130737,4.347107410430908,1.4414795637130737,135.3173828125,52.140472412109375
randomness_0.5746,0.5746,0.0265824442161416,121.0,286.0,0.03939393939393939,286.0,1.0,0.0,4.7272725105285645,1.3545149564743042,4.7272725105285645,1.3545149564743042,135.73399353027344,51.33470153808594
randomness_0.5756,0.5756,0.0264955936474344,121.0,277.0,0.03815426997245179,277.0,1.0,0.0,4.578512191772461,1.3468793630599976,4.578512191772461,1.3468793630599976,136.11563110351562,50.99034118652344
randomness_0.5766,0.5766,0.028546482909059,121.0,286.0,0.03939393939393939,286.0,1.0,0.0,4.7272725105285645,1.336085319519043,4.7272725105285645,1.336085319519043,136.33929443359375,51.37113952636719
randomness_0.5776,0.5776,0.0215347942523823,121.0,277.0,0.03815426997245179,277.0,1.0,0.0,4.578512191772461,1.4244157075881958,4.578512191772461,1.4244157075881958,135.8697509765625,50.465049743652344
randomness_0.5786,0.5786,0.0206934023902739,121.0,276.0,0.03801652892561983,276.0,1.0,0.0,4.561983585357666,1.3477411270141602,4.561983585357666,1.3477411270141602,135.91677856445312,51.11381149291992
randomness_0.5796,0.5796,0.0264677384686422,121.0,275.0,0.03787878787878788,275.0,1.0,0.0,4.545454502105713,1.3606027364730835,4.545454502105713,1.3606027364730835,135.88856506347656,49.606658935546875
randomness_0.5806,0.5806,0.023485098592937,121.0,280.0,0.03856749311294766,280.0,1.0,0.0,4.628098964691162,1.3056281805038452,4.628098964691162,1.3056281805038452,136.8389434814453,50.94713592529297
randomness_0.5816,0.5816,0.0215422524338713,121.0,280.0,0.03856749311294766,280.0,1.0,0.0,4.628098964691162,1.220569133758545,4.628098964691162,1.220569133758545,136.11090087890625,51.659423828125
randomness_0.5826,0.5826,0.0252119764685631,121.0,278.0,0.03829201101928375,278.0,1.0,0.0,4.595041275024414,1.382168173789978,4.595041275024414,1.382168173789978,135.55685424804688,50.774513244628906
randomness_0.5836,0.5836,0.0247964336003466,121.0,273.0,0.03760330578512397,273.0,1.0,0.0,4.512396812438965,1.505448579788208,4.512396812438965,1.505448579788208,136.54180908203125,51.10252380371094
randomness_0.5846,0.5846,0.025507585983343,121.0,286.0,0.03939393939393939,286.0,1.0,0.0,4.7272725105285645,1.206045389175415,4.7272725105285645,1.206045389175415,136.17105102539062,51.224700927734375
randomness_0.5856,0.5856,0.0308895876631141,121.0,292.0,0.04022038567493113,292.0,1.0,0.0,4.826446056365967,1.3647128343582153,4.826446056365967,1.3647128343582153,137.03604125976562,51.34931182861328
randomness_0.5866,0.5866,0.0129665419459343,121.0,275.0,0.03787878787878788,275.0,1.0,0.0,4.545454502105713,1.3666633367538452,4.545454502105713,1.3666633367538452,136.13821411132812,51.422298431396484
randomness_0.5876,0.5876,0.0249370137695223,121.0,283.0,0.03898071625344353,283.0,1.0,0.0,4.677685737609863,1.4557658433914185,4.677685737609863,1.4557658433914185,136.61114501953125,50.5947265625
randomness_0.5886,0.5886,0.0241739288926696,121.0,273.0,0.03760330578512397,273.0,1.0,0.0,4.512396812438965,1.3733935356140137,4.512396812438965,1.3733935356140137,137.1043701171875,49.993526458740234
randomness_0.5896,0.5896,0.0256451515835689,121.0,280.0,0.03856749311294766,280.0,1.0,0.0,4.628098964691162,1.4032561779022217,4.628098964691162,1.4032561779022217,136.87246704101562,50.891693115234375
randomness_0.5906,0.5906,0.0176695778467226,121.0,281.0,0.03870523415977961,281.0,1.0,0.0,4.644628047943115,1.2975469827651978,4.644628047943115,1.2975469827651978,136.13336181640625,50.21124267578125
randomness_0.5916,0.5916,0.0231185090728104,121.0,281.0,0.03870523415977961,281.0,1.0,0.0,4.644628047943115,1.3165161609649658,4.644628047943115,1.3165161609649658,135.93402099609375,50.768646240234375
randomness_0.5926,0.5926,0.0191329507926776,120.0,266.0,0.03725490196078431,266.0,1.0,0.0,4.433333396911621,1.1813364028930664,4.433333396911621,1.1813364028930664,135.69390869140625,50.6047477722168
randomness_0.5936,0.5936,0.0236146219074726,121.0,276.0,0.03801652892561983,276.0,1.0,0.0,4.561983585357666,1.4077270030975342,4.561983585357666,1.4077270030975342,135.8590850830078,51.67832565307617
randomness_0.5946,0.5946,0.0230642158538103,120.0,274.0,0.038375350140056025,274.0,1.0,0.0,4.566666603088379,1.3211947679519653,4.566666603088379,1.3211947679519653,135.71432495117188,51.112918853759766
randomness_0.5956,0.5956,0.0216887369711432,121.0,280.0,0.03856749311294766,280.0,1.0,0.0,4.628098964691162,1.2864984273910522,4.628098964691162,1.2864984273910522,137.0885467529297,50.61881637573242
randomness_0.5966,0.5966,0.0175956899824087,121.0,261.0,0.03595041322314049,261.0,1.0,0.0,4.31404972076416,1.414406657218933,4.31404972076416,1.414406657218933,136.24560546875,50.65095138549805
randomness_0.5976,0.5976,0.0224560204893351,121.0,267.0,0.03677685950413223,267.0,1.0,0.0,4.4132232666015625,1.4297281503677368,4.4132232666015625,1.4297281503677368,135.9866943359375,50.56615447998047
randomness_0.5986,0.5986,0.0174508219584823,121.0,270.0,0.0371900826446281,270.0,1.0,0.0,4.462810039520264,1.2599444389343262,4.462810039520264,1.2599444389343262,136.18045043945312,50.310367584228516
randomness_0.5996,0.5996,0.0185880329925567,121.0,276.0,0.03801652892561983,276.0,1.0,0.0,4.561983585357666,1.3354206085205078,4.561983585357666,1.3354206085205078,136.62669372558594,51.01924133300781
randomness_0.6006,0.6006,0.0281034275889397,121.0,281.0,0.03870523415977961,281.0,1.0,0.0,4.644628047943115,1.3290119171142578,4.644628047943115,1.3290119171142578,135.71636962890625,50.9180908203125
randomness_0.6016,0.6016,0.018236615229398,121.0,279.0,0.0384297520661157,279.0,1.0,0.0,4.611570358276367,1.3197288513183594,4.611570358276367,1.3197288513183594,135.55520629882812,50.77752685546875
randomness_0.6026,0.6026,0.0227422147535166,121.0,280.0,0.03856749311294766,280.0,1.0,0.0,4.628098964691162,1.2670798301696777,4.628098964691162,1.2670798301696777,136.4098663330078,50.60923767089844
randomness_0.6036,0.6036,0.0282660566270351,121.0,279.0,0.0384297520661157,279.0,1.0,0.0,4.611570358276367,1.3008064031600952,4.611570358276367,1.3008064031600952,135.8938751220703,51.01911544799805
randomness_0.6046,0.6046,0.0221627316709149,121.0,279.0,0.0384297520661157,279.0,1.0,0.0,4.611570358276367,1.2944375276565552,4.611570358276367,1.2944375276565552,135.5312042236328,50.94279098510742
randomness_0.6056,0.6056,0.027576076798141,121.0,273.0,0.03760330578512397,273.0,1.0,0.0,4.512396812438965,1.3972563743591309,4.512396812438965,1.3972563743591309,136.54608154296875,50.68677520751953
randomness_0.6066,0.6066,0.0260350482276184,121.0,294.0,0.04049586776859504,294.0,1.0,0.0,4.859504222869873,1.3003864288330078,4.859504222869873,1.3003864288330078,135.552490234375,51.28421401977539
randomness_0.6076,0.6076,0.0174562502927984,121.0,269.0,0.03705234159779614,269.0,1.0,0.0,4.4462809562683105,1.259347915649414,4.4462809562683105,1.259347915649414,136.35336303710938,51.35699462890625
randomness_0.6086,0.6086,0.0156533381028566,121.0,267.0,0.03677685950413223,267.0,1.0,0.0,4.4132232666015625,1.3215906620025635,4.4132232666015625,1.3215906620025635,137.33416748046875,49.86943054199219
randomness_0.6096,0.6096,0.0189093274702434,121.0,278.0,0.03829201101928375,278.0,1.0,0.0,4.595041275024414,1.2569050788879395,4.595041275024414,1.2569050788879395,136.13278198242188,50.94154357910156
randomness_0.6106,0.6106,0.0074590736534446,120.0,248.0,0.03473389355742297,248.0,1.0,0.0,4.133333206176758,1.4197026491165161,4.133333206176758,1.4197026491165161,135.72044372558594,50.74939727783203
randomness_0.6116,0.6116,0.0197811515989738,121.0,270.0,0.0371900826446281,270.0,1.0,0.0,4.462810039520264,1.354767084121704,4.462810039520264,1.354767084121704,135.3634796142578,51.077362060546875
randomness_0.6126,0.6126,0.0183610538115306,121.0,271.0,0.03732782369146005,271.0,1.0,0.0,4.479338645935059,1.342867136001587,4.479338645935059,1.342867136001587,136.21128845214844,50.54621887207031
randomness_0.6136,0.6136,0.0160475778393447,121.0,273.0,0.03760330578512397,273.0,1.0,0.0,4.512396812438965,1.4207185506820679,4.512396812438965,1.4207185506820679,135.3253631591797,51.58403015136719
randomness_0.6146,0.6146,0.0247983114028499,121.0,279.0,0.0384297520661157,279.0,1.0,0.0,4.611570358276367,1.3259762525558472,4.611570358276367,1.3259762525558472,135.5802001953125,50.234493255615234
randomness_0.6156,0.6156,0.0185287663129318,121.0,269.0,0.03705234159779614,269.0,1.0,0.0,4.4462809562683105,1.390346884727478,4.4462809562683105,1.390346884727478,136.14715576171875,50.063053131103516
randomness_0.6166,0.6166,0.0223609406330651,121.0,275.0,0.03787878787878788,275.0,1.0,0.0,4.545454502105713,1.253095269203186,4.545454502105713,1.253095269203186,136.25180053710938,50.68833923339844
randomness_0.6176,0.6176,0.0255750574171543,121.0,269.0,0.03705234159779614,269.0,1.0,0.0,4.4462809562683105,1.4021849632263184,4.4462809562683105,1.4021849632263184,137.08326721191406,51.00048065185547
randomness_0.6186,0.6186,0.0171416565746767,121.0,270.0,0.0371900826446281,270.0,1.0,0.0,4.462810039520264,1.4202858209609985,4.462810039520264,1.4202858209609985,135.90576171875,50.53376007080078
randomness_0.6196,0.6196,0.025441924110055,121.0,274.0,0.03774104683195592,274.0,1.0,0.0,4.52892541885376,1.483096957206726,4.52892541885376,1.483096957206726,136.49806213378906,50.683128356933594
randomness_0.6206,0.6206,0.0173150312114781,121.0,274.0,0.03774104683195592,274.0,1.0,0.0,4.52892541885376,1.286126732826233,4.52892541885376,1.286126732826233,136.01707458496094,50.89799118041992
randomness_0.6216,0.6216,0.0156220426054817,121.0,276.0,0.03801652892561983,276.0,1.0,0.0,4.561983585357666,1.3415950536727905,4.561983585357666,1.3415950536727905,135.6932830810547,50.799560546875
randomness_0.6226,0.6226,0.0180038014426827,121.0,272.0,0.03746556473829201,272.0,1.0,0.0,4.495867729187012,1.2735320329666138,4.495867729187012,1.2735320329666138,135.5817413330078,51.68164825439453
randomness_0.6236,0.6236,0.0134693128625036,121.0,263.0,0.03622589531680441,263.0,1.0,0.0,4.347107410430908,1.3889216184616089,4.347107410430908,1.3889216184616089,136.0028839111328,51.2658576965332
randomness_0.6246,0.6246,0.0158195119822494,121.0,270.0,0.0371900826446281,270.0,1.0,0.0,4.462810039520264,1.3968164920806885,4.462810039520264,1.3968164920806885,135.74143981933594,51.40568161010742
randomness_0.6256,0.6256,0.0238519059610441,121.0,271.0,0.03732782369146005,271.0,1.0,0.0,4.479338645935059,1.342867136001587,4.479338645935059,1.342867136001587,135.9664764404297,50.99220275878906
randomness_0.6266,0.6266,0.022753084848221,121.0,264.0,0.03636363636363636,264.0,1.0,0.0,4.363636493682861,1.3545149564743042,4.363636493682861,1.3545149564743042,135.57286071777344,51.223941802978516
randomness_0.6276,0.6276,0.0180499396694358,120.0,268.0,0.03753501400560224,268.0,1.0,0.0,4.4666666984558105,1.3900439739227295,4.4666666984558105,1.3900439739227295,136.09979248046875,51.486732482910156
randomness_0.6286,0.6286,0.0208615046607199,121.0,278.0,0.03829201101928375,278.0,1.0,0.0,4.595041275024414,1.2303229570388794,4.595041275024414,1.2303229570388794,135.5638427734375,51.10546875
randomness_0.6296,0.6296,0.0219643507408535,121.0,271.0,0.03732782369146005,271.0,1.0,0.0,4.479338645935059,1.4030615091323853,4.479338645935059,1.4030615091323853,135.90045166015625,51.01852035522461
randomness_0.6306,0.6306,0.0168144814819578,121.0,270.0,0.0371900826446281,270.0,1.0,0.0,4.462810039520264,1.3113700151443481,4.462810039520264,1.3113700151443481,136.4501190185547,50.494598388671875
randomness_0.6316,0.6316,0.0272499072199026,121.0,280.0,0.03856749311294766,280.0,1.0,0.0,4.628098964691162,1.4381589889526367,4.628098964691162,1.4381589889526367,137.2167510986328,50.64030456542969
randomness_0.6326,0.6326,0.0212462253678503,121.0,270.0,0.0371900826446281,270.0,1.0,0.0,4.462810039520264,1.360853672027588,4.462810039520264,1.360853672027588,135.86813354492188,51.632057189941406
randomness_0.6336,0.6336,0.0162219030741201,121.0,269.0,0.03705234159779614,269.0,1.0,0.0,4.4462809562683105,1.4935144186019897,4.4462809562683105,1.4935144186019897,135.94386291503906,49.930389404296875
randomness_0.6346,0.6346,0.0177420704520912,121.0,271.0,0.03732782369146005,271.0,1.0,0.0,4.479338645935059,1.2798447608947754,4.479338645935059,1.2798447608947754,138.13037109375,50.41254806518555
randomness_0.6356,0.6356,0.0158410752079847,121.0,272.0,0.03746556473829201,272.0,1.0,0.0,4.495867729187012,1.2735320329666138,4.495867729187012,1.2735320329666138,136.708251953125,51.39337921142578
randomness_0.6366,0.6366,0.0211035788990557,121.0,273.0,0.03760330578512397,273.0,1.0,0.0,4.512396812438965,1.3733935356140137,4.512396812438965,1.3733935356140137,136.25909423828125,51.44121551513672
randomness_0.6376,0.6376,0.020701573558369,121.0,272.0,0.03746556473829201,272.0,1.0,0.0,4.495867729187012,1.1363561153411865,4.495867729187012,1.1363561153411865,136.36517333984375,52.076175689697266
randomness_0.6386,0.6386,0.0080830423475963,121.0,255.0,0.03512396694214876,255.0,1.0,0.0,4.214876174926758,1.4270504713058472,4.214876174926758,1.4270504713058472,135.73133850097656,51.173622131347656
randomness_0.6396,0.6396,0.0197342490777373,121.0,269.0,0.03705234159779614,269.0,1.0,0.0,4.4462809562683105,1.212540626525879,4.4462809562683105,1.212540626525879,137.0429229736328,50.27581787109375
randomness_0.6406,0.6406,0.0229624278112811,121.0,267.0,0.03677685950413223,267.0,1.0,0.0,4.4132232666015625,1.302695393562317,4.4132232666015625,1.302695393562317,136.5519561767578,50.77366256713867
randomness_0.6416,0.6416,0.0204515425036549,121.0,274.0,0.03774104683195592,274.0,1.0,0.0,4.52892541885376,1.2925366163253784,4.52892541885376,1.2925366163253784,137.38478088378906,50.02978515625
randomness_0.6426,0.6426,0.0230044113012974,121.0,276.0,0.03801652892561983,276.0,1.0,0.0,4.561983585357666,1.3780604600906372,4.561983585357666,1.3780604600906372,136.14178466796875,50.6688346862793
randomness_0.6436,0.6436,0.0209903065385435,121.0,268.0,0.03691460055096419,268.0,1.0,0.0,4.429751873016357,1.4014540910720825,4.429751873016357,1.4014540910720825,137.601806640625,49.70380401611328
randomness_0.6446,0.6446,0.0191146405524723,121.0,280.0,0.03856749311294766,280.0,1.0,0.0,4.628098964691162,1.3430705070495605,4.628098964691162,1.3430705070495605,135.7829132080078,50.36589813232422
randomness_0.6456,0.6456,0.0136541039214026,121.0,268.0,0.03691460055096419,268.0,1.0,0.0,4.429751873016357,1.2780824899673462,4.429751873016357,1.2780824899673462,136.63014221191406,50.46540069580078
randomness_0.6466,0.6466,0.0222121383994818,121.0,276.0,0.03801652892561983,276.0,1.0,0.0,4.561983585357666,1.3780604600906372,4.561983585357666,1.3780604600906372,136.87962341308594,51.61241912841797
randomness_0.6476,0.6476,0.0182900734245777,121.0,273.0,0.03760330578512397,273.0,1.0,0.0,4.512396812438965,1.3429688215255737,4.512396812438965,1.3429688215255737,136.07638549804688,51.48819351196289
randomness_0.6486,0.6486,0.023038899153471,121.0,277.0,0.03815426997245179,277.0,1.0,0.0,4.578512191772461,1.309545874595642,4.578512191772461,1.309545874595642,136.33291625976562,51.2098274230957
randomness_0.6496,0.6496,0.0206238278184463,121.0,265.0,0.03650137741046832,265.0,1.0,0.0,4.380165100097656,1.3802396059036255,4.380165100097656,1.3802396059036255,136.530029296875,50.14028549194336
randomness_0.6507,0.6507,0.0176680939272046,121.0,270.0,0.0371900826446281,270.0,1.0,0.0,4.462810039520264,1.2664868831634521,4.462810039520264,1.2664868831634521,137.68626403808594,50.32695007324219
randomness_0.6517,0.6517,0.0147500083805639,121.0,262.0,0.03608815426997245,262.0,1.0,0.0,4.330578327178955,1.3870023488998413,4.330578327178955,1.3870023488998413,136.2958221435547,50.79605484008789
randomness_0.6527,0.6527,0.0163075382519085,121.0,265.0,0.03650137741046832,265.0,1.0,0.0,4.380165100097656,1.3742387294769287,4.380165100097656,1.3742387294769287,135.80308532714844,51.05451583862305
randomness_0.6537,0.6537,0.0174201185523257,121.0,266.0,0.03663911845730027,266.0,1.0,0.0,4.396694183349609,1.3513343334197998,4.396694183349609,1.3513343334197998,137.30740356445312,49.40084457397461
randomness_0.6547,0.6547,0.0129705050878142,121.0,269.0,0.03705234159779614,269.0,1.0,0.0,4.4462809562683105,1.278883934020996,4.4462809562683105,1.278883934020996,136.4136199951172,51.476863861083984
randomness_0.6557,0.6557,0.0222099842678782,121.0,263.0,0.03622589531680441,263.0,1.0,0.0,4.347107410430908,1.3092849254608154,4.347107410430908,1.3092849254608154,136.85304260253906,51.00786209106445
randomness_0.6567,0.6567,0.0137884933354231,121.0,266.0,0.03663911845730027,266.0,1.0,0.0,4.396694183349609,1.3014887571334839,4.396694183349609,1.3014887571334839,136.47386169433594,51.464073181152344
randomness_0.6577,0.6577,0.0197104471801954,121.0,274.0,0.03774104683195592,274.0,1.0,0.0,4.52892541885376,1.2667025327682495,4.52892541885376,1.2667025327682495,136.54046630859375,50.43993377685547
randomness_0.6587,0.6587,0.022021503187716,121.0,273.0,0.03760330578512397,273.0,1.0,0.0,4.512396812438965,1.4207185506820679,4.512396812438965,1.4207185506820679,136.71046447753906,49.999481201171875
randomness_0.6597,0.6597,0.0246417414388891,121.0,276.0,0.03801652892561983,276.0,1.0,0.0,4.561983585357666,1.341594934463501,4.561983585357666,1.341594934463501,136.11959838867188,50.582828521728516
randomness_0.6607,0.6607,0.0225885211490095,121.0,272.0,0.03746556473829201,272.0,1.0,0.0,4.495867729187012,1.2205132246017456,4.495867729187012,1.2205132246017456,137.29542541503906,51.23541259765625
randomness_0.6617,0.6617,0.0176185850753694,121.0,273.0,0.03760330578512397,273.0,1.0,0.0,4.512396812438965,1.2734782695770264,4.512396812438965,1.2734782695770264,136.78341674804688,51.82912063598633
randomness_0.6627,0.6627,0.0213040806747505,121.0,275.0,0.03787878787878788,275.0,1.0,0.0,4.545454502105713,1.4545453786849976,4.545454502105713,1.4545453786849976,136.4263458251953,51.283721923828125
randomness_0.6637,0.6637,0.0184854025125323,121.0,266.0,0.03663911845730027,266.0,1.0,0.0,4.396694183349609,1.3204014301300049,4.396694183349609,1.3204014301300049,135.51553344726562,51.05929946899414
randomness_0.6647,0.6647,0.0170936509846606,121.0,267.0,0.03677685950413223,267.0,1.0,0.0,4.4132232666015625,1.3767216205596924,4.4132232666015625,1.3767216205596924,135.40333557128906,50.36383819580078
randomness_0.6657,0.6657,0.0228979492560029,121.0,272.0,0.03746556473829201,272.0,1.0,0.0,4.495867729187012,1.4207665920257568,4.495867729187012,1.4207665920257568,136.4451446533203,51.294864654541016
randomness_0.6667,0.6667,0.0281250758666979,121.0,281.0,0.03870523415977961,281.0,1.0,0.0,4.644628047943115,1.2521684169769287,4.644628047943115,1.2521684169769287,137.1907196044922,50.09624099731445
randomness_0.6677,0.6677,0.0182146009980607,120.0,271.0,0.03795518207282913,271.0,1.0,0.0,4.516666889190674,1.3164557218551636,4.516666889190674,1.3164557218551636,136.18161010742188,50.846248626708984
randomness_0.6687,0.6687,0.0166030365912391,121.0,275.0,0.03787878787878788,275.0,1.0,0.0,4.545454502105713,1.4200453758239746,4.545454502105713,1.4200453758239746,136.1197052001953,51.371334075927734
randomness_0.6697,0.6697,0.019393645498781,121.0,258.0,0.03553719008264463,258.0,1.0,0.0,4.264462947845459,1.530778408050537,4.264462947845459,1.530778408050537,136.61920166015625,50.90468978881836
randomness_0.6707,0.6707,0.0131401822902262,121.0,271.0,0.03732782369146005,271.0,1.0,0.0,4.479338645935059,1.3612048625946045,4.479338645935059,1.3612048625946045,137.34864807128906,49.20140838623047
randomness_0.6717,0.6717,0.0154839494731277,121.0,274.0,0.03774104683195592,274.0,1.0,0.0,4.52892541885376,1.4262844324111938,4.52892541885376,1.4262844324111938,136.13327026367188,50.628074645996094
randomness_0.6727,0.6727,0.0164278924151224,121.0,266.0,0.03663911845730027,266.0,1.0,0.0,4.396694183349609,1.4052988290786743,4.396694183349609,1.4052988290786743,136.16348266601562,51.0214729309082
randomness_0.6737,0.6737,0.0177186777614767,121.0,264.0,0.03636363636363636,264.0,1.0,0.0,4.363636493682861,1.3606027364730835,4.363636493682861,1.3606027364730835,136.49063110351562,51.69962692260742
randomness_0.6747,0.6747,0.0212431797757745,121.0,266.0,0.03663911845730027,266.0,1.0,0.0,4.396694183349609,1.2822972536087036,4.396694183349609,1.2822972536087036,136.41334533691406,50.62189865112305
randomness_0.6757,0.6757,0.0151985039934516,120.0,262.0,0.03669467787114846,262.0,1.0,0.0,4.366666793823242,1.3780018091201782,4.366666793823242,1.3780018091201782,136.2955322265625,50.864566802978516
randomness_0.6767,0.6767,0.0164846691674856,121.0,275.0,0.03787878787878788,275.0,1.0,0.0,4.545454502105713,1.499311089515686,4.545454502105713,1.499311089515686,135.9213409423828,49.847808837890625
randomness_0.6777,0.6777,0.0209407998254158,121.0,264.0,0.03636363636363636,264.0,1.0,0.0,4.363636493682861,1.2398346662521362,4.363636493682861,1.2398346662521362,136.21311950683594,51.39992904663086
randomness_0.6787,0.6787,0.0170872844174851,121.0,258.0,0.03553719008264463,258.0,1.0,0.0,4.264462947845459,1.3531023263931274,4.264462947845459,1.3531023263931274,135.93746948242188,51.20279312133789
randomness_0.6797,0.6797,0.0079544359731033,121.0,258.0,0.03553719008264463,258.0,1.0,0.0,4.264462947845459,1.3033243417739868,4.264462947845459,1.3033243417739868,136.23475646972656,50.65556716918945
randomness_0.6807,0.6807,0.0160924464135261,121.0,263.0,0.03622589531680441,263.0,1.0,0.0,4.347107410430908,1.5304659605026245,4.347107410430908,1.5304659605026245,137.29498291015625,50.37961196899414
randomness_0.6817,0.6817,0.0204833996549403,121.0,272.0,0.03746556473829201,272.0,1.0,0.0,4.495867729187012,1.1650841236114502,4.495867729187012,1.1650841236114502,135.94021606445312,51.10759735107422
randomness_0.6827,0.6827,0.0197919749462459,120.0,262.0,0.03669467787114846,262.0,1.0,0.0,4.366666793823242,1.2445436716079712,4.366666793823242,1.2445436716079712,135.23995971679688,50.20380783081055
randomness_0.6837,0.6837,0.0074113162234425,119.0,250.0,0.03560746332431278,250.0,1.0,0.0,4.201680660247803,1.3632625341415405,4.201680660247803,1.3632625341415405,135.04832458496094,50.76060104370117
randomness_0.6847,0.6847,0.0143350145005534,121.0,269.0,0.03705234159779614,269.0,1.0,0.0,4.4462809562683105,1.4197567701339722,4.4462809562683105,1.4197567701339722,136.3845977783203,51.426856994628906
randomness_0.6857,0.6857,0.0172383899451233,121.0,267.0,0.03677685950413223,267.0,1.0,0.0,4.4132232666015625,1.1899678707122803,4.4132232666015625,1.1899678707122803,135.60885620117188,50.878700256347656
randomness_0.6867,0.6867,0.0178935451259174,121.0,268.0,0.03691460055096419,268.0,1.0,0.0,4.429751873016357,1.3036911487579346,4.429751873016357,1.3036911487579346,136.0768280029297,50.73151397705078
randomness_0.6877,0.6877,0.0092831219156261,121.0,258.0,0.03553719008264463,258.0,1.0,0.0,4.264462947845459,1.4418113231658936,4.264462947845459,1.4418113231658936,136.62950134277344,50.39070129394531
randomness_0.6887,0.6887,0.0068107971712157,121.0,255.0,0.03512396694214876,255.0,1.0,0.0,4.214876174926758,1.2675648927688599,4.214876174926758,1.2675648927688599,136.23426818847656,50.580894470214844
randomness_0.6897,0.6897,0.0138392174849287,121.0,257.0,0.03539944903581267,257.0,1.0,0.0,4.247933864593506,1.4274810552597046,4.247933864593506,1.4274810552597046,136.3031005859375,51.595436096191406
randomness_0.6907,0.6907,0.0154089957475662,119.0,255.0,0.03631961259079903,255.0,1.0,0.0,4.285714149475098,1.4268897771835327,4.285714149475098,1.4268897771835327,134.291015625,51.007633209228516
randomness_0.6917,0.6917,0.015259851841256,121.0,272.0,0.03746556473829201,272.0,1.0,0.0,4.495867729187012,1.311890721321106,4.495867729187012,1.311890721321106,136.24154663085938,51.13156509399414
randomness_0.6927,0.6927,0.0215069719929179,121.0,270.0,0.0371900826446281,270.0,1.0,0.0,4.462810039520264,1.3908872604370117,4.462810039520264,1.3908872604370117,136.28839111328125,49.575111389160156
randomness_0.6937,0.6937,0.0149233474942775,121.0,267.0,0.03677685950413223,267.0,1.0,0.0,4.4132232666015625,1.45266592502594,4.4132232666015625,1.45266592502594,135.7346954345703,51.15776443481445
randomness_0.6947,0.6947,0.0204177989602158,121.0,271.0,0.03732782369146005,271.0,1.0,0.0,4.479338645935059,1.3490073680877686,4.479338645935059,1.3490073680877686,136.8313446044922,51.47979736328125
randomness_0.6957,0.6957,0.0243694720010866,121.0,277.0,0.03815426997245179,277.0,1.0,0.0,4.578512191772461,1.3772176504135132,4.578512191772461,1.3772176504135132,136.11167907714844,50.90022277832031
randomness_0.6967,0.6967,0.0180574006647595,121.0,263.0,0.03622589531680441,263.0,1.0,0.0,4.347107410430908,1.4414796829223633,4.347107410430908,1.4414796829223633,136.35804748535156,50.73487854003906
randomness_0.6977,0.6977,0.0221372571645018,121.0,265.0,0.03650137741046832,265.0,1.0,0.0,4.380165100097656,1.4785306453704834,4.380165100097656,1.4785306453704834,136.1837158203125,51.435874938964844
randomness_0.6987,0.6987,0.0152943094260991,120.0,256.0,0.035854341736694675,256.0,1.0,0.0,4.266666889190674,1.269733190536499,4.266666889190674,1.269733190536499,135.5586700439453,50.46467971801758
randomness_0.6997,0.6997,0.0164845310540446,121.0,262.0,0.03608815426997245,262.0,1.0,0.0,4.330578327178955,1.5555204153060913,4.330578327178955,1.5555204153060913,135.1823272705078,52.18565368652344
randomness_0.7007,0.7007,0.0174223064552859,120.0,256.0,0.035854341736694675,256.0,1.0,0.0,4.266666889190674,1.400793433189392,4.266666889190674,1.400793433189392,135.7541961669922,50.22926330566406
randomness_0.7017,0.7017,0.0180241085519647,121.0,271.0,0.03732782369146005,271.0,1.0,0.0,4.479338645935059,1.1141403913497925,4.479338645935059,1.1141403913497925,135.6425018310547,51.90134811401367
randomness_0.7027,0.7027,0.0193204186934249,120.0,270.0,0.037815126050420166,270.0,1.0,0.0,4.5,1.316561222076416,4.5,1.316561222076416,137.27037048339844,50.38977813720703
randomness_0.7037,0.7037,0.0205588819195658,121.0,267.0,0.03677685950413223,267.0,1.0,0.0,4.4132232666015625,1.4583439826965332,4.4132232666015625,1.4583439826965332,135.93194580078125,51.38529586791992
randomness_0.7047,0.7047,0.0111115192374428,119.0,257.0,0.03660447229739353,257.0,1.0,0.0,4.3193278312683105,1.4548256397247314,4.3193278312683105,1.4548256397247314,136.29293823242188,52.95263671875
randomness_0.7057,0.7057,0.016335011613255,120.0,264.0,0.03697478991596639,264.0,1.0,0.0,4.400000095367432,1.386842966079712,4.400000095367432,1.386842966079712,135.70767211914062,50.5840950012207
randomness_0.7067,0.7067,0.0168771055677796,121.0,264.0,0.03636363636363636,264.0,1.0,0.0,4.363636493682861,1.253095269203186,4.363636493682861,1.253095269203186,137.37693786621094,51.27463150024414
randomness_0.7077,0.7077,0.0159605205769277,121.0,264.0,0.03636363636363636,264.0,1.0,0.0,4.363636493682861,1.38468599319458,4.363636493682861,1.38468599319458,137.54461669921875,51.81951904296875
randomness_0.7087,0.7087,0.0093522950424812,121.0,257.0,0.03539944903581267,257.0,1.0,0.0,4.247933864593506,1.3128795623779297,4.247933864593506,1.3128795623779297,136.61587524414062,51.17234420776367
randomness_0.7097,0.7097,0.018646165337208,120.0,267.0,0.037394957983193276,267.0,1.0,0.0,4.449999809265137,1.346909999847412,4.449999809265137,1.346909999847412,135.60546875,50.37307357788086
randomness_0.7107,0.7107,0.0156582493648786,121.0,267.0,0.03677685950413223,267.0,1.0,0.0,4.4132232666015625,1.370705485343933,4.4132232666015625,1.370705485343933,136.1354522705078,51.34185791015625
randomness_0.7117,0.7117,0.0170441831585721,121.0,259.0,0.03567493112947658,259.0,1.0,0.0,4.280991554260254,1.4783458709716797,4.280991554260254,1.4783458709716797,136.453857421875,51.316078186035156
randomness_0.7127,0.7127,0.0167857047009338,121.0,275.0,0.03787878787878788,275.0,1.0,0.0,4.545454502105713,1.3545149564743042,4.545454502105713,1.3545149564743042,134.3776092529297,51.79045867919922
randomness_0.7137,0.7137,0.0145639242054396,120.0,261.0,0.0365546218487395,261.0,1.0,0.0,4.349999904632568,1.3456721305847168,4.349999904632568,1.3456721305847168,135.51292419433594,50.62693405151367
randomness_0.7147,0.7147,0.009255937837754,121.0,257.0,0.03539944903581267,257.0,1.0,0.0,4.247933864593506,1.3803880214691162,4.247933864593506,1.3803880214691162,136.10484313964844,50.29981231689453
randomness_0.7157,0.7157,0.0091112719081171,120.0,249.0,0.034873949579831934,249.0,1.0,0.0,4.150000095367432,1.4528707265853882,4.150000095367432,1.4528707265853882,135.7113037109375,51.25541305541992
randomness_0.7167,0.7167,0.0163872075267136,121.0,258.0,0.03553719008264463,258.0,1.0,0.0,4.264462947845459,1.2449474334716797,4.264462947845459,1.2449474334716797,137.37782287597656,50.87445831298828
randomness_0.7177,0.7177,0.016559172404968,121.0,268.0,0.03691460055096419,268.0,1.0,0.0,4.429751873016357,1.225260615348816,4.429751873016357,1.225260615348816,135.36227416992188,51.004371643066406
randomness_0.7187,0.7187,0.0158746777022041,121.0,262.0,0.03608815426997245,262.0,1.0,0.0,4.330578327178955,1.3322970867156982,4.330578327178955,1.3322970867156982,135.43716430664062,50.44974899291992
randomness_0.7197,0.7197,0.01367032554111,121.0,248.0,0.03415977961432507,248.0,1.0,0.0,4.099173545837402,1.3136597871780396,4.099173545837402,1.3136597871780396,137.7011260986328,49.946102142333984
randomness_0.7207,0.7207,0.018042968437205,121.0,268.0,0.03691460055096419,268.0,1.0,0.0,4.429751873016357,1.3955445289611816,4.429751873016357,1.3955445289611816,136.85398864746094,51.27510070800781
randomness_0.7217,0.7217,0.0205956801188526,121.0,265.0,0.03650137741046832,265.0,1.0,0.0,4.380165100097656,1.4388712644577026,4.380165100097656,1.4388712644577026,136.62994384765625,51.52909469604492
randomness_0.7227,0.7227,0.0115397850760946,120.0,261.0,0.0365546218487395,261.0,1.0,0.0,4.349999904632568,1.3394650220870972,4.349999904632568,1.3394650220870972,136.0575714111328,50.030643463134766
randomness_0.7237,0.7237,0.0093111143515513,121.0,255.0,0.03512396694214876,255.0,1.0,0.0,4.214876174926758,1.5277413129806519,4.214876174926758,1.5277413129806519,137.65196228027344,51.158504486083984
randomness_0.7247,0.7247,0.0106350573065356,121.0,257.0,0.03539944903581267,257.0,1.0,0.0,4.247933864593506,1.4041320085525513,4.247933864593506,1.4041320085525513,135.94216918945312,51.45838165283203
randomness_0.7257,0.7257,0.0119851381550689,121.0,263.0,0.03622589531680441,263.0,1.0,0.0,4.347107410430908,1.302957534790039,4.347107410430908,1.302957534790039,136.204833984375,50.95795440673828
randomness_0.7267,0.7267,0.0091554795910583,120.0,253.0,0.035434173669467786,253.0,1.0,0.0,4.2166666984558105,1.3427790403366089,4.2166666984558105,1.3427790403366089,135.42697143554688,51.2955436706543
randomness_0.7277,0.7277,0.0094062973049858,121.0,254.0,0.0349862258953168,254.0,1.0,0.0,4.198347091674805,1.4637200832366943,4.198347091674805,1.4637200832366943,136.50881958007812,50.94213104248047
randomness_0.7287,0.7287,0.0120289595331997,121.0,259.0,0.03567493112947658,259.0,1.0,0.0,4.280991554260254,1.3919671773910522,4.280991554260254,1.3919671773910522,136.7342987060547,50.69993591308594
randomness_0.7297,0.7297,0.0100332590975953,120.0,250.0,0.0350140056022409,250.0,1.0,0.0,4.166666507720947,1.4794894456863403,4.166666507720947,1.4794894456863403,136.2440948486328,50.5868034362793
randomness_0.7307,0.7307,0.0153759528369733,120.0,255.0,0.03571428571428571,255.0,1.0,0.0,4.25,1.3555442094802856,4.25,1.3555442094802856,136.02857971191406,49.11738204956055
randomness_0.7317,0.7317,0.0129161671543746,120.0,259.0,0.03627450980392157,259.0,1.0,0.0,4.316666603088379,1.378304123878479,4.316666603088379,1.378304123878479,136.58395385742188,49.90168380737305
randomness_0.7327,0.7327,0.0098584273655433,121.0,267.0,0.03677685950413223,267.0,1.0,0.0,4.4132232666015625,1.3090240955352783,4.4132232666015625,1.3090240955352783,136.4544677734375,50.44902801513672
randomness_0.7337,0.7337,0.009780188960797,121.0,261.0,0.03595041322314049,261.0,1.0,0.0,4.31404972076416,1.2729419469833374,4.31404972076416,1.2729419469833374,137.67367553710938,49.84182357788086
randomness_0.7347,0.7347,0.0146964851454064,121.0,262.0,0.03608815426997245,262.0,1.0,0.0,4.330578327178955,1.428102970123291,4.330578327178955,1.428102970123291,135.76504516601562,51.736480712890625
randomness_0.7357,0.7357,0.0188131314997089,121.0,277.0,0.03815426997245179,277.0,1.0,0.0,4.578512191772461,1.2247589826583862,4.578512191772461,1.2247589826583862,136.55380249023438,51.041263580322266
randomness_0.7367,0.7367,0.0123873362924996,121.0,257.0,0.03539944903581267,257.0,1.0,0.0,4.247933864593506,1.392310619354248,4.247933864593506,1.392310619354248,137.06491088867188,50.22718811035156
randomness_0.7377,0.7377,0.008612157513343,121.0,250.0,0.03443526170798898,250.0,1.0,0.0,4.13223123550415,1.39622962474823,4.13223123550415,1.39622962474823,135.32716369628906,51.421573638916016
randomness_0.7387,0.7387,0.0096051050632909,120.0,251.0,0.03515406162464986,251.0,1.0,0.0,4.183333396911621,1.147339940071106,4.183333396911621,1.147339940071106,137.0920867919922,51.38141632080078
randomness_0.7397,0.7397,0.0094119420299696,120.0,259.0,0.03627450980392157,259.0,1.0,0.0,4.316666603088379,1.224631428718567,4.316666603088379,1.224631428718567,137.14830017089844,51.60493850708008
randomness_0.7407,0.7407,0.0189544015248134,121.0,261.0,0.03595041322314049,261.0,1.0,0.0,4.31404972076416,1.3908381462097168,4.31404972076416,1.3908381462097168,135.7601318359375,51.23321533203125
randomness_0.7417,0.7417,0.0086889560800045,121.0,253.0,0.03484848484848485,253.0,1.0,0.0,4.181818008422852,1.3360854387283325,4.181818008422852,1.3360854387283325,136.61160278320312,50.71833419799805
randomness_0.7427,0.7427,0.0164032592077556,121.0,264.0,0.03636363636363636,264.0,1.0,0.0,4.363636493682861,1.2662172317504883,4.363636493682861,1.2662172317504883,137.27005004882812,51.168697357177734
randomness_0.7437,0.7437,0.018680246843173,121.0,269.0,0.03705234159779614,269.0,1.0,0.0,4.4462809562683105,1.3542124032974243,4.4462809562683105,1.3542124032974243,137.36996459960938,50.969058990478516
randomness_0.7447,0.7447,0.0130131423618877,121.0,256.0,0.03526170798898071,256.0,1.0,0.0,4.231404781341553,1.389216661453247,4.231404781341553,1.389216661453247,136.19757080078125,50.744991302490234
randomness_0.7457,0.7457,0.0127082773925969,121.0,266.0,0.03663911845730027,266.0,1.0,0.0,4.396694183349609,1.4344021081924438,4.396694183349609,1.4344021081924438,135.88233947753906,50.88672637939453
randomness_0.7467,0.7467,0.0085844563543957,121.0,256.0,0.03526170798898071,256.0,1.0,0.0,4.231404781341553,1.258099913597107,4.231404781341553,1.258099913597107,136.95794677734375,51.26323318481445
randomness_0.7477,0.7477,0.0174691009784143,121.0,265.0,0.03650137741046832,265.0,1.0,0.0,4.380165100097656,1.3980872631072998,4.380165100097656,1.3980872631072998,136.29371643066406,51.8604736328125
randomness_0.7487,0.7487,0.0155320926989885,121.0,257.0,0.03539944903581267,257.0,1.0,0.0,4.247933864593506,1.5389219522476196,4.247933864593506,1.5389219522476196,136.46319580078125,51.03871536254883
randomness_0.7497,0.7497,0.0075474179445342,120.0,255.0,0.03571428571428571,255.0,1.0,0.0,4.25,1.379915475845337,4.25,1.379915475845337,135.50465393066406,50.67559814453125
randomness_0.7508,0.7508,0.0182877535931766,121.0,263.0,0.03622589531680441,263.0,1.0,0.0,4.347107410430908,1.2837878465652466,4.347107410430908,1.2837878465652466,137.17208862304688,51.4503059387207
randomness_0.7518,0.7518,0.0172969672918839,120.0,251.0,0.03515406162464986,251.0,1.0,0.0,4.183333396911621,1.4022799730300903,4.183333396911621,1.4022799730300903,136.326416015625,50.929046630859375
randomness_0.7528,0.7528,0.0132472354949303,121.0,263.0,0.03622589531680441,263.0,1.0,0.0,4.347107410430908,1.352748990058899,4.347107410430908,1.352748990058899,136.30088806152344,51.08711242675781
randomness_0.7538,0.7538,0.0187188943619788,121.0,275.0,0.03787878787878788,275.0,1.0,0.0,4.545454502105713,1.336085319519043,4.545454502105713,1.336085319519043,135.76724243164062,51.15346145629883
randomness_0.7548,0.7548,0.0075317050921793,121.0,260.0,0.03581267217630854,260.0,1.0,0.0,4.297520637512207,1.3584423065185547,4.297520637512207,1.3584423065185547,136.19960021972656,50.93349838256836
randomness_0.7558,0.7558,0.0183753594104885,121.0,260.0,0.03581267217630854,260.0,1.0,0.0,4.297520637512207,1.36451256275177,4.297520637512207,1.36451256275177,136.65365600585938,49.522300720214844
randomness_0.7568,0.7568,0.0112871058857946,121.0,267.0,0.03677685950413223,267.0,1.0,0.0,4.4132232666015625,1.370705485343933,4.4132232666015625,1.370705485343933,136.0463409423828,50.84712600708008
randomness_0.7578,0.7578,0.0114286970347166,121.0,270.0,0.0371900826446281,270.0,1.0,0.0,4.462810039520264,1.408600091934204,4.462810039520264,1.408600091934204,137.09747314453125,51.22353744506836
randomness_0.7588,0.7588,0.0169777773195477,121.0,266.0,0.03663911845730027,266.0,1.0,0.0,4.396694183349609,1.4741817712783813,4.396694183349609,1.4741817712783813,135.85997009277344,51.33998107910156
randomness_0.7598,0.7598,0.0118984384239709,120.0,255.0,0.03571428571428571,255.0,1.0,0.0,4.25,1.4274102449417114,4.25,1.4274102449417114,136.13381958007812,51.53730773925781
randomness_0.7608,0.7608,0.0111830996800096,121.0,252.0,0.03471074380165289,252.0,1.0,0.0,4.165289402008057,1.386756181716919,4.165289402008057,1.386756181716919,136.56166076660156,49.73390197753906
randomness_0.7618,0.7618,0.0167240225250678,120.0,260.0,0.036414565826330535,260.0,1.0,0.0,4.333333492279053,1.416176438331604,4.333333492279053,1.416176438331604,135.75303649902344,51.15834426879883
randomness_0.7628,0.7628,0.0022252250055316,119.0,244.0,0.034752884204529266,244.0,1.0,0.0,4.1008405685424805,1.4224783182144165,4.1008405685424805,1.4224783182144165,135.93711853027344,50.05459976196289
randomness_0.7638,0.7638,0.0167481421958655,121.0,268.0,0.03691460055096419,268.0,1.0,0.0,4.429751873016357,1.5841490030288696,4.429751873016357,1.5841490030288696,136.18458557128906,49.612186431884766
randomness_0.7648,0.7648,0.0147253739061309,120.0,263.0,0.036834733893557424,263.0,1.0,0.0,4.383333206176758,1.3177210092544556,4.383333206176758,1.3177210092544556,135.96324157714844,50.78242492675781
randomness_0.7658,0.7658,0.0143822776376813,120.0,264.0,0.03697478991596639,264.0,1.0,0.0,4.400000095367432,1.362595558166504,4.400000095367432,1.362595558166504,135.65695190429688,50.6011848449707
randomness_0.7668,0.7668,0.0150315293160528,121.0,262.0,0.03608815426997245,262.0,1.0,0.0,4.330578327178955,1.3988686800003052,4.330578327178955,1.3988686800003052,135.45140075683594,50.48653793334961
randomness_0.7678,0.7678,0.012096458254382,121.0,263.0,0.03622589531680441,263.0,1.0,0.0,4.347107410430908,1.1971781253814697,4.347107410430908,1.1971781253814697,135.9622802734375,52.24256896972656
randomness_0.7688,0.7688,0.0125597300939262,121.0,261.0,0.03595041322314049,261.0,1.0,0.0,4.31404972076416,1.3362897634506226,4.31404972076416,1.3362897634506226,137.1444549560547,51.10456085205078
randomness_0.7698,0.7698,0.0160620325012133,121.0,261.0,0.03595041322314049,261.0,1.0,0.0,4.31404972076416,1.2858611345291138,4.31404972076416,1.2858611345291138,137.22897338867188,51.0799446105957
randomness_0.7708,0.7708,0.0143036661998082,121.0,266.0,0.03663911845730027,266.0,1.0,0.0,4.396694183349609,1.3266457319259644,4.396694183349609,1.3266457319259644,137.0513916015625,50.34023666381836
randomness_0.7718,0.7718,0.0077349310740828,120.0,253.0,0.035434173669467786,253.0,1.0,0.0,4.2166666984558105,1.3855403661727905,4.2166666984558105,1.3855403661727905,135.4348907470703,51.20886993408203
randomness_0.7728,0.7728,0.0121299965335103,120.0,253.0,0.035434173669467786,253.0,1.0,0.0,4.2166666984558105,1.239511489868164,4.2166666984558105,1.239511489868164,135.4709930419922,50.77732849121094
randomness_0.7738,0.7738,0.0231365946400238,121.0,267.0,0.03677685950413223,267.0,1.0,0.0,4.4132232666015625,1.3886756896972656,4.4132232666015625,1.3886756896972656,135.36097717285156,51.37855529785156
randomness_0.7748,0.7748,0.0139587565686838,120.0,252.0,0.03529411764705882,252.0,1.0,0.0,4.199999809265137,1.563116431236267,4.199999809265137,1.563116431236267,137.00830078125,50.57386016845703
randomness_0.7758,0.7758,0.0124154595845504,121.0,262.0,0.03608815426997245,262.0,1.0,0.0,4.330578327178955,1.3009114265441895,4.330578327178955,1.3009114265441895,135.776611328125,50.11971664428711
randomness_0.7768,0.7768,0.0113415457614737,121.0,257.0,0.03539944903581267,257.0,1.0,0.0,4.247933864593506,1.362308382987976,4.247933864593506,1.362308382987976,136.88873291015625,50.75623321533203
randomness_0.7778,0.7778,0.0093412590081472,121.0,257.0,0.03539944903581267,257.0,1.0,0.0,4.247933864593506,1.3501207828521729,4.247933864593506,1.3501207828521729,135.901611328125,51.23691177368164
randomness_0.7788,0.7788,0.0109329976306981,121.0,249.0,0.03429752066115702,249.0,1.0,0.0,4.1157026290893555,1.3310661315917969,4.1157026290893555,1.3310661315917969,136.56201171875,50.4703254699707
randomness_0.7798,0.7798,0.0245540937408805,121.0,266.0,0.03663911845730027,266.0,1.0,0.0,4.396694183349609,1.6235830783843994,4.396694183349609,1.6235830783843994,136.4870147705078,49.868263244628906
randomness_0.7808,0.7808,0.0102852546324065,121.0,255.0,0.03512396694214876,255.0,1.0,0.0,4.214876174926758,1.3496654033660889,4.214876174926758,1.3496654033660889,136.8289031982422,51.165287017822266
randomness_0.7818,0.7818,0.0156275297076693,121.0,260.0,0.03581267217630854,260.0,1.0,0.0,4.297520637512207,1.4468239545822144,4.297520637512207,1.4468239545822144,136.0936737060547,51.66161346435547
randomness_0.7828,0.7828,0.0124349248807834,121.0,257.0,0.03539944903581267,257.0,1.0,0.0,4.247933864593506,1.3065694570541382,4.247933864593506,1.3065694570541382,136.46217346191406,49.99574279785156
randomness_0.7838,0.7838,0.0149285073979399,121.0,262.0,0.03608815426997245,262.0,1.0,0.0,4.330578327178955,1.4904015064239502,4.330578327178955,1.4904015064239502,136.20423889160156,51.811195373535156
randomness_0.7848,0.7848,0.0107857808925315,121.0,255.0,0.03512396694214876,255.0,1.0,0.0,4.214876174926758,1.4557188749313354,4.214876174926758,1.4557188749313354,137.24293518066406,51.26940155029297
randomness_0.7858,0.7858,0.009798573197064,121.0,253.0,0.03484848484848485,253.0,1.0,0.0,4.181818008422852,1.532027244567871,4.181818008422852,1.532027244567871,137.89715576171875,50.989566802978516
randomness_0.7868,0.7868,0.0154214530349511,121.0,262.0,0.03608815426997245,262.0,1.0,0.0,4.330578327178955,1.3810310363769531,4.330578327178955,1.3810310363769531,135.8039093017578,51.76641082763672
randomness_0.7878,0.7878,0.0018202815381762,121.0,247.0,0.03402203856749311,247.0,1.0,0.0,4.082644462585449,1.2437398433685303,4.082644462585449,1.2437398433685303,137.16311645507812,50.19939422607422
randomness_0.7888,0.7888,0.0087842606146591,120.0,254.0,0.03557422969187675,254.0,1.0,0.0,4.233333110809326,1.4360440969467163,4.233333110809326,1.4360440969467163,135.13800048828125,49.78969192504883
randomness_0.7898,0.7898,0.014045875156811,120.0,256.0,0.035854341736694675,256.0,1.0,0.0,4.266666889190674,1.3211947679519653,4.266666889190674,1.3211947679519653,136.056396484375,49.260093688964844
randomness_0.7908,0.7908,0.0134968698156525,120.0,256.0,0.035854341736694675,256.0,1.0,0.0,4.266666889190674,1.4533486366271973,4.266666889190674,1.4533486366271973,135.79660034179688,51.3031005859375
randomness_0.7918,0.7918,0.0139343478444436,119.0,253.0,0.03603475288420453,253.0,1.0,0.0,4.252100944519043,1.4564749002456665,4.252100944519043,1.4564749002456665,136.64822387695312,51.44448471069336
randomness_0.7928,0.7928,0.0192445195904762,121.0,263.0,0.03622589531680441,263.0,1.0,0.0,4.347107410430908,1.3948591947555542,4.347107410430908,1.3948591947555542,135.45770263671875,51.03202438354492
randomness_0.7938,0.7938,0.0194619941266474,120.0,256.0,0.035854341736694675,256.0,1.0,0.0,4.266666889190674,1.3337498903274536,4.266666889190674,1.3337498903274536,137.07449340820312,50.40814971923828
randomness_0.7948,0.7948,0.0183105868272833,121.0,262.0,0.03608815426997245,262.0,1.0,0.0,4.330578327178955,1.506945013999939,4.330578327178955,1.506945013999939,136.75637817382812,49.71890640258789
randomness_0.7958,0.7958,0.0213280627010683,121.0,262.0,0.03608815426997245,262.0,1.0,0.0,4.330578327178955,1.46241295337677,4.330578327178955,1.46241295337677,135.40869140625,51.664127349853516
randomness_0.7968,0.7968,0.0135100982759029,121.0,248.0,0.03415977961432507,248.0,1.0,0.0,4.099173545837402,1.4793620109558105,4.099173545837402,1.4793620109558105,136.57557678222656,51.34269332885742
randomness_0.7978,0.7978,0.0157167175675895,119.0,258.0,0.036746902150690784,258.0,1.0,0.0,4.336134433746338,1.3919172286987305,4.336134433746338,1.3919172286987305,133.8501739501953,51.039554595947266
randomness_0.7988,0.7988,0.0112798031020463,120.0,259.0,0.03627450980392157,259.0,1.0,0.0,4.316666603088379,1.3722445964813232,4.316666603088379,1.3722445964813232,136.69845581054688,49.374813079833984
randomness_0.7998,0.7998,0.0119275432911113,121.0,246.0,0.033884297520661154,246.0,1.0,0.0,4.066115856170654,1.400917887687683,4.066115856170654,1.400917887687683,136.12298583984375,51.980812072753906
randomness_0.8008,0.8008,0.0076947686958493,121.0,247.0,0.03402203856749311,247.0,1.0,0.0,4.082644462585449,1.4635334014892578,4.082644462585449,1.4635334014892578,135.53744506835938,51.34438705444336
randomness_0.8018,0.8018,0.0118892709432773,121.0,258.0,0.03553719008264463,258.0,1.0,0.0,4.264462947845459,1.4475319385528564,4.264462947845459,1.4475319385528564,136.43617248535156,51.556217193603516
randomness_0.8028,0.8028,0.0115499571853434,120.0,256.0,0.035854341736694675,256.0,1.0,0.0,4.266666889190674,1.2957193851470947,4.266666889190674,1.2957193851470947,136.3059844970703,50.68065643310547
randomness_0.8038,0.8038,0.0155941737748814,121.0,268.0,0.03691460055096419,268.0,1.0,0.0,4.429751873016357,1.3595480918884277,4.429751873016357,1.3595480918884277,134.96258544921875,52.087745666503906
randomness_0.8048,0.8048,0.0120560641963956,121.0,265.0,0.03650137741046832,265.0,1.0,0.0,4.380165100097656,1.3621580600738525,4.380165100097656,1.3621580600738525,138.39572143554688,49.523712158203125
randomness_0.8058,0.8058,0.0156951598141177,121.0,260.0,0.03581267217630854,260.0,1.0,0.0,4.297520637512207,1.4062705039978027,4.297520637512207,1.4062705039978027,135.8665313720703,50.77198791503906
randomness_0.8068,0.8068,0.0138949680255442,120.0,257.0,0.03599439775910364,257.0,1.0,0.0,4.2833333015441895,1.4034680128097534,4.2833333015441895,1.4034680128097534,136.00135803222656,50.27533721923828
randomness_0.8078,0.8078,0.0080683214739374,121.0,249.0,0.03429752066115702,249.0,1.0,0.0,4.1157026290893555,1.4384914636611938,4.1157026290893555,1.4384914636611938,135.44247436523438,52.7691650390625
randomness_0.8088,0.8088,0.0065209423156829,121.0,252.0,0.03471074380165289,252.0,1.0,0.0,4.165289402008057,1.3505254983901978,4.165289402008057,1.3505254983901978,137.4199981689453,50.32114791870117
randomness_0.8098,0.8098,0.013010041902885,121.0,261.0,0.03595041322314049,261.0,1.0,0.0,4.31404972076416,1.2598901987075806,4.31404972076416,1.2598901987075806,136.57498168945312,52.07710647583008
randomness_0.8108,0.8108,0.0093205503379145,120.0,248.0,0.03473389355742297,248.0,1.0,0.0,4.133333206176758,1.2840907573699951,4.133333206176758,1.2840907573699951,136.98130798339844,50.777339935302734
randomness_0.8118,0.8118,0.0095633455866368,121.0,259.0,0.03567493112947658,259.0,1.0,0.0,4.280991554260254,1.4155170917510986,4.280991554260254,1.4155170917510986,137.0385284423828,50.782466888427734
randomness_0.8128,0.8128,0.0099105790566076,121.0,260.0,0.03581267217630854,260.0,1.0,0.0,4.297520637512207,1.3944672346115112,4.297520637512207,1.3944672346115112,135.239013671875,50.55571365356445
randomness_0.8138,0.8138,0.0109931425696658,121.0,251.0,0.03457300275482093,251.0,1.0,0.0,4.1487603187561035,1.4063677787780762,4.1487603187561035,1.4063677787780762,136.95033264160156,50.87633514404297
randomness_0.8148,0.8148,0.0147250680248982,120.0,254.0,0.03557422969187675,254.0,1.0,0.0,4.233333110809326,1.4302291870117188,4.233333110809326,1.4302291870117188,134.91587829589844,51.298828125
randomness_0.8158,0.8158,0.0094709478412488,121.0,253.0,0.03484848484848485,253.0,1.0,0.0,4.181818008422852,1.30479097366333,4.181818008422852,1.30479097366333,136.4984130859375,51.37848663330078
randomness_0.8168,0.8168,0.0062795413831947,120.0,253.0,0.035434173669467786,253.0,1.0,0.0,4.2166666984558105,1.3975176811218262,4.2166666984558105,1.3975176811218262,136.9275665283203,50.829769134521484
randomness_0.8178,0.8178,0.0084408929868497,119.0,245.0,0.03489531405782652,245.0,1.0,0.0,4.117647171020508,1.3168364763259888,4.117647171020508,1.3168364763259888,135.26492309570312,50.54134750366211
randomness_0.8188,0.8188,0.0071283045400825,120.0,236.0,0.03305322128851541,236.0,1.0,0.0,3.933333396911621,1.4647713899612427,3.933333396911621,1.4647713899612427,136.81919860839844,52.25692367553711
randomness_0.8198,0.8198,0.0088689627878828,121.0,253.0,0.03484848484848485,253.0,1.0,0.0,4.181818008422852,1.4083576202392578,4.181818008422852,1.4083576202392578,134.7509307861328,50.553287506103516
randomness_0.8208,0.8208,0.0009501061939629,120.0,250.0,0.0350140056022409,250.0,1.0,0.0,4.166666507720947,1.3864423036575317,4.166666507720947,1.3864423036575317,136.17831420898438,50.805908203125
randomness_0.8218,0.8218,0.0084825431982076,121.0,254.0,0.0349862258953168,254.0,1.0,0.0,4.198347091674805,1.3764238357543945,4.198347091674805,1.3764238357543945,135.92599487304688,50.76984786987305
randomness_0.8228,0.8228,0.0019656309807743,120.0,246.0,0.034453781512605045,246.0,1.0,0.0,4.099999904632568,1.3379088640213013,4.099999904632568,1.3379088640213013,135.19300842285156,51.460533142089844
randomness_0.8238,0.8238,0.0131171527427796,120.0,258.0,0.03613445378151261,258.0,1.0,0.0,4.300000190734863,1.2622731924057007,4.300000190734863,1.2622731924057007,135.87799072265625,49.776611328125
randomness_0.8248,0.8248,0.0111580484998903,119.0,251.0,0.03574989317761003,251.0,1.0,0.0,4.21848726272583,1.4032355546951294,4.21848726272583,1.4032355546951294,135.27365112304688,51.526546478271484
randomness_0.8258,0.8258,0.0064586361448314,121.0,235.0,0.03236914600550964,235.0,1.0,0.0,3.8842976093292236,1.432734727859497,3.8842976093292236,1.432734727859497,136.61074829101562,50.579280853271484
randomness_0.8268,0.8268,0.0017843965977524,119.0,236.0,0.03361344537815126,236.0,1.0,0.0,3.966386556625366,1.3216538429260254,3.966386556625366,1.3216538429260254,135.5314178466797,51.130470275878906
randomness_0.8278,0.8278,0.0163090949831408,121.0,264.0,0.03636363636363636,264.0,1.0,0.0,4.363636493682861,1.360602617263794,4.363636493682861,1.360602617263794,136.44842529296875,52.314205169677734
randomness_0.8288,0.8288,0.0182311497700486,121.0,262.0,0.03608815426997245,262.0,1.0,0.0,4.330578327178955,1.5287245512008667,4.330578327178955,1.5287245512008667,136.2380828857422,51.520179748535156
randomness_0.8298,0.8298,0.0101218728867958,121.0,256.0,0.03526170798898071,256.0,1.0,0.0,4.231404781341553,1.4701454639434814,4.231404781341553,1.4701454639434814,136.01754760742188,51.73469924926758
randomness_0.8308,0.8308,0.0167637286147113,121.0,261.0,0.03595041322314049,261.0,1.0,0.0,4.31404972076416,1.4026719331741333,4.31404972076416,1.4026719331741333,135.99349975585938,51.198787689208984
randomness_0.8318,0.8318,0.0028854239407098,121.0,246.0,0.033884297520661154,246.0,1.0,0.0,4.066115856170654,1.2774946689605713,4.066115856170654,1.2774946689605713,136.6594696044922,50.76890563964844
randomness_0.8328,0.8328,0.0027842619112482,121.0,248.0,0.03415977961432507,248.0,1.0,0.0,4.099173545837402,1.4107319116592407,4.099173545837402,1.4107319116592407,136.7429962158203,52.12446212768555
randomness_0.8338,0.8338,0.0060721759218722,121.0,245.0,0.0337465564738292,245.0,1.0,0.0,4.049586772918701,1.3778126239776611,4.049586772918701,1.3778126239776611,136.05686950683594,51.89481735229492
randomness_0.8348,0.8348,0.0120157589858273,120.0,258.0,0.03613445378151261,258.0,1.0,0.0,4.300000190734863,1.307669758796692,4.300000190734863,1.307669758796692,135.7158966064453,50.79896545410156
randomness_0.8358,0.8358,0.0042618244333605,120.0,232.0,0.032492997198879554,232.0,1.0,0.0,3.866666555404663,1.2445436716079712,3.866666555404663,1.2445436716079712,135.4574432373047,51.45518112182617
randomness_0.8368,0.8368,0.0123065065939448,121.0,252.0,0.03471074380165289,252.0,1.0,0.0,4.165289402008057,1.490172266960144,4.165289402008057,1.490172266960144,137.30433654785156,50.46382522583008
randomness_0.8378,0.8378,0.0065152769908309,121.0,256.0,0.03526170798898071,256.0,1.0,0.0,4.231404781341553,1.4417638778686523,4.231404781341553,1.4417638778686523,135.8839874267578,51.85884475708008
randomness_0.8388,0.8388,0.005811356124633,120.0,248.0,0.03473389355742297,248.0,1.0,0.0,4.133333206176758,1.3349989652633667,4.133333206176758,1.3349989652633667,137.723388671875,52.03738021850586
randomness_0.8398,0.8398,0.0133343121466233,121.0,257.0,0.03539944903581267,257.0,1.0,0.0,4.247933864593506,1.4842476844787598,4.247933864593506,1.4842476844787598,137.13717651367188,50.70922088623047
randomness_0.8408,0.8408,0.0042033819584221,120.0,250.0,0.0350140056022409,250.0,1.0,0.0,4.166666507720947,1.3864423036575317,4.166666507720947,1.3864423036575317,137.25741577148438,50.52988052368164
randomness_0.8418,0.8418,0.005706658265884,121.0,242.0,0.03333333333333333,242.0,1.0,0.0,4.0,1.3965719938278198,4.0,1.3965719938278198,135.8094940185547,52.24017333984375
randomness_0.8428,0.8428,0.007404959934063,120.0,255.0,0.03571428571428571,255.0,1.0,0.0,4.25,1.2731194496154785,4.25,1.2731194496154785,135.2096710205078,50.286048889160156
randomness_0.8438,0.8438,0.0117630645066766,120.0,250.0,0.0350140056022409,250.0,1.0,0.0,4.166666507720947,1.3804185390472412,4.166666507720947,1.3804185390472412,136.7197265625,50.45273971557617
randomness_0.8448,0.8448,0.0176044281757145,121.0,259.0,0.03567493112947658,259.0,1.0,0.0,4.280991554260254,1.318796992301941,4.280991554260254,1.318796992301941,136.83404541015625,50.52377700805664
randomness_0.8458,0.8458,0.0145097972749186,121.0,256.0,0.03526170798898071,256.0,1.0,0.0,4.231404781341553,1.5785772800445557,4.231404781341553,1.5785772800445557,136.39581298828125,51.44841384887695
randomness_0.8468,0.8468,0.0129405901182504,121.0,258.0,0.03553719008264463,258.0,1.0,0.0,4.264462947845459,1.406999111175537,4.264462947845459,1.406999111175537,136.4388427734375,52.434085845947266
randomness_0.8478,0.8478,0.0021939983126512,120.0,239.0,0.033473389355742296,239.0,1.0,0.0,3.9833333492279053,1.408210039138794,3.9833333492279053,1.408210039138794,136.75570678710938,50.59196853637695
randomness_0.8488,0.8488,0.0078111752402037,120.0,247.0,0.03459383753501401,247.0,1.0,0.0,4.116666793823242,1.4898731708526611,4.116666793823242,1.4898731708526611,136.2458038330078,51.79391098022461
randomness_0.8498,0.8498,0.0164026277243668,121.0,267.0,0.03677685950413223,267.0,1.0,0.0,4.4132232666015625,1.3886756896972656,4.4132232666015625,1.3886756896972656,136.16111755371094,51.11929702758789
randomness_0.8509,0.8509,0.0212102336036777,120.0,260.0,0.036414565826330535,260.0,1.0,0.0,4.333333492279053,1.5073891878128052,4.333333492279053,1.5073891878128052,136.92808532714844,50.21092224121094
randomness_0.8519,0.8519,0.012309363629703,119.0,256.0,0.03646204244409628,256.0,1.0,0.0,4.302521228790283,1.4982041120529175,4.302521228790283,1.4982041120529175,134.78204345703125,48.783287048339844
randomness_0.8529,0.8529,0.0087609699233098,121.0,259.0,0.03567493112947658,259.0,1.0,0.0,4.280991554260254,1.3619574308395386,4.280991554260254,1.3619574308395386,137.72055053710938,50.49103546142578
randomness_0.8539,0.8539,0.0092847409803653,119.0,249.0,0.035465033471015525,249.0,1.0,0.0,4.184874057769775,1.4607837200164795,4.184874057769775,1.4607837200164795,135.4342803955078,50.722412109375
randomness_0.8549,0.8549,0.0075605530086969,120.0,250.0,0.0350140056022409,250.0,1.0,0.0,4.166666507720947,1.33124840259552,4.166666507720947,1.33124840259552,134.03616333007812,50.093894958496094
randomness_0.8559,0.8559,0.007648084300981,121.0,248.0,0.03415977961432507,248.0,1.0,0.0,4.099173545837402,1.3569835424423218,4.099173545837402,1.3569835424423218,135.55267333984375,51.66773223876953
randomness_0.8569,0.8569,0.0140470052359457,119.0,243.0,0.03461045435123202,243.0,1.0,0.0,4.084033489227295,1.4757413864135742,4.084033489227295,1.4757413864135742,135.86907958984375,50.755123138427734
randomness_0.8579,0.8579,0.0085126067583631,121.0,258.0,0.03553719008264463,258.0,1.0,0.0,4.264462947845459,1.2841602563858032,4.264462947845459,1.2841602563858032,137.4126739501953,50.8678092956543
randomness_0.8589,0.8589,0.0164395064484211,120.0,250.0,0.0350140056022409,250.0,1.0,0.0,4.166666507720947,1.4278966188430786,4.166666507720947,1.4278966188430786,134.66017150878906,51.28517532348633
randomness_0.8599,0.8599,0.003044637531427,120.0,240.0,0.03361344537815126,240.0,1.0,0.0,4.0,1.3478378057479858,4.0,1.3478378057479858,136.74253845214844,51.54633331298828
randomness_0.8609,0.8609,0.0099535859183903,120.0,246.0,0.034453781512605045,246.0,1.0,0.0,4.099999904632568,1.5567058324813843,4.099999904632568,1.5567058324813843,136.4058074951172,50.1429443359375
randomness_0.8619,0.8619,0.0077961791929917,121.0,252.0,0.03471074380165289,252.0,1.0,0.0,4.165289402008057,1.3258217573165894,4.165289402008057,1.3258217573165894,137.69630432128906,50.139930725097656
randomness_0.8629,0.8629,0.0115237180883741,120.0,245.0,0.03431372549019608,245.0,1.0,0.0,4.083333492279053,1.3575918674468994,4.083333492279053,1.3575918674468994,135.44065856933594,51.449703216552734
randomness_0.8639,0.8639,0.013099047750546,118.0,247.0,0.035781544256120526,247.0,1.0,0.0,4.186440467834473,1.2139663696289062,4.186440467834473,1.2139663696289062,136.974365234375,50.669334411621094
randomness_0.8649,0.8649,0.0003024366990654,121.0,247.0,0.03402203856749311,247.0,1.0,0.0,4.082644462585449,1.263517141342163,4.082644462585449,1.263517141342163,136.79197692871094,51.338069915771484
randomness_0.8659,0.8659,0.0094126577125885,119.0,252.0,0.03589232303090728,252.0,1.0,0.0,4.235294342041016,1.424314022064209,4.235294342041016,1.424314022064209,134.23974609375,51.20292282104492
randomness_0.8669,0.8669,0.0005507336456846,121.0,242.0,0.03333333333333333,242.0,1.0,0.0,4.0,1.2920609712600708,4.0,1.2920609712600708,136.12574768066406,51.43104553222656
randomness_0.8679,0.8679,0.0085347901668939,120.0,252.0,0.03529411764705882,252.0,1.0,0.0,4.199999809265137,1.4809906482696533,4.199999809265137,1.4809906482696533,135.87216186523438,50.01716232299805
randomness_0.8689,0.8689,0.0078018294630297,120.0,244.0,0.03417366946778711,244.0,1.0,0.0,4.066666603088379,1.4476033449172974,4.066666603088379,1.4476033449172974,136.00967407226562,52.136783599853516
randomness_0.8699,0.8699,0.0107621983892841,121.0,254.0,0.0349862258953168,254.0,1.0,0.0,4.198347091674805,1.3212804794311523,4.198347091674805,1.3212804794311523,136.48379516601562,51.427433013916016
randomness_0.8709,0.8709,0.0052027298675966,120.0,243.0,0.03403361344537815,243.0,1.0,0.0,4.050000190734863,1.3156113624572754,4.050000190734863,1.3156113624572754,135.86038208007812,51.844932556152344
randomness_0.8719,0.8719,0.0159548409129314,121.0,250.0,0.03443526170798898,250.0,1.0,0.0,4.13223123550415,1.4542165994644165,4.13223123550415,1.4542165994644165,135.47300720214844,49.712337493896484
randomness_0.8729,0.8729,0.002155250881043,120.0,243.0,0.03403361344537815,243.0,1.0,0.0,4.050000190734863,1.3955285549163818,4.050000190734863,1.3955285549163818,135.47198486328125,51.62486267089844
randomness_0.8739,0.8739,0.0048661942988514,120.0,244.0,0.03417366946778711,244.0,1.0,0.0,4.066666603088379,1.3085190057754517,4.066666603088379,1.3085190057754517,135.72447204589844,52.047401428222656
randomness_0.8749,0.8749,0.0149103121683879,120.0,252.0,0.03529411764705882,252.0,1.0,0.0,4.199999809265137,1.536229133605957,4.199999809265137,1.536229133605957,136.2789764404297,50.11846923828125
randomness_0.8759,0.8759,0.0139386632539574,121.0,255.0,0.03512396694214876,255.0,1.0,0.0,4.214876174926758,1.3124113082885742,4.214876174926758,1.3124113082885742,137.01043701171875,50.631595611572266
randomness_0.8769,0.8769,0.003177862337574,121.0,242.0,0.03333333333333333,242.0,1.0,0.0,4.0,1.3965719938278198,4.0,1.3965719938278198,136.48631286621094,51.21973419189453
randomness_0.8779,0.8779,0.0031209282577037,121.0,243.0,0.03347107438016529,243.0,1.0,0.0,4.016529083251953,1.396474003791809,4.016529083251953,1.396474003791809,135.995361328125,51.80620574951172
randomness_0.8789,0.8789,0.0076129205305505,120.0,252.0,0.03529411764705882,252.0,1.0,0.0,4.199999809265137,1.3638181686401367,4.199999809265137,1.3638181686401367,137.32640075683594,51.12143325805664
randomness_0.8799,0.8799,0.006994448719037,121.0,253.0,0.03484848484848485,253.0,1.0,0.0,4.181818008422852,1.2920609712600708,4.181818008422852,1.2920609712600708,136.92178344726562,50.76051330566406
randomness_0.8809,0.8809,0.0142378815574141,121.0,252.0,0.03471074380165289,252.0,1.0,0.0,4.165289402008057,1.3986245393753052,4.165289402008057,1.3986245393753052,136.339111328125,50.088130950927734
randomness_0.8819,0.8819,0.007197427849005,121.0,250.0,0.03443526170798898,250.0,1.0,0.0,4.13223123550415,1.3419004678726196,4.13223123550415,1.3419004678726196,136.25277709960938,51.10990905761719
randomness_0.8829,0.8829,0.0077595384325832,121.0,244.0,0.03360881542699724,244.0,1.0,0.0,4.033057689666748,1.4767279624938965,4.033057689666748,1.4767279624938965,135.57284545898438,51.34864044189453
randomness_0.8839,0.8839,0.0023458584733264,117.0,239.0,0.03521956970232832,239.0,1.0,0.0,4.085470199584961,1.2579500675201416,4.085470199584961,1.2579500675201416,136.1858367919922,51.705509185791016
randomness_0.8849,0.8849,0.0015759465433615,121.0,250.0,0.03443526170798898,250.0,1.0,0.0,4.13223123550415,1.2658394575119019,4.13223123550415,1.2658394575119019,137.21739196777344,51.43724060058594
randomness_0.8859,0.8859,0.004766167383327,121.0,253.0,0.03484848484848485,253.0,1.0,0.0,4.181818008422852,1.3965719938278198,4.181818008422852,1.3965719938278198,137.06167602539062,50.64304733276367
randomness_0.8869,0.8869,0.0111856935141998,121.0,263.0,0.03622589531680441,263.0,1.0,0.0,4.347107410430908,1.4866389036178589,4.347107410430908,1.4866389036178589,135.83290100097656,50.153507232666016
randomness_0.8879,0.8879,0.0096565856907075,120.0,253.0,0.035434173669467786,253.0,1.0,0.0,4.2166666984558105,1.3795127868652344,4.2166666984558105,1.3795127868652344,136.7001953125,50.248226165771484
randomness_0.8889,0.8889,0.0046590663416951,120.0,251.0,0.03515406162464986,251.0,1.0,0.0,4.183333396911621,1.2844151258468628,4.183333396911621,1.2844151258468628,136.01014709472656,51.251522064208984
randomness_0.8899,0.8899,0.0033995149353813,121.0,245.0,0.0337465564738292,245.0,1.0,0.0,4.049586772918701,1.3956912755966187,4.049586772918701,1.3956912755966187,137.90249633789062,49.51005935668945
randomness_0.8909,0.8909,0.0015531262481558,120.0,232.0,0.032492997198879554,232.0,1.0,0.0,3.866666555404663,1.3535960912704468,3.866666555404663,1.3535960912704468,135.06619262695312,52.646087646484375
randomness_0.8919,0.8919,0.0095538207419226,121.0,258.0,0.03553719008264463,258.0,1.0,0.0,4.264462947845459,1.5307785272598267,4.264462947845459,1.5307785272598267,136.1613311767578,50.5578727722168
randomness_0.8929,0.8929,0.0076829853593376,120.0,245.0,0.03431372549019608,245.0,1.0,0.0,4.083333492279053,1.5523279905319214,4.083333492279053,1.5523279905319214,136.61964416503906,50.49821090698242
randomness_0.8939,0.8939,0.0063934129357221,120.0,249.0,0.034873949579831934,249.0,1.0,0.0,4.150000095367432,1.5036067962646484,4.150000095367432,1.5036067962646484,136.12985229492188,50.688392639160156
randomness_0.8949,0.8949,0.0094625069145524,121.0,248.0,0.03415977961432507,248.0,1.0,0.0,4.099173545837402,1.3691099882125854,4.099173545837402,1.3691099882125854,135.82894897460938,51.09853744506836
randomness_0.8959,0.8959,0.003431626580889,121.0,236.0,0.032506887052341595,236.0,1.0,0.0,3.9008264541625977,1.4339736700057983,3.9008264541625977,1.4339736700057983,136.9657745361328,51.1617546081543
randomness_0.8969,0.8969,0.0020905786869576,118.0,231.0,0.03346371142981312,231.0,1.0,0.0,3.9152543544769287,1.292588233947754,3.9152543544769287,1.292588233947754,135.74278259277344,51.31367111206055
randomness_0.8979,0.8979,0.0049190689492862,121.0,249.0,0.03429752066115702,249.0,1.0,0.0,4.1157026290893555,1.3495643138885498,4.1157026290893555,1.3495643138885498,137.31385803222656,50.410953521728516
randomness_0.8989,0.8989,0.0069070857848601,121.0,248.0,0.03415977961432507,248.0,1.0,0.0,4.099173545837402,1.393046259880066,4.099173545837402,1.393046259880066,136.903076171875,51.94470977783203
randomness_0.8999,0.8999,0.0001607163528555,121.0,240.0,0.03305785123966942,240.0,1.0,0.0,3.966942071914673,1.2787771224975586,3.966942071914673,1.2787771224975586,137.3071746826172,50.73039627075195
randomness_0.9009,0.9009,0.0099296170664835,121.0,254.0,0.0349862258953168,254.0,1.0,0.0,4.198347091674805,1.4236481189727783,4.198347091674805,1.4236481189727783,135.1719970703125,50.265804290771484
randomness_0.9019,0.9019,0.0025548306526616,120.0,239.0,0.033473389355742296,239.0,1.0,0.0,3.9833333492279053,1.4199961423873901,3.9833333492279053,1.4199961423873901,135.3923797607422,51.17098617553711
randomness_0.9029,0.9029,0.0002373762045863,121.0,236.0,0.032506887052341595,236.0,1.0,0.0,3.9008264541625977,1.4165781736373901,3.9008264541625977,1.4165781736373901,137.36021423339844,52.34514236450195
randomness_0.9039,0.9039,0.0092019610538838,121.0,247.0,0.03402203856749311,247.0,1.0,0.0,4.082644462585449,1.3458646535873413,4.082644462585449,1.3458646535873413,135.62713623046875,50.5959587097168
randomness_0.9049,0.9049,0.0043772961532218,120.0,245.0,0.03431372549019608,245.0,1.0,0.0,4.083333492279053,1.3328123092651367,4.083333492279053,1.3328123092651367,134.6816864013672,50.7985725402832
randomness_0.9059,0.9059,0.006069830021176,121.0,249.0,0.03429752066115702,249.0,1.0,0.0,4.1157026290893555,1.5003585815429688,4.1157026290893555,1.5003585815429688,134.52880859375,51.0108528137207
randomness_0.9069,0.9069,0.0087131144456449,121.0,249.0,0.03429752066115702,249.0,1.0,0.0,4.1157026290893555,1.3495641946792603,4.1157026290893555,1.3495641946792603,136.83058166503906,50.944252014160156
randomness_0.9079,0.9079,0.0027059519152831,121.0,236.0,0.032506887052341595,236.0,1.0,0.0,3.9008264541625977,1.5449461936950684,3.9008264541625977,1.5449461936950684,136.37925720214844,52.31853103637695
randomness_0.9089,0.9089,0.0077062151526638,121.0,257.0,0.03539944903581267,257.0,1.0,0.0,4.247933864593506,1.3743878602981567,4.247933864593506,1.3743878602981567,135.50888061523438,50.87225341796875
randomness_0.9099,0.9099,0.0010700016992777,119.0,236.0,0.03361344537815126,236.0,1.0,0.0,3.966386556625366,1.263134479522705,3.966386556625366,1.263134479522705,135.91403198242188,51.54508972167969
randomness_0.9109,0.9109,0.003604495409366,120.0,240.0,0.03361344537815126,240.0,1.0,0.0,4.0,1.4662878513336182,4.0,1.4662878513336182,136.35733032226562,51.68135452270508
randomness_0.9119,0.9119,0.0054979330898032,118.0,244.0,0.035346950601187886,244.0,1.0,0.0,4.135593414306641,1.4895981550216675,4.135593414306641,1.4895981550216675,137.58314514160156,51.0658073425293
randomness_0.9129,0.9129,0.0016242940770152,120.0,245.0,0.03431372549019608,245.0,1.0,0.0,4.083333492279053,1.3075635433197021,4.083333492279053,1.3075635433197021,136.4099884033203,50.55225372314453
randomness_0.9139,0.9139,0.0118123829184205,119.0,254.0,0.03617718273750178,254.0,1.0,0.0,4.26890754699707,1.4064525365829468,4.26890754699707,1.4064525365829468,134.0348358154297,50.46836853027344
randomness_0.9149,0.9149,0.007898775309589,121.0,238.0,0.03278236914600551,238.0,1.0,0.0,3.933884382247925,1.4126672744750977,3.933884382247925,1.4126672744750977,135.6049346923828,51.318912506103516
randomness_0.9159,0.9159,0.0091851603021041,120.0,244.0,0.03417366946778711,244.0,1.0,0.0,4.066666603088379,1.3274871110916138,4.066666603088379,1.3274871110916138,135.61114501953125,52.974239349365234
randomness_0.9169,0.9169,0.0016614716622651,119.0,223.0,0.03176185728528699,223.0,1.0,0.0,3.747899055480957,1.3610332012176514,3.747899055480957,1.3610332012176514,135.32098388671875,50.87247085571289
randomness_0.9179,0.9179,0.0053264420738036,120.0,236.0,0.03305322128851541,236.0,1.0,0.0,3.933333396911621,1.339983344078064,3.933333396911621,1.339983344078064,134.72377014160156,51.78466033935547
randomness_0.9189,0.9189,0.0088473407071598,119.0,241.0,0.03432559464463752,241.0,1.0,0.0,4.05042028427124,1.3147433996200562,4.05042028427124,1.3147433996200562,134.81492614746094,50.98957443237305
randomness_0.9199,0.9199,0.0035163383906919,121.0,243.0,0.03347107438016529,243.0,1.0,0.0,4.016529083251953,1.437303900718689,4.016529083251953,1.437303900718689,135.04183959960938,51.85338592529297
randomness_0.9209,0.9209,0.01148183400709,119.0,245.0,0.03489531405782652,245.0,1.0,0.0,4.117647171020508,1.5072736740112305,4.117647171020508,1.5072736740112305,134.6962127685547,50.149803161621094
randomness_0.9219,0.9219,0.0021554323859558,120.0,237.0,0.03319327731092437,237.0,1.0,0.0,3.950000047683716,1.4133293628692627,3.950000047683716,1.4133293628692627,135.88674926757812,51.78535461425781
randomness_0.9229,0.9229,0.0051966617649305,121.0,250.0,0.03443526170798898,250.0,1.0,0.0,4.13223123550415,1.4138754606246948,4.13223123550415,1.4138754606246948,136.1348114013672,50.83046340942383
randomness_0.9239,0.9239,0.0067503630869808,121.0,244.0,0.03360881542699724,244.0,1.0,0.0,4.033057689666748,1.4878787994384766,4.033057689666748,1.4878787994384766,136.2720184326172,52.07643508911133
randomness_0.9249,0.9249,0.0027470617509461,121.0,248.0,0.03415977961432507,248.0,1.0,0.0,4.099173545837402,1.4793620109558105,4.099173545837402,1.4793620109558105,137.78855895996094,50.90159606933594
randomness_0.9259,0.9259,0.0031234396846314,119.0,235.0,0.03347101552485401,235.0,1.0,0.0,3.9495797157287598,1.4886051416397095,3.9495797157287598,1.4886051416397095,136.2602081298828,50.57551956176758
randomness_0.9269,0.9269,0.0053903584145328,118.0,235.0,0.034043169636389974,235.0,1.0,0.0,3.98305082321167,1.3211643695831299,3.98305082321167,1.3211643695831299,134.52989196777344,50.51624298095703
randomness_0.9279,0.9279,0.0066148836887949,121.0,241.0,0.033195592286501374,241.0,1.0,0.0,3.983471155166626,1.3110053539276123,3.983471155166626,1.3110053539276123,136.512939453125,51.105953216552734
randomness_0.9289,0.9289,0.0024030705436416,120.0,247.0,0.03459383753501401,247.0,1.0,0.0,4.116666793823242,1.3551342487335205,4.116666793823242,1.3551342487335205,136.6857147216797,51.74385070800781
randomness_0.9299,0.9299,0.0088205718465878,121.0,240.0,0.03305785123966942,240.0,1.0,0.0,3.966942071914673,1.372299075126648,3.966942071914673,1.372299075126648,138.23504638671875,50.47385025024414
randomness_0.9309,0.9309,0.0121890565716058,120.0,257.0,0.03599439775910364,257.0,1.0,0.0,4.2833333015441895,1.4729976654052734,4.2833333015441895,1.4729976654052734,136.1822052001953,51.62864685058594
randomness_0.9319,0.9319,0.0124584271693357,121.0,253.0,0.03484848484848485,253.0,1.0,0.0,4.181818008422852,1.4142136573791504,4.181818008422852,1.4142136573791504,136.70237731933594,52.045562744140625
randomness_0.9329,0.9329,0.0009866789249153,120.0,242.0,0.033893557422969185,242.0,1.0,0.0,4.0333333015441895,1.4487541913986206,4.0333333015441895,1.4487541913986206,137.29739379882812,49.70368957519531
randomness_0.9339,0.9339,0.0124849203006067,120.0,251.0,0.03515406162464986,251.0,1.0,0.0,4.183333396911621,1.4604984521865845,4.183333396911621,1.4604984521865845,135.9991912841797,52.13227844238281
randomness_0.9349,0.9349,0.0035840342901129,119.0,235.0,0.03347101552485401,235.0,1.0,0.0,3.9495797157287598,1.4772717952728271,3.9495797157287598,1.4772717952728271,134.39024353027344,51.2060432434082
randomness_0.9359,0.9359,0.0001150354281394,121.0,239.0,0.032920110192837464,239.0,1.0,0.0,3.950413227081299,1.3164643049240112,3.950413227081299,1.3164643049240112,136.76539611816406,51.19532012939453
randomness_0.9369,0.9369,0.0143904825712542,120.0,247.0,0.03459383753501401,247.0,1.0,0.0,4.116666793823242,1.4842692613601685,4.116666793823242,1.4842692613601685,134.56533813476562,51.373958587646484
randomness_0.9379,0.9379,0.0029466736061284,121.0,236.0,0.032506887052341595,236.0,1.0,0.0,3.9008264541625977,1.4048614501953125,3.9008264541625977,1.4048614501953125,135.71466064453125,51.09225845336914
randomness_0.9389,0.9389,0.0035896783737533,118.0,245.0,0.035491815152832104,245.0,1.0,0.0,4.152542591094971,1.4239306449890137,4.152542591094971,1.4239306449890137,134.71018981933594,50.80490493774414
randomness_0.9399,0.9399,1.89262098373908e-05,118.0,225.0,0.03259452411994785,225.0,1.0,0.0,3.8135592937469482,1.3713111877441406,3.8135592937469482,1.3713111877441406,134.41336059570312,50.87070083618164
randomness_0.9409,0.9409,0.0085383195089419,120.0,255.0,0.03571428571428571,255.0,1.0,0.0,4.25,1.484643578529358,4.25,1.484643578529358,137.23492431640625,49.77067184448242
randomness_0.9419,0.9419,0.0034353118971474,120.0,237.0,0.03319327731092437,237.0,1.0,0.0,3.950000047683716,1.2835497856140137,3.950000047683716,1.2835497856140137,136.00416564941406,51.71902084350586
randomness_0.9429,0.9429,0.0094114122886953,121.0,255.0,0.03512396694214876,255.0,1.0,0.0,4.214876174926758,1.3739404678344727,4.214876174926758,1.3739404678344727,136.70213317871094,51.44586944580078
randomness_0.9439,0.9439,0.0033308867458025,121.0,236.0,0.032506887052341595,236.0,1.0,0.0,3.9008264541625977,1.3136597871780396,3.9008264541625977,1.3136597871780396,134.5885009765625,50.77796173095703
randomness_0.9449,0.9449,0.0048897480173252,120.0,245.0,0.03431372549019608,245.0,1.0,0.0,4.083333492279053,1.5087707042694092,4.083333492279053,1.5087707042694092,135.77615356445312,51.00625991821289
randomness_0.9459,0.9459,0.0079660642890599,121.0,254.0,0.0349862258953168,254.0,1.0,0.0,4.198347091674805,1.3943203687667847,4.198347091674805,1.3943203687667847,136.25790405273438,50.867759704589844
randomness_0.9469,0.9469,0.0010380517554823,120.0,240.0,0.03361344537815126,240.0,1.0,0.0,4.0,1.471960186958313,4.0,1.471960186958313,136.7082061767578,51.3685302734375
randomness_0.9479,0.9479,0.0099050296936184,120.0,238.0,0.03333333333333333,238.0,1.0,0.0,3.9666666984558105,1.4940623044967651,3.9666666984558105,1.4940623044967651,136.15533447265625,52.32333755493164
randomness_0.9489,0.9489,0.0044023734264567,119.0,243.0,0.03461045435123202,243.0,1.0,0.0,4.084033489227295,1.4176547527313232,4.084033489227295,1.4176547527313232,136.3499755859375,49.85853958129883
randomness_0.9499,0.9499,0.0097102568484842,121.0,251.0,0.03457300275482093,251.0,1.0,0.0,4.1487603187561035,1.3152705430984497,4.1487603187561035,1.3152705430984497,137.34046936035156,50.69346237182617
randomness_0.9510,0.951,0.0052624427496523,121.0,236.0,0.032506887052341595,236.0,1.0,0.0,3.9008264541625977,1.3691099882125854,3.9008264541625977,1.3691099882125854,137.0784454345703,50.276878356933594
randomness_0.9520,0.952,0.0046388263439912,119.0,235.0,0.03347101552485401,235.0,1.0,0.0,3.9495797157287598,1.4543399810791016,3.9495797157287598,1.4543399810791016,135.0341033935547,51.141021728515625
randomness_0.9530,0.953,0.0001472217666887,121.0,230.0,0.03168044077134986,230.0,1.0,0.0,3.8016529083251953,1.289626955986023,3.8016529083251953,1.289626955986023,138.7244110107422,51.23442077636719
randomness_0.9540,0.954,0.0084224848334495,119.0,254.0,0.03617718273750178,254.0,1.0,0.0,4.26890754699707,1.3073643445968628,4.26890754699707,1.3073643445968628,134.4708709716797,50.648582458496094
randomness_0.9550,0.955,0.0026448150572832,120.0,243.0,0.03403361344537815,243.0,1.0,0.0,4.050000190734863,1.4711107015609741,4.050000190734863,1.4711107015609741,136.77633666992188,49.13766860961914
randomness_0.9560,0.956,0.0064417061333634,121.0,243.0,0.03347107438016529,243.0,1.0,0.0,4.016529083251953,1.2983362674713135,4.016529083251953,1.2983362674713135,136.19676208496094,51.71937561035156
randomness_0.9570,0.957,0.0071081807139572,121.0,245.0,0.0337465564738292,245.0,1.0,0.0,4.049586772918701,1.3778126239776611,4.049586772918701,1.3778126239776611,136.54747009277344,51.37054443359375
randomness_0.9580,0.958,0.007320620199593,121.0,250.0,0.03443526170798898,250.0,1.0,0.0,4.13223123550415,1.5154420137405396,4.13223123550415,1.5154420137405396,137.45803833007812,50.68663787841797
randomness_0.9590,0.959,0.0001293655916312,119.0,238.0,0.03389830508474576,238.0,1.0,0.0,4.0,1.3841843605041504,4.0,1.3841843605041504,135.4522247314453,52.488800048828125
randomness_0.9600,0.96,0.0147006885251241,120.0,246.0,0.034453781512605045,246.0,1.0,0.0,4.099999904632568,1.4798648357391357,4.099999904632568,1.4798648357391357,134.5077362060547,51.436649322509766
randomness_0.9610,0.961,0.0072962281871177,120.0,251.0,0.03515406162464986,251.0,1.0,0.0,4.183333396911621,1.347734808921814,4.183333396911621,1.347734808921814,136.85853576660156,49.190059661865234
randomness_0.9620,0.962,0.0102342716510123,120.0,243.0,0.03403361344537815,243.0,1.0,0.0,4.050000190734863,1.442509412765503,4.050000190734863,1.442509412765503,136.6212615966797,51.055267333984375
randomness_0.9630,0.963,0.0073247428846373,119.0,255.0,0.03631961259079903,255.0,1.0,0.0,4.285714149475098,1.2308558225631714,4.285714149475098,1.2308558225631714,134.35247802734375,50.83573913574219
randomness_0.9640,0.964,0.0024172353789848,118.0,230.0,0.03331884687816891,230.0,1.0,0.0,3.8983051776885986,1.4225176572799683,3.8983051776885986,1.4225176572799683,135.30078125,48.71928405761719
randomness_0.9650,0.965,0.0041051043923354,121.0,248.0,0.03415977961432507,248.0,1.0,0.0,4.099173545837402,1.4960277080535889,4.099173545837402,1.4960277080535889,136.24195861816406,50.43936538696289
randomness_0.9660,0.966,0.0130089803724568,121.0,254.0,0.0349862258953168,254.0,1.0,0.0,4.198347091674805,1.4637200832366943,4.198347091674805,1.4637200832366943,136.62216186523438,50.91070556640625
randomness_0.9670,0.967,0.0012709991595467,120.0,236.0,0.03305322128851541,236.0,1.0,0.0,3.933333396911621,1.2892719507217407,3.933333396911621,1.2892719507217407,135.802978515625,50.34982681274414
randomness_0.9680,0.968,0.0022791298095332,121.0,238.0,0.03278236914600551,238.0,1.0,0.0,3.933884382247925,1.3831067085266113,3.933884382247925,1.3831067085266113,136.0518341064453,51.46903610229492
randomness_0.9690,0.969,0.0039310680175407,120.0,245.0,0.03431372549019608,245.0,1.0,0.0,4.083333492279053,1.4176467657089233,4.083333492279053,1.4176467657089233,136.6279296875,50.485076904296875
randomness_0.9700,0.97,0.0022105820305358,121.0,245.0,0.0337465564738292,245.0,1.0,0.0,4.049586772918701,1.5149461030960083,4.049586772918701,1.5149461030960083,137.3351287841797,52.6743278503418
randomness_0.9710,0.971,0.0071078782895836,121.0,255.0,0.03512396694214876,255.0,1.0,0.0,4.214876174926758,1.379942536354065,4.214876174926758,1.379942536354065,136.24537658691406,51.20490264892578
randomness_0.9720,0.972,0.011157773273001,121.0,251.0,0.03457300275482093,251.0,1.0,0.0,4.1487603187561035,1.4582972526550293,4.1487603187561035,1.4582972526550293,137.05380249023438,51.276065826416016
randomness_0.9730,0.973,0.0006261810908265,121.0,242.0,0.03333333333333333,242.0,1.0,0.0,4.0,1.3173978328704834,4.0,1.3173978328704834,136.99005126953125,51.4094352722168
randomness_0.9740,0.974,0.0077831575382674,121.0,241.0,0.033195592286501374,241.0,1.0,0.0,3.983471155166626,1.4430423974990845,3.983471155166626,1.4430423974990845,136.6607666015625,51.55465316772461
randomness_0.9750,0.975,0.0019632781833838,120.0,240.0,0.03361344537815126,240.0,1.0,0.0,4.0,1.4548767805099487,4.0,1.4548767805099487,136.63638305664062,49.50189208984375
randomness_0.9760,0.976,0.0153897682021949,119.0,255.0,0.03631961259079903,255.0,1.0,0.0,4.285714149475098,1.4617985486984253,4.285714149475098,1.4617985486984253,134.77430725097656,51.44819641113281
randomness_0.9770,0.977,0.0051515970860199,121.0,252.0,0.03471074380165289,252.0,1.0,0.0,4.165289402008057,1.2619484663009644,4.165289402008057,1.2619484663009644,137.4422607421875,49.69786834716797
randomness_0.9780,0.978,3.28138928998337e-06,120.0,234.0,0.03277310924369748,234.0,1.0,0.0,3.9000000953674316,1.502220630645752,3.9000000953674316,1.502220630645752,134.45729064941406,51.0107536315918
randomness_0.9790,0.979,0.0026478060779471,120.0,239.0,0.033473389355742296,239.0,1.0,0.0,3.9833333492279053,1.3164557218551636,3.9833333492279053,1.3164557218551636,135.74554443359375,51.541568756103516
randomness_0.9800,0.98,0.0037679270399707,121.0,247.0,0.03402203856749311,247.0,1.0,0.0,4.082644462585449,1.376225471496582,4.082644462585449,1.376225471496582,136.32948303222656,52.31270980834961
randomness_0.9810,0.981,0.0037712542370843,120.0,240.0,0.03361344537815126,240.0,1.0,0.0,4.0,1.460593581199646,4.0,1.460593581199646,136.2902069091797,51.35877990722656
randomness_0.9820,0.982,0.0108532962490711,121.0,252.0,0.03471074380165289,252.0,1.0,0.0,4.165289402008057,1.5176488161087036,4.165289402008057,1.5176488161087036,136.88070678710938,51.00611877441406
randomness_0.9830,0.983,0.0038067090419182,120.0,249.0,0.034873949579831934,249.0,1.0,0.0,4.150000095367432,1.3823288679122925,4.150000095367432,1.3823288679122925,135.96282958984375,50.14118576049805
randomness_0.9840,0.984,0.0069820197467834,119.0,233.0,0.033186155818259504,233.0,1.0,0.0,3.915966272354126,1.4117146730422974,3.915966272354126,1.4117146730422974,136.1504364013672,52.142662048339844
randomness_0.9850,0.985,0.0001075121942795,121.0,236.0,0.032506887052341595,236.0,1.0,0.0,3.9008264541625977,1.255763292312622,3.9008264541625977,1.255763292312622,137.0587158203125,50.55669403076172
randomness_0.9860,0.986,0.0037341016896645,120.0,236.0,0.03305322128851541,236.0,1.0,0.0,3.933333396911621,1.3274871110916138,3.933333396911621,1.3274871110916138,135.53915405273438,51.86460876464844
randomness_0.9870,0.987,0.0015948694221721,120.0,231.0,0.03235294117647059,231.0,1.0,0.0,3.8499999046325684,1.4180384874343872,3.8499999046325684,1.4180384874343872,135.8520050048828,50.547760009765625
randomness_0.9880,0.988,0.0018377600119699,120.0,248.0,0.03473389355742297,248.0,1.0,0.0,4.133333206176758,1.4828650951385498,4.133333206176758,1.4828650951385498,136.28819274902344,51.2913932800293
randomness_0.9890,0.989,0.0021309075294993,121.0,234.0,0.032231404958677684,234.0,1.0,0.0,3.8677685260772705,1.163793683052063,3.8677685260772705,1.163793683052063,136.74139404296875,50.845787048339844
randomness_0.9900,0.99,0.0056488657214367,121.0,241.0,0.033195592286501374,241.0,1.0,0.0,3.983471155166626,1.4430423974990845,3.983471155166626,1.4430423974990845,136.01429748535156,50.964019775390625
randomness_0.9910,0.991,0.0043620296632487,121.0,243.0,0.03347107438016529,243.0,1.0,0.0,4.016529083251953,1.4713993072509766,4.016529083251953,1.4713993072509766,136.7244415283203,51.18764877319336
randomness_0.9920,0.992,0.0004445667727807,120.0,235.0,0.032913165266106444,235.0,1.0,0.0,3.9166667461395264,1.3637163639068604,3.9166667461395264,1.3637163639068604,135.37936401367188,52.20439147949219
randomness_0.9930,0.993,0.0002380252917958,117.0,235.0,0.034630120837017386,235.0,1.0,0.0,4.017094135284424,1.3523192405700684,4.017094135284424,1.3523192405700684,136.00315856933594,52.520416259765625
randomness_0.9940,0.994,0.010218608353138,121.0,249.0,0.03429752066115702,249.0,1.0,0.0,4.1157026290893555,1.2932761907577515,4.1157026290893555,1.2932761907577515,137.63229370117188,51.110321044921875
randomness_0.9950,0.995,0.0062118295039371,120.0,236.0,0.03305322128851541,236.0,1.0,0.0,3.933333396911621,1.4243905544281006,3.933333396911621,1.4243905544281006,135.44322204589844,51.27006912231445
randomness_0.9960,0.996,4.01656543006411e-06,120.0,231.0,0.03235294117647059,231.0,1.0,0.0,3.8499999046325684,1.3823288679122925,3.8499999046325684,1.3823288679122925,137.6448211669922,50.95167922973633
randomness_0.9970,0.997,0.0001838215693243,120.0,233.0,0.03263305322128852,233.0,1.0,0.0,3.883333444595337,1.4328486919403076,3.883333444595337,1.4328486919403076,136.8927764892578,51.548587799072266
randomness_0.9980,0.998,0.0003640220575548,121.0,232.0,0.031955922865013774,232.0,1.0,0.0,3.8347108364105225,1.3927030563354492,3.8347108364105225,1.3927030563354492,136.9081268310547,52.091766357421875
randomness_0.9990,0.999,0.0025757477431446,119.0,244.0,0.034752884204529266,244.0,1.0,0.0,4.1008405685424805,1.3559389114379883,4.1008405685424805,1.3559389114379883,135.58331298828125,51.5483512878418
randomness_1.0000,1.0,0.0124903884581984,119.0,254.0,0.03617718273750178,254.0,1.0,0.0,4.26890754699707,1.2944449186325073,4.26890754699707,1.2944449186325073,135.23941040039062,51.15683364868164
