Sample_ID,Randomness_Value,Actual_Stiffness,Node_Count,Edge_Count,Graph_Density,Total_Edge_Weight,Mean_Edge_Weight,Std_Edge_Weight,Mean_Degree,Std_Degree,Mean_Weighted_Degree,Std_Weighted_Degree,Mean_Center_Distance,Std_Center_Distance,Dataset,Split_Seed,Predicted_Stiffness,Residual,Absolute_Error,Squared_Error,Absolute_Percent_Error,Ensemble_Std,Member_Prediction_Min,Member_Prediction_Max,Member_Prediction_Range,Stiffness_Bin
randomness_0.8438,0.8438,0.0117630645066766,120.0,250.0,0.0350140056022409,250.0,1.0,0.0,4.166666507720947,1.3804185390472412,4.166666507720947,1.3804185390472412,136.7197265625,50.45273971557617,Test,11,0.007902451697736979,-0.0038606128089396213,0.0038606128089396213,1.4904331260548673e-05,32.81978779210448,0.0003564267815377536,0.0073423539288342,0.008464503102004528,0.0011221491731703281,Q2
randomness_0.2773,0.2773,0.0357529539614916,121.0,300.0,0.04132231404958678,300.0,1.0,0.0,4.958677768707275,1.255708932876587,4.958677768707275,1.255708932876587,136.3989715576172,50.92647171020508,Test,11,0.037764228880405426,0.0020112749189138274,0.0020112749189138274,4.045226799451823e-06,5.625479005399412,0.00036693405388023694,0.03726981580257416,0.03830487281084061,0.001035057008266449,Q4
randomness_0.0671,0.0671,0.0400081768631935,121.0,299.0,0.04118457300275482,299.0,1.0,0.0,4.942148685455322,1.3804868459701538,4.942148685455322,1.3804868459701538,135.86746215820312,50.86079406738281,Test,11,0.03905850052833557,-0.0009496763348579296,0.0009496763348579296,9.018851409891904e-07,2.373705600495901,0.0004010801044007744,0.03854589909315109,0.039555005729198456,0.0010091066360473633,Q5
randomness_0.3904,0.3904,0.0391915085534877,121.0,297.0,0.04090909090909091,297.0,1.0,0.0,4.909090995788574,1.3298853635787964,4.909090995788574,1.3298853635787964,136.00816345214844,50.50735855102539,Test,11,0.034417562931776044,-0.004773945621711656,0.004773945621711656,2.279055679905989e-05,12.181071354261041,0.00020403694275059398,0.0341063030064106,0.03472180292010307,0.0006154999136924744,Q5
randomness_0.6977,0.6977,0.0221372571645018,121.0,265.0,0.03650137741046832,265.0,1.0,0.0,4.380165100097656,1.4785306453704834,4.380165100097656,1.4785306453704834,136.1837158203125,51.435874938964844,Test,11,0.017625319212675093,-0.004511937951826708,0.004511937951826708,2.0357584081134192e-05,20.381648540731714,0.00033003924412212845,0.01708628609776497,0.018037088215351105,0.0009508021175861359,Q2
randomness_0.6456,0.6456,0.0136541039214026,121.0,268.0,0.03691460055096419,268.0,1.0,0.0,4.429751873016357,1.2780824899673462,4.429751873016357,1.2780824899673462,136.63014221191406,50.46540069580078,Test,11,0.016552438586950304,0.0028983346655477027,0.0028983346655477027,8.400343833515514e-06,21.22683906781028,0.0005433986993515074,0.015872465446591377,0.017433369532227516,0.001560904085636139,Q2
randomness_0.4925,0.4925,0.0303699512159228,121.0,288.0,0.03966942148760331,288.0,1.0,0.0,4.760330677032471,1.3546662330627441,4.760330677032471,1.3546662330627441,136.5926513671875,51.0213508605957,Test,11,0.030248058959841728,-0.00012189225608107146,0.00012189225608107146,1.4857722092533503e-08,0.4013580898251954,0.0003303394267774156,0.029741967096924782,0.03065137006342411,0.0009094029664993286,Q3
randomness_0.0440,0.044,0.0395673248916864,121.0,292.0,0.04022038567493113,292.0,1.0,0.0,4.826446056365967,1.2509677410125732,4.826446056365967,1.2509677410125732,136.09030151367188,50.78190612792969,Test,11,0.03493065237998962,-0.004636672511696777,0.004636672511696777,2.1498731980724494e-05,11.71843819209269,0.00038352730108235836,0.03446274623274803,0.035454243421554565,0.0009914971888065338,Q5
randomness_0.2823,0.2823,0.0340432453900576,121.0,288.0,0.03966942148760331,288.0,1.0,0.0,4.760330677032471,1.3300395011901855,4.760330677032471,1.3300395011901855,136.05697631835938,50.560508728027344,Test,11,0.03236319497227669,-0.0016800504177809095,0.0016800504177809095,2.8225694062858085e-06,4.935047756262309,0.00036724557047287666,0.03186629340052605,0.03285352885723114,0.0009872354567050934,Q4
randomness_0.3113,0.3113,0.0344449218887005,121.0,299.0,0.04118457300275482,299.0,1.0,0.0,4.942148685455322,1.312983512878418,4.942148685455322,1.312983512878418,135.61434936523438,50.934120178222656,Test,11,0.037014291435480115,0.0025693695467796165,0.0025693695467796165,6.601659867918492e-06,7.459356578255115,9.715281532700405e-05,0.036932654678821564,0.03720368444919586,0.0002710297703742981,Q4
randomness_0.4424,0.4424,0.0305150995962322,121.0,286.0,0.03939393939393939,286.0,1.0,0.0,4.7272725105285645,1.4024771451950073,4.7272725105285645,1.4024771451950073,135.3053436279297,51.87388610839844,Test,11,0.029422353580594064,-0.0010927460156381352,0.0010927460156381352,1.1940938546930198e-06,3.581000980160852,0.0003474455461850614,0.028868472203612328,0.02979493886232376,0.0009264666587114334,Q3
randomness_0.5866,0.5866,0.0129665419459343,121.0,275.0,0.03787878787878788,275.0,1.0,0.0,4.545454502105713,1.3666633367538452,4.545454502105713,1.3666633367538452,136.13821411132812,51.422298431396484,Test,11,0.021976275742053984,0.009009733796119685,0.009009733796119685,8.117530307694122e-05,69.48447653728306,0.0002978824397163821,0.02153017558157444,0.02238536812365055,0.0008551925420761108,Q2
randomness_0.2623,0.2623,0.0328476250171661,121.0,288.0,0.03966942148760331,288.0,1.0,0.0,4.760330677032471,1.3049479722976685,4.760330677032471,1.3049479722976685,136.2095184326172,50.84260559082031,Test,11,0.03223461881279945,-0.0006130062043666479,0.0006130062043666479,3.7577660659200447e-07,1.866211648623887,0.00023458670974164632,0.031977515667676926,0.03255699574947357,0.0005794800817966461,Q4
randomness_0.5005,0.5005,0.0267701246428441,121.0,287.0,0.03953168044077135,287.0,1.0,0.0,4.743801593780518,1.2028130292892456,4.743801593780518,1.2028130292892456,136.50399780273438,51.17902755737305,Test,11,0.02806294709444046,0.00129282245159636,0.00129282245159636,1.6713898913516227e-06,4.82934789749641,0.0003823973459937287,0.027547817677259445,0.028530269861221313,0.0009824521839618683,Q3
randomness_0.6176,0.6176,0.0255750574171543,121.0,269.0,0.03705234159779614,269.0,1.0,0.0,4.4462809562683105,1.4021849632263184,4.4462809562683105,1.4021849632263184,137.08326721191406,51.00048065185547,Test,11,0.019629615172743798,-0.005945442244410501,0.005945442244410501,3.534828348162098e-05,23.2470338088963,0.00029655721166331803,0.019313376396894455,0.020012198016047478,0.0006988216191530228,Q3
randomness_0.1071,0.1071,0.0365901526063681,121.0,300.0,0.04132231404958678,300.0,1.0,0.0,4.958677768707275,1.319884181022644,4.958677768707275,1.319884181022644,135.94720458984375,50.77973937988281,Test,11,0.039185724407434466,0.002595571801066364,0.002595571801066364,6.736992974490888e-06,7.093634806580812,0.00027227476421982076,0.03869188204407692,0.039432112127542496,0.0007402300834655762,Q5
randomness_0.2893,0.2893,0.0258772673085332,121.0,284.0,0.03911845730027548,284.0,1.0,0.0,4.694214820861816,1.3837485313415527,4.694214820861816,1.3837485313415527,136.04376220703125,50.62305450439453,Test,11,0.030372069403529166,0.004494802094995965,0.004494802094995965,2.0203245873180115e-05,17.369693798826177,0.00018846135267561867,0.030097689479589462,0.030633311718702316,0.000535622239112854,Q3
randomness_0.7187,0.7187,0.0158746777022041,121.0,262.0,0.03608815426997245,262.0,1.0,0.0,4.330578327178955,1.3322970867156982,4.330578327178955,1.3322970867156982,135.43716430664062,50.44974899291992,Test,11,0.013949839770793915,-0.0019248379314101855,0.0019248379314101855,3.705001062195442e-06,12.125209516177666,0.00037132391911197756,0.013634809292852879,0.01455595251172781,0.0009211432188749313,Q2
randomness_0.4474,0.4474,0.0354120764881372,121.0,295.0,0.040633608815427,295.0,1.0,0.0,4.876032829284668,1.3579896688461304,4.876032829284668,1.3579896688461304,136.00650024414062,51.33234786987305,Test,11,0.03432527780532837,-0.0010867986828088302,0.0010867986828088302,1.1811313769550084e-06,3.069005804200441,0.0001968344515730638,0.03404999151825905,0.03449529781937599,0.00044530630111694336,Q4
randomness_0.0250,0.025,0.0411754429340363,121.0,305.0,0.04201101928374656,305.0,1.0,0.0,5.041322231292725,1.2019041776657104,5.041322231292725,1.2019041776657104,135.9885711669922,50.82955551147461,Test,11,0.04119092971086502,1.548677682872146e-05,1.548677682872146e-05,2.3984025654262393e-10,0.03761168241354809,0.0003258527763597514,0.040833234786987305,0.0416426844894886,0.000809449702501297,Q5
randomness_0.3724,0.3724,0.0361438792198896,121.0,297.0,0.04090909090909091,297.0,1.0,0.0,4.909090995788574,1.3666633367538452,4.909090995788574,1.3666633367538452,136.1422882080078,50.73778533935547,Test,11,0.0360209196805954,-0.0001229595392942054,0.0001229595392942054,1.511904830344324e-08,0.3401946386168257,0.00023915886951970505,0.03569590672850609,0.036413051187992096,0.0007171444594860077,Q4
randomness_0.9910,0.991,0.0043620296632487,121.0,243.0,0.03347107438016529,243.0,1.0,0.0,4.016529083251953,1.4713993072509766,4.016529083251953,1.4713993072509766,136.7244415283203,51.18764877319336,Test,11,0.006003166828304529,0.0016411371650558292,0.0016411371650558292,2.6933311945274842e-06,37.62324632688451,0.0003553315750700644,0.0053749107755720615,0.006405456457287073,0.0010305456817150116,Q1
randomness_0.0931,0.0931,0.0336260215379298,121.0,291.0,0.04008264462809917,291.0,1.0,0.0,4.809917449951172,1.2682651281356812,4.809917449951172,1.2682651281356812,136.00393676757812,50.90559005737305,Test,11,0.03429553285241127,0.0006695113144814732,0.0006695113144814732,4.4824540021871015e-07,1.9910512271761664,0.0002918091913792483,0.03386400640010834,0.03471457585692406,0.0008505694568157196,Q4
randomness_0.4615,0.4615,0.026931158475285,121.0,281.0,0.03870523415977961,281.0,1.0,0.0,4.644628047943115,1.4537469148635864,4.644628047943115,1.4537469148635864,135.3045196533203,50.97917938232422,Test,11,0.027884048968553544,0.0009528904932685454,0.0009528904932685454,9.080002921615719e-07,3.538245464423756,0.00022801050024247736,0.027616342529654503,0.028208434581756592,0.0005920920521020889,Q3
randomness_0.1041,0.1041,0.0358628667891026,121.0,289.0,0.03980716253443526,289.0,1.0,0.0,4.776859283447266,1.428676724433899,4.776859283447266,1.428676724433899,136.03590393066406,50.835975646972656,Test,11,0.03416269943118096,-0.0017001673579216461,0.0017001673579216461,2.8905690449422706e-06,4.740745819121923,0.0003227519540213191,0.033710796386003494,0.03458437696099281,0.0008735805749893188,Q4
randomness_0.0571,0.0571,0.0389853850007057,121.0,295.0,0.040633608815427,295.0,1.0,0.0,4.876032829284668,1.2568504810333252,4.876032829284668,1.2568504810333252,136.03590393066406,50.83940124511719,Test,11,0.036603114753961566,-0.002382270246744131,0.002382270246744131,5.675211528522342e-06,6.110675184305626,0.0003683181433951281,0.03625500947237015,0.03716123849153519,0.0009062290191650391,Q5
randomness_0.1642,0.1642,0.0441122628748417,121.0,303.0,0.04173553719008265,303.0,1.0,0.0,5.008264541625977,1.2025859355926514,5.008264541625977,1.2025859355926514,136.01693725585938,50.746376037597656,Test,11,0.039861415326595304,-0.004250847548246395,0.004250847548246395,1.8069704878432386e-05,9.636430487157703,0.00026006744927738374,0.039462145417928696,0.04027514532208443,0.0008129999041557312,Q5
randomness_0.7457,0.7457,0.0127082773925969,121.0,266.0,0.03663911845730027,266.0,1.0,0.0,4.396694183349609,1.4344021081924438,4.396694183349609,1.4344021081924438,135.88233947753906,50.88672637939453,Test,11,0.018042979389429094,0.005334701996832194,0.005334701996832194,2.84590453950054e-05,41.978167709337846,0.0002479116103091662,0.01785317063331604,0.018514584749937057,0.0006614141166210175,Q2
randomness_0.7417,0.7417,0.0086889560800045,121.0,253.0,0.03484848484848485,253.0,1.0,0.0,4.181818008422852,1.3360854387283325,4.181818008422852,1.3360854387283325,136.61160278320312,50.71833419799805,Test,11,0.009770844131708145,0.0010818880517036444,0.0010818880517036444,1.1704817564191076e-06,12.45130072867262,0.0002463127567623368,0.009330667555332184,0.010076970793306828,0.0007463032379746437,Q1
randomness_0.7307,0.7307,0.0153759528369733,120.0,255.0,0.03571428571428571,255.0,1.0,0.0,4.25,1.3555442094802856,4.25,1.3555442094802856,136.02857971191406,49.11738204956055,Test,11,0.010718531161546706,-0.004657421675426593,0.004657421675426593,2.1691576662733454e-05,30.29029631404222,0.00044883878922262634,0.01028575748205185,0.011368030682206154,0.0010822732001543045,Q2
randomness_0.8779,0.8779,0.0031209282577037,121.0,243.0,0.03347107438016529,243.0,1.0,0.0,4.016529083251953,1.396474003791809,4.016529083251953,1.396474003791809,135.995361328125,51.80620574951172,Test,11,0.00505372816696763,0.00193279990926393,0.00193279990926393,3.735715489250656e-06,61.930289633957656,0.0005450280718588151,0.004014978650957346,0.005607627797871828,0.0015926491469144821,Q1
randomness_0.7628,0.7628,0.0022252250055316,119.0,244.0,0.034752884204529266,244.0,1.0,0.0,4.1008405685424805,1.4224783182144165,4.1008405685424805,1.4224783182144165,135.93711853027344,50.05459976196289,Test,11,0.006165445689111948,0.003940220683580348,0.003940220683580348,1.5525339035314384e-05,177.07066358617703,0.000406874185832986,0.005635587964206934,0.006815838161855936,0.001180250197649002,Q1
randomness_0.4905,0.4905,0.021619337674039,121.0,284.0,0.03911845730027548,284.0,1.0,0.0,4.694214820861816,1.2717071771621704,4.694214820861816,1.2717071771621704,135.54383850097656,51.40958023071289,Test,11,0.026588242128491403,0.0049689044544524025,0.0049689044544524025,2.4690011477476927e-05,22.983610919862627,0.0002606663526179667,0.026323968544602394,0.027068138122558594,0.0007441695779561996,Q2
randomness_0.8909,0.8909,0.0015531262481558,120.0,232.0,0.032492997198879554,232.0,1.0,0.0,3.866666555404663,1.3535960912704468,3.866666555404663,1.3535960912704468,135.06619262695312,52.646087646484375,Test,11,0.0007980255933944136,-0.0007551006547613865,0.0007551006547613865,5.701769988210745e-07,48.61811173805102,0.00037600054036547066,0.0002730159612838179,0.0012751525500789285,0.0010021365887951106,Q1
randomness_0.6406,0.6406,0.0229624278112811,121.0,267.0,0.03677685950413223,267.0,1.0,0.0,4.4132232666015625,1.302695393562317,4.4132232666015625,1.302695393562317,136.5519561767578,50.77366256713867,Test,11,0.016977660357952118,-0.0059847674533289805,0.0059847674533289805,3.581744147042585e-05,26.063304379290216,0.0002217599150109876,0.016703225672245026,0.017376020550727844,0.0006727948784828186,Q3
randomness_0.8038,0.8038,0.0155941737748814,121.0,268.0,0.03691460055096419,268.0,1.0,0.0,4.429751873016357,1.3595480918884277,4.429751873016357,1.3595480918884277,134.96258544921875,52.087745666503906,Test,11,0.017803248763084412,0.0022090749882030126,0.0022090749882030126,4.880012303504141e-06,14.166027774817543,0.00017142508040090992,0.017595043405890465,0.018066685646772385,0.00047164224088191986,Q2
randomness_0.0561,0.0561,0.0287058036774397,121.0,286.0,0.03939393939393939,286.0,1.0,0.0,4.7272725105285645,1.3545149564743042,4.7272725105285645,1.3545149564743042,136.0181884765625,50.876529693603516,Test,11,0.032386279106140135,0.0036804754287004353,0.0036804754287004353,1.3545899381267653e-05,12.82136347777287,0.00035796276558639986,0.032076429575681686,0.0330757237970829,0.0009992942214012146,Q3
randomness_0.5375,0.5375,0.0300985630601645,121.0,279.0,0.0384297520661157,279.0,1.0,0.0,4.611570358276367,1.3197287321090698,4.611570358276367,1.3197287321090698,135.665283203125,51.50126266479492,Test,11,0.024305200576782225,-0.005793362483382275,0.005793362483382275,3.3563048863861244e-05,19.247970316064027,0.00018694589387760545,0.024013260379433632,0.02455778419971466,0.0005445238202810287,Q3
randomness_0.1351,0.1351,0.0384815935045481,121.0,300.0,0.04132231404958678,300.0,1.0,0.0,4.958677768707275,1.268803596496582,4.958677768707275,1.268803596496582,135.99928283691406,50.83871078491211,Test,11,0.03850972279906273,2.81292945146297e-05,2.81292945146297e-05,7.912572098907765e-10,0.07309805014001078,0.00026539746699189563,0.038034554570913315,0.038855668157339096,0.0008211135864257812,Q5
randomness_0.5025,0.5025,0.0244186518713832,121.0,284.0,0.03911845730027548,284.0,1.0,0.0,4.694214820861816,1.3412894010543823,4.694214820861816,1.3412894010543823,135.3557891845703,51.10648727416992,Test,11,0.027278835698962212,0.002860183827579011,0.002860183827579011,8.180651527544522e-06,11.713111119500125,0.00022854136280338398,0.026990480720996857,0.027607088908553123,0.0006166081875562668,Q3
randomness_0.2933,0.2933,0.0316933810710907,121.0,290.0,0.03994490358126722,290.0,1.0,0.0,4.793388366699219,1.4426637887954712,4.793388366699219,1.4426637887954712,136.18069458007812,51.3556022644043,Test,11,0.03395853489637375,0.002265153825283049,0.002265153825283049,5.13092185219443e-06,7.147087968311536,0.0002498846354425471,0.03355708718299866,0.034217312932014465,0.0006602257490158081,Q3
randomness_0.2012,0.2012,0.0392136126756668,121.0,297.0,0.04090909090909091,297.0,1.0,0.0,4.909090995788574,1.3483997583389282,4.909090995788574,1.3483997583389282,136.2148895263672,50.645240783691406,Test,11,0.03750532791018486,-0.0017082847654819391,0.0017082847654819391,2.9182368399776837e-06,4.356356502041905,0.0002749073893592053,0.03716135025024414,0.03791720047593117,0.000755850225687027,Q5
randomness_0.0661,0.0661,0.0420046001672745,121.0,302.0,0.04159779614325069,302.0,1.0,0.0,4.991735458374023,1.2694495916366577,4.991735458374023,1.2694495916366577,136.07814025878906,50.785484313964844,Test,11,0.04015196412801743,-0.0018526360392570745,0.0018526360392570745,3.4322602939541407e-06,4.410555110343487,0.00030566372836336877,0.03970085829496384,0.04051771014928818,0.0008168518543243408,Q5
randomness_0.6917,0.6917,0.015259851841256,121.0,272.0,0.03746556473829201,272.0,1.0,0.0,4.495867729187012,1.311890721321106,4.495867729187012,1.311890721321106,136.24154663085938,51.13156509399414,Test,11,0.019473203271627427,0.004213351430371427,0.004213351430371427,1.7752330275812947e-05,27.61069684163222,0.00026844479613674416,0.019156564027071,0.01996624283492565,0.0008096788078546524,Q2
randomness_0.9530,0.953,0.0001472217666887,121.0,230.0,0.03168044077134986,230.0,1.0,0.0,3.8016529083251953,1.289626955986023,3.8016529083251953,1.289626955986023,138.7244110107422,51.23442077636719,Test,11,-0.002723504649475217,-0.002870726416163917,0.002870726416163917,8.241070156461325e-06,1949.9334104813859,0.0004273879722446272,-0.0035240754950791597,-0.0023505885619670153,0.0011734869331121445,Q1
randomness_0.0951,0.0951,0.0391530055552721,121.0,298.0,0.04104683195592287,298.0,1.0,0.0,4.925619602203369,1.3309121131896973,4.925619602203369,1.3309121131896973,135.98780822753906,50.80635070800781,Test,11,0.038275227695703504,-0.0008777778595685931,0.0008777778595685931,7.704939707488208e-07,2.241916928521461,0.00029334657206480036,0.037748102098703384,0.03855494409799576,0.0008068419992923737,Q5
randomness_0.8198,0.8198,0.0088689627878828,121.0,253.0,0.03484848484848485,253.0,1.0,0.0,4.181818008422852,1.4083576202392578,4.181818008422852,1.4083576202392578,134.7509307861328,50.553287506103516,Test,11,0.009507053717970847,0.0006380909300880474,0.0006380909300880474,4.0716003506062937e-07,7.194651114782415,0.00038297590034559167,0.008875078521668911,0.009953616186976433,0.0010785376653075218,Q1
randomness_0.8288,0.8288,0.0182311497700486,121.0,262.0,0.03608815426997245,262.0,1.0,0.0,4.330578327178955,1.5287245512008667,4.330578327178955,1.5287245512008667,136.2380828857422,51.520179748535156,Test,11,0.014971981942653655,-0.0032591678273949445,0.0032591678273949445,1.0622174927126282e-05,17.876918727031313,0.00039002352346936955,0.014386020600795746,0.015542171895503998,0.001156151294708252,Q2
randomness_0.7077,0.7077,0.0159605205769277,121.0,264.0,0.03636363636363636,264.0,1.0,0.0,4.363636493682861,1.38468599319458,4.363636493682861,1.38468599319458,137.54461669921875,51.81951904296875,Test,11,0.015450374223291874,-0.000510146353635825,0.000510146353635825,2.602493021279282e-07,3.1963014688461056,0.0005048375493700112,0.015055947937071323,0.016447562724351883,0.0013916147872805595,Q2
randomness_0.9259,0.9259,0.0031234396846314,119.0,235.0,0.03347101552485401,235.0,1.0,0.0,3.9495797157287598,1.4886051416397095,3.9495797157287598,1.4886051416397095,136.2602081298828,50.57551956176758,Test,11,0.004071367392316461,0.0009479277076850606,0.0009479277076850606,8.985669389970537e-07,30.348839849517578,0.000550484966613694,0.0033861163537949324,0.005044777411967516,0.0016586610581725836,Q1
randomness_0.2142,0.2142,0.0330830454826355,121.0,295.0,0.040633608815427,295.0,1.0,0.0,4.876032829284668,1.3083977699279785,4.876032829284668,1.3083977699279785,136.0880889892578,50.892147064208984,Test,11,0.036232602596282956,0.0031495571136474568,0.0031495571136474568,9.9197100121273e-06,9.520154712783574,0.00032516559177189465,0.03581922873854637,0.03671404346823692,0.0008948147296905518,Q4
randomness_0.8008,0.8008,0.0076947686958493,121.0,247.0,0.03402203856749311,247.0,1.0,0.0,4.082644462585449,1.4635334014892578,4.082644462585449,1.4635334014892578,135.53744506835938,51.34438705444336,Test,11,0.007867242768406868,0.0001724740725575673,0.0001724740725575673,2.9747305704592995e-08,2.241445836449938,0.0002198057021939636,0.007471746299415827,0.008064455352723598,0.0005927090533077717,Q1
randomness_0.0460,0.046,0.0427741162478924,121.0,303.0,0.04173553719008265,303.0,1.0,0.0,5.008264541625977,1.3015938997268677,5.008264541625977,1.3015938997268677,135.96600341796875,50.85823440551758,Test,11,0.04071910604834557,-0.0020550101995468334,0.0020550101995468334,4.223066920241516e-06,4.804331169900183,0.00032559147956390277,0.04028192162513733,0.04104693979024887,0.0007650181651115417,Q5
randomness_0.4635,0.4635,0.0304585488629527,121.0,288.0,0.03966942148760331,288.0,1.0,0.0,4.760330677032471,1.219841480255127,4.760330677032471,1.219841480255127,136.9145965576172,51.230003356933594,Test,11,0.029339996725320817,-0.0011185521376318834,0.0011185521376318834,1.2511588846008559e-06,3.672375012561413,0.0004991741156287525,0.02876150980591774,0.03003876283764839,0.0012772530317306519,Q3
randomness_0.8098,0.8098,0.013010041902885,121.0,261.0,0.03595041322314049,261.0,1.0,0.0,4.31404972076416,1.2598901987075806,4.31404972076416,1.2598901987075806,136.57498168945312,52.07710647583008,Test,11,0.012309719994664192,-0.0007003219082208079,0.0007003219082208079,4.904507751340336e-07,5.382933532792928,0.0003164452655503985,0.01203385554254055,0.012911231257021427,0.0008773757144808769,Q2
randomness_0.8238,0.8238,0.0131171527427796,120.0,258.0,0.03613445378151261,258.0,1.0,0.0,4.300000190734863,1.2622731924057007,4.300000190734863,1.2622731924057007,135.87799072265625,49.776611328125,Test,11,0.012580368481576443,-0.0005367842612031565,0.0005367842612031565,2.881373430754186e-07,4.092231536288484,0.00038943916486374716,0.011830504052340984,0.012952851131558418,0.001122347079217434,Q2
randomness_0.2102,0.2102,0.038845494017005,121.0,298.0,0.04104683195592287,298.0,1.0,0.0,4.925619602203369,1.2409359216690063,4.925619602203369,1.2409359216690063,136.35546875,50.28927230834961,Test,11,0.03733121156692505,-0.0015142824500799512,0.0015142824500799512,2.29305133862014e-06,3.898219055772747,0.00042689999499329355,0.03688529133796692,0.03806381672620773,0.0011785253882408142,Q5
randomness_0.1542,0.1542,0.0324190760031342,121.0,291.0,0.04008264462809917,291.0,1.0,0.0,4.809917449951172,1.3503230810165405,4.809917449951172,1.3503230810165405,136.1207733154297,50.84959030151367,Test,11,0.03433934226632118,0.001920266263186983,0.001920266263186983,3.6874225215340995e-06,5.923260314394328,0.0003124625312845721,0.033915579319000244,0.034852296113967896,0.0009367167949676514,Q4
randomness_0.6076,0.6076,0.0174562502927984,121.0,269.0,0.03705234159779614,269.0,1.0,0.0,4.4462809562683105,1.259347915649414,4.4462809562683105,1.259347915649414,136.35336303710938,51.35699462890625,Test,11,0.017831751704216005,0.00037550141141760515,0.00037550141141760515,1.4100130997661357e-07,2.151100065129788,0.0003360900302644722,0.017397036775946617,0.01835014671087265,0.000953109934926033,Q2
randomness_0.6336,0.6336,0.0162219030741201,121.0,269.0,0.03705234159779614,269.0,1.0,0.0,4.4462809562683105,1.4935144186019897,4.4462809562683105,1.4935144186019897,135.94386291503906,49.930389404296875,Test,11,0.020049095526337622,0.003827192452217524,0.003827192452217524,1.4647402066310784e-05,23.592746391903326,0.0003002327636561247,0.019785549491643906,0.020586755126714706,0.0008012056350708008,Q2
randomness_0.4344,0.4344,0.0276398908346891,121.0,291.0,0.04008264462809917,291.0,1.0,0.0,4.809917449951172,1.3130875825881958,4.809917449951172,1.3130875825881958,136.19052124023438,50.98408889770508,Test,11,0.031541771814227106,0.003901880979538006,0.003901880979538006,1.522467517848047e-05,14.116846563811315,0.00025744054794161233,0.031129686161875725,0.03192000463604927,0.0007903184741735458,Q3
randomness_0.2713,0.2713,0.0369778361171484,121.0,298.0,0.04104683195592287,298.0,1.0,0.0,4.925619602203369,1.2802717685699463,4.925619602203369,1.2802717685699463,136.0689697265625,51.09134292602539,Test,11,0.03706512972712517,8.729360997676572e-05,8.729360997676572e-05,7.62017434277569e-09,0.23607008722796377,0.000231035985164837,0.036774903535842896,0.037456315010786057,0.000681411474943161,Q5
randomness_0.7007,0.7007,0.0174223064552859,120.0,256.0,0.035854341736694675,256.0,1.0,0.0,4.266666889190674,1.400793433189392,4.266666889190674,1.400793433189392,135.7541961669922,50.22926330566406,Test,11,0.013408791087567807,-0.004013515367718094,0.004013515367718094,1.6108305606909308e-05,23.036647748211315,0.0002928169366508493,0.01314480695873499,0.01395547203719616,0.0008106650784611702,Q2
randomness_0.1341,0.1341,0.03649667724967,121.0,301.0,0.04146005509641873,301.0,1.0,0.0,4.97520637512207,1.2495473623275757,4.97520637512207,1.2495473623275757,135.998779296875,50.719581604003906,Test,11,0.03913871049880981,0.002642033249139815,0.002642033249139815,6.980339689560287e-06,7.2391062645674245,0.00025740840111871104,0.03880365192890167,0.039575330913066864,0.0007716789841651917,Q5
randomness_0.7908,0.7908,0.0134968698156525,120.0,256.0,0.035854341736694675,256.0,1.0,0.0,4.266666889190674,1.4533486366271973,4.266666889190674,1.4533486366271973,135.79660034179688,51.3031005859375,Test,11,0.01361649390310049,0.00011962408744799029,0.00011962408744799029,1.4309922297764427e-08,0.8863098561509473,0.00040623106706820186,0.012913529761135578,0.014071153476834297,0.001157623715698719,Q2
randomness_0.6416,0.6416,0.0204515425036549,121.0,274.0,0.03774104683195592,274.0,1.0,0.0,4.52892541885376,1.2925366163253784,4.52892541885376,1.2925366163253784,137.38478088378906,50.02978515625,Test,11,0.021376382559537888,0.0009248400558829889,0.0009248400558829889,8.5532912896565e-07,4.522104167535092,0.0002446836343454812,0.02104547619819641,0.021714316681027412,0.0006688404828310013,Q2
randomness_0.6226,0.6226,0.0180038014426827,121.0,272.0,0.03746556473829201,272.0,1.0,0.0,4.495867729187012,1.2735320329666138,4.495867729187012,1.2735320329666138,135.5817413330078,51.68164825439453,Test,11,0.020519191399216652,0.0025153899565339526,0.0025153899565339526,6.3271866334318795e-06,13.971438001813139,0.00019663873364623955,0.020252706483006477,0.02072865515947342,0.00047594867646694183,Q2
randomness_0.4274,0.4274,0.0303518131375313,121.0,292.0,0.04022038567493113,292.0,1.0,0.0,4.826446056365967,1.2575569152832031,4.826446056365967,1.2575569152832031,136.4556121826172,51.158226013183594,Test,11,0.03163118064403534,0.00127936750650404,0.00127936750650404,1.636781216698365e-06,4.215127118458858,0.00017731862777776487,0.03142140060663223,0.03193565830588341,0.0005142576992511749,Q3
randomness_0.9119,0.9119,0.0054979330898032,118.0,244.0,0.035346950601187886,244.0,1.0,0.0,4.135593414306641,1.4895981550216675,4.135593414306641,1.4895981550216675,137.58314514160156,51.0658073425293,Test,11,0.006065943185240031,0.000568010095436831,0.000568010095436831,3.226354685181579e-07,10.331338816950993,0.0005276463242575278,0.005599206779152155,0.007088508922606707,0.0014893021434545517,Q1
randomness_0.3614,0.3614,0.0337821323424578,121.0,293.0,0.04035812672176309,293.0,1.0,0.0,4.84297513961792,1.3361364603042603,4.84297513961792,1.3361364603042603,135.9764862060547,51.107723236083984,Test,11,0.034330882132053375,0.0005487497895955776,0.0005487497895955776,3.011263315811907e-07,1.6243787811638586,0.0001687137889203653,0.034040361642837524,0.034548014402389526,0.000507652759552002,Q4
randomness_0.6366,0.6366,0.0211035788990557,121.0,273.0,0.03760330578512397,273.0,1.0,0.0,4.512396812438965,1.3733935356140137,4.512396812438965,1.3733935356140137,136.25909423828125,51.44121551513672,Test,11,0.02141452580690384,0.00031094690784813986,0.00031094690784813986,9.668797950031959e-08,1.4734321099538878,0.00030713700214795285,0.0210848618298769,0.02194923162460327,0.0008643697947263718,Q2
randomness_0.5425,0.5425,0.0278573310002685,121.0,280.0,0.03856749311294766,280.0,1.0,0.0,4.628098964691162,1.3182271718978882,4.628098964691162,1.3182271718978882,135.84994506835938,50.9647102355957,Test,11,0.024810804054141045,-0.003046526946127455,0.003046526946127455,9.281326433480676e-06,10.936176714481698,0.00023083902690011093,0.024545367807149887,0.02515817992389202,0.0006128121167421341,Q3
randomness_0.4314,0.4314,0.032262072712183,121.0,294.0,0.04049586776859504,294.0,1.0,0.0,4.859504222869873,1.2940154075622559,4.859504222869873,1.2940154075622559,136.31224060058594,50.88714599609375,Test,11,0.03283204883337021,0.0005699761211872059,0.0005699761211872059,3.2487277872361245e-07,1.7667064551992284,0.00028557332551920275,0.032381996512413025,0.033226851373910904,0.000844854861497879,Q4
randomness_0.8218,0.8218,0.0084825431982076,121.0,254.0,0.0349862258953168,254.0,1.0,0.0,4.198347091674805,1.3764238357543945,4.198347091674805,1.3764238357543945,135.92599487304688,50.76984786987305,Test,11,0.010349475219845772,0.0018669320216381721,0.0018669320216381721,3.4854351734179923e-06,22.009107151174465,0.00031179054605534866,0.009808395057916641,0.01070276740938425,0.0008943723514676094,Q1
randomness_0.8919,0.8919,0.0095538207419226,121.0,258.0,0.03553719008264463,258.0,1.0,0.0,4.264462947845459,1.5307785272598267,4.264462947845459,1.5307785272598267,136.1613311767578,50.5578727722168,Test,11,0.013598345220088959,0.004044524478166358,0.004044524478166358,1.635817825448685e-05,42.33410472544037,0.00011952415080493029,0.013479584828019142,0.013807447627186775,0.00032786279916763306,Q1
randomness_0.1892,0.1892,0.03733005002141,121.0,300.0,0.04132231404958678,300.0,1.0,0.0,4.958677768707275,1.2557088136672974,4.958677768707275,1.2557088136672974,135.90673828125,50.77155303955078,Test,11,0.038660290837287906,0.0013302408158779033,0.0013302408158779033,1.7695406282275098e-06,3.5634584339291453,0.00032389184237061736,0.03823073208332062,0.039196837693452835,0.0009661056101322174,Q5
randomness_0.5485,0.5485,0.0245405273228263,121.0,278.0,0.03829201101928375,278.0,1.0,0.0,4.595041275024414,1.3458139896392822,4.595041275024414,1.3458139896392822,136.2141876220703,50.74038314819336,Test,11,0.023810651153326035,-0.0007298761695002653,0.0007298761695002653,5.3271922280438e-07,2.974166609783373,0.0001550237641468045,0.023627355694770813,0.024085531011223793,0.00045817531645298004,Q3
randomness_0.6486,0.6486,0.023038899153471,121.0,277.0,0.03815426997245179,277.0,1.0,0.0,4.578512191772461,1.309545874595642,4.578512191772461,1.309545874595642,136.33291625976562,51.2098274230957,Test,11,0.022067136690020563,-0.0009717624634504388,0.0009717624634504388,9.443222853712653e-07,4.217920556781615,0.0003046242727642993,0.021736618131399155,0.02261129952967167,0.0008746813982725143,Q3
randomness_0.8749,0.8749,0.0149103121683879,120.0,252.0,0.03529411764705882,252.0,1.0,0.0,4.199999809265137,1.536229133605957,4.199999809265137,1.536229133605957,136.2789764404297,50.11846923828125,Test,11,0.011096573248505593,-0.0038137389198823063,0.0038137389198823063,1.454460454902506e-05,25.577860991857737,0.00041344002063176805,0.010598476976156235,0.011855716817080975,0.0012572398409247398,Q2
randomness_0.4074,0.4074,0.0341136057872857,121.0,291.0,0.04008264462809917,291.0,1.0,0.0,4.809917449951172,1.3805856704711914,4.809917449951172,1.3805856704711914,135.94717407226562,51.20426559448242,Test,11,0.03242758885025978,-0.0016860169370259206,0.0016860169370259206,2.8426531119382675e-06,4.942359208636652,0.0002200000811977951,0.0320565290749073,0.03270663321018219,0.0006501041352748871,Q4
randomness_0.6266,0.6266,0.022753084848221,121.0,264.0,0.03636363636363636,264.0,1.0,0.0,4.363636493682861,1.3545149564743042,4.363636493682861,1.3545149564743042,135.57286071777344,51.223941802978516,Test,11,0.016474540904164316,-0.0062785439440566845,0.0062785439440566845,3.942011405745087e-05,27.594253640501794,0.0002887840631738463,0.01609303057193756,0.016849739477038383,0.0007567089051008224,Q3
randomness_0.9319,0.9319,0.0124584271693357,121.0,253.0,0.03484848484848485,253.0,1.0,0.0,4.181818008422852,1.4142136573791504,4.181818008422852,1.4142136573791504,136.70237731933594,52.045562744140625,Test,11,0.009087421186268329,-0.0033710059830673704,0.0033710059830673704,1.1363681337876009e-05,27.058038203767236,0.00026585640104462364,0.008711970411241055,0.009542577899992466,0.0008306074887514114,Q2
randomness_0.2212,0.2212,0.0311106855049729,121.0,294.0,0.04049586776859504,294.0,1.0,0.0,4.859504222869873,1.248508334159851,4.859504222869873,1.248508334159851,135.99066162109375,50.77671813964844,Test,11,0.0350375697016716,0.003926884196698701,0.003926884196698701,1.5420419494282e-05,12.62230045066351,0.0002670786985734574,0.034647900611162186,0.03542590141296387,0.0007780008018016815,Q3
randomness_0.1211,0.1211,0.0374036740511656,121.0,302.0,0.04159779614325069,302.0,1.0,0.0,4.991735458374023,1.2297676801681519,4.991735458374023,1.2297676801681519,136.037109375,50.81403350830078,Test,11,0.03969182744622231,0.0022881533950567107,0.0022881533950567107,5.2356459593095514e-06,6.117456247551183,0.0002937346458903881,0.0391591377556324,0.04001650586724281,0.0008573681116104126,Q5
randomness_0.0821,0.0821,0.0360031485557556,121.0,297.0,0.04090909090909091,297.0,1.0,0.0,4.909090995788574,1.3236563205718994,4.909090995788574,1.3236563205718994,136.07057189941406,50.7434196472168,Test,11,0.0375619150698185,0.0015587665140628995,0.0015587665140628995,2.4297530453638034e-06,4.329528323471335,0.00031205986595394966,0.037146780639886856,0.038042206317186356,0.0008954256772994995,Q4
randomness_0.3744,0.3744,0.0354504637420177,121.0,299.0,0.04118457300275482,299.0,1.0,0.0,4.942148685455322,1.2484537363052368,4.942148685455322,1.2484537363052368,136.6189727783203,50.5343017578125,Test,11,0.0367080956697464,0.0012576319277287015,0.0012576319277287015,1.58163806564261e-06,3.5475753910606587,0.0003355049841225348,0.03623426333069801,0.03722813352942467,0.000993870198726654,Q4
randomness_0.9590,0.959,0.0001293655916312,119.0,238.0,0.03389830508474576,238.0,1.0,0.0,4.0,1.3841843605041504,4.0,1.3841843605041504,135.4522247314453,52.488800048828125,Test,11,0.002581462566740811,0.002452096975109611,0.002452096975109611,6.0127795753417045e-06,1895.4784994916854,0.000551492847787471,0.0016065376112237573,0.003067445708438754,0.0014609080972149968,Q1
randomness_0.7528,0.7528,0.0132472354949303,121.0,263.0,0.03622589531680441,263.0,1.0,0.0,4.347107410430908,1.352748990058899,4.347107410430908,1.352748990058899,136.30088806152344,51.08711242675781,Test,11,0.015770714730024338,0.0025234792350940383,0.0025234792350940383,6.367947449950793e-06,19.049100743017444,0.0002867648981673689,0.015359100885689259,0.016101012006402016,0.0007419111207127571,Q2
randomness_0.2322,0.2322,0.036492782458663,121.0,292.0,0.04022038567493113,292.0,1.0,0.0,4.826446056365967,1.3153743743896484,4.826446056365967,1.3153743743896484,135.73269653320312,50.94777297973633,Test,11,0.03516245111823082,-0.0013303313404321795,0.0013303313404321795,1.7697814753360796e-06,3.6454642556760506,0.0003101908151224061,0.03476909175515175,0.03553551435470581,0.0007664225995540619,Q5
randomness_0.3574,0.3574,0.0345283068716526,121.0,298.0,0.04104683195592287,298.0,1.0,0.0,4.925619602203369,1.3616063594818115,4.925619602203369,1.3616063594818115,136.0204620361328,50.76689529418945,Test,11,0.03691181689500809,0.0023835100233554896,0.0023835100233554896,5.6811200314360865e-06,6.903060819678732,0.00019380616264311936,0.036675870418548584,0.037189677357673645,0.000513806939125061,Q4
randomness_0.9489,0.9489,0.0044023734264567,119.0,243.0,0.03461045435123202,243.0,1.0,0.0,4.084033489227295,1.4176547527313232,4.084033489227295,1.4176547527313232,136.3499755859375,49.85853958129883,Test,11,0.006399176362901926,0.001996802936445226,0.001996802936445226,3.987221966996277e-06,45.35741844263255,0.00034530649266673394,0.006001273635774851,0.006953871343284845,0.0009525977075099945,Q1
randomness_0.7968,0.7968,0.0135100982759029,121.0,248.0,0.03415977961432507,248.0,1.0,0.0,4.099173545837402,1.4793620109558105,4.099173545837402,1.4793620109558105,136.57557678222656,51.34269332885742,Test,11,0.007877837121486663,-0.005632261154416236,0.005632261154416236,3.1722365711546115e-05,41.68926857077081,0.00034951129046808014,0.007376470137387514,0.008461288176476955,0.0010848180390894413,Q2
randomness_0.4304,0.4304,0.0361382640898228,121.0,295.0,0.040633608815427,295.0,1.0,0.0,4.876032829284668,1.3272119760513306,4.876032829284668,1.3272119760513306,135.88902282714844,51.40854263305664,Test,11,0.03370903432369232,-0.0024292297661304765,0.0024292297661304765,5.90115725665433e-06,6.722043317002026,0.00022630475437050514,0.03349754214286804,0.034124068915843964,0.0006265267729759216,Q4
randomness_0.2432,0.2432,0.0352936618030071,121.0,293.0,0.04035812672176309,293.0,1.0,0.0,4.84297513961792,1.2984942197799683,4.84297513961792,1.2984942197799683,136.08201599121094,50.863338470458984,Test,11,0.035017847269773486,-0.0002758145332336162,0.0002758145332336162,7.607365674287759e-08,0.7814846041566481,0.0003624838554206849,0.034768011420965195,0.035720519721508026,0.0009525083005428314,Q4
randomness_0.5656,0.5656,0.0285240080207586,121.0,284.0,0.03911845730027548,284.0,1.0,0.0,4.694214820861816,1.1559617519378662,4.694214820861816,1.1559617519378662,135.84613037109375,50.65106201171875,Test,11,0.02547667920589447,-0.0030473288148641295,0.0030473288148641295,9.28621290590122e-06,10.683382267479411,0.00026986158855399274,0.025068942457437515,0.025761885568499565,0.0006929431110620499,Q3
randomness_0.5335,0.5335,0.0299882303923368,121.0,277.0,0.03815426997245179,277.0,1.0,0.0,4.578512191772461,1.244837760925293,4.578512191772461,1.244837760925293,136.27093505859375,51.30731964111328,Test,11,0.022914189472794534,-0.0070740409195422654,0.0070740409195422654,5.004205493135838e-05,23.589390994374806,0.00028904088266302113,0.022649502381682396,0.0234098918735981,0.0007603894919157028,Q3
randomness_0.0871,0.0871,0.0381259419023991,121.0,297.0,0.04090909090909091,297.0,1.0,0.0,4.909090995788574,1.3606027364730835,4.909090995788574,1.3606027364730835,136.012939453125,50.9398193359375,Test,11,0.037879525870084765,-0.000246416032314338,0.000246416032314338,6.072086098154088e-08,0.6463211661633259,0.00030787842993868294,0.03756913170218468,0.03843437135219574,0.0008652396500110626,Q5
randomness_0.6947,0.6947,0.0204177989602158,121.0,271.0,0.03732782369146005,271.0,1.0,0.0,4.479338645935059,1.3490073680877686,4.479338645935059,1.3490073680877686,136.8313446044922,51.47979736328125,Test,11,0.01901758015155792,-0.0014002188086578785,0.0014002188086578785,1.9606127121192884e-06,6.857834242497014,0.0005808093293858868,0.018506616353988647,0.020065737888216972,0.0015591215342283249,Q2
randomness_0.3984,0.3984,0.0332087492253512,121.0,296.0,0.04077134986225895,296.0,1.0,0.0,4.892561912536621,1.3471835851669312,4.892561912536621,1.3471835851669312,135.9162139892578,50.88785934448242,Test,11,0.03565960824489593,0.0024508590195447336,0.0024508590195447336,6.006709933683772e-06,7.380160580314101,0.00033665642792557855,0.03501705080270767,0.03597564622759819,0.0009585954248905182,Q4
randomness_0.7387,0.7387,0.0096051050632909,120.0,251.0,0.03515406162464986,251.0,1.0,0.0,4.183333396911621,1.147339940071106,4.183333396911621,1.147339940071106,137.0920867919922,51.38141632080078,Test,11,0.007850473374128341,-0.0017546316891625582,0.0017546316891625582,3.078732364613452e-06,18.267699078779117,0.0004235262915293854,0.007260898593813181,0.008365768007934093,0.0011048694141209126,Q1
randomness_0.0061,0.0061,0.0391237345524132,121.0,302.0,0.04159779614325069,302.0,1.0,0.0,4.991735458374023,1.3391491174697876,4.991735458374023,1.3391491174697876,135.9744873046875,50.833946228027344,Prediction,11,0.04059493765234947,0.0014712030999362719,0.0014712030999362719,2.1644385612620957e-06,3.760385139014103,0.0003387857046687497,0.04014399275183678,0.0410645492374897,0.0009205564856529236,Q5
randomness_0.0153,0.0153,0.0403893996030092,121.0,297.0,0.04090909090909091,297.0,1.0,0.0,4.909090995788574,1.372697114944458,4.909090995788574,1.372697114944458,135.9912567138672,50.83308792114258,Prediction,11,0.038244469463825224,-0.002144930139183973,0.002144930139183973,4.600725301979778e-06,5.310626452154951,0.00036363916593827117,0.037765372544527054,0.03863711655139923,0.0008717440068721771,Q5
randomness_0.0229,0.0229,0.0366303786635399,121.0,293.0,0.04035812672176309,293.0,1.0,0.0,4.84297513961792,1.3174498081207275,4.84297513961792,1.3174498081207275,135.97752380371094,50.85953140258789,Prediction,11,0.03576200753450394,-0.0008683711290359622,0.0008683711290359622,7.540684177431917e-07,2.370631046466076,0.00034284941503004966,0.03539806976914406,0.03638307750225067,0.0009850077331066132,Q5
randomness_0.1000,0.1,0.0364594422280788,121.0,288.0,0.03966942148760331,288.0,1.0,0.0,4.760330677032471,1.2858080863952637,4.760330677032471,1.2858080863952637,135.99363708496094,50.69256591796875,Prediction,11,0.0326095812022686,-0.0038498610258101973,0.0038498610258101973,1.4821429918052345e-05,10.559297648402511,0.0003289847732320314,0.03223882243037224,0.03311866521835327,0.0008798427879810333,Q5
randomness_0.1444,0.1444,0.0365820519626141,121.0,293.0,0.04035812672176309,293.0,1.0,0.0,4.84297513961792,1.246537446975708,4.84297513961792,1.246537446975708,135.96279907226562,50.62565231323242,Prediction,11,0.035127238184213636,-0.0014548137784004614,0.0014548137784004614,2.116483129823827e-06,3.9768512162391634,0.00029307809773164336,0.034699708223342896,0.03555580973625183,0.0008561015129089355,Q5
randomness_0.1889,0.1889,0.0382835615426302,121.0,297.0,0.04090909090909091,297.0,1.0,0.0,4.909090995788574,1.30479097366333,4.909090995788574,1.30479097366333,135.73553466796875,51.08343505859375,Prediction,11,0.037356799095869066,-0.0009267624467611327,0.0009267624467611327,8.588886327266813e-07,2.4207842985798163,0.0002823127531254324,0.0368354432284832,0.037669096142053604,0.000833652913570404,Q5
randomness_0.2333,0.2333,0.041121981292963,121.0,300.0,0.04132231404958678,300.0,1.0,0.0,4.958677768707275,1.3073011636734009,4.958677768707275,1.3073011636734009,135.9922332763672,50.86994171142578,Prediction,11,0.038234985619783404,-0.0028869956731795987,0.0028869956731795987,8.334744016957724e-06,7.020565601185261,0.0002491790355263782,0.03784788399934769,0.03850466012954712,0.0006567761301994324,Q5
randomness_0.2778,0.2778,0.0298009671270847,121.0,288.0,0.03966942148760331,288.0,1.0,0.0,4.760330677032471,1.4026232957839966,4.760330677032471,1.4026232957839966,135.87547302246094,51.20341873168945,Prediction,11,0.03292142003774643,0.0031204529106617293,0.0031204529106617293,9.737226367657258e-06,10.470978667755034,0.00029676771478804605,0.0326591357588768,0.033454831689596176,0.0007956959307193756,Q3
randomness_0.3222,0.3222,0.0427577152848244,121.0,303.0,0.04173553719008265,303.0,1.0,0.0,5.008264541625977,1.2952289581298828,5.008264541625977,1.2952289581298828,136.2012939453125,51.18830490112305,Prediction,11,0.03976238593459129,-0.0029953293502331113,0.0029953293502331113,8.971997916367913e-06,7.005354075352608,0.0002221022661431954,0.03944193199276924,0.04011039063334465,0.0006684586405754089,Q5
randomness_0.3667,0.3667,0.0373946022242308,121.0,294.0,0.04049586776859504,294.0,1.0,0.0,4.859504222869873,1.3624587059020996,4.859504222869873,1.3624587059020996,136.22906494140625,51.256717681884766,Prediction,11,0.03486836329102516,-0.002526238933205638,0.002526238933205638,6.381883147643959e-06,6.755624563292442,0.00016581335917752524,0.03458774834871292,0.03510277345776558,0.0005150251090526581,Q5
randomness_0.4111,0.4111,0.034637825191021,121.0,293.0,0.04035812672176309,293.0,1.0,0.0,4.84297513961792,1.3423075675964355,4.84297513961792,1.3423075675964355,136.73204040527344,50.95869064331055,Prediction,11,0.03381989225745201,-0.0008179329335689933,0.0008179329335689933,6.690142838167793e-07,2.3613865162095173,0.00020231470953118482,0.033610858023166656,0.03418551757931709,0.0005746595561504364,Q4
randomness_0.4556,0.4556,0.0376368008553982,121.0,291.0,0.04008264462809917,291.0,1.0,0.0,4.809917449951172,1.3130875825881958,4.809917449951172,1.3130875825881958,136.20278930664062,50.63388442993164,Prediction,11,0.03128208070993423,-0.0063547201454639685,0.0063547201454639685,4.03824681271656e-05,16.884325981581185,0.0002556951603302755,0.030963391065597534,0.031635165214538574,0.00067177414894104,Q5
randomness_0.5000,0.5,0.0278264483436942,121.0,278.0,0.03829201101928375,278.0,1.0,0.0,4.595041275024414,1.3210221529006958,4.595041275024414,1.3210221529006958,135.8992919921875,51.231910705566406,Prediction,11,0.024074010923504828,-0.0037524374201893737,0.0037524374201893737,1.4080786592437482e-05,13.48514684246335,0.00027803949009487955,0.02359522506594658,0.024433262646198273,0.0008380375802516937,Q3
randomness_0.4364,0.4364,0.0299041608348489,121.0,288.0,0.03966942148760331,288.0,1.0,0.0,4.760330677032471,1.3546662330627441,4.760330677032471,1.3546662330627441,135.79176330566406,51.148956298828125,Test,42,0.028807631507515908,-0.001096529327332993,0.001096529327332993,1.202376565701346e-06,3.6668118974773214,0.0007901358599463196,0.027649348601698875,0.029856743291020393,0.002207394689321518,Q3
randomness_0.8999,0.8999,0.0001607163528555,121.0,240.0,0.03305785123966942,240.0,1.0,0.0,3.966942071914673,1.2787771224975586,3.966942071914673,1.2787771224975586,137.3071746826172,50.73039627075195,Test,42,0.0021887551818508657,0.0020280388289953656,0.0020280388289953656,4.112941491912894e-06,1261.8745964318728,0.001310147789912935,9.470168151892722e-05,0.004153610207140446,0.0040589085256215185,Q1
randomness_0.3463,0.3463,0.028783505409956,121.0,285.0,0.03925619834710744,285.0,1.0,0.0,4.7107439041137695,1.338791847229004,4.7107439041137695,1.338791847229004,136.18589782714844,51.33002853393555,Test,42,0.0310570165514946,0.002273511141538599,0.002273511141538599,5.168852910700144e-06,7.898659698176333,0.000923117761859294,0.029681475833058357,0.032348766922950745,0.0026672910898923874,Q3
randomness_0.0601,0.0601,0.0385237075388432,121.0,300.0,0.04132231404958678,300.0,1.0,0.0,4.958677768707275,1.319884181022644,4.958677768707275,1.319884181022644,135.94671630859375,50.90108108520508,Test,42,0.03923953622579575,0.0007158286869525521,0.0007158286869525521,5.124107090642148e-07,1.8581510780881791,0.0004649225484818982,0.03844422101974487,0.039837200194597244,0.0013929791748523712,Q5
randomness_0.8679,0.8679,0.0085347901668939,120.0,252.0,0.03529411764705882,252.0,1.0,0.0,4.199999809265137,1.4809906482696533,4.199999809265137,1.4809906482696533,135.87216186523438,50.01716232299805,Test,42,0.008252769149839878,-0.00028202101705402174,0.00028202101705402174,7.953585406018482e-08,3.304369662747769,0.0006882609355605377,0.007286441512405872,0.009170188568532467,0.0018837470561265945,Q1
randomness_0.4324,0.4324,0.0334365800023079,121.0,296.0,0.04077134986225895,296.0,1.0,0.0,4.892561912536621,1.3348579406738281,4.892561912536621,1.3348579406738281,136.33799743652344,50.4161262512207,Test,42,0.03300574794411659,-0.000430832058191305,0.000430832058191305,1.85616262365356e-07,1.2885051586064353,0.0005130898341493676,0.03216886520385742,0.03351002559065819,0.001341160386800766,Q4
randomness_0.5435,0.5435,0.0165745792581988,121.0,273.0,0.03760330578512397,273.0,1.0,0.0,4.512396812438965,1.2204571962356567,4.512396812438965,1.2204571962356567,136.0702667236328,50.99928283691406,Test,42,0.020330826193094252,0.0037562469348954505,0.0037562469348954505,1.4109391035911467e-05,22.662698560130153,0.0004987511292905186,0.01972929760813713,0.021166497841477394,0.0014372002333402634,Q2
randomness_0.3614,0.3614,0.0337821323424578,121.0,293.0,0.04035812672176309,293.0,1.0,0.0,4.84297513961792,1.3361364603042603,4.84297513961792,1.3361364603042603,135.9764862060547,51.107723236083984,Test,42,0.033747007697820665,-3.512464463713283e-05,3.512464463713283e-05,1.233740660884864e-09,0.10397403065344026,0.0002609467663741097,0.03329422324895859,0.03407794237136841,0.0007837191224098206,Q4
randomness_0.4865,0.4865,0.0280019292485735,121.0,291.0,0.04008264462809917,291.0,1.0,0.0,4.809917449951172,1.2352536916732788,4.809917449951172,1.2352536916732788,135.36978149414062,50.502872467041016,Test,42,0.031537207588553426,0.0035352783399799255,0.0035352783399799255,1.2498192941131218e-05,12.625124178399325,0.0003046476826911062,0.031080612912774086,0.03194615617394447,0.0008655432611703873,Q3
randomness_0.2773,0.2773,0.0357529539614916,121.0,300.0,0.04132231404958678,300.0,1.0,0.0,4.958677768707275,1.255708932876587,4.958677768707275,1.255708932876587,136.3989715576172,50.92647171020508,Test,42,0.0378118097782135,0.0020588558167219037,0.0020588558167219037,4.238887274049617e-06,5.758561429467992,0.0005678501232721311,0.037023499608039856,0.03872113674879074,0.001697637140750885,Q4
randomness_0.6627,0.6627,0.0213040806747505,121.0,275.0,0.03787878787878788,275.0,1.0,0.0,4.545454502105713,1.4545453786849976,4.545454502105713,1.4545453786849976,136.4263458251953,51.283721923828125,Test,42,0.022764649242162704,0.001460568567412203,0.001460568567412203,2.1332605401125347e-06,6.85581598056593,0.0009184401719277953,0.021810298785567284,0.024462329223752022,0.002652030438184738,Q2
randomness_0.3774,0.3774,0.0349800117313862,121.0,295.0,0.040633608815427,295.0,1.0,0.0,4.876032829284668,1.3334242105484009,4.876032829284668,1.3334242105484009,136.12425231933594,50.758426666259766,Test,42,0.03420054465532303,-0.0007794670760631686,0.0007794670760631686,6.075689226664655e-07,2.2283213683538685,0.000820936831512377,0.0332934707403183,0.035219550132751465,0.0019260793924331665,Q4
randomness_0.6687,0.6687,0.0166030365912391,121.0,275.0,0.03787878787878788,275.0,1.0,0.0,4.545454502105713,1.4200453758239746,4.545454502105713,1.4200453758239746,136.1197052001953,51.371334075927734,Test,42,0.02143864817917347,0.004835611587934368,0.004835611587934368,2.338313942936514e-05,29.124862559695664,0.000350300580445668,0.020816417410969734,0.021784501150250435,0.0009680837392807007,Q2
randomness_0.5896,0.5896,0.0256451515835689,121.0,280.0,0.03856749311294766,280.0,1.0,0.0,4.628098964691162,1.4032561779022217,4.628098964691162,1.4032561779022217,136.87246704101562,50.891693115234375,Test,42,0.02510446757078171,-0.000540684012787191,0.000540684012787191,2.923392016836594e-07,2.108328395039055,0.0005583398432179977,0.02425915189087391,0.02601289376616478,0.0017537418752908707,Q3
randomness_0.3554,0.3554,0.0357118391786051,121.0,300.0,0.04132231404958678,300.0,1.0,0.0,4.958677768707275,1.3009639978408813,4.958677768707275,1.3009639978408813,136.5783233642578,50.464698791503906,Test,42,0.03633077740669251,0.0006189382280874095,0.0006189382280874095,3.8308453018798216e-07,1.7331457643274064,0.00034053579127321757,0.03574807569384575,0.03678807243704796,0.0010399967432022095,Q4
randomness_0.2593,0.2593,0.0347765378654003,121.0,297.0,0.04090909090909091,297.0,1.0,0.0,4.909090995788574,1.2920609712600708,4.909090995788574,1.2920609712600708,136.17047119140625,50.71115493774414,Test,42,0.036920846253633496,0.002144308388233193,0.002144308388233193,4.598058463847234e-06,6.165962800933665,0.000478049355975851,0.0362447164952755,0.03751078620553017,0.0012660697102546692,Q4
randomness_0.6176,0.6176,0.0255750574171543,121.0,269.0,0.03705234159779614,269.0,1.0,0.0,4.4462809562683105,1.4021849632263184,4.4462809562683105,1.4021849632263184,137.08326721191406,51.00048065185547,Test,42,0.01982239484786987,-0.005752662569284427,0.005752662569284427,3.309312663604611e-05,22.493253780247105,0.0005897285615364551,0.019244728609919548,0.02089250646531582,0.0016477778553962708,Q3
randomness_0.9780,0.978,3.28138928998337e-06,120.0,234.0,0.03277310924369748,234.0,1.0,0.0,3.9000000953674316,1.502220630645752,3.9000000953674316,1.502220630645752,134.45729064941406,51.0107536315918,Test,42,0.003065874776802957,0.0030625933875129737,0.0030625933875129737,9.37947825723819e-06,93332.21745014274,0.0012992656726469605,0.0013271450297906995,0.005247172899544239,0.0039200278697535396,Q1
randomness_0.2753,0.2753,0.0377308182418346,121.0,301.0,0.04146005509641873,301.0,1.0,0.0,4.97520637512207,1.2757289409637451,4.97520637512207,1.2757289409637451,136.22264099121094,50.48684310913086,Test,42,0.03815605416893959,0.00042523592710499297,0.00042523592710499297,1.808255937008429e-07,1.1270254580206966,0.000493277762412057,0.03774648532271385,0.039059579372406006,0.001313094049692154,Q5
randomness_0.0701,0.0701,0.0361817667260766,121.0,295.0,0.040633608815427,295.0,1.0,0.0,4.876032829284668,1.2568506002426147,4.876032829284668,1.2568506002426147,135.95892333984375,50.87993240356445,Test,42,0.03661549091339111,0.0004337241873145145,0.0004337241873145145,1.8811667066163608e-07,1.1987368958462845,0.00046434449496128035,0.035932838916778564,0.03722839057445526,0.0012955516576766968,Q4
randomness_0.2372,0.2372,0.043439370393753,121.0,306.0,0.04214876033057851,306.0,1.0,0.0,5.057851314544678,1.2681574821472168,5.057851314544678,1.2681574821472168,135.8718719482422,51.214969635009766,Test,42,0.04161734730005264,-0.001822023093700359,0.001822023093700359,3.3197681539774273e-06,4.1944049307915,0.0005199585239202993,0.04096991568803787,0.0421217642724514,0.0011518485844135284,Q5
randomness_0.2803,0.2803,0.0340285860002041,121.0,292.0,0.04022038567493113,292.0,1.0,0.0,4.826446056365967,1.244343876838684,4.826446056365967,1.244343876838684,136.38291931152344,50.39250564575195,Test,42,0.03434811681509018,0.00031953081488608065,0.00031953081488608065,1.0209994166176273e-07,0.9390070303954566,0.00039793044747869234,0.03358945995569229,0.034691937267780304,0.0011024773120880127,Q4
randomness_0.8228,0.8228,0.0019656309807743,120.0,246.0,0.034453781512605045,246.0,1.0,0.0,4.099999904632568,1.3379088640213013,4.099999904632568,1.3379088640213013,135.19300842285156,51.460533142089844,Test,42,0.005529220961034298,0.0035635899802599976,0.0035635899802599976,1.269917354740945e-05,181.294964065749,0.000608956016267759,0.0044431062415242195,0.006037029437720776,0.001593923196196556,Q1
randomness_0.2182,0.2182,0.035613651946187,121.0,292.0,0.04022038567493113,292.0,1.0,0.0,4.826446056365967,1.3090763092041016,4.826446056365967,1.3090763092041016,136.27157592773438,50.92930221557617,Test,42,0.03482778966426849,-0.0007858622819185077,0.0007858622819185077,6.17579526142164e-07,2.2066321171048746,0.0006984147787105973,0.034027062356472015,0.0359111949801445,0.0018841326236724854,Q4
randomness_0.6927,0.6927,0.0215069719929179,121.0,270.0,0.0371900826446281,270.0,1.0,0.0,4.462810039520264,1.3908872604370117,4.462810039520264,1.3908872604370117,136.28839111328125,49.575111389160156,Test,42,0.019906222820281982,-0.001600749172635918,0.001600749172635918,2.562397913694576e-06,7.442931404583749,0.0005607734371586886,0.019151730462908745,0.02088773623108864,0.0017360057681798935,Q2
randomness_0.2963,0.2963,0.0379083968698978,121.0,301.0,0.04146005509641873,301.0,1.0,0.0,4.97520637512207,1.345103144645691,4.97520637512207,1.345103144645691,136.0281219482422,50.57875061035156,Test,42,0.03901690989732742,0.0011085130274296265,0.0011085130274296265,1.228801131981196e-06,2.924188620357807,0.0004127195635780841,0.038407035171985626,0.03953663632273674,0.001129601150751114,Q5
randomness_0.3183,0.3183,0.0325742553919554,121.0,291.0,0.04008264462809917,291.0,1.0,0.0,4.809917449951172,1.2682651281356812,4.809917449951172,1.2682651281356812,135.8331298828125,50.875221252441406,Test,42,0.03265417143702507,7.991604506966954e-05,7.991604506966954e-05,6.386574259577453e-09,0.2453349865041144,0.00033382768187092347,0.03215962275862694,0.03312190994620323,0.0009622871875762939,Q4
randomness_0.8669,0.8669,0.0005507336456846,121.0,242.0,0.03333333333333333,242.0,1.0,0.0,4.0,1.2920609712600708,4.0,1.2920609712600708,136.12574768066406,51.43104553222656,Test,42,0.0035315542947500942,0.0029808206490654944,0.0029808206490654944,8.885291741895235e-06,541.2454227960102,0.0004481652880664174,0.0029502951074391603,0.004077049903571606,0.0011267547961324453,Q1
randomness_0.5596,0.5596,0.0211373252513413,121.0,277.0,0.03815426997245179,277.0,1.0,0.0,4.578512191772461,1.3590959310531616,4.578512191772461,1.3590959310531616,135.88247680664062,51.04676055908203,Test,42,0.021890461817383765,0.0007531365660424644,0.0007531365660424644,5.672146871102353e-07,3.5630646597287563,0.000582661962650024,0.020810069516301155,0.02241623029112816,0.0016061607748270035,Q2
randomness_0.2653,0.2653,0.0342293921858072,121.0,293.0,0.04035812672176309,293.0,1.0,0.0,4.84297513961792,1.285701870918274,4.84297513961792,1.285701870918274,136.23080444335938,50.80900192260742,Test,42,0.035508695244789126,0.001279303058981926,0.001279303058981926,1.6366163167205131e-06,3.737440186017599,0.000825317446145998,0.034184567630290985,0.036596689373254776,0.002412121742963791,Q4
randomness_0.1361,0.1361,0.0369721245020628,121.0,298.0,0.04104683195592287,298.0,1.0,0.0,4.925619602203369,1.3371073007583618,4.925619602203369,1.3371073007583618,136.18643188476562,50.830806732177734,Test,42,0.03833507671952248,0.0013629522174596759,0.0013629522174596759,1.8576387470782477e-06,3.6864319695332415,0.00040514186662557466,0.03785346448421478,0.03882633522152901,0.0009728707373142242,Q5
randomness_0.7618,0.7618,0.0167240225250678,120.0,260.0,0.036414565826330535,260.0,1.0,0.0,4.333333492279053,1.416176438331604,4.333333492279053,1.416176438331604,135.75303649902344,51.15834426879883,Test,42,0.015877292305231095,-0.0008467302198367048,0.0008467302198367048,7.169520651847144e-07,5.062957901231792,0.0006651597871445408,0.01478588581085205,0.01671108417212963,0.0019251983612775803,Q2
randomness_0.0300,0.03,0.0414497714489698,121.0,299.0,0.04118457300275482,299.0,1.0,0.0,4.942148685455322,1.3624086380004883,4.942148685455322,1.3624086380004883,135.9647979736328,50.88461685180664,Test,42,0.03931910768151283,-0.002130663767456971,0.002130663767456971,4.539728089953933e-06,5.140351063407195,0.0005773972601827032,0.03870750591158867,0.04033784568309784,0.0016303397715091705,Q5
randomness_0.2893,0.2893,0.0258772673085332,121.0,284.0,0.03911845730027548,284.0,1.0,0.0,4.694214820861816,1.3837485313415527,4.694214820861816,1.3837485313415527,136.04376220703125,50.62305450439453,Test,42,0.030304253846406937,0.004426986537873736,0.004426986537873736,1.9598209806515288e-05,17.10762765283917,0.00034909708067341547,0.029776236042380333,0.03069489076733589,0.0009186547249555588,Q3
randomness_0.6436,0.6436,0.0209903065385435,121.0,268.0,0.03691460055096419,268.0,1.0,0.0,4.429751873016357,1.4014540910720825,4.429751873016357,1.4014540910720825,137.601806640625,49.70380401611328,Test,42,0.018991221114993094,-0.0019990854235504077,0.0019990854235504077,3.996342530651713e-06,9.523850544438607,0.0007906325851658134,0.018550697714090347,0.02057100087404251,0.0020203031599521637,Q2
randomness_0.6356,0.6356,0.0158410752079847,121.0,272.0,0.03746556473829201,272.0,1.0,0.0,4.495867729187012,1.2735320329666138,4.495867729187012,1.2735320329666138,136.708251953125,51.39337921142578,Test,42,0.01873098649084568,0.002889911282860983,0.002889911282860983,8.351587222807213e-06,18.243151079822677,0.0005945904235188734,0.017693884670734406,0.01942412368953228,0.0017302390187978745,Q2
randomness_0.0551,0.0551,0.0373259469866753,121.0,298.0,0.04104683195592287,298.0,1.0,0.0,4.925619602203369,1.3676624298095703,4.925619602203369,1.3676624298095703,135.95252990722656,50.90724182128906,Test,42,0.038035265356302264,0.0007093183696269614,0.0007093183696269614,5.031325494902507e-07,1.9003358973857392,0.00042390927165872073,0.03739692643284798,0.03867901861667633,0.0012820921838283539,Q5
randomness_0.2152,0.2152,0.0353763576596975,121.0,288.0,0.03966942148760331,288.0,1.0,0.0,4.760330677032471,1.4259971380233765,4.760330677032471,1.4259971380233765,135.77593994140625,51.15068054199219,Test,42,0.032157765328884126,-0.003218592330813376,0.003218592330813376,1.035933659197068e-05,9.098145043010337,0.000481457329080952,0.03151831775903702,0.03280097618699074,0.00128265842795372,Q4
randomness_0.8659,0.8659,0.0094126577125885,119.0,252.0,0.03589232303090728,252.0,1.0,0.0,4.235294342041016,1.424314022064209,4.235294342041016,1.424314022064209,134.23974609375,51.20292282104492,Test,42,0.01359046045690775,0.00417780274431925,0.00417780274431925,1.7454035770441455e-05,44.38494282790982,0.0008281668697937768,0.012482160702347755,0.01476406492292881,0.0022819042205810547,Q1
randomness_0.6527,0.6527,0.0163075382519085,121.0,265.0,0.03650137741046832,265.0,1.0,0.0,4.380165100097656,1.3742387294769287,4.380165100097656,1.3742387294769287,135.80308532714844,51.05451583862305,Test,42,0.01731679029762745,0.0010092520457189481,0.0010092520457189481,1.0185896917878817e-06,6.188868179419009,0.00022139126818738347,0.01691887527704239,0.017580972984433174,0.0006620977073907852,Q2
randomness_0.3073,0.3073,0.0371292354539037,121.0,296.0,0.04077134986225895,296.0,1.0,0.0,4.892561912536621,1.3775153160095215,4.892561912536621,1.3775153160095215,135.59849548339844,51.01348876953125,Test,42,0.03652430474758148,-0.0006049307063222195,0.0006049307063222195,3.659411594514994e-07,1.6292571040770465,0.0005845068735830561,0.03590764105319977,0.037315912544727325,0.0014082714915275574,Q5
randomness_0.2082,0.2082,0.0358973741531372,121.0,297.0,0.04090909090909091,297.0,1.0,0.0,4.909090995788574,1.3483997583389282,4.909090995788574,1.3483997583389282,135.8797149658203,50.79712677001953,Test,42,0.03789135292172432,0.001993978768587118,0.001993978768587118,3.9759513295762e-06,5.554664695197092,0.0005625869386395221,0.03737729415297508,0.03883977234363556,0.0014624781906604767,Q4
randomness_0.9019,0.9019,0.0025548306526616,120.0,239.0,0.033473389355742296,239.0,1.0,0.0,3.9833333492279053,1.4199961423873901,3.9833333492279053,1.4199961423873901,135.3923797607422,51.17098617553711,Test,42,0.0018871672451496123,-0.0006676634075119875,0.0006676634075119875,4.4577442573051823e-07,26.133372355479672,0.0007096759811332503,0.0006076610879972577,0.0027243581134825945,0.0021166970254853368,Q1
randomness_0.2102,0.2102,0.038845494017005,121.0,298.0,0.04104683195592287,298.0,1.0,0.0,4.925619602203369,1.2409359216690063,4.925619602203369,1.2409359216690063,136.35546875,50.28927230834961,Test,42,0.03732572346925735,-0.0015197705477476495,0.0015197705477476495,2.3097025178011905e-06,3.912347071921275,0.00028760598957370366,0.036854084581136703,0.03763589635491371,0.0007818117737770081,Q5
randomness_0.7137,0.7137,0.0145639242054396,120.0,261.0,0.0365546218487395,261.0,1.0,0.0,4.349999904632568,1.3456721305847168,4.349999904632568,1.3456721305847168,135.51292419433594,50.62693405151367,Test,42,0.016230010613799094,0.0016660864083594944,0.0016660864083594944,2.77584392012024e-06,11.439817901120456,0.0006517673826488807,0.015237173065543175,0.017229394987225533,0.001992221921682358,Q2
randomness_0.4084,0.4084,0.0335708998143673,121.0,291.0,0.04008264462809917,291.0,1.0,0.0,4.809917449951172,1.3067784309387207,4.809917449951172,1.3067784309387207,136.2718505859375,50.86166763305664,Test,42,0.031278033182024954,-0.0022928666323423427,0.0022928666323423427,5.257237393708916e-06,6.829923073319194,0.0004174611821902289,0.03076152130961418,0.03193550184369087,0.0011739805340766907,Q4
randomness_0.9479,0.9479,0.0099050296936184,120.0,238.0,0.03333333333333333,238.0,1.0,0.0,3.9666666984558105,1.4940623044967651,3.9666666984558105,1.4940623044967651,136.15533447265625,52.32333755493164,Test,42,0.00338309109210968,-0.006521938601508719,0.006521938601508719,4.253568312184951e-05,65.84471529359135,0.0007364504116211363,0.0024934683460742235,0.004608216695487499,0.0021147483494132757,Q1
randomness_0.3193,0.3193,0.0385035225311217,121.0,300.0,0.04132231404958678,300.0,1.0,0.0,4.958677768707275,1.3446969985961914,4.958677768707275,1.3446969985961914,135.87689208984375,51.37877655029297,Test,42,0.03708375468850136,-0.0014197678426203439,0.0014197678426203439,2.0157407269388257e-06,3.6873713086192863,0.0002928113245534105,0.03653351962566376,0.037374094128608704,0.0008405745029449463,Q5
randomness_0.2813,0.2813,0.0345584027469158,121.0,300.0,0.04132231404958678,300.0,1.0,0.0,4.958677768707275,1.2491101026535034,4.958677768707275,1.2491101026535034,135.93487548828125,50.759788513183594,Test,42,0.0375419557094574,0.0029835529625415955,0.0029835529625415955,8.90158828029073e-06,8.633364754706047,0.0002810680798437085,0.03698441758751869,0.03772197291254997,0.0007375553250312805,Q4
randomness_0.9990,0.999,0.0025757477431446,119.0,244.0,0.034752884204529266,244.0,1.0,0.0,4.1008405685424805,1.3559389114379883,4.1008405685424805,1.3559389114379883,135.58331298828125,51.5483512878418,Test,42,0.007153267227113247,0.004577519483968647,0.004577519483968647,2.0953684626112587e-05,177.71614072658315,0.0003846722937670713,0.0067021483555436134,0.00786480400711298,0.0011626556515693665,Q1
randomness_0.0861,0.0861,0.0385365009307861,121.0,298.0,0.04104683195592287,298.0,1.0,0.0,4.925619602203369,1.2738001346588135,4.925619602203369,1.2738001346588135,135.83807373046875,50.868682861328125,Test,42,0.038667358458042145,0.0001308575272560425,0.0001308575272560425,1.7123692439565904e-08,0.33956774511279725,0.0005125350188334958,0.03806011378765106,0.039316531270742416,0.0012564174830913544,Q5
randomness_0.9900,0.99,0.0056488657214367,121.0,241.0,0.033195592286501374,241.0,1.0,0.0,3.983471155166626,1.4430423974990845,3.983471155166626,1.4430423974990845,136.01429748535156,50.964019775390625,Test,42,0.0049339642748236654,-0.0007149014466130343,0.0007149014466130343,5.110840783694092e-07,12.65566366536343,0.0005062417168882177,0.004170951433479786,0.005572347901761532,0.001401396468281746,Q1
randomness_0.6787,0.6787,0.0170872844174851,121.0,258.0,0.03553719008264463,258.0,1.0,0.0,4.264462947845459,1.3531023263931274,4.264462947845459,1.3531023263931274,135.93746948242188,51.20279312133789,Test,42,0.012586314976215363,-0.0045009694412697365,0.0045009694412697365,2.0258725911244006e-05,26.341045957331747,0.0003438108405151824,0.012176694348454475,0.013209668919444084,0.0010329745709896088,Q2
randomness_0.5836,0.5836,0.0247964336003466,121.0,273.0,0.03760330578512397,273.0,1.0,0.0,4.512396812438965,1.505448579788208,4.512396812438965,1.505448579788208,136.54180908203125,51.10252380371094,Test,42,0.022154933586716653,-0.002641500013629946,0.002641500013629946,6.977522322007004e-06,10.652741665208756,0.0006687210288129403,0.02152135781943798,0.023355571553111076,0.0018342137336730957,Q3
randomness_0.9790,0.979,0.0026478060779471,120.0,239.0,0.033473389355742296,239.0,1.0,0.0,3.9833333492279053,1.3164557218551636,3.9833333492279053,1.3164557218551636,135.74554443359375,51.541568756103516,Test,42,0.0026762440567836164,2.843797883651626e-05,2.843797883651626e-05,8.087186403061468e-10,1.0740204531354813,0.000813043166750001,0.0017032857285812497,0.004099342040717602,0.002396056312136352,Q1
randomness_0.7417,0.7417,0.0086889560800045,121.0,253.0,0.03484848484848485,253.0,1.0,0.0,4.181818008422852,1.3360854387283325,4.181818008422852,1.3360854387283325,136.61160278320312,50.71833419799805,Test,42,0.010759824886918068,0.0020708688069135672,0.0020708688069135672,4.288497615447621e-06,23.833344165234802,0.0005106040894260444,0.010184531100094318,0.011556998826563358,0.00137246772646904,Q1
randomness_0.0440,0.044,0.0395673248916864,121.0,292.0,0.04022038567493113,292.0,1.0,0.0,4.826446056365967,1.2509677410125732,4.826446056365967,1.2509677410125732,136.09030151367188,50.78190612792969,Test,42,0.03479511365294456,-0.004772211238741837,0.004772211238741837,2.27740001071739e-05,12.060990354555255,0.00040211089205768007,0.034454554319381714,0.035500772297382355,0.0010462179780006409,Q5
randomness_0.0631,0.0631,0.0343242887407541,121.0,294.0,0.04049586776859504,294.0,1.0,0.0,4.859504222869873,1.3130356073379517,4.859504222869873,1.3130356073379517,136.03851318359375,50.76212692260742,Test,42,0.03630039766430855,0.0019761089235544524,0.0019761089235544524,3.905006477751536e-06,5.757173698425885,0.00026687927822163326,0.0361044779419899,0.036791589111089706,0.0006871111690998077,Q4
randomness_0.1101,0.1101,0.0357259644195437,121.0,296.0,0.04077134986225895,296.0,1.0,0.0,4.892561912536621,1.3894624710083008,4.892561912536621,1.3894624710083008,135.98287963867188,50.78248977661133,Test,42,0.036919457465410234,0.0011934930458665366,0.0011934930458665366,1.424425650531783e-06,3.3406881108957345,0.00016081345477809845,0.03673674538731575,0.03714054077863693,0.00040379539132118225,Q4
randomness_0.7648,0.7648,0.0147253739061309,120.0,263.0,0.036834733893557424,263.0,1.0,0.0,4.383333206176758,1.3177210092544556,4.383333206176758,1.3177210092544556,135.96324157714844,50.78242492675781,Test,42,0.017019038274884223,0.002293664368753324,0.002293664368753324,5.260896236488583e-06,15.576272516912853,0.0010097292332101806,0.015686705708503723,0.01856369711458683,0.002876991406083107,Q2
randomness_0.3103,0.3103,0.0351437743753195,121.0,296.0,0.04077134986225895,296.0,1.0,0.0,4.892561912536621,1.3835017681121826,4.892561912536621,1.3835017681121826,136.3124542236328,50.4871940612793,Test,42,0.036499001830816266,0.0013552274554967658,0.0013552274554967658,1.8366414561322383e-06,3.856237639769576,0.00039879700632987466,0.036074843257665634,0.03714676573872566,0.001071922481060028,Q4
randomness_0.0881,0.0881,0.0394090674817562,121.0,298.0,0.04104683195592287,298.0,1.0,0.0,4.925619602203369,1.3555231094360352,4.925619602203369,1.3555231094360352,135.95108032226562,50.803558349609375,Test,42,0.03838086649775505,-0.0010282009840011513,0.0010282009840011513,1.0571972635009359e-06,2.6090467237702097,0.0003464497867668778,0.03807945176959038,0.03898710012435913,0.000907648354768753,Q5
randomness_0.1391,0.1391,0.0386608716100454,121.0,296.0,0.04077134986225895,296.0,1.0,0.0,4.892561912536621,1.271438717842102,4.892561912536621,1.271438717842102,135.9929962158203,50.70799255371094,Test,42,0.03733001351356506,-0.0013308580964803418,0.0013308580964803418,1.7711832729672788e-06,3.4423903058992074,0.00035738108327369137,0.03686574846506119,0.03771073743700981,0.0008449889719486237,Q5
randomness_0.6366,0.6366,0.0211035788990557,121.0,273.0,0.03760330578512397,273.0,1.0,0.0,4.512396812438965,1.3733935356140137,4.512396812438965,1.3733935356140137,136.25909423828125,51.44121551513672,Test,42,0.02117740027606487,7.38213770091721e-05,7.38213770091721e-05,5.4495957035303235e-09,0.34980501346373677,0.0002529490287765984,0.02091621607542038,0.021551057696342468,0.0006348416209220886,Q2
randomness_0.1982,0.1982,0.035181619040668,121.0,294.0,0.04049586776859504,294.0,1.0,0.0,4.859504222869873,1.2217437028884888,4.859504222869873,1.2217437028884888,135.8212432861328,50.74322509765625,Test,42,0.03571384623646736,0.0005322271957993591,0.0005322271957993591,2.832657879484493e-07,1.5127990419773858,0.00040089958443832605,0.035143569111824036,0.03617596626281738,0.0010323971509933472,Q4
randomness_0.2943,0.2943,0.0351747006177902,121.0,295.0,0.040633608815427,295.0,1.0,0.0,4.876032829284668,1.2957031726837158,4.876032829284668,1.2957031726837158,136.238037109375,50.61561965942383,Test,42,0.03552172109484673,0.00034702047705652966,0.00034702047705652966,1.2042321149654142e-07,0.9865627026289976,0.00035530783407320906,0.03501278534531593,0.03599445894360542,0.0009816735982894897,Q4
randomness_0.3123,0.3123,0.0371439211070538,121.0,293.0,0.04035812672176309,293.0,1.0,0.0,4.84297513961792,1.3423075675964355,4.84297513961792,1.3423075675964355,136.6254425048828,50.73371505737305,Test,42,0.03480751514434814,-0.002336405962705658,0.002336405962705658,5.458792822566552e-06,6.290143563389068,0.0006935655359937531,0.033950693905353546,0.03578856959939003,0.0018378756940364838,Q5
randomness_0.7497,0.7497,0.0075474179445342,120.0,255.0,0.03571428571428571,255.0,1.0,0.0,4.25,1.379915475845337,4.25,1.379915475845337,135.50465393066406,50.67559814453125,Test,42,0.011510318331420421,0.003962900386886221,0.003962900386886221,1.5704579476382962e-05,52.50670382917024,0.0005936035253706832,0.01051473431289196,0.012374061159789562,0.001859326846897602,Q1
randomness_0.3824,0.3824,0.0404185958206654,121.0,294.0,0.04049586776859504,294.0,1.0,0.0,4.859504222869873,1.3805363178253174,4.859504222869873,1.3805363178253174,136.3014373779297,50.503597259521484,Test,42,0.03457327112555504,-0.005845324695110357,0.005845324695110357,3.416782079126699e-05,14.461968745885361,0.0005881916291038398,0.03382337465882301,0.03538743779063225,0.0015640631318092346,Q5
randomness_0.1201,0.1201,0.0346123669296503,121.0,297.0,0.04090909090909091,297.0,1.0,0.0,4.909090995788574,1.3846861124038696,4.909090995788574,1.3846861124038696,135.83340454101562,50.85375213623047,Test,42,0.03770864829421043,0.0030962813645601314,0.0030962813645601314,9.58695828852235e-06,8.945592686144026,0.0002646447516922936,0.03746386244893074,0.03818332403898239,0.000719461590051651,Q4
randomness_0.8799,0.8799,0.006994448719037,121.0,253.0,0.03484848484848485,253.0,1.0,0.0,4.181818008422852,1.2920609712600708,4.181818008422852,1.2920609712600708,136.92178344726562,50.76051330566406,Test,42,0.008845922909677029,0.0018514741906400286,0.0018514741906400286,3.427956678606149e-06,26.47062356180861,0.000166768008414611,0.008612900041043758,0.00911030825227499,0.0004974082112312317,Q1
randomness_0.4454,0.4454,0.0362914048135281,121.0,292.0,0.04022038567493113,292.0,1.0,0.0,4.826446056365967,1.38872492313385,4.826446056365967,1.38872492313385,136.00267028808594,51.27062225341797,Test,42,0.03106781989336014,-0.005223584920167959,0.005223584920167959,2.7285839418206104e-05,14.393449212031603,0.0005979990468133732,0.030249105766415596,0.0317968875169754,0.0015477817505598068,Q4
randomness_0.6496,0.6496,0.0206238278184463,121.0,265.0,0.03650137741046832,265.0,1.0,0.0,4.380165100097656,1.3802396059036255,4.380165100097656,1.3802396059036255,136.530029296875,50.14028549194336,Test,42,0.016113201156258583,-0.004510626662187718,0.004510626662187718,2.0345752885638713e-05,21.870948021362636,0.0004054137561964414,0.01534142903983593,0.0164799764752388,0.0011385474354028702,Q2
randomness_0.0961,0.0961,0.0344226974993944,121.0,293.0,0.04035812672176309,293.0,1.0,0.0,4.84297513961792,1.2398898601531982,4.84297513961792,1.2398898601531982,136.00241088867188,50.72713851928711,Test,42,0.03617327064275742,0.0017505731433630142,0.0017505731433630142,3.0645063302638642e-06,5.085519934612364,0.0006776649122084011,0.035412270575761795,0.03733394667506218,0.0019216760993003845,Q4
randomness_0.5345,0.5345,0.0185863432855489,121.0,274.0,0.03774104683195592,274.0,1.0,0.0,4.52892541885376,1.379150390625,4.52892541885376,1.379150390625,135.0908966064453,51.688236236572266,Test,42,0.02136772871017456,0.002781385424625662,0.002781385424625662,7.736104880320073e-06,14.96467261953685,0.00030436596780845384,0.021055812016129494,0.021914271637797356,0.0008584596216678619,Q2
randomness_0.8168,0.8168,0.0062795413831947,120.0,253.0,0.035434173669467786,253.0,1.0,0.0,4.2166666984558105,1.3975176811218262,4.2166666984558105,1.3975176811218262,136.9275665283203,50.829769134521484,Test,42,0.011452282406389713,0.0051727410231950125,0.0051727410231950125,2.6757249693044586e-05,82.37450328838177,0.0007552687212406386,0.010496681556105614,0.012677475810050964,0.0021807942539453506,Q1
randomness_0.1011,0.1011,0.0365598505362868,121.0,293.0,0.04035812672176309,293.0,1.0,0.0,4.84297513961792,1.390690803527832,4.84297513961792,1.390690803527832,136.06576538085938,50.780372619628906,Test,42,0.03506171777844429,-0.0014981327578425102,0.0014981327578425102,2.244401760120805e-06,4.097754054972316,0.0006887093638489596,0.03397177532315254,0.03598809242248535,0.0020163170993328094,Q5
randomness_0.0721,0.0721,0.0372795432806015,121.0,298.0,0.04104683195592287,298.0,1.0,0.0,4.925619602203369,1.2802716493606567,4.925619602203369,1.2802716493606567,135.95758056640625,50.818058013916016,Test,42,0.03873608782887459,0.0014565445482730907,0.0014565445482730907,2.121522021104062e-06,3.907087963255728,0.0004651861455699992,0.03810742869973183,0.03927120938897133,0.001163780689239502,Q5
randomness_0.7167,0.7167,0.0163872075267136,121.0,258.0,0.03553719008264463,258.0,1.0,0.0,4.264462947845459,1.2449474334716797,4.264462947845459,1.2449474334716797,137.37782287597656,50.87445831298828,Test,42,0.011610570549964904,-0.004776636976748697,0.004776636976748697,2.2816260807642928e-05,29.14857195139601,0.0006096460766158987,0.011010048910975456,0.012520985677838326,0.0015109367668628693,Q2
randomness_0.8238,0.8238,0.0131171527427796,120.0,258.0,0.03613445378151261,258.0,1.0,0.0,4.300000190734863,1.2622731924057007,4.300000190734863,1.2622731924057007,135.87799072265625,49.776611328125,Test,42,0.011938042007386684,-0.0011791107353929155,0.0011791107353929155,1.390302126318822e-06,8.98907528573198,0.00044321388908124924,0.011249037459492683,0.012551840394735336,0.001302802935242653,Q2
randomness_0.7407,0.7407,0.0189544015248134,121.0,261.0,0.03595041322314049,261.0,1.0,0.0,4.31404972076416,1.3908381462097168,4.31404972076416,1.3908381462097168,135.7601318359375,51.23321533203125,Test,42,0.01414429284632206,-0.00481010867849134,0.00481010867849134,2.3137145498897705e-05,25.377264864809252,0.0004366862889519363,0.013326342217624187,0.01462401170283556,0.0012976694852113724,Q2
randomness_0.0390,0.039,0.0390858681556892,121.0,296.0,0.04077134986225895,296.0,1.0,0.0,4.892561912536621,1.3894624710083008,4.892561912536621,1.3894624710083008,135.972900390625,50.879032135009766,Test,42,0.036995510756969455,-0.0020903573987197457,0.0020903573987197457,4.369594054382382e-06,5.348115565434821,0.0006647447360727119,0.03581078350543976,0.03778933361172676,0.0019785501062870026,Q5
randomness_0.9249,0.9249,0.0027470617509461,121.0,248.0,0.03415977961432507,248.0,1.0,0.0,4.099173545837402,1.4793620109558105,4.099173545837402,1.4793620109558105,137.78855895996094,50.90159606933594,Test,42,0.008191589452326297,0.005444527701380197,0.005444527701380197,2.9642881891096335e-05,198.1945873442808,0.0004405772933875214,0.007501156069338322,0.008871627040207386,0.0013704709708690643,Q1
randomness_0.3654,0.3654,0.0320371283548434,121.0,293.0,0.04035812672176309,293.0,1.0,0.0,4.84297513961792,1.2984942197799683,4.84297513961792,1.2984942197799683,136.49571228027344,50.59734344482422,Test,42,0.03396962732076645,0.0019324989659230477,0.0019324989659230477,3.7345522532936487e-06,6.032060503421777,0.0007694920799658247,0.03295763581991196,0.0350874587893486,0.0021298229694366455,Q3
randomness_0.8298,0.8298,0.0101218728867958,121.0,256.0,0.03526170798898071,256.0,1.0,0.0,4.231404781341553,1.4701454639434814,4.231404781341553,1.4701454639434814,136.01754760742188,51.73469924926758,Test,42,0.011977086402475834,0.001855213515680033,0.001855213515680033,3.4418171887618683e-06,18.328757300441882,0.0003150645972989358,0.011507967486977577,0.012384681962430477,0.0008767144754528999,Q1
randomness_0.5485,0.5485,0.0245405273228263,121.0,278.0,0.03829201101928375,278.0,1.0,0.0,4.595041275024414,1.3458139896392822,4.595041275024414,1.3458139896392822,136.2141876220703,50.74038314819336,Test,42,0.023394421860575675,-0.0011461054622506246,0.0011461054622506246,1.3135577306007179e-06,4.67025605103676,0.0005847660372493615,0.02244957536458969,0.023957183584570885,0.0015076082199811935,Q3
randomness_0.7678,0.7678,0.012096458254382,121.0,263.0,0.03622589531680441,263.0,1.0,0.0,4.347107410430908,1.1971781253814697,4.347107410430908,1.1971781253814697,135.9622802734375,52.24256896972656,Test,42,0.012869733199477196,0.0007732749450951957,0.0007732749450951957,5.979541407119779e-07,6.392573171697369,0.000786966368980839,0.011474929749965668,0.013741258531808853,0.0022663287818431854,Q2
randomness_0.6877,0.6877,0.0092831219156261,121.0,258.0,0.03553719008264463,258.0,1.0,0.0,4.264462947845459,1.4418113231658936,4.264462947845459,1.4418113231658936,136.62950134277344,50.39070129394531,Test,42,0.013944289647042751,0.004661167731416652,0.004661167731416652,2.172648462039986e-05,50.21120883450425,0.0005993867947970041,0.013040658086538315,0.014790244400501251,0.0017495863139629364,Q1
randomness_0.9489,0.9489,0.0044023734264567,119.0,243.0,0.03461045435123202,243.0,1.0,0.0,4.084033489227295,1.4176547527313232,4.084033489227295,1.4176547527313232,136.3499755859375,49.85853958129883,Test,42,0.006565327383577823,0.0021629539571211233,0.0021629539571211233,4.678369820625926e-06,49.13154218409866,0.0004220080828360388,0.005990202538669109,0.007209169678390026,0.0012189671397209167,Q1
randomness_0.0541,0.0541,0.0379173051565886,121.0,293.0,0.04035812672176309,293.0,1.0,0.0,4.84297513961792,1.3545653820037842,4.84297513961792,1.3545653820037842,135.95852661132812,50.86852264404297,Test,42,0.03522520661354065,-0.0026920985430479508,0.0026920985430479508,7.2473945654808995e-06,7.099920555878865,0.0005363515055623205,0.03431285172700882,0.03592594712972641,0.0016130954027175903,Q5
randomness_0.3714,0.3714,0.0387829169631004,121.0,292.0,0.04022038567493113,292.0,1.0,0.0,4.826446056365967,1.3525469303131104,4.826446056365967,1.3525469303131104,135.6369171142578,51.02744674682617,Test,42,0.03401135429739952,-0.004771562665700876,0.004771562665700876,2.2767810272710453e-05,12.303258855543872,0.0006741898111588298,0.03334632143378258,0.035205863416194916,0.0018595419824123383,Q5
randomness_0.2472,0.2472,0.0421827763319016,121.0,304.0,0.0418732782369146,304.0,1.0,0.0,5.02479362487793,1.326542854309082,5.02479362487793,1.326542854309082,136.3018341064453,51.03718185424805,Test,42,0.04034860357642174,-0.0018341727554798612,0.0018341727554798612,3.364189696944587e-06,4.348155609882723,0.0003128883017568675,0.03979935869574547,0.0406954251229763,0.000896066427230835,Q5
randomness_0.3514,0.3514,0.0344238121062517,121.0,286.0,0.03939393939393939,286.0,1.0,0.0,4.7272725105285645,1.30479097366333,4.7272725105285645,1.30479097366333,136.9107666015625,50.71221923828125,Test,42,0.030489547550678252,-0.003934264555573448,0.003934264555573448,1.5478437593241543e-05,11.428904339327797,0.0005652977576565768,0.029671555384993553,0.03108079731464386,0.0014092419296503067,Q4
randomness_0.4995,0.4995,0.0270250485977158,121.0,285.0,0.03925619834710744,285.0,1.0,0.0,4.7107439041137695,1.2948596477508545,4.7107439041137695,1.2948596477508545,135.90798950195312,51.47221374511719,Test,42,0.027435208857059478,0.00041016025934367817,0.00041016025934367817,1.6823143834487332e-07,1.5177040583688186,0.000672200274424374,0.02657245099544525,0.028507700189948082,0.0019352491945028305,Q3
randomness_0.0761,0.0761,0.0356661971658468,121.0,289.0,0.03980716253443526,289.0,1.0,0.0,4.776859283447266,1.32045316696167,4.776859283447266,1.32045316696167,135.9201202392578,50.93757247924805,Test,42,0.03405610173940658,-0.0016100954264402154,0.0016100954264402154,2.592407282243699e-06,4.514345667280752,0.00030584442832171305,0.03366944193840027,0.03438397869467735,0.0007145367562770844,Q4
randomness_0.2132,0.2132,0.0345003955066204,121.0,292.0,0.04022038567493113,292.0,1.0,0.0,4.826446056365967,1.4005767107009888,4.826446056365967,1.4005767107009888,136.05445861816406,50.81806945800781,Test,42,0.03365740403532982,-0.0008429914712905842,0.0008429914712905842,7.106346206686638e-07,2.443425528640156,0.0004058427594789423,0.03307212516665459,0.03408970311284065,0.0010175779461860657,Q4
randomness_0.8849,0.8849,0.0015759465433615,121.0,250.0,0.03443526170798898,250.0,1.0,0.0,4.13223123550415,1.2658394575119019,4.13223123550415,1.2658394575119019,137.21739196777344,51.43724060058594,Test,42,0.008692393079400063,0.007116446536038563,0.007116446536038563,5.064381130029526e-05,451.5664929128342,0.0011889803250713362,0.0072485050186514854,0.010554058477282524,0.0033055534586310387,Q1
randomness_0.6266,0.6266,0.022753084848221,121.0,264.0,0.03636363636363636,264.0,1.0,0.0,4.363636493682861,1.3545149564743042,4.363636493682861,1.3545149564743042,135.57286071777344,51.223941802978516,Test,42,0.01623730584979057,-0.0065157789984304285,0.0065157789984304285,4.245537595638704e-05,28.636903707322475,0.00035874246960058,0.01580146700143814,0.016681743785738945,0.0008802767843008041,Q3
randomness_0.9870,0.987,0.0015948694221721,120.0,231.0,0.03235294117647059,231.0,1.0,0.0,3.8499999046325684,1.4180384874343872,3.8499999046325684,1.4180384874343872,135.8520050048828,50.547760009765625,Test,42,0.0010657000922947191,-0.000529169329877381,0.000529169329877381,2.8002017968287643e-07,33.17947679733489,0.0009076549594364258,-3.0548169888788834e-05,0.0019590940792113543,0.001989642249100143,Q1
randomness_0.8929,0.8929,0.0076829853593376,120.0,245.0,0.03431372549019608,245.0,1.0,0.0,4.083333492279053,1.5523279905319214,4.083333492279053,1.5523279905319214,136.61964416503906,50.49821090698242,Test,42,0.00877874493598938,0.0010957595766517792,0.0010957595766517792,1.2006890498240864e-06,14.262158853654924,0.0010633684570099423,0.00760315265506506,0.010447205975651741,0.0028440533205866814,Q1
randomness_0.0061,0.0061,0.0391237345524132,121.0,302.0,0.04159779614325069,302.0,1.0,0.0,4.991735458374023,1.3391491174697876,4.991735458374023,1.3391491174697876,135.9744873046875,50.833946228027344,Prediction,42,0.04090406522154808,0.001780330669134883,0.001780330669134883,3.16957729146226e-06,4.550513107969827,0.0006731380315597538,0.040445681661367416,0.04222622141242027,0.0017805397510528564,Q5
randomness_0.0153,0.0153,0.0403893996030092,121.0,297.0,0.04090909090909091,297.0,1.0,0.0,4.909090995788574,1.372697114944458,4.909090995788574,1.372697114944458,135.9912567138672,50.83308792114258,Prediction,42,0.03800889402627945,-0.0023805055767297453,0.0023805055767297453,5.666806800841418e-06,5.8938870102748115,0.0004556214004074597,0.03737851232290268,0.03872496262192726,0.001346450299024582,Q5
randomness_0.0229,0.0229,0.0366303786635399,121.0,293.0,0.04035812672176309,293.0,1.0,0.0,4.84297513961792,1.3174498081207275,4.84297513961792,1.3174498081207275,135.97752380371094,50.85953140258789,Prediction,42,0.0355060987174511,-0.0011242799460888034,0.0011242799460888034,1.2640053971774427e-06,3.0692555936033963,0.00036668143143976433,0.0348709300160408,0.03596276789903641,0.0010918378829956055,Q5
randomness_0.1000,0.1,0.0364594422280788,121.0,288.0,0.03966942148760331,288.0,1.0,0.0,4.760330677032471,1.2858080863952637,4.760330677032471,1.2858080863952637,135.99363708496094,50.69256591796875,Prediction,42,0.03258476853370666,-0.0038746736943721383,0.0038746736943721383,1.5013096237859434e-05,10.627353183664738,0.0005243640336983708,0.032010916620492935,0.03345208987593651,0.001441173255443573,Q5
randomness_0.1444,0.1444,0.0365820519626141,121.0,293.0,0.04035812672176309,293.0,1.0,0.0,4.84297513961792,1.246537446975708,4.84297513961792,1.246537446975708,135.96279907226562,50.62565231323242,Prediction,42,0.03536354973912239,-0.0012185022234917076,0.0012185022234917076,1.4847476686542352e-06,3.3308744537812838,0.00046110688410424725,0.034897975623607635,0.03600883483886719,0.001110859215259552,Q5
randomness_0.1889,0.1889,0.0382835615426302,121.0,297.0,0.04090909090909091,297.0,1.0,0.0,4.909090995788574,1.30479097366333,4.909090995788574,1.30479097366333,135.73553466796875,51.08343505859375,Prediction,42,0.0372955322265625,-0.0009880293160677012,0.0009880293160677012,9.762019294092094e-07,2.5808187019577398,0.0005319102277843061,0.036626409739255905,0.037938229739665985,0.00131182000041008,Q5
randomness_0.2333,0.2333,0.041121981292963,121.0,300.0,0.04132231404958678,300.0,1.0,0.0,4.958677768707275,1.3073011636734009,4.958677768707275,1.3073011636734009,135.9922332763672,50.86994171142578,Prediction,42,0.03814389407634735,-0.0029780872166156533,0.0029780872166156533,8.869003469769569e-06,7.242081054896249,0.0002942898608259398,0.03789740055799484,0.03859320282936096,0.0006958022713661194,Q5
randomness_0.2778,0.2778,0.0298009671270847,121.0,288.0,0.03966942148760331,288.0,1.0,0.0,4.760330677032471,1.4026232957839966,4.760330677032471,1.4026232957839966,135.87547302246094,51.20341873168945,Prediction,42,0.032918776571750644,0.003117809444665942,0.003117809444665942,9.720735733248151e-06,10.462108264373445,0.00034079485395198096,0.03259105980396271,0.03356143832206726,0.0009703785181045532,Q3
randomness_0.3222,0.3222,0.0427577152848244,121.0,303.0,0.04173553719008265,303.0,1.0,0.0,5.008264541625977,1.2952289581298828,5.008264541625977,1.2952289581298828,136.2012939453125,51.18830490112305,Prediction,42,0.03916069939732551,-0.003597015887498889,0.003597015887498889,1.293852329491942e-05,8.412553999992474,0.00045927824373746134,0.03868407383561134,0.0399785153567791,0.0012944415211677551,Q5
randomness_0.3667,0.3667,0.0373946022242308,121.0,294.0,0.04049586776859504,294.0,1.0,0.0,4.859504222869873,1.3624587059020996,4.859504222869873,1.3624587059020996,136.22906494140625,51.256717681884766,Prediction,42,0.03464925587177277,-0.0027453463524580307,0.0027453463524580307,7.536926594954614e-06,7.341557843017013,0.0004691967649711847,0.03412075713276863,0.035403888672590256,0.0012831315398216248,Q5
randomness_0.4111,0.4111,0.034637825191021,121.0,293.0,0.04035812672176309,293.0,1.0,0.0,4.84297513961792,1.3423075675964355,4.84297513961792,1.3423075675964355,136.73204040527344,50.95869064331055,Prediction,42,0.03401346430182457,-0.0006243608891964292,0.0006243608891964292,3.898265199581557e-07,1.802540678443863,0.000796072251923692,0.03303897753357887,0.03528090566396713,0.00224192813038826,Q4
randomness_0.4556,0.4556,0.0376368008553982,121.0,291.0,0.04008264462809917,291.0,1.0,0.0,4.809917449951172,1.3130875825881958,4.809917449951172,1.3130875825881958,136.20278930664062,50.63388442993164,Prediction,42,0.031223952397704126,-0.006412848457694076,0.006412848457694076,4.112462534134929e-05,17.038771393808005,0.0006054053499252024,0.03052307665348053,0.03198187053203583,0.0014587938785552979,Q5
randomness_0.5000,0.5,0.0278264483436942,121.0,278.0,0.03829201101928375,278.0,1.0,0.0,4.595041275024414,1.3210221529006958,4.595041275024414,1.3210221529006958,135.8992919921875,51.231910705566406,Prediction,42,0.024303740262985228,-0.0035227080807089736,0.0035227080807089736,1.24094722218923e-05,12.659567750791526,0.0004943870286416608,0.023725908249616623,0.02497001737356186,0.0012441091239452362,Q3
randomness_0.4134,0.4134,0.0268853187561035,121.0,283.0,0.03898071625344353,283.0,1.0,0.0,4.677685737609863,1.3978428840637207,4.677685737609863,1.3978428840637207,136.723388671875,50.61043930053711,Test,73,0.02882220633327961,0.0019368875771761072,0.0019368875771761072,3.751533486619131e-06,7.204257441568905,0.0003365918082182727,0.0282505601644516,0.02913435362279415,0.0008837934583425522,Q3
randomness_0.3804,0.3804,0.0381237547844648,121.0,294.0,0.04049586776859504,294.0,1.0,0.0,4.859504222869873,1.3317841291427612,4.859504222869873,1.3317841291427612,136.3478546142578,50.772396087646484,Test,73,0.03356267660856247,-0.0045610781759023306,0.0045610781759023306,2.080343412669253e-05,11.963874496855546,0.0002647145356581356,0.03322020173072815,0.0340132862329483,0.0007930845022201538,Q5
randomness_0.4585,0.4585,0.0271237330511212,121.0,286.0,0.03939393939393939,286.0,1.0,0.0,4.7272725105285645,1.336085319519043,4.7272725105285645,1.336085319519043,136.2574920654297,50.86337661743164,Test,73,0.028794750571250916,0.001671017520129714,0.001671017520129714,2.792299552580459e-06,6.160721007614547,0.0005759677288732785,0.028244489803910255,0.029907070100307465,0.0016625802963972092,Q3
randomness_0.2482,0.2482,0.0322219256311655,121.0,291.0,0.04008264462809917,291.0,1.0,0.0,4.809917449951172,1.208195447921753,4.809917449951172,1.208195447921753,136.04043579101562,51.139888763427734,Test,73,0.0341589093208313,0.0019369836896658,0.0019369836896658,3.7519058140313357e-06,6.0113840241513135,0.0005694545020608189,0.033566027879714966,0.035122230648994446,0.00155620276927948,Q4
randomness_0.8719,0.8719,0.0159548409129314,121.0,250.0,0.03443526170798898,250.0,1.0,0.0,4.13223123550415,1.4542165994644165,4.13223123550415,1.4542165994644165,135.47300720214844,49.712337493896484,Test,73,0.009256761148571968,-0.006698079764359431,0.006698079764359431,4.4864272529721286e-05,41.98148888423348,0.00023594910831674286,0.00903568509966135,0.009684610180556774,0.0006489250808954239,Q2
randomness_0.4945,0.4945,0.0322866389527917,121.0,296.0,0.04077134986225895,296.0,1.0,0.0,4.892561912536621,1.258371353149414,4.892561912536621,1.258371353149414,136.0449676513672,50.921470642089844,Test,73,0.033846940100193026,0.0015603011474013273,0.0015603011474013273,2.4345396705818984e-06,4.8326527567107265,0.0005564680718799696,0.033132024109363556,0.034760698676109314,0.001628674566745758,Q4
randomness_0.4675,0.4675,0.0322938414872335,121.0,292.0,0.04022038567493113,292.0,1.0,0.0,4.826446056365967,1.2963883876800537,4.826446056365967,1.2963883876800537,136.46705627441406,50.77617645263672,Test,73,0.03018159568309784,-0.0021122458041356595,0.0021122458041356595,4.461582337088699e-06,6.540707784704644,0.0013318261548210288,0.02763870172202587,0.03148200362920761,0.00384330190718174,Q4
randomness_0.6897,0.6897,0.0138392174849287,121.0,257.0,0.03539944903581267,257.0,1.0,0.0,4.247933864593506,1.4274810552597046,4.247933864593506,1.4274810552597046,136.3031005859375,51.595436096191406,Test,73,0.012889468856155873,-0.0009497486287728275,0.0009497486287728275,9.020224578558661e-07,6.8627336033061885,0.0006359060244050816,0.012183906510472298,0.013727362267673016,0.001543455757200718,Q2
randomness_0.3504,0.3504,0.0315157599747181,121.0,294.0,0.04049586776859504,294.0,1.0,0.0,4.859504222869873,1.255110502243042,4.859504222869873,1.255110502243042,136.18312072753906,50.923919677734375,Test,73,0.034917498379945754,0.0034017384052276514,0.0034017384052276514,1.1571824177600765e-05,10.793769237855983,0.0006336918306707064,0.034127168357372284,0.03586474806070328,0.0017375797033309937,Q3
randomness_0.1071,0.1071,0.0365901526063681,121.0,300.0,0.04132231404958678,300.0,1.0,0.0,4.958677768707275,1.319884181022644,4.958677768707275,1.319884181022644,135.94720458984375,50.77973937988281,Test,73,0.03948888778686523,0.0028987351804971306,0.0028987351804971306,8.402665646651733e-06,7.92217297282504,0.0004582417586827464,0.0389438234269619,0.0403103232383728,0.001366499811410904,Q5
randomness_0.9279,0.9279,0.0066148836887949,121.0,241.0,0.033195592286501374,241.0,1.0,0.0,3.983471155166626,1.3110053539276123,3.983471155166626,1.3110053539276123,136.512939453125,51.105953216552734,Test,73,0.0056125628761947155,-0.0010023208126001843,0.0010023208126001843,1.0046470113714939e-06,15.152508490784774,0.0007871084431811151,0.004706376697868109,0.007069859188050032,0.002363482490181923,Q1
randomness_0.0811,0.0811,0.0360118340700865,121.0,297.0,0.04090909090909091,297.0,1.0,0.0,4.909090995788574,1.2464827299118042,4.909090995788574,1.2464827299118042,135.98043823242188,50.77906799316406,Test,73,0.03695928007364273,0.0009474460035562293,0.0009474460035562293,8.976539296546706e-07,2.6309296041748467,0.00025947656443457473,0.03650396689772606,0.0372612290084362,0.000757262110710144,Q4
randomness_0.9780,0.978,3.28138928998337e-06,120.0,234.0,0.03277310924369748,234.0,1.0,0.0,3.9000000953674316,1.502220630645752,3.9000000953674316,1.502220630645752,134.45729064941406,51.0107536315918,Test,73,0.0021959966979920864,0.002192715308702103,0.002192715308702103,4.808000425016558e-06,66822.77276260676,0.0013885627188185638,0.000671751331537962,0.0047896127216517925,0.004117861390113831,Q1
randomness_0.7437,0.7437,0.018680246843173,121.0,269.0,0.03705234159779614,269.0,1.0,0.0,4.4462809562683105,1.3542124032974243,4.4462809562683105,1.3542124032974243,137.36996459960938,50.969058990478516,Test,73,0.017879850044846535,-0.0008003967983264658,0.0008003967983264658,6.406350347712572e-07,4.284722814671926,0.00058692904917228,0.017375728115439415,0.018928777426481247,0.001553049311041832,Q2
randomness_0.8999,0.8999,0.0001607163528555,121.0,240.0,0.03305785123966942,240.0,1.0,0.0,3.966942071914673,1.2787771224975586,3.966942071914673,1.2787771224975586,137.3071746826172,50.73039627075195,Test,73,0.003244540002197027,0.003083823649341527,0.003083823649341527,9.509968300238094e-06,1918.7989240361817,0.0006397101184570849,0.002161880489438772,0.004155016969889402,0.00199313648045063,Q1
randomness_0.6006,0.6006,0.0281034275889397,121.0,281.0,0.03870523415977961,281.0,1.0,0.0,4.644628047943115,1.3290119171142578,4.644628047943115,1.3290119171142578,135.71636962890625,50.9180908203125,Test,73,0.024809189885854722,-0.0032942377030849776,0.0032942377030849776,1.085200204442659e-05,11.72183603818293,0.0005930788517671536,0.024023979902267456,0.025804933160543442,0.0017809532582759857,Q3
randomness_0.4535,0.4535,0.0274398727342486,121.0,294.0,0.04049586776859504,294.0,1.0,0.0,4.859504222869873,1.3317842483520508,4.859504222869873,1.3317842483520508,135.99603271484375,51.290836334228516,Test,73,0.03354994133114815,0.00611006859689955,0.00611006859689955,3.733293825881804e-05,22.267117111200648,0.00036719413472982115,0.033070411533117294,0.03393804281949997,0.0008676312863826752,Q3
randomness_0.7568,0.7568,0.0112871058857946,121.0,267.0,0.03677685950413223,267.0,1.0,0.0,4.4132232666015625,1.370705485343933,4.4132232666015625,1.370705485343933,136.0463409423828,50.84712600708008,Test,73,0.01670954953879118,0.005422443652996579,0.005422443652996579,2.940289516992289e-05,48.04104531189879,0.0006706847876693285,0.015538993291556835,0.017492178827524185,0.00195318553596735,Q1
randomness_0.1602,0.1602,0.0354020348446284,121.0,296.0,0.04077134986225895,296.0,1.0,0.0,4.892561912536621,1.3348579406738281,4.892561912536621,1.3348579406738281,136.08985900878906,50.85295486450195,Test,73,0.03705534189939499,0.0016533070547665868,0.0016533070547665868,2.7334242173409655e-06,4.670090468026996,0.0004455067009419954,0.03653412312269211,0.03778107464313507,0.0012469515204429626,Q4
randomness_0.0310,0.031,0.039685270562768,121.0,296.0,0.04077134986225895,296.0,1.0,0.0,4.892561912536621,1.3161530494689941,4.892561912536621,1.3161530494689941,135.98358154296875,50.81941223144531,Test,73,0.03743628859519958,-0.0022489819675684183,0.0022489819675684183,5.057919890447915e-06,5.667044562569702,0.0002404643795092569,0.0371742770075798,0.03787051513791084,0.0006962381303310394,Q5
randomness_0.7768,0.7768,0.0113415457614737,121.0,257.0,0.03539944903581267,257.0,1.0,0.0,4.247933864593506,1.362308382987976,4.247933864593506,1.362308382987976,136.88873291015625,50.75623321533203,Test,73,0.012396835908293723,0.0010552901468200235,0.0010552901468200235,1.113637293975427e-06,9.30464126331666,0.0004787741645081535,0.011704795062541962,0.01283959485590458,0.0011347997933626175,Q1
randomness_0.1101,0.1101,0.0357259644195437,121.0,296.0,0.04077134986225895,296.0,1.0,0.0,4.892561912536621,1.3894624710083008,4.892561912536621,1.3894624710083008,135.98287963867188,50.78248977661133,Test,73,0.03675511255860329,0.0010291481390595908,0.0010291481390595908,1.0591458921298188e-06,2.880672798567198,0.0005523185810500019,0.03577136993408203,0.0374176949262619,0.0016463249921798706,Q4
randomness_0.1131,0.1131,0.0320388097316027,121.0,299.0,0.04118457300275482,299.0,1.0,0.0,4.942148685455322,1.2939624786376953,4.942148685455322,1.2939624786376953,135.9219207763672,50.94186019897461,Test,73,0.038390211015939715,0.006351401284337012,0.006351401284337012,4.034029827467784e-05,19.824086280184325,0.0004616416756870042,0.0379190631210804,0.03922666609287262,0.001307602971792221,Q3
randomness_0.2462,0.2462,0.0380232129245996,121.0,302.0,0.04159779614325069,302.0,1.0,0.0,4.991735458374023,1.3636114597320557,4.991735458374023,1.3636114597320557,135.82025146484375,50.80368423461914,Test,73,0.03988460674881935,0.0018613938242197509,0.0018613938242197509,3.464786968843429e-06,4.895414356253673,0.0006967237520864034,0.03884177282452583,0.04093828424811363,0.002096511423587799,Q5
randomness_0.9369,0.9369,0.0143904825712542,120.0,247.0,0.03459383753501401,247.0,1.0,0.0,4.116666793823242,1.4842692613601685,4.116666793823242,1.4842692613601685,134.56533813476562,51.373958587646484,Test,73,0.011000583693385125,-0.003389898877869075,0.003389898877869075,1.1491414402178013e-05,23.556533709582396,0.001885331764460466,0.009155589155852795,0.014344042167067528,0.005188453011214733,Q2
randomness_0.2192,0.2192,0.0411048330366611,121.0,298.0,0.04104683195592287,298.0,1.0,0.0,4.925619602203369,1.2994930744171143,4.925619602203369,1.2994930744171143,135.9456024169922,50.91713333129883,Test,73,0.03724077865481377,-0.0038640543818473302,0.0038640543818473302,1.4930916265873554e-05,9.400486746658254,0.0003624060813511689,0.03683217242360115,0.03771411255002022,0.0008819401264190674,Q5
randomness_0.4444,0.4444,0.029372990941726,121.0,287.0,0.03953168044077135,287.0,1.0,0.0,4.743801593780518,1.314439296722412,4.743801593780518,1.314439296722412,135.7618408203125,50.35388946533203,Test,73,0.029390483722090723,1.7492780364721655e-05,1.7492780364721655e-05,3.059973648883915e-10,0.05955396370572589,0.000387746767908587,0.028848683461546898,0.030057396739721298,0.0012087132781744003,Q3
randomness_0.0801,0.0801,0.0368950605392456,121.0,296.0,0.04077134986225895,296.0,1.0,0.0,4.892561912536621,1.309858798980713,4.892561912536621,1.309858798980713,136.05352783203125,50.851173400878906,Test,73,0.03662010505795479,-0.0002749554812908131,0.0002749554812908131,7.560051669186267e-08,0.7452365635728949,0.00011949730689956541,0.036484990268945694,0.036800749599933624,0.0003157593309879303,Q5
randomness_0.6987,0.6987,0.0152943094260991,120.0,256.0,0.035854341736694675,256.0,1.0,0.0,4.266666889190674,1.269733190536499,4.266666889190674,1.269733190536499,135.5586700439453,50.46467971801758,Test,73,0.012933339178562164,-0.002360970247536936,0.002360970247536936,5.57418050975462e-06,15.436919587281519,0.0007544118597563895,0.012056084349751472,0.01431561354547739,0.002259529195725918,Q2
randomness_0.4224,0.4224,0.0262064777314663,121.0,283.0,0.03898071625344353,283.0,1.0,0.0,4.677685737609863,1.3124632835388184,4.677685737609863,1.3124632835388184,136.48193359375,51.02470397949219,Test,73,0.029551203921437265,0.0033447261899709653,0.0033447261899709653,1.118719328587769e-05,12.762974956970005,0.0008049972703518401,0.028689522296190262,0.031040847301483154,0.0023513250052928925,Q3
randomness_0.4244,0.4244,0.0294438774697483,121.0,293.0,0.04035812672176309,293.0,1.0,0.0,4.84297513961792,1.3423075675964355,4.84297513961792,1.3423075675964355,136.06301879882812,50.973304748535156,Test,73,0.03223966062068939,0.0027957831509410926,0.0027957831509410926,7.816403427086104e-06,9.495295427083546,0.0004078641801591586,0.03169703111052513,0.032924264669418335,0.0012272335588932037,Q3
randomness_0.5225,0.5225,0.0295020799018857,121.0,283.0,0.03898071625344353,283.0,1.0,0.0,4.677685737609863,1.3799920082092285,4.677685737609863,1.3799920082092285,136.15631103515625,50.17668151855469,Test,73,0.02909931316971779,-0.0004027667321679085,0.0004027667321679085,1.6222104054121572e-07,1.3652147018358685,0.0009083682948371095,0.027989597991108894,0.030753519386053085,0.002763921394944191,Q3
randomness_0.2042,0.2042,0.0355158485472202,121.0,291.0,0.04008264462809917,291.0,1.0,0.0,4.809917449951172,1.398429036140442,4.809917449951172,1.398429036140442,135.83241271972656,51.218841552734375,Test,73,0.03474303483963013,-0.000772813707590074,0.000772813707590074,5.972410266391164e-07,2.1759685864257956,0.00027383028548313786,0.03439660370349884,0.035152774304151535,0.0007561706006526947,Q4
randomness_0.3043,0.3043,0.0345573195298167,121.0,297.0,0.04090909090909091,297.0,1.0,0.0,4.909090995788574,1.2856487035751343,4.909090995788574,1.2856487035751343,136.2391357421875,50.386627197265625,Test,73,0.03671486228704453,0.0021575427572278275,0.0021575427572278275,4.654990749266256e-06,6.243374158016681,0.00034708427549940676,0.03622819110751152,0.03717326372861862,0.0009450726211071014,Q4
randomness_0.7878,0.7878,0.0018202815381762,121.0,247.0,0.03402203856749311,247.0,1.0,0.0,4.082644462585449,1.2437398433685303,4.082644462585449,1.2437398433685303,137.16311645507812,50.19939422607422,Test,73,0.005871666874736547,0.0040513853365603475,0.0040513853365603475,1.64137231452962e-05,222.56916040688762,0.0003263380981536734,0.005309016909450293,0.006274155806750059,0.0009651388972997665,Q1
randomness_0.1111,0.1111,0.0374157171696424,121.0,298.0,0.04104683195592287,298.0,1.0,0.0,4.925619602203369,1.2738001346588135,4.925619602203369,1.2738001346588135,135.9944305419922,50.782596588134766,Test,73,0.03818462640047073,0.0007689092308283338,0.0007689092308283338,5.912214052530198e-07,2.0550434122166066,0.0004168161275912782,0.037882883101701736,0.03899778798222542,0.0011149048805236816,Q5
randomness_0.8659,0.8659,0.0094126577125885,119.0,252.0,0.03589232303090728,252.0,1.0,0.0,4.235294342041016,1.424314022064209,4.235294342041016,1.424314022064209,134.23974609375,51.20292282104492,Test,73,0.01332867294549942,0.00391601523291092,0.00391601523291092,1.5335175304390366e-05,41.603714407607065,0.0013783151598779852,0.012273079715669155,0.01605779491364956,0.003784715197980404,Q1
randomness_0.9209,0.9209,0.01148183400709,119.0,245.0,0.03489531405782652,245.0,1.0,0.0,4.117647171020508,1.5072736740112305,4.117647171020508,1.5072736740112305,134.6962127685547,50.149803161621094,Test,73,0.008953726291656494,-0.0025281077154335058,0.0025281077154335058,6.39132862083442e-06,22.018326635556708,0.0005098868290198557,0.008514962159097195,0.0099200289696455,0.0014050668105483055,Q1
randomness_0.4064,0.4064,0.0334790546447039,121.0,293.0,0.04035812672176309,293.0,1.0,0.0,4.84297513961792,1.3667134046554565,4.84297513961792,1.3667134046554565,136.4708251953125,51.09846878051758,Test,73,0.03407643958926201,0.0005973849445581048,0.0005973849445581048,3.568687719846899e-07,1.7843542803040464,0.0003025691683318685,0.033767007291316986,0.034534554928541183,0.0007675476372241974,Q4
randomness_0.9339,0.9339,0.0124849203006067,120.0,251.0,0.03515406162464986,251.0,1.0,0.0,4.183333396911621,1.4604984521865845,4.183333396911621,1.4604984521865845,135.9991912841797,52.13227844238281,Test,73,0.010597971826791763,-0.0018869484738149363,0.0018869484738149363,3.5605745428325174e-06,15.113820740395441,0.0003571115987748679,0.01026348676532507,0.011078938841819763,0.0008154520764946938,Q2
randomness_0.0280,0.028,0.0409685172140598,121.0,302.0,0.04159779614325069,302.0,1.0,0.0,4.991735458374023,1.195693850517273,4.991735458374023,1.195693850517273,135.96731567382812,50.87333297729492,Test,73,0.04062430039048195,-0.0003442168235778531,0.0003442168235778531,1.1848522163402685e-07,0.8401983937552001,0.00057100010644967,0.03994496911764145,0.04162038117647171,0.0016754120588302612,Q5
randomness_0.6196,0.6196,0.025441924110055,121.0,274.0,0.03774104683195592,274.0,1.0,0.0,4.52892541885376,1.483096957206726,4.52892541885376,1.483096957206726,136.49806213378906,50.683128356933594,Test,73,0.021518714353442193,-0.0039232097566128075,0.0039232097566128075,1.5391574794381924e-05,15.42025571510254,0.0006282340996970917,0.020515279844403267,0.022356444969773293,0.0018411651253700256,Q3
randomness_0.7367,0.7367,0.0123873362924996,121.0,257.0,0.03539944903581267,257.0,1.0,0.0,4.247933864593506,1.392310619354248,4.247933864593506,1.392310619354248,137.06491088867188,50.22718811035156,Test,73,0.011494271457195282,-0.0008930648353043177,0.0008930648353043177,7.975648000571281e-07,7.209498589660951,0.00042395275178921146,0.01114602293819189,0.012305407784879208,0.001159384846687317,Q2
randomness_0.3433,0.3433,0.0279942501336336,121.0,285.0,0.03925619834710744,285.0,1.0,0.0,4.7107439041137695,1.3075623512268066,4.7107439041137695,1.3075623512268066,136.59483337402344,50.54265213012695,Test,73,0.030377283692359924,0.0023830335587263253,0.0023830335587263253,5.678848942015854e-06,8.512582217243382,0.00034431172548173483,0.029849814251065254,0.03082638420164585,0.000976569950580597,Q3
randomness_0.7137,0.7137,0.0145639242054396,120.0,261.0,0.0365546218487395,261.0,1.0,0.0,4.349999904632568,1.3456721305847168,4.349999904632568,1.3456721305847168,135.51292419433594,50.62693405151367,Test,73,0.015232698060572147,0.0006687738551325473,0.0006687738551325473,4.4725846930884944e-07,4.591989395844023,0.000666802147215521,0.01457242388278246,0.016375336796045303,0.001802912913262844,Q2
randomness_0.5716,0.5716,0.030594193804088,121.0,282.0,0.03884297520661157,282.0,1.0,0.0,4.661157131195068,1.4290591478347778,4.661157131195068,1.4290591478347778,136.63247680664062,50.43754959106445,Test,73,0.02654784582555294,-0.004046347978535061,0.004046347978535061,1.637293196339477e-05,13.225868949010799,0.00033190851994023925,0.026084495708346367,0.02696617878973484,0.0008816830813884735,Q3
randomness_0.9760,0.976,0.0153897682021949,119.0,255.0,0.03631961259079903,255.0,1.0,0.0,4.285714149475098,1.4617985486984253,4.285714149475098,1.4617985486984253,134.77430725097656,51.44819641113281,Test,73,0.013970248587429523,-0.0014195196147653768,0.0014195196147653768,2.015035936703644e-06,9.223788143624697,0.0008045472247028522,0.012797359377145767,0.015165802091360092,0.002368442714214325,Q2
randomness_0.4154,0.4154,0.0372808482497931,121.0,297.0,0.04090909090909091,297.0,1.0,0.0,4.909090995788574,1.2727272510528564,4.909090995788574,1.2727272510528564,136.829833984375,50.83790969848633,Test,73,0.03479739874601364,-0.0024834495037794613,0.0024834495037794613,6.1675214378224524e-06,6.661461904352575,8.999702400821703e-05,0.03469860926270485,0.03495563939213753,0.0002570301294326782,Q5
randomness_0.7297,0.7297,0.0100332590975953,120.0,250.0,0.0350140056022409,250.0,1.0,0.0,4.166666507720947,1.4794894456863403,4.166666507720947,1.4794894456863403,136.2440948486328,50.5868034362793,Test,73,0.009384415112435818,-0.0006488439851594831,0.0006488439851594831,4.2099851707763956e-07,6.466931421266629,0.00038749964739197523,0.008945713751018047,0.00996850710362196,0.0010227933526039124,Q1
randomness_0.9610,0.961,0.0072962281871177,120.0,251.0,0.03515406162464986,251.0,1.0,0.0,4.183333396911621,1.347734808921814,4.183333396911621,1.347734808921814,136.85853576660156,49.190059661865234,Test,73,0.010869264975190163,0.003573036788072463,0.003573036788072463,1.2766591888919183e-05,48.971012096099955,0.0006387079739156282,0.010097461752593517,0.011907593347132206,0.0018101315945386887,Q1
randomness_0.2813,0.2813,0.0345584027469158,121.0,300.0,0.04132231404958678,300.0,1.0,0.0,4.958677768707275,1.2491101026535034,4.958677768707275,1.2491101026535034,135.93487548828125,50.759788513183594,Test,73,0.03791276514530182,0.0033543623983860182,0.0033543623983860182,1.1251747099706001e-05,9.70635831450683,0.0003445705251656988,0.03747574985027313,0.038292840123176575,0.0008170902729034424,Q4
randomness_0.9079,0.9079,0.0027059519152831,121.0,236.0,0.032506887052341595,236.0,1.0,0.0,3.9008264541625977,1.5449461936950684,3.9008264541625977,1.5449461936950684,136.37925720214844,52.31853103637695,Test,73,0.004320325236767531,0.0016143733214844308,0.0016143733214844308,2.606201221120673e-06,59.660089019561646,0.0009719488768859312,0.003513749223202467,0.006205310579389334,0.0026915613561868668,Q1
randomness_0.3123,0.3123,0.0371439211070538,121.0,293.0,0.04035812672176309,293.0,1.0,0.0,4.84297513961792,1.3423075675964355,4.84297513961792,1.3423075675964355,136.6254425048828,50.73371505737305,Test,73,0.03454284593462944,-0.002601075172424361,0.002601075172424361,6.765592052602419e-06,7.002694101486245,0.00026569664762651383,0.034200701862573624,0.03495171293616295,0.000751011073589325,Q5
randomness_0.0170,0.017,0.0380104511976242,121.0,305.0,0.04201101928374656,305.0,1.0,0.0,5.041322231292725,1.3261308670043945,5.041322231292725,1.3261308670043945,135.977294921875,50.82828903198242,Test,73,0.04232335835695267,0.004312907159328465,0.004312907159328465,1.8601168164986727e-05,11.346635000212883,0.0002526185137256262,0.042053837329149246,0.04271440953016281,0.0006605722010135651,Q5
randomness_0.8519,0.8519,0.012309363629703,119.0,256.0,0.03646204244409628,256.0,1.0,0.0,4.302521228790283,1.4982041120529175,4.302521228790283,1.4982041120529175,134.78204345703125,48.783287048339844,Test,73,0.011157217249274255,-0.0011521463804287455,0.0011521463804287455,1.3274412819350597e-06,9.359918311687283,0.0005777371526526709,0.010551778599619865,0.01222533080726862,0.0016735522076487541,Q2
randomness_0.7127,0.7127,0.0167857047009338,121.0,275.0,0.03787878787878788,275.0,1.0,0.0,4.545454502105713,1.3545149564743042,4.545454502105713,1.3545149564743042,134.3776092529297,51.79045867919922,Test,73,0.020943357422947884,0.004157652722014085,0.004157652722014085,1.7286076156871133e-05,24.769009082965653,0.00037406776082695933,0.02033325284719467,0.021382324397563934,0.0010490715503692627,Q2
randomness_0.2382,0.2382,0.0364261426031589,121.0,296.0,0.04077134986225895,296.0,1.0,0.0,4.892561912536621,1.3533042669296265,4.892561912536621,1.3533042669296265,135.91165161132812,50.899261474609375,Test,73,0.036739952862262726,0.00031381025910382637,0.00031381025910382637,9.847687871881064e-08,0.8614973661158746,0.0003221130356050337,0.03617626056075096,0.037024229764938354,0.0008479692041873932,Q5
randomness_0.7738,0.7738,0.0231365946400238,121.0,267.0,0.03677685950413223,267.0,1.0,0.0,4.4132232666015625,1.3886756896972656,4.4132232666015625,1.3886756896972656,135.36097717285156,51.37855529785156,Test,73,0.01715756133198738,-0.005979033308036421,0.005979033308036421,3.574883929860895e-05,25.84232209217748,0.0004595069503225038,0.016353275626897812,0.01769525185227394,0.0013419762253761292,Q3
randomness_0.0370,0.037,0.035187853127718,121.0,292.0,0.04022038567493113,292.0,1.0,0.0,4.826446056365967,1.3278809785842896,4.826446056365967,1.3278809785842896,136.04434204101562,50.8275032043457,Test,73,0.03577221557497978,0.0005843624472617812,0.0005843624472617812,3.41479469769778e-07,1.6606936636366432,0.00032529200182759485,0.03542817011475563,0.03629148378968239,0.0008633136749267578,Q4
randomness_0.1652,0.1652,0.0352230176329613,121.0,289.0,0.03980716253443526,289.0,1.0,0.0,4.776859283447266,1.2951760292053223,4.776859283447266,1.2951760292053223,136.0041046142578,50.963932037353516,Test,73,0.034056223928928375,-0.0011667937040329215,0.0011667937040329215,1.361407547770865e-06,3.3125887060313914,0.0008083553224963403,0.033232346177101135,0.03554293140769005,0.002310585230588913,Q4
randomness_0.6557,0.6557,0.0222099842678782,121.0,263.0,0.03622589531680441,263.0,1.0,0.0,4.347107410430908,1.3092849254608154,4.347107410430908,1.3092849254608154,136.85304260253906,51.00786209106445,Test,73,0.0165799081325531,-0.0056300761353251,0.0056300761353251,3.1697757289557206e-05,25.349302671356465,0.0008567965364931066,0.01572735793888569,0.018206579610705376,0.002479221671819687,Q3
randomness_0.3594,0.3594,0.0425106521695852,121.0,301.0,0.04146005509641873,301.0,1.0,0.0,4.97520637512207,1.3140236139297485,4.97520637512207,1.3140236139297485,135.86325073242188,50.618797302246094,Test,73,0.03748656064271927,-0.005024091526865934,0.005024091526865934,2.5241495670326074e-05,11.818429665166336,0.0003272669767036768,0.03714093938469887,0.038067664951086044,0.0009267255663871765,Q5
randomness_0.5976,0.5976,0.0224560204893351,121.0,267.0,0.03677685950413223,267.0,1.0,0.0,4.4132232666015625,1.4297281503677368,4.4132232666015625,1.4297281503677368,135.9866943359375,50.56615447998047,Test,73,0.018510788306593896,-0.003945232182741204,0.003945232182741204,1.5564856975736924e-05,17.568705838217813,0.0005186220274110736,0.017627336084842682,0.019181564450263977,0.0015542283654212952,Q3
randomness_0.0591,0.0591,0.0382420890033245,121.0,295.0,0.040633608815427,295.0,1.0,0.0,4.876032829284668,1.4577817916870117,4.876032829284668,1.4577817916870117,135.9323272705078,50.856510162353516,Test,73,0.037481822073459625,-0.0007602669298648751,0.0007602669298648751,5.780058046461629e-07,1.988037133114728,0.0004884836861812464,0.03670215606689453,0.038217876106500626,0.0015157200396060944,Q5
randomness_0.6827,0.6827,0.0197919749462459,120.0,262.0,0.03669467787114846,262.0,1.0,0.0,4.366666793823242,1.2445436716079712,4.366666793823242,1.2445436716079712,135.23995971679688,50.20380783081055,Test,73,0.01555261705070734,-0.004239357895538561,0.004239357895538561,1.7972155366465136e-05,21.41957994112494,0.0007417430871110423,0.014810592867434025,0.016971902921795845,0.0021613100543618202,Q2
randomness_0.3894,0.3894,0.0324053633958101,121.0,286.0,0.03939393939393939,286.0,1.0,0.0,4.7272725105285645,1.4083575010299683,4.7272725105285645,1.4083575010299683,136.3699951171875,50.7353630065918,Test,73,0.03023376241326332,-0.0021716009825467793,0.0021716009825467793,4.715850827398137e-06,6.701362845471313,0.00023769368997223224,0.02990085631608963,0.030498333275318146,0.0005974769592285156,Q4
randomness_0.0911,0.0911,0.0398575376719236,121.0,297.0,0.04090909090909091,297.0,1.0,0.0,4.909090995788574,1.2984415292739868,4.909090995788574,1.2984415292739868,136.0077362060547,50.763675689697266,Test,73,0.03762502893805504,-0.0022325087338685573,0.0022325087338685573,4.984095246799389e-06,5.6012209089403395,0.0003269778092856312,0.03728668391704559,0.03823243826627731,0.00094575434923172,Q5
randomness_0.2022,0.2022,0.039508280903101,121.0,297.0,0.04090909090909091,297.0,1.0,0.0,4.909090995788574,1.3545149564743042,4.909090995788574,1.3545149564743042,136.30296325683594,50.69550323486328,Test,73,0.037270727753639224,-0.0022375531494617726,0.0022375531494617726,5.006644096666298e-06,5.663504202953431,0.00039577524659780973,0.03656907007098198,0.03766212239861488,0.001093052327632904,Q5
randomness_0.7628,0.7628,0.0022252250055316,119.0,244.0,0.034752884204529266,244.0,1.0,0.0,4.1008405685424805,1.4224783182144165,4.1008405685424805,1.4224783182144165,135.93711853027344,50.05459976196289,Test,73,0.006670850794762373,0.004445625789230773,0.004445625789230773,1.976358865787373e-05,199.78320296507388,0.0005351749394056173,0.0061204503290355206,0.0076756603084504604,0.0015552099794149399,Q1
randomness_0.6266,0.6266,0.022753084848221,121.0,264.0,0.03636363636363636,264.0,1.0,0.0,4.363636493682861,1.3545149564743042,4.363636493682861,1.3545149564743042,135.57286071777344,51.223941802978516,Test,73,0.016369640082120895,-0.0063834447661001055,0.0063834447661001055,4.074836708185083e-05,28.0552936390039,0.00031187899870995406,0.016077132895588875,0.0168905071914196,0.0008133742958307266,Q3
randomness_0.3153,0.3153,0.0324775107204914,121.0,293.0,0.04035812672176309,293.0,1.0,0.0,4.84297513961792,1.443184494972229,4.84297513961792,1.443184494972229,135.920166015625,50.65705490112305,Test,73,0.0356631226837635,0.003185611963272106,0.003185611963272106,1.014812358054236e-05,9.808670346345764,0.00043064286908189197,0.03506886586546898,0.036231379956007004,0.001162514090538025,Q4
randomness_0.5686,0.5686,0.0255786359884074,120.0,280.0,0.0392156862745098,280.0,1.0,0.0,4.666666507720947,1.3249738216400146,4.666666507720947,1.3249738216400146,135.8154296875,50.70600891113281,Test,73,0.025149725377559662,-0.00042891061084773807,0.00042891061084773807,1.839643120977798e-07,1.676831442623158,0.0004460053873986133,0.024650124832987785,0.025968125090003014,0.0013180002570152283,Q3
randomness_0.2913,0.2913,0.0380726344883442,121.0,301.0,0.04146005509641873,301.0,1.0,0.0,4.97520637512207,1.3327583074569702,4.97520637512207,1.3327583074569702,135.99325561523438,50.70749282836914,Test,73,0.03900268748402595,0.000930052995681753,0.000930052995681753,8.649985747766028e-07,2.4428385589299983,0.0004954847765578867,0.03816849738359451,0.03958109766244888,0.0014126002788543701,Q5
randomness_0.4925,0.4925,0.0303699512159228,121.0,288.0,0.03966942148760331,288.0,1.0,0.0,4.760330677032471,1.3546662330627441,4.760330677032471,1.3546662330627441,136.5926513671875,51.0213508605957,Test,73,0.03082435019314289,0.00045439897722009126,0.00045439897722009126,2.0647843049866503e-07,1.4962124041274467,0.00039339020366183016,0.03039504773914814,0.03145362436771393,0.0010585766285657883,Q3
randomness_0.5415,0.5415,0.0272711990005614,121.0,278.0,0.03829201101928375,278.0,1.0,0.0,4.595041275024414,1.4175902605056763,4.595041275024414,1.4175902605056763,136.1258087158203,51.01486587524414,Test,73,0.024064870551228523,-0.003206328449332878,0.003206328449332878,1.0280542125001378e-05,11.75719648141203,0.00034604337934474895,0.023628804832696915,0.024532675743103027,0.0009038709104061127,Q3
randomness_0.4414,0.4414,0.0278060588985682,121.0,289.0,0.03980716253443526,289.0,1.0,0.0,4.776859283447266,1.2823505401611328,4.776859283447266,1.2823505401611328,135.88079833984375,50.200923919677734,Test,73,0.030695682391524315,0.0028896234929561143,0.0028896234929561143,8.349923931043895e-06,10.392064202614876,0.00012151198767643257,0.030532920733094215,0.030843710526823997,0.0003107897937297821,Q3
randomness_0.1832,0.1832,0.0361501201987267,121.0,297.0,0.04090909090909091,297.0,1.0,0.0,4.909090995788574,1.2398346662521362,4.909090995788574,1.2398346662521362,136.08056640625,50.78299331665039,Test,73,0.03651043921709061,0.00036031901836390545,0.00036031901836390545,1.2982979499472843e-07,0.996729793381425,0.00032762709549579176,0.03608454018831253,0.03693389147520065,0.0008493512868881226,Q4
randomness_0.2653,0.2653,0.0342293921858072,121.0,293.0,0.04035812672176309,293.0,1.0,0.0,4.84297513961792,1.285701870918274,4.84297513961792,1.285701870918274,136.23080444335938,50.80900192260742,Test,73,0.03536528944969177,0.0011358972638845707,0.0011358972638845707,1.290262594100454e-06,3.3184850543608446,0.0008454234598509056,0.03451145812869072,0.03693879023194313,0.002427332103252411,Q4
randomness_0.5115,0.5115,0.0314277773958194,121.0,292.0,0.04022038567493113,292.0,1.0,0.0,4.826446056365967,1.327880859375,4.826446056365967,1.327880859375,136.74826049804688,50.494510650634766,Test,73,0.03080373853445053,-0.0006240388613688724,0.0006240388613688724,3.894245004985588e-07,1.9856283615267163,0.00024761439971627636,0.030566854402422905,0.03127732127904892,0.0007104668766260147,Q3
randomness_0.0260,0.026,0.0350423581898212,121.0,297.0,0.04090909090909091,297.0,1.0,0.0,4.909090995788574,1.2264306545257568,4.909090995788574,1.2264306545257568,135.9590301513672,50.84021759033203,Test,73,0.03759701251983642,0.00255465433001522,0.00255465433001522,6.526258745865512e-06,7.290189536266066,0.00022067508754163224,0.03732490539550781,0.0379260890185833,0.0006011836230754852,Q4
randomness_0.8709,0.8709,0.0052027298675966,120.0,243.0,0.03403361344537815,243.0,1.0,0.0,4.050000190734863,1.3156113624572754,4.050000190734863,1.3156113624572754,135.86038208007812,51.844932556152344,Test,73,0.007674310076981783,0.002471580209385183,0.002471580209385183,6.108708731424505e-06,47.505449490633055,0.00040940086709660066,0.007132682483643293,0.00822263304144144,0.0010899505577981472,Q1
randomness_0.9269,0.9269,0.0053903584145328,118.0,235.0,0.034043169636389974,235.0,1.0,0.0,3.98305082321167,1.3211643695831299,3.98305082321167,1.3211643695831299,134.52989196777344,50.51624298095703,Test,73,0.0016801408492028713,-0.0037102175653299287,0.0037102175653299287,1.3765714382082743e-05,68.83062831827492,0.00036543207967948405,0.0009889821521937847,0.001998474355787039,0.001009492203593254,Q1
randomness_0.8418,0.8418,0.005706658265884,121.0,242.0,0.03333333333333333,242.0,1.0,0.0,4.0,1.3965719938278198,4.0,1.3965719938278198,135.8094940185547,52.24017333984375,Test,73,0.004664144199341536,-0.0010425140665424638,0.0010425140665424638,1.0868355789389047e-06,18.268380862665367,0.0005131764890772267,0.004137804266065359,0.005465203430503607,0.0013273991644382477,Q1
randomness_0.9239,0.9239,0.0067503630869808,121.0,244.0,0.03360881542699724,244.0,1.0,0.0,4.033057689666748,1.4878787994384766,4.033057689666748,1.4878787994384766,136.2720184326172,52.07643508911133,Test,73,0.007115277927368879,0.0003649148403880795,0.0003649148403880795,1.3316284073545752e-07,5.405854998998181,0.0004730791333679534,0.006602517794817686,0.007812222000211477,0.0012097042053937912,Q1
randomness_0.8038,0.8038,0.0155941737748814,121.0,268.0,0.03691460055096419,268.0,1.0,0.0,4.429751873016357,1.3595480918884277,4.429751873016357,1.3595480918884277,134.96258544921875,52.087745666503906,Test,73,0.017537004500627517,0.0019428307257461173,0.0019428307257461173,3.7745912289031846e-06,12.4586961373713,0.0006574450838606727,0.016271324828267097,0.018057575449347496,0.0017862506210803986,Q2
randomness_0.7317,0.7317,0.0129161671543746,120.0,259.0,0.03627450980392157,259.0,1.0,0.0,4.316666603088379,1.378304123878479,4.316666603088379,1.378304123878479,136.58395385742188,49.90168380737305,Test,73,0.014254697412252427,0.0013385302578778277,0.0013385302578778277,1.791663251254484e-06,10.363215665140093,0.0005030643366066763,0.01380518451333046,0.015179802663624287,0.001374618150293827,Q2
randomness_0.8789,0.8789,0.0076129205305505,120.0,252.0,0.03529411764705882,252.0,1.0,0.0,4.199999809265137,1.3638181686401367,4.199999809265137,1.3638181686401367,137.32640075683594,51.12143325805664,Test,73,0.010663556307554245,0.0030506357770037455,0.0030506357770037455,9.306378643935246e-06,40.07181954365088,0.000642985533512846,0.00990876741707325,0.011823175475001335,0.0019144080579280853,Q1
randomness_0.1301,0.1301,0.0355821181088686,121.0,291.0,0.04008264462809917,291.0,1.0,0.0,4.809917449951172,1.325615644454956,4.809917449951172,1.325615644454956,135.8874053955078,50.753517150878906,Test,73,0.034177223592996596,-0.0014048945158720016,0.0014048945158720016,1.973728600727226e-06,3.9483161501896125,0.00035644913632238486,0.03379295393824577,0.0346834659576416,0.0008905120193958282,Q4
randomness_0.5245,0.5245,0.0266178239136934,121.0,284.0,0.03911845730027548,284.0,1.0,0.0,4.694214820861816,1.2781894207000732,4.694214820861816,1.2781894207000732,136.2288360595703,51.024742126464844,Test,73,0.026111483201384546,-0.0005063407123088552,0.0005063407123088552,2.563809169414389e-07,1.9022618601379013,0.0008080652260586851,0.02485540881752968,0.027382992208003998,0.0025275833904743195,Q3
randomness_0.1612,0.1612,0.0350601704791188,121.0,299.0,0.04118457300275482,299.0,1.0,0.0,4.942148685455322,1.3563289642333984,4.942148685455322,1.3563289642333984,136.03851318359375,50.73583221435547,Test,73,0.0384588710963726,0.003398700617253801,0.003398700617253801,1.155116588572137e-05,9.693907847019755,0.00045205182061781597,0.037686336785554886,0.038924895226955414,0.001238558441400528,Q4
randomness_0.3874,0.3874,0.0298370823264122,121.0,288.0,0.03966942148760331,288.0,1.0,0.0,4.760330677032471,1.2532589435577393,4.760330677032471,1.2532589435577393,136.07443237304688,51.09162902832031,Test,73,0.02999350242316723,0.00015642009675502846,0.00015642009675502846,2.4467246668852465e-08,0.524247294168449,0.00017765236160507408,0.029719075188040733,0.030275540426373482,0.0005564652383327484,Q3
randomness_0.8819,0.8819,0.007197427849005,121.0,250.0,0.03443526170798898,250.0,1.0,0.0,4.13223123550415,1.3419004678726196,4.13223123550415,1.3419004678726196,136.25277709960938,51.10990905761719,Test,73,0.008429805375635624,0.0012323775266306234,0.0012323775266306234,1.518754368144213e-06,17.12247142291245,0.0003417714350576821,0.008117890916764736,0.009042586199939251,0.0009246952831745148,Q1
randomness_0.9730,0.973,0.0006261810908265,121.0,242.0,0.03333333333333333,242.0,1.0,0.0,4.0,1.3173978328704834,4.0,1.3173978328704834,136.99005126953125,51.4094352722168,Test,73,0.004693182464689016,0.004067001373862516,0.004067001373862516,1.6540500174999594e-05,649.4928437545851,0.0005564558671923864,0.003869724925607443,0.005575483199208975,0.001705758273601532,Q1
randomness_0.1712,0.1712,0.0380158729851246,121.0,297.0,0.04090909090909091,297.0,1.0,0.0,4.909090995788574,1.3483997583389282,4.909090995788574,1.3483997583389282,135.88418579101562,50.81868362426758,Test,73,0.037421976774930955,-0.0005938962101936437,0.0005938962101936437,3.527127084823727e-07,1.562232203443104,0.0003144493875217757,0.03699987381696701,0.03778247535228729,0.000782601535320282,Q5
randomness_0.7688,0.7688,0.0125597300939262,121.0,261.0,0.03595041322314049,261.0,1.0,0.0,4.31404972076416,1.3362897634506226,4.31404972076416,1.3362897634506226,137.1444549560547,51.10456085205078,Test,73,0.013465198315680027,0.0009054682217538267,0.0009054682217538267,8.19872700606037e-07,7.209296815953911,0.0004904040795712906,0.01292011421173811,0.014266169629991055,0.001346055418252945,Q2
randomness_0.0030,0.003,0.0398790046572685,121.0,297.0,0.04090909090909091,297.0,1.0,0.0,4.909090995788574,1.2662172317504883,4.909090995788574,1.2662172317504883,135.98011779785156,50.83869934082031,Test,73,0.038116490840911864,-0.0017625138163566353,0.0017625138163566353,3.1064549528480315e-06,4.419653478074942,0.00048497404133340084,0.037632256746292114,0.038913801312446594,0.00128154456615448,Q5
randomness_0.6046,0.6046,0.0221627316709149,121.0,279.0,0.0384297520661157,279.0,1.0,0.0,4.611570358276367,1.2944375276565552,4.611570358276367,1.2944375276565552,135.5312042236328,50.94279098510742,Test,73,0.021387261897325517,-0.0007754697735893844,0.0007754697735893844,6.013533697507711e-07,3.498981015084284,0.0010850387169535152,0.01942291297018528,0.022750528529286385,0.0033276155591011047,Q3
randomness_0.5546,0.5546,0.0265956324190401,121.0,278.0,0.03829201101928375,278.0,1.0,0.0,4.595041275024414,1.4234082698822021,4.595041275024414,1.4234082698822021,136.1606903076172,50.86583709716797,Test,73,0.024124438315629958,-0.002471194103410141,0.002471194103410141,6.1068002967290505e-06,9.291729049620143,0.00024855022244527606,0.023716604337096214,0.024367019534111023,0.0006504151970148087,Q3
randomness_0.5025,0.5025,0.0244186518713832,121.0,284.0,0.03911845730027548,284.0,1.0,0.0,4.694214820861816,1.3412894010543823,4.694214820861816,1.3412894010543823,135.3557891845703,51.10648727416992,Test,73,0.02649107240140438,0.002072420530021178,0.002072420530021178,4.294926853253261e-06,8.487039091825938,0.0007105127135899357,0.025435585528612137,0.027624022215604782,0.0021884366869926453,Q3
randomness_0.5746,0.5746,0.0265824442161416,121.0,286.0,0.03939393939393939,286.0,1.0,0.0,4.7272725105285645,1.3545149564743042,4.7272725105285645,1.3545149564743042,135.73399353027344,51.33470153808594,Test,73,0.026497593522071837,-8.485069406976437e-05,8.485069406976437e-05,7.1996402841207456e-09,0.319198239935516,0.0008501374667125043,0.025636475533246994,0.028025414794683456,0.0023889392614364624,Q3
randomness_0.0061,0.0061,0.0391237345524132,121.0,302.0,0.04159779614325069,302.0,1.0,0.0,4.991735458374023,1.3391491174697876,4.991735458374023,1.3391491174697876,135.9744873046875,50.833946228027344,Prediction,73,0.04076460897922516,0.0016408744268119613,0.0016408744268119613,2.6924688845654824e-06,4.194063899022008,0.00046401360580875553,0.0402681827545166,0.041478127241134644,0.001209944486618042,Q5
randomness_0.0153,0.0153,0.0403893996030092,121.0,297.0,0.04090909090909091,297.0,1.0,0.0,4.909090995788574,1.372697114944458,4.909090995788574,1.372697114944458,135.9912567138672,50.83308792114258,Prediction,73,0.038583558052778244,-0.0018058415502309536,0.0018058415502309536,3.2610637045405337e-06,4.471077975856838,0.0001725293841115894,0.038314010947942734,0.03881320357322693,0.000499192625284195,Q5
randomness_0.0229,0.0229,0.0366303786635399,121.0,293.0,0.04035812672176309,293.0,1.0,0.0,4.84297513961792,1.3174498081207275,4.84297513961792,1.3174498081207275,135.97752380371094,50.85953140258789,Prediction,73,0.035924772173166274,-0.0007056064903736281,0.0007056064903736281,4.978805192573889e-07,1.926287731980108,0.00017379113797567656,0.03574782609939575,0.03622112050652504,0.0004732944071292877,Q5
randomness_0.1000,0.1,0.0364594422280788,121.0,288.0,0.03966942148760331,288.0,1.0,0.0,4.760330677032471,1.2858080863952637,4.760330677032471,1.2858080863952637,135.99363708496094,50.69256591796875,Prediction,73,0.032436329126358035,-0.0040231131017207655,0.0040231131017207655,1.618543902923728e-05,11.03448888919758,0.00023598798539405843,0.03219185024499893,0.032861460000276566,0.0006696097552776337,Q5
randomness_0.1444,0.1444,0.0365820519626141,121.0,293.0,0.04035812672176309,293.0,1.0,0.0,4.84297513961792,1.246537446975708,4.84297513961792,1.246537446975708,135.96279907226562,50.62565231323242,Prediction,73,0.035096725821495055,-0.0014853261411190422,0.0014853261411190422,2.2061937454915847e-06,4.060259229408473,0.000255097442177923,0.03469058871269226,0.03545500338077545,0.0007644146680831909,Q5
randomness_0.1889,0.1889,0.0382835615426302,121.0,297.0,0.04090909090909091,297.0,1.0,0.0,4.909090995788574,1.30479097366333,4.909090995788574,1.30479097366333,135.73553466796875,51.08343505859375,Prediction,73,0.03709044605493546,-0.0011931154876947403,0.0011931154876947403,1.423524566977058e-06,3.116521659998015,0.0004179734316826338,0.03658120706677437,0.037506502121686935,0.0009252950549125671,Q5
randomness_0.2333,0.2333,0.041121981292963,121.0,300.0,0.04132231404958678,300.0,1.0,0.0,4.958677768707275,1.3073011636734009,4.958677768707275,1.3073011636734009,135.9922332763672,50.86994171142578,Prediction,73,0.03838883563876152,-0.002733145654201484,0.002733145654201484,7.470085167080458e-06,6.646434749167092,0.00034282190101762806,0.03796763718128204,0.03881146386265755,0.0008438266813755035,Q5
randomness_0.2778,0.2778,0.0298009671270847,121.0,288.0,0.03966942148760331,288.0,1.0,0.0,4.760330677032471,1.4026232957839966,4.760330677032471,1.4026232957839966,135.87547302246094,51.20341873168945,Prediction,73,0.03284476175904274,0.003043794631958037,0.003043794631958037,9.264685761536562e-06,10.213744470029882,0.00052334258323452,0.03193875774741173,0.03341163694858551,0.0014728792011737823,Q3
randomness_0.3222,0.3222,0.0427577152848244,121.0,303.0,0.04173553719008265,303.0,1.0,0.0,5.008264541625977,1.2952289581298828,5.008264541625977,1.2952289581298828,136.2012939453125,51.18830490112305,Prediction,73,0.03970092535018921,-0.003056789934635193,0.003056789934635193,9.343964704487027e-06,7.149095582569892,0.00032918275160071674,0.039166077971458435,0.04016758129000664,0.0010015033185482025,Q5
randomness_0.3667,0.3667,0.0373946022242308,121.0,294.0,0.04049586776859504,294.0,1.0,0.0,4.859504222869873,1.3624587059020996,4.859504222869873,1.3624587059020996,136.22906494140625,51.256717681884766,Prediction,73,0.03526904359459877,-0.0021255586296320267,0.0021255586296320267,4.517999488003179e-06,5.68413220947358,0.00048537779505572845,0.03450590744614601,0.035978399217128754,0.0014724917709827423,Q5
randomness_0.4111,0.4111,0.034637825191021,121.0,293.0,0.04035812672176309,293.0,1.0,0.0,4.84297513961792,1.3423075675964355,4.84297513961792,1.3423075675964355,136.73204040527344,50.95869064331055,Prediction,73,0.034267768263816833,-0.00037005692720416816,0.00037005692720416816,1.36942129371791e-07,1.0683607448313361,0.0005316122835618509,0.03349558264017105,0.03515211120247841,0.0016565285623073578,Q4
randomness_0.4556,0.4556,0.0376368008553982,121.0,291.0,0.04008264462809917,291.0,1.0,0.0,4.809917449951172,1.3130875825881958,4.809917449951172,1.3130875825881958,136.20278930664062,50.63388442993164,Prediction,73,0.030862858146429063,-0.006773942708969138,0.006773942708969138,4.5886299824396146e-05,17.998189418369652,0.000646150602411342,0.03009309060871601,0.03195307031273842,0.0018599797040224075,Q5
randomness_0.5000,0.5,0.0278264483436942,121.0,278.0,0.03829201101928375,278.0,1.0,0.0,4.595041275024414,1.3210221529006958,4.595041275024414,1.3210221529006958,135.8992919921875,51.231910705566406,Prediction,73,0.02418750450015068,-0.003638943843543522,0.003638943843543522,1.3241912296463299e-05,13.07728459844265,0.0005575700808869156,0.023618247359991074,0.025144126266241074,0.00152587890625,Q3
randomness_0.1381,0.1381,0.0421723697334528,121.0,297.0,0.04090909090909091,297.0,1.0,0.0,4.909090995788574,1.4200454950332642,4.909090995788574,1.4200454950332642,135.77699279785156,50.89045333862305,Test,101,0.037955280393362045,-0.004217089340090754,0.004217089340090754,1.7783842502307074e-05,9.999649928957139,0.0003426107384529915,0.03731013834476471,0.03824547678232193,0.0009353384375572205,Q5
randomness_0.7528,0.7528,0.0132472354949303,121.0,263.0,0.03622589531680441,263.0,1.0,0.0,4.347107410430908,1.352748990058899,4.347107410430908,1.352748990058899,136.30088806152344,51.08711242675781,Test,101,0.015435888059437275,0.002188652564506975,0.002188652564506975,4.790200048122959e-06,16.521579655955914,0.0007263249697356478,0.0144825279712677,0.016342923045158386,0.001860395073890686,Q2
randomness_0.4134,0.4134,0.0268853187561035,121.0,283.0,0.03898071625344353,283.0,1.0,0.0,4.677685737609863,1.3978428840637207,4.677685737609863,1.3978428840637207,136.723388671875,50.61043930053711,Test,101,0.028863150998950003,0.001977832242846502,0.001977832242846502,3.911820380843225e-06,7.356551212164798,0.00033313956972896456,0.028453977778553963,0.029326770454645157,0.0008727926760911942,Q3
randomness_0.2813,0.2813,0.0345584027469158,121.0,300.0,0.04132231404958678,300.0,1.0,0.0,4.958677768707275,1.2491101026535034,4.958677768707275,1.2491101026535034,135.93487548828125,50.759788513183594,Test,101,0.038277579843997954,0.003719177097082152,0.003719177097082152,1.3832278279460423e-05,10.762005189646889,0.0002872212614536248,0.037973787635564804,0.038767341524362564,0.00079355388879776,Q4
randomness_0.1622,0.1622,0.036237620189786,121.0,290.0,0.03994490358126722,290.0,1.0,0.0,4.793388366699219,1.378209114074707,4.793388366699219,1.378209114074707,136.09457397460938,50.759033203125,Test,101,0.034807798266410825,-0.0014298219233751727,0.0014298219233751727,2.0443907325642782e-06,3.9456838387477355,0.0003466810027442455,0.03437678515911102,0.035210445523262024,0.000833660364151001,Q4
randomness_0.1281,0.1281,0.0370051935315132,121.0,291.0,0.04008264462809917,291.0,1.0,0.0,4.809917449951172,1.374586582183838,4.809917449951172,1.374586582183838,135.9344024658203,50.86111068725586,Test,101,0.035308323055505755,-0.001696870476007445,0.001696870476007445,2.8793694123457325e-06,4.585492775662447,0.0002487182622744903,0.03491877391934395,0.03568712994456291,0.0007683560252189636,Q5
randomness_0.0070,0.007,0.0353983953595161,121.0,297.0,0.04090909090909091,297.0,1.0,0.0,4.909090995788574,1.336085319519043,4.909090995788574,1.336085319519043,135.9758758544922,50.8465690612793,Test,101,0.038347556442022326,0.0029491610825062298,0.0029491610825062298,8.697551090569317e-06,8.331341159828623,0.0004312019983479674,0.03778615593910217,0.03910838067531586,0.001322224736213684,Q4
randomness_0.6486,0.6486,0.023038899153471,121.0,277.0,0.03815426997245179,277.0,1.0,0.0,4.578512191772461,1.309545874595642,4.578512191772461,1.309545874595642,136.33291625976562,51.2098274230957,Test,101,0.0220106802880764,-0.0010282188653946006,0.0010282188653946006,1.0572340351533599e-06,4.462968731905278,0.0005971311886516463,0.021049607545137405,0.022803639993071556,0.0017540324479341507,Q3
randomness_0.8589,0.8589,0.0164395064484211,120.0,250.0,0.0350140056022409,250.0,1.0,0.0,4.166666507720947,1.4278966188430786,4.166666507720947,1.4278966188430786,134.66017150878906,51.28517532348633,Test,101,0.01033390760421753,-0.0061055988442035684,0.0061055988442035684,3.727833724633995e-05,37.139794089073575,0.0008989643978274763,0.008581285364925861,0.011105014942586422,0.0025237295776605606,Q2
randomness_0.1802,0.1802,0.0362420108169317,121.0,294.0,0.04049586776859504,294.0,1.0,0.0,4.859504222869873,1.3193148374557495,4.859504222869873,1.3193148374557495,136.172119140625,50.46217727661133,Test,101,0.03597113192081451,-0.00027087889611718957,0.00027087889611718957,7.337537636166718e-08,0.7474168513592495,0.0002862692151700008,0.03559856116771698,0.03629019483923912,0.0006916336715221405,Q4
randomness_0.3794,0.3794,0.029923553019762,121.0,292.0,0.04022038567493113,292.0,1.0,0.0,4.826446056365967,1.2641116380691528,4.826446056365967,1.2641116380691528,135.9838409423828,50.79267501831055,Test,101,0.033591578155755995,0.0036680251359939957,0.0036680251359939957,1.345440839828377e-05,12.257986655433506,0.00031150036944639056,0.03308951482176781,0.03406176716089249,0.0009722523391246796,Q3
randomness_0.0280,0.028,0.0409685172140598,121.0,302.0,0.04159779614325069,302.0,1.0,0.0,4.991735458374023,1.195693850517273,4.991735458374023,1.195693850517273,135.96731567382812,50.87333297729492,Test,101,0.04016536548733711,-0.0008031517267226909,0.0008031517267226909,6.4505269613764e-07,1.9604119976474543,0.000558005250754878,0.03933773934841156,0.040971122682094574,0.001633383333683014,Q5
randomness_0.3203,0.3203,0.0301459653303027,121.0,292.0,0.04022038567493113,292.0,1.0,0.0,4.826446056365967,1.340270757675171,4.826446056365967,1.340270757675171,136.2480010986328,51.33122253417969,Test,101,0.03429226726293564,0.004146301932632941,0.004146301932632941,1.7191819716555662e-05,13.754085786282921,0.0004491498461746205,0.033615581691265106,0.034862812608480453,0.0012472309172153473,Q3
randomness_0.0551,0.0551,0.0373259469866753,121.0,298.0,0.04104683195592287,298.0,1.0,0.0,4.925619602203369,1.3676624298095703,4.925619602203369,1.3676624298095703,135.95252990722656,50.90724182128906,Test,101,0.03837327435612679,0.001047327369451484,0.001047327369451484,1.0968946188021652e-06,2.805896310749627,0.0004598971944014004,0.037625640630722046,0.03903571143746376,0.0014100708067417145,Q5
randomness_0.7227,0.7227,0.0115397850760946,120.0,261.0,0.0365546218487395,261.0,1.0,0.0,4.349999904632568,1.3394650220870972,4.349999904632568,1.3394650220870972,136.0575714111328,50.030643463134766,Test,101,0.014898545108735561,0.0033587600326409617,0.0033587600326409617,1.1281268956866314e-05,29.105914975824355,0.0005591485363803293,0.014058792963624,0.015572828240692616,0.001514035277068615,Q2
randomness_0.6727,0.6727,0.0164278924151224,121.0,266.0,0.03663911845730027,266.0,1.0,0.0,4.396694183349609,1.4052988290786743,4.396694183349609,1.4052988290786743,136.16348266601562,51.0214729309082,Test,101,0.017568573355674744,0.0011406809405523424,0.0011406809405523424,1.3011530081393767e-06,6.943562276450685,0.00043898028975768063,0.017061136662960052,0.018381312489509583,0.00132017582654953,Q2
randomness_0.2252,0.2252,0.0363332945853472,121.0,294.0,0.04049586776859504,294.0,1.0,0.0,4.859504222869873,1.3379753828048706,4.859504222869873,1.3379753828048706,135.7303009033203,51.02646255493164,Test,101,0.035934620350599286,-0.0003986742347479172,0.0003986742347479172,1.5894114545183738e-07,1.0972697061958645,0.0002866658811144563,0.03558553010225296,0.036357589066028595,0.0007720589637756348,Q4
randomness_0.3754,0.3754,0.0350654110312462,121.0,296.0,0.04077134986225895,296.0,1.0,0.0,4.892561912536621,1.290791630744934,4.892561912536621,1.290791630744934,135.93008422851562,50.85746383666992,Test,101,0.03554279655218125,0.0004773855209350489,0.0004773855209350489,2.27896935598428e-07,1.3614143022868281,0.00030538580391598996,0.03506987914443016,0.03591987490653992,0.0008499957621097565,Q4
randomness_0.9279,0.9279,0.0066148836887949,121.0,241.0,0.033195592286501374,241.0,1.0,0.0,3.983471155166626,1.3110053539276123,3.983471155166626,1.3110053539276123,136.512939453125,51.105953216552734,Test,101,0.004727966524660588,-0.0018869171641343122,0.0018869171641343122,3.5604563843046746e-06,28.52532641398674,0.00021729885334111066,0.004334489814937115,0.0049995845183730125,0.0006650947034358978,Q1
randomness_0.1321,0.1321,0.0396183460950851,121.0,302.0,0.04159779614325069,302.0,1.0,0.0,4.991735458374023,1.3205050230026245,4.991735458374023,1.3205050230026245,135.9988250732422,50.97307586669922,Test,101,0.03962169289588928,3.3468008041812047e-06,3.3468008041812047e-06,1.1201075622867959e-11,0.008447603532335228,0.00040314583326242183,0.03886166587471962,0.040039997547864914,0.0011783316731452942,Q5
randomness_0.3634,0.3634,0.0278850337490439,121.0,285.0,0.03925619834710744,285.0,1.0,0.0,4.7107439041137695,1.3449509143829346,4.7107439041137695,1.3449509143829346,136.57090759277344,50.622615814208984,Test,101,0.029892634972929953,0.0020076012238860533,0.0020076012238860533,4.030462674148779e-06,7.199565336566567,0.0005793964190921078,0.02903127111494541,0.03055354580283165,0.001522274687886238,Q3
randomness_0.3914,0.3914,0.0333195473998785,121.0,289.0,0.03980716253443526,289.0,1.0,0.0,4.776859283447266,1.4459266662597656,4.776859283447266,1.4459266662597656,135.12176513671875,51.485557556152344,Test,101,0.032683905214071274,-0.0006356421858072295,0.0006356421858072295,4.0404098837779246e-07,1.9077155466089772,0.00025341145222891294,0.0322599783539772,0.0330473966896534,0.0007874183356761932,Q4
randomness_0.0080,0.008,0.0330853592604399,121.0,291.0,0.04008264462809917,291.0,1.0,0.0,4.809917449951172,1.3503230810165405,4.809917449951172,1.3503230810165405,135.9744110107422,50.843204498291016,Test,101,0.035326959937810896,0.002241600677370996,0.002241600677370996,5.024773596790108e-06,6.775204282128722,0.0004569189522142812,0.03455769643187523,0.03575589135289192,0.0011981949210166931,Q4
randomness_0.0741,0.0741,0.0370866969227791,121.0,295.0,0.040633608815427,295.0,1.0,0.0,4.876032829284668,1.2436299324035645,4.876032829284668,1.2436299324035645,136.0890655517578,50.86722183227539,Test,101,0.03708334937691689,-3.347545862210366e-06,3.347545862210366e-06,1.1206063299601743e-11,0.009026271250795222,0.00041532036408132065,0.03645998239517212,0.03757200762629509,0.0011120252311229706,Q5
randomness_0.1822,0.1822,0.0407392159104347,121.0,297.0,0.04090909090909091,297.0,1.0,0.0,4.909090995788574,1.3846861124038696,4.909090995788574,1.3846861124038696,135.84085083007812,50.85899353027344,Test,101,0.03763775080442429,-0.0031014651060104134,0.0031014651060104134,9.619085803800185e-06,7.612972014063782,0.0004805352479630489,0.036856282502412796,0.0382964201271534,0.0014401376247406006,Q5
randomness_0.8899,0.8899,0.0033995149353813,121.0,245.0,0.0337465564738292,245.0,1.0,0.0,4.049586772918701,1.3956912755966187,4.049586772918701,1.3956912755966187,137.90249633789062,49.51005935668945,Test,101,0.006115846149623394,0.002716331214242094,0.002716331214242094,7.378455265465928e-06,79.9034940535545,0.000616645371006893,0.0054079266265034676,0.007171434350311756,0.0017635077238082886,Q1
randomness_0.9730,0.973,0.0006261810908265,121.0,242.0,0.03333333333333333,242.0,1.0,0.0,4.0,1.3173978328704834,4.0,1.3173978328704834,136.99005126953125,51.4094352722168,Test,101,0.0036403784528374673,0.0030141973620109674,0.0030141973620109674,9.085385737153875e-06,481.36192647282127,0.0006214773926575618,0.0027507832273840904,0.004688282497227192,0.0019374992698431015,Q1
randomness_0.5145,0.5145,0.027306255701321,121.0,283.0,0.03898071625344353,283.0,1.0,0.0,4.677685737609863,1.2545115947723389,4.677685737609863,1.2545115947723389,136.28231811523438,51.32258987426758,Test,101,0.026085009425878526,-0.0012212462754424731,0.0012212462754424731,1.491442465282113e-06,4.472404744175133,0.00023088571140620823,0.025766713544726372,0.02632402628660202,0.0005573127418756485,Q3
randomness_0.5686,0.5686,0.0255786359884074,120.0,280.0,0.0392156862745098,280.0,1.0,0.0,4.666666507720947,1.3249738216400146,4.666666507720947,1.3249738216400146,135.8154296875,50.70600891113281,Test,101,0.025522366166114807,-5.626982229259281e-05,5.626982229259281e-05,3.1662929008399745e-09,0.21998757994013085,0.00036327194992259905,0.024904504418373108,0.025958528742194176,0.0010540243238210678,Q3
randomness_0.1091,0.1091,0.0394290547817946,121.0,294.0,0.04049586776859504,294.0,1.0,0.0,4.859504222869873,1.2682113647460938,4.859504222869873,1.2682113647460938,135.95077514648438,50.769649505615234,Test,101,0.03670728579163551,-0.002721768990159086,0.002721768990159086,7.408026435791611e-06,6.902952670871016,0.00031982820728755347,0.03610832616686821,0.03701922297477722,0.0009108968079090118,Q5
randomness_0.7427,0.7427,0.0164032592077556,121.0,264.0,0.03636363636363636,264.0,1.0,0.0,4.363636493682861,1.2662172317504883,4.363636493682861,1.2662172317504883,137.27005004882812,51.168697357177734,Test,101,0.013850066065788268,-0.0025531931419673325,0.0025531931419673325,6.518795220189019e-06,15.565157567955525,0.000370164731078143,0.01349291205406189,0.014531891793012619,0.0010389797389507294,Q2
randomness_0.0420,0.042,0.0373291980475187,121.0,300.0,0.04132231404958678,300.0,1.0,0.0,4.958677768707275,1.2622733116149902,4.958677768707275,1.2622733116149902,135.92164611816406,50.887210845947266,Test,101,0.03919605165719986,0.0018668536096811614,0.0018668536096811614,3.4851423999795822e-06,5.0010546899634045,0.00037247692047684996,0.03860223665833473,0.03972967341542244,0.0011274367570877075,Q5
randomness_0.3884,0.3884,0.0342014288260593,121.0,293.0,0.04035812672176309,293.0,1.0,0.0,4.84297513961792,1.2398898601531982,4.84297513961792,1.2398898601531982,135.44989013671875,50.94951629638672,Test,101,0.03294846937060356,-0.0012529594554557405,0.0012529594554557405,1.5699073970159459e-06,3.663471084287173,0.0005772280147866547,0.03227614611387253,0.03390564024448395,0.0016294941306114197,Q4
randomness_0.8208,0.8208,0.0009501061939629,120.0,250.0,0.0350140056022409,250.0,1.0,0.0,4.166666507720947,1.3864423036575317,4.166666507720947,1.3864423036575317,136.17831420898438,50.805908203125,Test,101,0.00864320881664753,0.00769310262268463,0.00769310262268463,5.918382796315713e-05,809.7097641892683,0.0005822684915403331,0.007628477178514004,0.00936744175851345,0.0017389645799994469,Q1
randomness_0.2012,0.2012,0.0392136126756668,121.0,297.0,0.04090909090909091,297.0,1.0,0.0,4.909090995788574,1.3483997583389282,4.909090995788574,1.3483997583389282,136.2148895263672,50.645240783691406,Test,101,0.03761936351656914,-0.0015942491590976646,0.0015942491590976646,2.5416303812836107e-06,4.065550328870726,0.0003871687438147046,0.037174683064222336,0.03806975856423378,0.0008950755000114441,Q5
randomness_0.1351,0.1351,0.0384815935045481,121.0,300.0,0.04132231404958678,300.0,1.0,0.0,4.958677768707275,1.268803596496582,4.958677768707275,1.268803596496582,135.99928283691406,50.83871078491211,Test,101,0.03843829706311226,-4.3296441435837496e-05,4.3296441435837496e-05,1.874581841006906e-09,0.11251208043326047,0.0003286548484607138,0.038081273436546326,0.0389530174434185,0.0008717440068721771,Q5
randomness_0.7077,0.7077,0.0159605205769277,121.0,264.0,0.03636363636363636,264.0,1.0,0.0,4.363636493682861,1.38468599319458,4.363636493682861,1.38468599319458,137.54461669921875,51.81951904296875,Test,101,0.01610896475613117,0.00014844417920347255,0.00014844417920347255,2.2035674339392673e-08,0.9300710367684456,0.0005334878046407491,0.015282444655895233,0.016682257875800133,0.0013998132199048996,Q2
randomness_0.4494,0.4494,0.036078416928649,121.0,288.0,0.03966942148760331,288.0,1.0,0.0,4.760330677032471,1.3424092531204224,4.760330677032471,1.3424092531204224,136.294921875,50.54079818725586,Test,101,0.030601270869374274,-0.005477146059274726,0.005477146059274726,2.999912895462866e-05,15.181226133360237,0.0009359123748294739,0.029240431264042854,0.03218446299433708,0.0029440317302942276,Q4
randomness_0.8288,0.8288,0.0182311497700486,121.0,262.0,0.03608815426997245,262.0,1.0,0.0,4.330578327178955,1.5287245512008667,4.330578327178955,1.5287245512008667,136.2380828857422,51.520179748535156,Test,101,0.014701999537646771,-0.0035291502324018287,0.0035291502324018287,1.2454901362861882e-05,19.35780396143617,0.0008442316556587324,0.01331339031457901,0.01584487408399582,0.002531483769416809,Q2
randomness_0.4685,0.4685,0.0279624502640218,121.0,292.0,0.04022038567493113,292.0,1.0,0.0,4.826446056365967,1.3586435317993164,4.826446056365967,1.3586435317993164,136.50076293945312,50.661495208740234,Test,101,0.03141036592423916,0.0034479156602173593,0.0034479156602173593,1.1888122399972108e-05,12.330520493240389,0.0006724874401775215,0.030208304524421692,0.03213511407375336,0.001926809549331665,Q3
randomness_0.1211,0.1211,0.0374036740511656,121.0,302.0,0.04159779614325069,302.0,1.0,0.0,4.991735458374023,1.2297676801681519,4.991735458374023,1.2297676801681519,136.037109375,50.81403350830078,Test,101,0.03974534496665001,0.0023416709154844145,0.0023416709154844145,5.483422676425616e-06,6.2605371661649425,0.00045805823870599395,0.03904248774051666,0.04035402089357376,0.0013115331530570984,Q5
randomness_0.4354,0.4354,0.0249162284849223,121.0,282.0,0.03884297520661157,282.0,1.0,0.0,4.661157131195068,1.3456616401672363,4.661157131195068,1.3456616401672363,136.0680389404297,51.535308837890625,Test,101,0.02644023671746254,0.0015240082325402408,0.0015240082325402408,2.322601092850429e-06,6.116528564756391,0.0004127829273083071,0.026104306802153587,0.02719292603433132,0.0010886192321777344,Q3
randomness_0.6917,0.6917,0.015259851841256,121.0,272.0,0.03746556473829201,272.0,1.0,0.0,4.495867729187012,1.311890721321106,4.495867729187012,1.311890721321106,136.24154663085938,51.13156509399414,Test,101,0.019704709574580193,0.004444857733324193,0.004444857733324193,1.975676026949188e-05,29.12779088265609,0.0008239733496460627,0.018391963094472885,0.020879842340946198,0.0024878792464733124,Q2
randomness_0.4254,0.4254,0.0361317062507301,121.0,301.0,0.04146005509641873,301.0,1.0,0.0,4.97520637512207,1.2627060413360596,4.97520637512207,1.2627060413360596,136.63502502441406,51.05348205566406,Test,101,0.0372223824262619,0.0010906761755317962,0.0010906761755317962,1.1895745198726654e-06,3.0186124285502216,0.0009014755465070693,0.035810183733701706,0.03828110918402672,0.002470925450325012,Q4
randomness_0.1712,0.1712,0.0380158729851246,121.0,297.0,0.04090909090909091,297.0,1.0,0.0,4.909090995788574,1.3483997583389282,4.909090995788574,1.3483997583389282,135.88418579101562,50.81868362426758,Test,101,0.03772522360086441,-0.0002906493842601901,0.0002906493842601901,8.447706457082764e-08,0.7645474414698291,0.00024210332436586047,0.03739070147275925,0.03812703490257263,0.000736333429813385,Q5
randomness_0.0320,0.032,0.0321397732943296,121.0,289.0,0.03980716253443526,289.0,1.0,0.0,4.776859283447266,1.3390978574752808,4.776859283447266,1.3390978574752808,135.9979248046875,50.83145523071289,Test,101,0.03470087647438049,0.002561103180050893,0.002561103180050893,6.559249498866796e-06,7.968641087156477,0.00041821564775141923,0.03408307209610939,0.03530547395348549,0.0012224018573760986,Q4
randomness_0.0000,0.0,0.0423730835318565,121.0,305.0,0.04201101928374656,305.0,1.0,0.0,5.041322231292725,1.2358067035675049,5.041322231292725,1.2358067035675049,135.9774627685547,50.838069915771484,Test,101,0.04119805917143822,-0.0011750243604182822,0.0011750243604182822,1.3806822475763933e-06,2.7730442594173903,0.00075857745405421,0.03990013152360916,0.04220449551939964,0.0023043639957904816,Q5
randomness_0.6246,0.6246,0.0158195119822494,121.0,270.0,0.0371900826446281,270.0,1.0,0.0,4.462810039520264,1.3968164920806885,4.462810039520264,1.3968164920806885,135.74143981933594,51.40568161010742,Test,101,0.01975405216217041,0.003934540179921009,0.003934540179921009,1.5480606427412844e-05,24.87143841311817,0.0002162885568740566,0.019434509798884392,0.020024225115776062,0.0005897153168916702,Q2
randomness_0.1942,0.1942,0.0337530635297298,121.0,295.0,0.040633608815427,295.0,1.0,0.0,4.876032829284668,1.2957031726837158,4.876032829284668,1.2957031726837158,135.81256103515625,51.12004852294922,Test,101,0.036562947928905486,0.002809884399175684,0.002809884399175684,7.895450336730895e-06,8.32482774993366,0.00024053882638210084,0.03619100898504257,0.036878254264593124,0.0006872452795505524,Q4
randomness_0.3193,0.3193,0.0385035225311217,121.0,300.0,0.04132231404958678,300.0,1.0,0.0,4.958677768707275,1.3446969985961914,4.958677768707275,1.3446969985961914,135.87689208984375,51.37877655029297,Test,101,0.0375841960310936,-0.0009193265000281003,0.0009193265000281003,8.451612136539168e-07,2.3876425833117616,0.0006432689101543785,0.03658953309059143,0.03830176964402199,0.0017122365534305573,Q5
randomness_0.2983,0.2983,0.0347930405288935,121.0,289.0,0.03980716253443526,289.0,1.0,0.0,4.776859283447266,1.3816243410110474,4.776859283447266,1.3816243410110474,136.3244171142578,50.95220184326172,Test,101,0.03370461016893387,-0.0010884303599596329,0.0010884303599596329,1.184680648481856e-06,3.128299060427782,0.0004346876183479662,0.03299693018198013,0.03418697416782379,0.0011900439858436584,Q4
randomness_0.2913,0.2913,0.0380726344883442,121.0,301.0,0.04146005509641873,301.0,1.0,0.0,4.97520637512207,1.3327583074569702,4.97520637512207,1.3327583074569702,135.99325561523438,50.70749282836914,Test,101,0.03890790194272995,0.0008352674543857519,0.0008352674543857519,6.976717203560541e-07,2.193878794075745,0.000372048660580375,0.0384511761367321,0.039534833282232285,0.001083657145500183,Q5
randomness_0.2472,0.2472,0.0421827763319016,121.0,304.0,0.0418732782369146,304.0,1.0,0.0,5.02479362487793,1.326542854309082,5.02479362487793,1.326542854309082,136.3018341064453,51.03718185424805,Test,101,0.04009469076991081,-0.0020880855619907907,0.0020880855619907907,4.360101314194396e-06,4.950090400786713,0.0007186872389111541,0.038772519677877426,0.040827445685863495,0.0020549260079860687,Q5
randomness_0.6216,0.6216,0.0156220426054817,121.0,276.0,0.03801652892561983,276.0,1.0,0.0,4.561983585357666,1.3415950536727905,4.561983585357666,1.3415950536727905,135.6932830810547,50.799560546875,Test,101,0.02262697070837021,0.007004928102888509,0.007004928102888509,4.906901772663721e-05,44.84002687606621,0.0007184387443423264,0.021582601591944695,0.023733848705887794,0.0021512471139431,Q2
randomness_0.4064,0.4064,0.0334790546447039,121.0,293.0,0.04035812672176309,293.0,1.0,0.0,4.84297513961792,1.3667134046554565,4.84297513961792,1.3667134046554565,136.4708251953125,51.09846878051758,Test,101,0.034045009315013884,0.0005659546703099816,0.0005659546703099816,3.2030468884567996e-07,1.6904738688597074,0.000729115419745079,0.033239759504795074,0.03490322083234787,0.0016634613275527954,Q4
randomness_0.0901,0.0901,0.0432870648801327,121.0,302.0,0.04159779614325069,302.0,1.0,0.0,4.991735458374023,1.2025859355926514,4.991735458374023,1.2025859355926514,135.93702697753906,50.89385223388672,Test,101,0.03960452601313591,-0.003682538866996793,0.003682538866996793,1.3561092506942024e-05,8.507250092364089,0.0003687928227427861,0.03909914940595627,0.04016349837183952,0.001064348965883255,Q5
randomness_0.5656,0.5656,0.0285240080207586,121.0,284.0,0.03911845730027548,284.0,1.0,0.0,4.694214820861816,1.1559617519378662,4.694214820861816,1.1559617519378662,135.84613037109375,50.65106201171875,Test,101,0.025288867950439452,-0.0032351400703191473,0.0032351400703191473,1.0466131274584577e-05,11.341814474195722,0.0003785574920894868,0.024554910138249397,0.025638869032263756,0.0010839588940143585,Q3
randomness_0.9800,0.98,0.0037679270399707,121.0,247.0,0.03402203856749311,247.0,1.0,0.0,4.082644462585449,1.376225471496582,4.082644462585449,1.376225471496582,136.32948303222656,52.31270980834961,Test,101,0.005435554124414921,0.0016676270844442208,0.0016676270844442208,2.7809800927719324e-06,44.258475993664376,0.0006210749286404795,0.004274473525583744,0.006120850332081318,0.0018463768064975739,Q1
randomness_0.6046,0.6046,0.0221627316709149,121.0,279.0,0.0384297520661157,279.0,1.0,0.0,4.611570358276367,1.2944375276565552,4.611570358276367,1.2944375276565552,135.5312042236328,50.94279098510742,Test,101,0.022542737796902655,0.00038000612598775366,0.00038000612598775366,1.444046557882205e-07,1.714617726868263,0.0007157757803694807,0.02152758277952671,0.02357124723494053,0.0020436644554138184,Q3
randomness_0.1391,0.1391,0.0386608716100454,121.0,296.0,0.04077134986225895,296.0,1.0,0.0,4.892561912536621,1.271438717842102,4.892561912536621,1.271438717842102,135.9929962158203,50.70799255371094,Test,101,0.0369656465947628,-0.0016952250152826032,0.0016952250152826032,2.8737878524399022e-06,4.3848597941131935,0.0002860703271416311,0.03665661811828613,0.037440620362758636,0.0007840022444725037,Q5
randomness_0.6176,0.6176,0.0255750574171543,121.0,269.0,0.03705234159779614,269.0,1.0,0.0,4.4462809562683105,1.4021849632263184,4.4462809562683105,1.4021849632263184,137.08326721191406,51.00048065185547,Test,101,0.019904273003339766,-0.005670784413814533,0.005670784413814533,3.2157795867961836e-05,22.17310530849832,0.0004078848687238875,0.01910887472331524,0.0201720017939806,0.0010631270706653595,Q3
randomness_0.4164,0.4164,0.0293942402009685,121.0,290.0,0.03994490358126722,290.0,1.0,0.0,4.793388366699219,1.2525502443313599,4.793388366699219,1.2525502443313599,136.5740203857422,50.79976272583008,Test,101,0.03114394247531891,0.0017497022743504093,0.0017497022743504093,3.0614580488669947e-06,5.95253445024498,0.0003714919376607923,0.030640268698334694,0.03176885098218918,0.0011285822838544846,Q3
randomness_0.7648,0.7648,0.0147253739061309,120.0,263.0,0.036834733893557424,263.0,1.0,0.0,4.383333206176758,1.3177210092544556,4.383333206176758,1.3177210092544556,135.96324157714844,50.78242492675781,Test,101,0.01665031276643276,0.001924938860301862,0.001924938860301862,3.7053896159002315e-06,13.07225794450228,0.00030195988472105675,0.016133777797222137,0.017003798857331276,0.0008700210601091385,Q2
randomness_0.4104,0.4104,0.0361098866535382,121.0,297.0,0.04090909090909091,297.0,1.0,0.0,4.909090995788574,1.2792043685913086,4.909090995788574,1.2792043685913086,136.10472106933594,51.50088119506836,Test,101,0.034607315063476564,-0.0015025715900616327,0.0015025715900616327,2.257721383260343e-06,4.161108575272707,0.0001868589079109625,0.03428304195404053,0.03486088290810585,0.0005778409540653229,Q4
randomness_0.9930,0.993,0.0002380252917958,117.0,235.0,0.034630120837017386,235.0,1.0,0.0,4.017094135284424,1.3523192405700684,4.017094135284424,1.3523192405700684,136.00315856933594,52.520416259765625,Test,101,0.0014732239535078407,0.0012351986617120407,0.0012351986617120407,1.5257157338952163e-06,518.9358880281125,0.0006573355937772161,0.0005515561788342893,0.002206663601100445,0.0016551074222661555,Q1
randomness_0.2042,0.2042,0.0355158485472202,121.0,291.0,0.04008264462809917,291.0,1.0,0.0,4.809917449951172,1.398429036140442,4.809917449951172,1.398429036140442,135.83241271972656,51.218841552734375,Test,101,0.03483434244990349,-0.0006815060973167156,0.0006815060973167156,4.644505606798606e-07,1.9188788250704951,0.000307949989562443,0.03437846899032593,0.03534736484289169,0.0009688958525657654,Q4
randomness_0.6456,0.6456,0.0136541039214026,121.0,268.0,0.03691460055096419,268.0,1.0,0.0,4.429751873016357,1.2780824899673462,4.429751873016357,1.2780824899673462,136.63014221191406,50.46540069580078,Test,101,0.016709831729531287,0.0030557278081286866,0.0030557278081286866,9.337472437370948e-06,22.37955581500211,0.0004367700325368407,0.016066497191786766,0.017394941300153732,0.0013284441083669662,Q2
randomness_0.2092,0.2092,0.0373731505125761,121.0,301.0,0.04146005509641873,301.0,1.0,0.0,4.97520637512207,1.216028094291687,4.97520637512207,1.216028094291687,136.21961975097656,50.770713806152344,Test,101,0.03885100781917572,0.0014778573065996198,0.0014778573065996198,2.1840622186698827e-06,3.9543289402436637,0.0004260913650621456,0.03831198066473007,0.03932938352227211,0.001017402857542038,Q5
randomness_0.2242,0.2242,0.0360516704618931,121.0,301.0,0.04146005509641873,301.0,1.0,0.0,4.97520637512207,1.2362487316131592,4.97520637512207,1.2362487316131592,135.99269104003906,51.073143005371094,Test,101,0.03850117474794388,0.0024495042860507785,0.0024495042860507785,6.000071247381134e-06,6.794426595682782,0.00033848193444665104,0.03803474083542824,0.03903089091181755,0.0009961500763893127,Q4
randomness_0.7267,0.7267,0.0091554795910583,120.0,253.0,0.035434173669467786,253.0,1.0,0.0,4.2166666984558105,1.3427790403366089,4.2166666984558105,1.3427790403366089,135.42697143554688,51.2955436706543,Test,101,0.010816233791410923,0.001660754200352622,0.001660754200352622,2.758104513988877e-06,18.139456091132548,0.00039904107419057566,0.010336526669561863,0.011315977200865746,0.0009794505313038826,Q1
randomness_0.4625,0.4625,0.0241053399629891,121.0,282.0,0.03884297520661157,282.0,1.0,0.0,4.661157131195068,1.3145952224731445,4.661157131195068,1.3145952224731445,135.88375854492188,50.88782501220703,Test,101,0.02675505205988884,0.0026497120968997367,0.0026497120968997367,7.0209741964568e-06,10.992220399994592,0.0004062489066323581,0.026387132704257965,0.027426457032561302,0.001039324328303337,Q3
randomness_0.7317,0.7317,0.0129161671543746,120.0,259.0,0.03627450980392157,259.0,1.0,0.0,4.316666603088379,1.378304123878479,4.316666603088379,1.378304123878479,136.58395385742188,49.90168380737305,Test,101,0.01390487551689148,0.0009887083625168807,0.0009887083625168807,9.775442261108115e-07,7.65481238125672,0.0003460159357578817,0.013600962236523628,0.014370293356478214,0.000769331119954586,Q2
randomness_0.2873,0.2873,0.0388717334717512,121.0,301.0,0.04146005509641873,301.0,1.0,0.0,4.97520637512207,1.2627061605453491,4.97520637512207,1.2627061605453491,136.29217529296875,50.57588577270508,Test,101,0.03792205974459648,-0.0009496737271547165,0.0009496737271547165,9.018801880479309e-07,2.4430959011510556,0.0003894622516060444,0.03746941685676575,0.038392528891563416,0.0009231120347976685,Q5
randomness_0.8038,0.8038,0.0155941737748814,121.0,268.0,0.03691460055096419,268.0,1.0,0.0,4.429751873016357,1.3595480918884277,4.429751873016357,1.3595480918884277,134.96258544921875,52.087745666503906,Test,101,0.017696501314640047,0.002102327539758647,0.002102327539758647,4.419781084427645e-06,13.481493602084962,0.0003319356781167388,0.017204612493515015,0.01797577366232872,0.0007711611688137054,Q2
randomness_0.3413,0.3413,0.0380415976047516,121.0,299.0,0.04118457300275482,299.0,1.0,0.0,4.942148685455322,1.3502219915390015,4.942148685455322,1.3502219915390015,136.0253143310547,51.417476654052734,Test,101,0.03737691938877106,-0.0006646782159805409,0.0006646782159805409,4.4179713079907454e-07,1.747240541489559,0.0004833825603412808,0.036970168352127075,0.03805621713399887,0.0010860487818717957,Q5
randomness_0.1161,0.1161,0.0339945819228888,121.0,291.0,0.04008264462809917,291.0,1.0,0.0,4.809917449951172,1.368561029434204,4.809917449951172,1.368561029434204,136.07424926757812,50.703826904296875,Test,101,0.03525102883577347,0.001256446912884665,0.001256446912884665,1.578658844897405e-06,3.696021076931351,0.0002969148987429444,0.034763652831315994,0.035679273307323456,0.0009156204760074615,Q4
randomness_0.6897,0.6897,0.0138392174849287,121.0,257.0,0.03539944903581267,257.0,1.0,0.0,4.247933864593506,1.4274810552597046,4.247933864593506,1.4274810552597046,136.3031005859375,51.595436096191406,Test,101,0.012604476884007454,-0.0012347406009212466,0.0012347406009212466,1.524584351563361e-06,8.922040586947304,0.0007273865329617724,0.011342493817210197,0.013299167156219482,0.001956673339009285,Q2
randomness_0.7397,0.7397,0.0094119420299696,120.0,259.0,0.03627450980392157,259.0,1.0,0.0,4.316666603088379,1.224631428718567,4.316666603088379,1.224631428718567,137.14830017089844,51.60493850708008,Test,101,0.012203337624669075,0.0027913955946994758,0.0027913955946994758,7.79188936610764e-06,29.658019416302032,0.000762696755000536,0.011127587407827377,0.013432973064482212,0.0023053856566548347,Q1
randomness_0.4484,0.4484,0.0323633156716824,121.0,287.0,0.03953168044077135,287.0,1.0,0.0,4.743801593780518,1.2890442609786987,4.743801593780518,1.2890442609786987,136.79217529296875,50.56622314453125,Test,101,0.028892279788851737,-0.0034710358828306635,0.0034710358828306635,1.2048090099898044e-05,10.725217150317473,0.00018616375261009101,0.028693774715065956,0.029213745146989822,0.0005199704319238663,Q4
randomness_0.6887,0.6887,0.0068107971712157,121.0,255.0,0.03512396694214876,255.0,1.0,0.0,4.214876174926758,1.2675648927688599,4.214876174926758,1.2675648927688599,136.23426818847656,50.580894470214844,Test,101,0.009300926141440869,0.0024901289702251687,0.0024901289702251687,6.200742288354659e-06,36.561490639438475,0.00013799213242044622,0.009041481651365757,0.00945229921489954,0.00041081756353378296,Q1
randomness_0.8529,0.8529,0.0087609699233098,121.0,259.0,0.03567493112947658,259.0,1.0,0.0,4.280991554260254,1.3619574308395386,4.280991554260254,1.3619574308395386,137.72055053710938,50.49103546142578,Test,101,0.01248866468667984,0.003727694763370039,0.003727694763370039,1.3895708248856413e-05,42.54888209868156,0.00015939202779034,0.012197596952319145,0.012656188569962978,0.00045859161764383316,Q1
randomness_0.2102,0.2102,0.038845494017005,121.0,298.0,0.04104683195592287,298.0,1.0,0.0,4.925619602203369,1.2409359216690063,4.925619602203369,1.2409359216690063,136.35546875,50.28927230834961,Test,101,0.03746205046772957,-0.0013834435492754357,0.0013834435492754357,1.913916054031815e-06,3.5614003226984816,0.0003638401515035352,0.036881573498249054,0.03789777308702469,0.0010161995887756348,Q5
randomness_0.8819,0.8819,0.007197427849005,121.0,250.0,0.03443526170798898,250.0,1.0,0.0,4.13223123550415,1.3419004678726196,4.13223123550415,1.3419004678726196,136.25277709960938,51.10990905761719,Test,101,0.007832511328160763,0.0006350834791557626,0.0006350834791557626,4.03331025496588e-07,8.823756103974825,0.0003664750175787267,0.007351771928369999,0.008337865583598614,0.0009860936552286148,Q1
randomness_0.3473,0.3473,0.0350981216877699,121.0,293.0,0.04035812672176309,293.0,1.0,0.0,4.84297513961792,1.2597274780273438,4.84297513961792,1.2597274780273438,136.0007781982422,51.235984802246094,Test,101,0.03432934433221817,-0.0007687773555517322,0.0007687773555517322,5.910186224091144e-07,2.190366089646376,0.0005440848042726026,0.03370511531829834,0.03511807695031166,0.001412961632013321,Q4
randomness_0.4464,0.4464,0.0256694046780467,121.0,286.0,0.03939393939393939,286.0,1.0,0.0,4.7272725105285645,1.2264306545257568,4.7272725105285645,1.2264306545257568,135.6451873779297,50.691410064697266,Test,101,0.0292833611369133,0.0036139564588666025,0.0036139564588666025,1.3060681286583633e-05,14.078847967819739,0.0007244796861347556,0.028382791206240654,0.030346563085913658,0.001963771879673004,Q3
randomness_0.0561,0.0561,0.0287058036774397,121.0,286.0,0.03939393939393939,286.0,1.0,0.0,4.7272725105285645,1.3545149564743042,4.7272725105285645,1.3545149564743042,136.0181884765625,50.876529693603516,Test,101,0.03306426927447319,0.0043584655970334875,0.0043584655970334875,1.8996222360524476e-05,15.183220947263942,0.0004734873515136981,0.03252117708325386,0.0338120236992836,0.0012908466160297394,Q3
randomness_0.8258,0.8258,0.0064586361448314,121.0,235.0,0.03236914600550964,235.0,1.0,0.0,3.8842976093292236,1.432734727859497,3.8842976093292236,1.432734727859497,136.61074829101562,50.579280853271484,Test,101,0.001952502317726612,-0.004506133827104788,0.004506133827104788,2.0305242067778043e-05,69.76912348144701,0.0005757931550137315,0.001076127402484417,0.002699662931263447,0.0016235355287790298,Q1
randomness_0.5516,0.5516,0.0299777328968048,121.0,291.0,0.04008264462809917,291.0,1.0,0.0,4.809917449951172,1.368561029434204,4.809917449951172,1.368561029434204,136.09219360351562,50.723854064941406,Test,101,0.030667170509696008,0.0006894376128912076,0.0006894376128912076,4.7532422206912664e-07,2.2998323964808285,0.0003802852578734034,0.030278798192739487,0.031235337257385254,0.0009565390646457672,Q3
randomness_0.1892,0.1892,0.03733005002141,121.0,300.0,0.04132231404958678,300.0,1.0,0.0,4.958677768707275,1.2557088136672974,4.958677768707275,1.2557088136672974,135.90673828125,50.77155303955078,Test,101,0.03862034305930138,0.0012902930378913754,0.0012902930378913754,1.6648561236309545e-06,3.4564460458835446,0.0003198723183853791,0.03811623156070709,0.038979750126600266,0.0008635185658931732,Q5
randomness_0.7157,0.7157,0.0091112719081171,120.0,249.0,0.034873949579831934,249.0,1.0,0.0,4.150000095367432,1.4528707265853882,4.150000095367432,1.4528707265853882,135.7113037109375,51.25541305541992,Test,101,0.010023178346455098,0.0009119064383379984,0.0009119064383379984,8.315733522822936e-07,10.0085525658124,0.0005896590956216706,0.00904162134975195,0.010780150070786476,0.0017385287210345268,Q1
randomness_0.1682,0.1682,0.0374293509870768,121.0,295.0,0.040633608815427,295.0,1.0,0.0,4.876032829284668,1.3272119760513306,4.876032829284668,1.3272119760513306,135.801025390625,50.90922546386719,Test,101,0.036921823769807814,-0.0005075272172689882,0.0005075272172689882,2.5758387626880277e-07,1.3559605066201166,0.0003263269118822516,0.03644276782870293,0.03727962076663971,0.0008368529379367828,Q5
randomness_0.6687,0.6687,0.0166030365912391,121.0,275.0,0.03787878787878788,275.0,1.0,0.0,4.545454502105713,1.4200453758239746,4.545454502105713,1.4200453758239746,136.1197052001953,51.371334075927734,Test,101,0.02202829010784626,0.005425253516607158,0.005425253516607158,2.943337571945833e-05,32.676272721520675,0.00043189652239608394,0.021502843126654625,0.022823268547654152,0.001320425420999527,Q2
randomness_0.3313,0.3313,0.040446874499321,121.0,293.0,0.04035812672176309,293.0,1.0,0.0,4.84297513961792,1.3545655012130737,4.84297513961792,1.3545655012130737,136.1387939453125,51.739200592041016,Test,101,0.035093622654676436,-0.005353251844644566,0.005353251844644566,2.8657305312190447e-05,13.235267028443529,0.0006403322044857255,0.03454111889004707,0.03619762137532234,0.0016565024852752686,Q5
randomness_0.7347,0.7347,0.0146964851454064,121.0,262.0,0.03608815426997245,262.0,1.0,0.0,4.330578327178955,1.428102970123291,4.330578327178955,1.428102970123291,135.76504516601562,51.736480712890625,Test,101,0.015773752331733705,0.0010772671863273058,0.0010772671863273058,1.1605045907375502e-06,7.330100875609849,0.00018206741449475547,0.0155422268435359,0.016022685915231705,0.0004804590716958046,Q2
randomness_0.4294,0.4294,0.0317938279360533,121.0,294.0,0.04049586776859504,294.0,1.0,0.0,4.859504222869873,1.2682113647460938,4.859504222869873,1.2682113647460938,136.57540893554688,50.936710357666016,Test,101,0.03294351473450661,0.0011496867984533074,0.0011496867984533074,1.321779734537816e-06,3.616069133813218,0.0003617275119610528,0.032564565539360046,0.0335635282099247,0.0009989626705646515,Q3
randomness_0.7838,0.7838,0.0149285073979399,121.0,262.0,0.03608815426997245,262.0,1.0,0.0,4.330578327178955,1.4904015064239502,4.330578327178955,1.4904015064239502,136.20423889160156,51.811195373535156,Test,101,0.015384591743350029,0.0004560843454101283,0.0004560843454101283,2.080129301281852e-07,3.05512355155524,0.00035942483856103393,0.014869832433760166,0.01577862538397312,0.0009087929502129555,Q2
randomness_0.9980,0.998,0.0003640220575548,121.0,232.0,0.031955922865013774,232.0,1.0,0.0,3.8347108364105225,1.3927030563354492,3.8347108364105225,1.3927030563354492,136.9081268310547,52.091766357421875,Test,101,-0.0008883694361429661,-0.001252391493697766,0.001252391493697766,1.5684844534865217e-06,344.04274897798757,0.0006787037172709933,-0.002050763927400112,-0.00026497713406570256,0.0017857867933344096,Q1
randomness_0.3524,0.3524,0.0280057210475206,121.0,288.0,0.03966942148760331,288.0,1.0,0.0,4.760330677032471,1.2793644666671753,4.760330677032471,1.2793644666671753,135.8939208984375,50.71220016479492,Test,101,0.0303683303296566,0.002362609282136,0.002362609282136,5.581922620035186e-06,8.436166589416082,0.0003480980308764699,0.02988096885383129,0.03073914721608162,0.0008581783622503281,Q3
randomness_0.8859,0.8859,0.004766167383327,121.0,253.0,0.03484848484848485,253.0,1.0,0.0,4.181818008422852,1.3965719938278198,4.181818008422852,1.3965719938278198,137.06167602539062,50.64304733276367,Test,101,0.008734941110014915,0.003968773726687915,0.003968773726687915,1.5751164893648278e-05,83.26970933860764,0.00046374527093479137,0.007922046817839146,0.009261859580874443,0.0013398127630352974,Q1
randomness_0.8148,0.8148,0.0147250680248982,120.0,254.0,0.03557422969187675,254.0,1.0,0.0,4.233333110809326,1.4302291870117188,4.233333110809326,1.4302291870117188,134.91587829589844,51.298828125,Test,101,0.01223588977009058,-0.002489178254807621,0.002489178254807621,6.196008384207114e-06,16.904358272564444,0.00033272115814413246,0.011821432039141655,0.012803353369235992,0.0009819213300943375,Q2
randomness_0.0061,0.0061,0.0391237345524132,121.0,302.0,0.04159779614325069,302.0,1.0,0.0,4.991735458374023,1.3391491174697876,4.991735458374023,1.3391491174697876,135.9744873046875,50.833946228027344,Prediction,101,0.04026006758213043,0.001136333029717232,0.001136333029717232,1.2912527544263436e-06,2.904459512153452,0.000800464912070688,0.03886713460087776,0.041304104030132294,0.002436969429254532,Q5
randomness_0.0153,0.0153,0.0403893996030092,121.0,297.0,0.04090909090909091,297.0,1.0,0.0,4.909090995788574,1.372697114944458,4.909090995788574,1.372697114944458,135.9912567138672,50.83308792114258,Prediction,101,0.03846223577857018,-0.0019271638244390196,0.0019271638244390196,3.7139604062264285e-06,4.7714594507006165,0.0005767799904802663,0.03761138394474983,0.039426181465387344,0.0018147975206375122,Q5
randomness_0.0229,0.0229,0.0366303786635399,121.0,293.0,0.04035812672176309,293.0,1.0,0.0,4.84297513961792,1.3174498081207275,4.84297513961792,1.3174498081207275,135.97752380371094,50.85953140258789,Prediction,101,0.03642371222376824,-0.0002066664397716647,0.0002066664397716647,4.2711017327895116e-08,0.5641941124058606,0.0003062364636473225,0.03599299117922783,0.036884963512420654,0.0008919723331928253,Q5
randomness_0.1000,0.1,0.0364594422280788,121.0,288.0,0.03966942148760331,288.0,1.0,0.0,4.760330677032471,1.2858080863952637,4.760330677032471,1.2858080863952637,135.99363708496094,50.69256591796875,Prediction,101,0.033527687191963196,-0.0029317550361156047,0.0029317550361156047,8.595187591789211e-06,8.041140667417421,0.0009090957490789003,0.03260757401585579,0.03495541587471962,0.0023478418588638306,Q5
randomness_0.1444,0.1444,0.0365820519626141,121.0,293.0,0.04035812672176309,293.0,1.0,0.0,4.84297513961792,1.246537446975708,4.84297513961792,1.246537446975708,135.96279907226562,50.62565231323242,Prediction,101,0.03566519543528557,-0.0009168565273285287,0.0009168565273285287,8.40625891704929e-07,2.5063015280431293,0.000493689905955868,0.03495359420776367,0.036294858902692795,0.001341264694929123,Q5
randomness_0.1889,0.1889,0.0382835615426302,121.0,297.0,0.04090909090909091,297.0,1.0,0.0,4.909090995788574,1.30479097366333,4.909090995788574,1.30479097366333,135.73553466796875,51.08343505859375,Prediction,101,0.03720007538795471,-0.0010834861546754893,0.0010834861546754893,1.1739422473734781e-06,2.8301602855549017,0.0001841837569525395,0.036884650588035583,0.0374266542494297,0.0005420036613941193,Q5
randomness_0.2333,0.2333,0.041121981292963,121.0,300.0,0.04132231404958678,300.0,1.0,0.0,4.958677768707275,1.3073011636734009,4.958677768707275,1.3073011636734009,135.9922332763672,50.86994171142578,Prediction,101,0.03828735202550888,-0.0028346292674541196,0.0028346292674541196,8.035123083907478e-06,6.893221528553138,0.00017169326725214028,0.03796779736876488,0.038437072187662125,0.0004692748188972473,Q5
randomness_0.2778,0.2778,0.0298009671270847,121.0,288.0,0.03966942148760331,288.0,1.0,0.0,4.760330677032471,1.4026232957839966,4.760330677032471,1.4026232957839966,135.87547302246094,51.20341873168945,Prediction,101,0.033052319288253786,0.003251352161169084,0.003251352161169084,1.0571290875938874e-05,10.910223642420256,0.0003125365108480737,0.03270193189382553,0.03351028636097908,0.0008083544671535492,Q3
randomness_0.3222,0.3222,0.0427577152848244,121.0,303.0,0.04173553719008265,303.0,1.0,0.0,5.008264541625977,1.2952289581298828,5.008264541625977,1.2952289581298828,136.2012939453125,51.18830490112305,Prediction,101,0.03962293267250061,-0.0031347826123237915,0.0031347826123237915,9.826862026527574e-06,7.331501675058842,0.0006915501252314532,0.038566846400499344,0.04045616090297699,0.0018893145024776459,Q5
randomness_0.3667,0.3667,0.0373946022242308,121.0,294.0,0.04049586776859504,294.0,1.0,0.0,4.859504222869873,1.3624587059020996,4.859504222869873,1.3624587059020996,136.22906494140625,51.256717681884766,Prediction,101,0.03491904065012932,-0.0024755615741014828,0.0024755615741014828,6.128405107167811e-06,6.620104044046707,0.00041080158575910656,0.03449147194623947,0.035481810569763184,0.0009903386235237122,Q5
randomness_0.4111,0.4111,0.034637825191021,121.0,293.0,0.04035812672176309,293.0,1.0,0.0,4.84297513961792,1.3423075675964355,4.84297513961792,1.3423075675964355,136.73204040527344,50.95869064331055,Prediction,101,0.033968071639537814,-0.0006697535514831876,0.0006697535514831876,4.4856981972434285e-07,1.9335900790237968,0.0005115796639490553,0.03328537195920944,0.03474513441324234,0.001459762454032898,Q4
randomness_0.4556,0.4556,0.0376368008553982,121.0,291.0,0.04008264462809917,291.0,1.0,0.0,4.809917449951172,1.3130875825881958,4.809917449951172,1.3130875825881958,136.20278930664062,50.63388442993164,Prediction,101,0.03133290559053421,-0.006303895264863989,0.006303895264863989,3.973909551037462e-05,16.749285597051028,0.00037441712987011926,0.030894339084625244,0.03180956840515137,0.000915229320526123,Q5
randomness_0.5000,0.5,0.0278264483436942,121.0,278.0,0.03829201101928375,278.0,1.0,0.0,4.595041275024414,1.3210221529006958,4.595041275024414,1.3210221529006958,135.8992919921875,51.231910705566406,Prediction,101,0.02462061569094658,-0.003205832652747622,0.003205832652747622,1.0277362997422856e-05,11.520811470983508,0.000646935514884506,0.023977143689990044,0.025734174996614456,0.0017570313066244125,Q3
randomness_0.9780,0.978,3.28138928998337e-06,120.0,234.0,0.03277310924369748,234.0,1.0,0.0,3.9000000953674316,1.502220630645752,3.9000000953674316,1.502220630645752,134.45729064941406,51.0107536315918,Test,202,0.002442373288795352,0.0024390918995053686,0.0024390918995053686,5.949169294232707e-06,74331.07394330922,0.0006678160894488438,0.001565365819260478,0.003611889434978366,0.002046523615717888,Q1
randomness_0.9009,0.9009,0.0099296170664835,121.0,254.0,0.0349862258953168,254.0,1.0,0.0,4.198347091674805,1.4236481189727783,4.198347091674805,1.4236481189727783,135.1719970703125,50.265804290771484,Test,202,0.009506343118846416,-0.00042327394763708344,0.00042327394763708344,1.7916083474828045e-07,4.262741904376206,0.00016300301794461918,0.0093509741127491,0.009777938947081566,0.0004269648343324661,Q1
randomness_0.3063,0.3063,0.0363085314631462,121.0,297.0,0.04090909090909091,297.0,1.0,0.0,4.909090995788574,1.38468599319458,4.909090995788574,1.38468599319458,136.3129425048828,50.84721374511719,Test,202,0.03664312958717346,0.00033459812402725914,0.00033459812402725914,1.1195590460256109e-07,0.9215413307665229,0.0003187098350408593,0.03618621826171875,0.037058040499687195,0.0008718222379684448,Q4
randomness_0.8098,0.8098,0.013010041902885,121.0,261.0,0.03595041322314049,261.0,1.0,0.0,4.31404972076416,1.2598901987075806,4.31404972076416,1.2598901987075806,136.57498168945312,52.07710647583008,Test,202,0.012321693822741508,-0.0006883480801434909,0.0006883480801434909,4.7382307943722977e-07,5.290898255991385,0.0005194169984410414,0.011590075679123402,0.012843795120716095,0.0012537194415926933,Q2
randomness_0.0821,0.0821,0.0360031485557556,121.0,297.0,0.04090909090909091,297.0,1.0,0.0,4.909090995788574,1.3236563205718994,4.909090995788574,1.3236563205718994,136.07057189941406,50.7434196472168,Test,202,0.03745162561535835,0.00144847705960275,0.00144847705960275,2.0980857921954283e-06,4.023195519579609,0.00025263494208380675,0.03701575845479965,0.037799734622240067,0.0007839761674404144,Q4
randomness_0.8799,0.8799,0.006994448719037,121.0,253.0,0.03484848484848485,253.0,1.0,0.0,4.181818008422852,1.2920609712600708,4.181818008422852,1.2920609712600708,136.92178344726562,50.76051330566406,Test,202,0.009235841780900955,0.0022413930618639544,0.0022413930618639544,5.023842857771872e-06,32.0453141040764,0.00037693986023945624,0.008703417144715786,0.00965698342770338,0.0009535662829875946,Q1
randomness_0.8959,0.8959,0.003431626580889,121.0,236.0,0.032506887052341595,236.0,1.0,0.0,3.9008264541625977,1.4339736700057983,3.9008264541625977,1.4339736700057983,136.9657745361328,51.1617546081543,Test,202,0.0030615426134318114,-0.0003700839674571888,0.0003700839674571888,1.369621429688536e-07,10.78450579437214,0.00039998133639239077,0.0025060984771698713,0.0036842997651547194,0.001178201287984848,Q1
randomness_0.8108,0.8108,0.0093205503379145,120.0,248.0,0.03473389355742297,248.0,1.0,0.0,4.133333206176758,1.2840907573699951,4.133333206176758,1.2840907573699951,136.98130798339844,50.777339935302734,Test,202,0.008380519039928914,-0.0009400312979855868,0.0009400312979855868,8.836588411924669e-07,10.085577180584398,0.0005300617719666091,0.00781602505594492,0.009126734919846058,0.0013107098639011383,Q1
randomness_0.0400,0.04,0.0389154389500618,121.0,298.0,0.04104683195592287,298.0,1.0,0.0,4.925619602203369,1.318434476852417,4.925619602203369,1.318434476852417,136.02130126953125,50.840213775634766,Test,202,0.038175118714571,-0.0007403202354907962,0.0007403202354907962,5.480740510771479e-07,1.9023818193103552,0.00039710682867913344,0.037490904331207275,0.03859897702932358,0.0011080726981163025,Q5
randomness_0.7548,0.7548,0.0075317050921793,121.0,260.0,0.03581267217630854,260.0,1.0,0.0,4.297520637512207,1.3584423065185547,4.297520637512207,1.3584423065185547,136.19960021972656,50.93349838256836,Test,202,0.013244607858359814,0.005712902766180514,0.005712902766180514,3.263725801583297e-05,75.85138685412183,0.0002845665740601376,0.012760411947965622,0.013622136786580086,0.0008617248386144638,Q1
randomness_0.0150,0.015,0.0292893473058939,121.0,289.0,0.03980716253443526,289.0,1.0,0.0,4.776859283447266,1.3015412092208862,4.776859283447266,1.3015412092208862,135.97909545898438,50.825904846191406,Test,202,0.033981460332870486,0.004692113026976585,0.004692113026976585,2.2015924657923375e-05,16.01986202687552,0.00038168052305753215,0.03329728543758392,0.034360893070697784,0.001063607633113861,Q3
randomness_0.2583,0.2583,0.0419803738594055,121.0,302.0,0.04159779614325069,302.0,1.0,0.0,4.991735458374023,1.3391491174697876,4.991735458374023,1.3391491174697876,136.00518798828125,50.84481430053711,Test,202,0.039538346230983734,-0.0024420276284217654,0.0024420276284217654,5.963498937975232e-06,5.817069749307725,0.00032687834652051363,0.03892013803124428,0.03979548066854477,0.0008753426373004913,Q5
randomness_0.0030,0.003,0.0398790046572685,121.0,297.0,0.04090909090909091,297.0,1.0,0.0,4.909090995788574,1.2662172317504883,4.909090995788574,1.2662172317504883,135.98011779785156,50.83869934082031,Test,202,0.03779633045196533,-0.00208267420530317,0.00208267420530317,4.33753184543519e-06,5.2224829160162445,0.0003764247964589918,0.037169959396123886,0.03835440054535866,0.0011844411492347717,Q5
randomness_0.4835,0.4835,0.0272912026258136,121.0,281.0,0.03870523415977961,281.0,1.0,0.0,4.644628047943115,1.3413913249969482,4.644628047943115,1.3413913249969482,136.19068908691406,50.436927795410156,Test,202,0.025226498767733575,-0.0020647038580800248,0.0020647038580800248,4.263002021570539e-06,7.565455749198493,0.0004950391033240525,0.02450304478406906,0.02599874511361122,0.00149570032954216,Q3
randomness_0.8599,0.8599,0.003044637531427,120.0,240.0,0.03361344537815126,240.0,1.0,0.0,4.0,1.3478378057479858,4.0,1.3478378057479858,136.74253845214844,51.54633331298828,Test,202,0.0037958808708935974,0.0007512433394665976,0.0007512433394665976,5.643665550929256e-07,24.674311201652145,0.0006987414272430182,0.0031420334707945585,0.004992200993001461,0.0018501675222069025,Q1
randomness_0.5055,0.5055,0.0293795708566904,121.0,281.0,0.03870523415977961,281.0,1.0,0.0,4.644628047943115,1.3838472366333008,4.644628047943115,1.3838472366333008,136.39454650878906,51.176902770996094,Test,202,0.02596573904156685,-0.003413831815123551,0.003413831815123551,1.165424766194976e-05,11.61974704047164,0.00035329190489164175,0.025401990860700607,0.026461539790034294,0.0010595489293336868,Q3
randomness_0.6837,0.6837,0.0074113162234425,119.0,250.0,0.03560746332431278,250.0,1.0,0.0,4.201680660247803,1.3632625341415405,4.201680660247803,1.3632625341415405,135.04832458496094,50.76060104370117,Test,202,0.011422149278223515,0.004010833054781015,0.004010833054781015,1.608678179332401e-05,54.11768886739006,0.0003295534888197214,0.011002300307154655,0.0119908032938838,0.000988502986729145,Q1
randomness_0.8589,0.8589,0.0164395064484211,120.0,250.0,0.0350140056022409,250.0,1.0,0.0,4.166666507720947,1.4278966188430786,4.166666507720947,1.4278966188430786,134.66017150878906,51.28517532348633,Test,202,0.010309340804815293,-0.006130165643605806,0.006130165643605806,3.757893081804498e-05,37.289231661784875,0.0003955958994277217,0.009877725504338741,0.011044961400330067,0.0011672358959913254,Q2
randomness_0.6146,0.6146,0.0247983114028499,121.0,279.0,0.0384297520661157,279.0,1.0,0.0,4.611570358276367,1.3259762525558472,4.611570358276367,1.3259762525558472,135.5802001953125,50.234493255615234,Test,202,0.02317685857415199,-0.0016214528286979078,0.0016214528286979078,2.6291092756924467e-06,6.538561446210267,0.00039237163531745866,0.022661246359348297,0.023689961060881615,0.0010287147015333176,Q3
randomness_0.8999,0.8999,0.0001607163528555,121.0,240.0,0.03305785123966942,240.0,1.0,0.0,3.966942071914673,1.2787771224975586,3.966942071914673,1.2787771224975586,137.3071746826172,50.73039627075195,Test,202,0.002987460792064667,0.002826744439209167,0.002826744439209167,7.990484124599946e-06,1758.8405840385708,0.0006716815507070675,0.002076823962852359,0.003971225582063198,0.0018944016192108393,Q1
randomness_0.4825,0.4825,0.0216641044069547,121.0,286.0,0.03939393939393939,286.0,1.0,0.0,4.7272725105285645,1.4024771451950073,4.7272725105285645,1.4024771451950073,136.1580047607422,50.97964859008789,Test,202,0.029073110595345498,0.007409006188390799,0.007409006188390799,5.489337269961315e-05,34.19945754144505,0.00022260329955704072,0.028760340064764023,0.029417656362056732,0.0006573162972927094,Q2
randomness_0.2042,0.2042,0.0355158485472202,121.0,291.0,0.04008264462809917,291.0,1.0,0.0,4.809917449951172,1.398429036140442,4.809917449951172,1.398429036140442,135.83241271972656,51.218841552734375,Test,202,0.03431905806064606,-0.0011967904865741452,0.0011967904865741452,1.4323074687543792e-06,3.369736429028153,0.00029185355964137264,0.03392726555466652,0.03477846458554268,0.0008511990308761597,Q4
randomness_0.1021,0.1021,0.0420161742717028,121.0,297.0,0.04090909090909091,297.0,1.0,0.0,4.909090995788574,1.336085319519043,4.909090995788574,1.336085319519043,136.16250610351562,50.83881378173828,Test,202,0.03720584511756897,-0.004810329154133833,0.004810329154133833,2.3139266571109916e-05,11.448755717327433,0.0002850701143829216,0.03669030964374542,0.03747870773077011,0.0007883980870246887,Q5
randomness_0.5445,0.5445,0.0214038656020369,121.0,273.0,0.03760330578512397,273.0,1.0,0.0,4.512396812438965,1.279951572418213,4.512396812438965,1.279951572418213,135.93930053710938,51.852169036865234,Test,202,0.02056419551372528,-0.0008396700883116191,0.0008396700883116191,7.050458572052423e-07,3.9229833709650648,0.0005014938810140539,0.019607743248343468,0.021040532737970352,0.0014327894896268845,Q2
randomness_0.6056,0.6056,0.027576076798141,121.0,273.0,0.03760330578512397,273.0,1.0,0.0,4.512396812438965,1.3972563743591309,4.512396812438965,1.3972563743591309,136.54608154296875,50.68677520751953,Test,202,0.02056722790002823,-0.00700884889811277,0.00700884889811277,4.9123962876576584e-05,25.416410569995442,0.0003291768796941076,0.020102430135011673,0.021082887426018715,0.000980457291007042,Q3
randomness_0.5836,0.5836,0.0247964336003466,121.0,273.0,0.03760330578512397,273.0,1.0,0.0,4.512396812438965,1.505448579788208,4.512396812438965,1.505448579788208,136.54180908203125,51.10252380371094,Test,202,0.021364664286375047,-0.0034317693139715513,0.0034317693139715513,1.1777040624316773e-05,13.839769739804773,0.0004340248736171547,0.020620670169591904,0.021924417465925217,0.001303747296333313,Q3
randomness_0.2402,0.2402,0.0320285096764565,121.0,289.0,0.03980716253443526,289.0,1.0,0.0,4.776859283447266,1.3452553749084473,4.776859283447266,1.3452553749084473,135.86624145507812,50.907169342041016,Test,202,0.03284714445471763,0.0008186347782611347,0.0008186347782611347,6.701629001786572e-07,2.5559565104051543,0.00032607189315916603,0.032415974885225296,0.03327034413814545,0.0008543692529201508,Q3
randomness_0.8709,0.8709,0.0052027298675966,120.0,243.0,0.03403361344537815,243.0,1.0,0.0,4.050000190734863,1.3156113624572754,4.050000190734863,1.3156113624572754,135.86038208007812,51.844932556152344,Test,202,0.0074550343677401544,0.0022523045001435543,0.0022523045001435543,5.072875561366906e-06,43.2908215006751,0.0007999192277003052,0.0067092617973685265,0.00898879673331976,0.002279534935951233,Q1
randomness_0.7838,0.7838,0.0149285073979399,121.0,262.0,0.03608815426997245,262.0,1.0,0.0,4.330578327178955,1.4904015064239502,4.330578327178955,1.4904015064239502,136.20423889160156,51.811195373535156,Test,202,0.01598138567060232,0.0010528782726624206,0.0010528782726624206,1.1085526570446024e-06,7.052803368726035,0.0005198219369017135,0.014984075911343098,0.016463587060570717,0.0014795111492276192,Q2
randomness_0.8979,0.8979,0.0049190689492862,121.0,249.0,0.03429752066115702,249.0,1.0,0.0,4.1157026290893555,1.3495643138885498,4.1157026290893555,1.3495643138885498,137.31385803222656,50.410953521728516,Test,202,0.007034843601286411,0.0021157746520002107,0.0021157746520002107,4.476502378046612e-06,43.01168928130654,0.0002948485509851456,0.006494578905403614,0.007385049946606159,0.0008904710412025452,Q1
randomness_0.0070,0.007,0.0353983953595161,121.0,297.0,0.04090909090909091,297.0,1.0,0.0,4.909090995788574,1.336085319519043,4.909090995788574,1.336085319519043,135.9758758544922,50.8465690612793,Test,202,0.03814552873373032,0.002747133374214221,0.002747133374214221,7.546741775721611e-06,7.760615548568117,0.0004291374863936184,0.03739560768008232,0.03863057866692543,0.0012349709868431091,Q4
randomness_0.4244,0.4244,0.0294438774697483,121.0,293.0,0.04035812672176309,293.0,1.0,0.0,4.84297513961792,1.3423075675964355,4.84297513961792,1.3423075675964355,136.06301879882812,50.973304748535156,Test,202,0.032350844144821166,0.002906966675072866,0.002906966675072866,8.450455249984193e-06,9.872907119857391,0.000295282715951583,0.032085880637168884,0.032891981303691864,0.0008061006665229797,Q3
randomness_0.0060,0.006,0.0345550399273634,121.0,297.0,0.04090909090909091,297.0,1.0,0.0,4.909090995788574,1.317397952079773,4.909090995788574,1.317397952079773,135.97280883789062,50.837242126464844,Test,202,0.03793506324291229,0.0033800233155488954,0.0033800233155488954,1.1424557613654148e-05,9.78156391268507,0.00044531756979676205,0.03712019696831703,0.03832226246595383,0.001202065497636795,Q4
randomness_0.1011,0.1011,0.0365598505362868,121.0,293.0,0.04035812672176309,293.0,1.0,0.0,4.84297513961792,1.390690803527832,4.84297513961792,1.390690803527832,136.06576538085938,50.780372619628906,Test,202,0.035214781761169434,-0.001345068775117364,0.001345068775117364,1.809210009795726e-06,3.679087182761705,0.000455103553679644,0.03468078002333641,0.03583378344774246,0.0011530034244060516,Q5
randomness_0.1141,0.1141,0.0380216337740421,121.0,298.0,0.04104683195592287,298.0,1.0,0.0,4.925619602203369,1.267295479774475,4.925619602203369,1.267295479774475,135.80186462402344,50.88633346557617,Test,202,0.03778524175286293,-0.00023639202117917146,0.00023639202117917146,5.588118767717385e-08,0.6217303090761965,0.00023556658357045413,0.03743292763829231,0.03808199241757393,0.0006490647792816162,Q5
randomness_0.3964,0.3964,0.0301962347295005,121.0,292.0,0.04022038567493113,292.0,1.0,0.0,4.826446056365967,1.321642518043518,4.826446056365967,1.321642518043518,135.71829223632812,50.75838088989258,Test,202,0.03217426985502243,0.0019780351255219326,0.0019780351255219326,3.912622957798568e-06,6.550601898684648,0.00026892418671362403,0.031792446970939636,0.03248130530118942,0.0006888583302497864,Q3
randomness_0.2242,0.2242,0.0360516704618931,121.0,301.0,0.04146005509641873,301.0,1.0,0.0,4.97520637512207,1.2362487316131592,4.97520637512207,1.2362487316131592,135.99269104003906,51.073143005371094,Test,202,0.038293910771608354,0.002242240309715253,0.002242240309715253,5.027641606511954e-06,6.219518488291183,0.00031220553504064067,0.03803033381700516,0.03887999802827835,0.0008496642112731934,Q4
randomness_0.8468,0.8468,0.0129405901182504,121.0,258.0,0.03553719008264463,258.0,1.0,0.0,4.264462947845459,1.406999111175537,4.264462947845459,1.406999111175537,136.4388427734375,52.434085845947266,Test,202,0.013796683959662914,0.0008560938414125148,0.0008560938414125148,7.32896665304436e-07,6.615570337902494,0.0003519458068387118,0.01334964856505394,0.014249750413000584,0.0009001018479466438,Q2
randomness_0.1111,0.1111,0.0374157171696424,121.0,298.0,0.04104683195592287,298.0,1.0,0.0,4.925619602203369,1.2738001346588135,4.925619602203369,1.2738001346588135,135.9944305419922,50.782596588134766,Test,202,0.03773176893591881,0.00031605176627640813,0.00031605176627640813,9.988871896643731e-08,0.8447032161469291,0.0002292809624160949,0.03734680637717247,0.03800465539097786,0.0006578490138053894,Q5
randomness_0.2763,0.2763,0.0363034319132566,121.0,293.0,0.04035812672176309,293.0,1.0,0.0,4.84297513961792,1.4200935363769531,4.84297513961792,1.4200935363769531,136.37576293945312,50.47586441040039,Test,202,0.0354955181479454,-0.0008079137653111967,0.0008079137653111967,6.527246521793155e-07,2.225447355064462,0.0001765804807292683,0.0352787971496582,0.035718318074941635,0.000439520925283432,Q4
randomness_0.6286,0.6286,0.0208615046607199,121.0,278.0,0.03829201101928375,278.0,1.0,0.0,4.595041275024414,1.2303229570388794,4.595041275024414,1.2303229570388794,135.5638427734375,51.10546875,Test,202,0.022125419229269028,0.0012639145685491293,0.0012639145685491293,1.5974800365907317e-06,6.05859735002218,0.0005524452400777161,0.021097438409924507,0.022715672850608826,0.0016182344406843185,Q2
randomness_0.2683,0.2683,0.0350119467824698,121.0,293.0,0.04035812672176309,293.0,1.0,0.0,4.84297513961792,1.2857017517089844,4.84297513961792,1.2857017517089844,135.87405395507812,50.86849594116211,Test,202,0.03422465473413468,-0.0007872920483351226,0.0007872920483351226,6.198287693717129e-07,2.2486383097363594,0.00028321316913883286,0.033959049731492996,0.034597937017679214,0.0006388872861862183,Q4
randomness_0.4414,0.4414,0.0278060588985682,121.0,289.0,0.03980716253443526,289.0,1.0,0.0,4.776859283447266,1.2823505401611328,4.776859283447266,1.2823505401611328,135.88079833984375,50.200923919677734,Test,202,0.030519991368055343,0.0027139324694871424,0.0027139324694871424,7.365429448936579e-06,9.760219811757965,0.00044518495841152104,0.02990364097058773,0.03111390955746174,0.0012102685868740082,Q3
randomness_0.6456,0.6456,0.0136541039214026,121.0,268.0,0.03691460055096419,268.0,1.0,0.0,4.429751873016357,1.2780824899673462,4.429751873016357,1.2780824899673462,136.63014221191406,50.46540069580078,Test,202,0.016813649609684945,0.003159545688282344,0.003159545688282344,9.98272895634355e-06,23.13989776604676,0.0002821714591092818,0.01646403595805168,0.01724463887512684,0.0007806029170751572,Q2
randomness_0.7888,0.7888,0.0087842606146591,120.0,254.0,0.03557422969187675,254.0,1.0,0.0,4.233333110809326,1.4360440969467163,4.233333110809326,1.4360440969467163,135.13800048828125,49.78969192504883,Test,202,0.013673130236566067,0.0048888696219069674,0.0048888696219069674,2.3901046180004774e-05,55.6548790657288,0.0005277882147805817,0.013029010035097599,0.014379125088453293,0.0013501150533556938,Q1
randomness_0.2342,0.2342,0.0376643512398005,121.0,288.0,0.03966942148760331,288.0,1.0,0.0,4.760330677032471,1.3362387418746948,4.760330677032471,1.3362387418746948,136.24082946777344,50.512229919433594,Test,202,0.0325898714363575,-0.005074479803442999,0.005074479803442999,2.5750345275550903e-05,13.472898474036954,0.0001326676309114793,0.03241974487900734,0.032763995230197906,0.000344250351190567,Q5
randomness_0.6346,0.6346,0.0177420704520912,121.0,271.0,0.03732782369146005,271.0,1.0,0.0,4.479338645935059,1.2798447608947754,4.479338645935059,1.2798447608947754,138.13037109375,50.41254806518555,Test,202,0.020022478327155112,0.002280407875063912,0.002280407875063912,5.200260076653506e-06,12.85311024562597,0.00038461294610580324,0.019556671380996704,0.020637506619095802,0.0010808352380990982,Q2
randomness_0.0170,0.017,0.0380104511976242,121.0,305.0,0.04201101928374656,305.0,1.0,0.0,5.041322231292725,1.3261308670043945,5.041322231292725,1.3261308670043945,135.977294921875,50.82828903198242,Test,202,0.042117657512426375,0.004107206314802173,0.004107206314802173,1.6869143712350845e-05,10.805465826879972,0.0004562162705325447,0.04129703342914581,0.042652666568756104,0.0013556331396102905,Q5
randomness_0.3844,0.3844,0.0289080582559109,121.0,297.0,0.04090909090909091,297.0,1.0,0.0,4.909090995788574,1.3298853635787964,4.909090995788574,1.3298853635787964,136.2947235107422,50.86128616333008,Test,202,0.035321838408708575,0.006413780152797675,0.006413780152797675,4.113657584842136e-05,22.18682450415442,0.00031604252298262617,0.03492482379078865,0.035750191658735275,0.0008253678679466248,Q3
randomness_0.2392,0.2392,0.0387058358639479,121.0,295.0,0.040633608815427,295.0,1.0,0.0,4.876032829284668,1.2764246463775635,4.876032829284668,1.2764246463775635,135.91493225097656,51.043766021728516,Test,202,0.03554030060768128,-0.003165535256266623,0.003165535256266623,1.0020613458666995e-05,8.178444375658412,0.0002752018020135957,0.035318661481142044,0.03606187552213669,0.0007432140409946442,Q5
randomness_0.7427,0.7427,0.0164032592077556,121.0,264.0,0.03636363636363636,264.0,1.0,0.0,4.363636493682861,1.2662172317504883,4.363636493682861,1.2662172317504883,137.27005004882812,51.168697357177734,Test,202,0.014166158623993397,-0.002237100583762204,0.002237100583762204,5.0046190218691945e-06,13.638146879398722,0.00026868113875789563,0.013850553892552853,0.014644553884863853,0.0007939999923110008,Q2
randomness_0.8268,0.8268,0.0017843965977524,119.0,236.0,0.03361344537815126,236.0,1.0,0.0,3.966386556625366,1.3216538429260254,3.966386556625366,1.3216538429260254,135.5314178466797,51.130470275878906,Test,202,0.0029541830997914078,0.0011697865020390077,0.0011697865020390077,1.3684004603526574e-06,65.55641854016388,0.0005344659895835991,0.0023497759830206633,0.0038866556715220213,0.001536879688501358,Q1
randomness_0.0551,0.0551,0.0373259469866753,121.0,298.0,0.04104683195592287,298.0,1.0,0.0,4.925619602203369,1.3676624298095703,4.925619602203369,1.3676624298095703,135.95252990722656,50.90724182128906,Test,202,0.038435811549425124,0.001109864562749821,0.001109864562749821,1.2317993476478515e-06,2.9734397981812033,0.00043126956284842436,0.03758836165070534,0.038778964430093765,0.0011906027793884277,Q5
randomness_0.1702,0.1702,0.0406062595546246,121.0,291.0,0.04008264462809917,291.0,1.0,0.0,4.809917449951172,1.4449342489242554,4.809917449951172,1.4449342489242554,136.037841796875,50.736148834228516,Test,202,0.035144267976284026,-0.005461991578340576,0.005461991578340576,2.9833352001863378e-05,13.451107386517497,0.00025499309455667116,0.03467806428670883,0.035378679633140564,0.0007006153464317322,Q5
randomness_0.7668,0.7668,0.0150315293160528,121.0,262.0,0.03608815426997245,262.0,1.0,0.0,4.330578327178955,1.3988686800003052,4.330578327178955,1.3988686800003052,135.45140075683594,50.48653793334961,Test,202,0.015300895832479,0.00026936651642620046,0.00026936651642620046,7.255832017158652e-08,1.7920100527531333,0.0007016857867760684,0.014200521633028984,0.016354747116565704,0.0021542254835367203,Q2
randomness_0.1622,0.1622,0.036237620189786,121.0,290.0,0.03994490358126722,290.0,1.0,0.0,4.793388366699219,1.378209114074707,4.793388366699219,1.378209114074707,136.09457397460938,50.759033203125,Test,202,0.03411231711506844,-0.0021253030747175605,0.0021253030747175605,4.516913159403917e-06,5.864907970188954,0.00023631125063634646,0.033832307904958725,0.03453598544001579,0.0007036775350570679,Q4
randomness_0.2713,0.2713,0.0369778361171484,121.0,298.0,0.04104683195592287,298.0,1.0,0.0,4.925619602203369,1.2802717685699463,4.925619602203369,1.2802717685699463,136.0689697265625,51.09134292602539,Test,202,0.037126795202493665,0.0001489590853452627,0.0001489590853452627,2.2188809106897255e-08,0.4028334293909188,0.00022556223033549295,0.03691733255982399,0.0375174805521965,0.0006001479923725128,Q5
randomness_0.0390,0.039,0.0390858681556892,121.0,296.0,0.04077134986225895,296.0,1.0,0.0,4.892561912536621,1.3894624710083008,4.892561912536621,1.3894624710083008,135.972900390625,50.879032135009766,Test,202,0.03728505000472069,-0.0018008181509685112,0.0018008181509685112,3.2429460128576475e-06,4.607338242546854,0.000482214220697038,0.03659990802407265,0.03800308704376221,0.00140317901968956,Q5
randomness_0.7798,0.7798,0.0245540937408805,121.0,266.0,0.03663911845730027,266.0,1.0,0.0,4.396694183349609,1.6235830783843994,4.396694183349609,1.6235830783843994,136.4870147705078,49.868263244628906,Test,202,0.01882850006222725,-0.005725593678653249,0.005725593678653249,3.2782422973034045e-05,23.31828549273891,0.0007634266394988071,0.01744290255010128,0.019732771441340446,0.0022898688912391663,Q3
randomness_0.1221,0.1221,0.033644669316709,121.0,297.0,0.04090909090909091,297.0,1.0,0.0,4.909090995788574,1.2727272510528564,4.909090995788574,1.2727272510528564,135.8986053466797,50.812294006347656,Test,202,0.037017397582530975,0.003372728265821974,0.003372728265821974,1.13752959550745e-05,10.02455465997691,0.0003112271282707364,0.036436837166547775,0.03725738450884819,0.000820547342300415,Q4
randomness_0.4034,0.4034,0.0391752647988043,121.0,301.0,0.04146005509641873,301.0,1.0,0.0,4.97520637512207,1.2561440467834473,4.97520637512207,1.2561440467834473,136.5354461669922,50.11245346069336,Test,202,0.036782631278038026,-0.0023926335207662755,0.0023926335207662755,5.724695164694423e-06,6.107510780218907,0.0002831706713488557,0.03643118962645531,0.03728723153471947,0.0008560419082641602,Q5
randomness_0.0791,0.0791,0.0408696711063385,121.0,302.0,0.04159779614325069,302.0,1.0,0.0,4.991735458374023,1.2364697456359863,4.991735458374023,1.2364697456359863,136.03231811523438,50.83719253540039,Test,202,0.03977465257048607,-0.001095018535852428,0.001095018535852428,1.1990655938603954e-06,2.679293731048893,0.00028203596848254186,0.039384204894304276,0.04012122005224228,0.0007370151579380035,Q5
randomness_0.4925,0.4925,0.0303699512159228,121.0,288.0,0.03966942148760331,288.0,1.0,0.0,4.760330677032471,1.3546662330627441,4.760330677032471,1.3546662330627441,136.5926513671875,51.0213508605957,Test,202,0.03076999485492706,0.00040004363900426193,0.00040004363900426193,1.6003491310777223e-07,1.3172350398591395,0.0004511588170364721,0.030147554352879524,0.03138107806444168,0.0012335237115621567,Q3
randomness_0.7077,0.7077,0.0159605205769277,121.0,264.0,0.03636363636363636,264.0,1.0,0.0,4.363636493682861,1.38468599319458,4.363636493682861,1.38468599319458,137.54461669921875,51.81951904296875,Test,202,0.015785986743867397,-0.00017453383306030232,0.00017453383306030232,3.046205888272148e-08,1.0935347141032852,0.0004951297785348459,0.015194476582109928,0.01669655181467533,0.001502075232565403,Q2
randomness_0.9900,0.99,0.0056488657214367,121.0,241.0,0.033195592286501374,241.0,1.0,0.0,3.983471155166626,1.4430423974990845,3.983471155166626,1.4430423974990845,136.01429748535156,50.964019775390625,Test,202,0.005532796494662762,-0.00011606922677393806,0.00011606922677393806,1.3472065403899861e-08,2.054735100773783,0.0004339856097728062,0.004964127205312252,0.006230556406080723,0.0012664292007684708,Q1
randomness_0.1602,0.1602,0.0354020348446284,121.0,296.0,0.04077134986225895,296.0,1.0,0.0,4.892561912536621,1.3348579406738281,4.892561912536621,1.3348579406738281,136.08985900878906,50.85295486450195,Test,202,0.0366679735481739,0.0012659387035455008,0.0012659387035455008,1.6026008011344635e-06,3.5758924849981706,0.0002911377662449174,0.03617607802152634,0.03703046217560768,0.0008543841540813446,Q4
randomness_0.7167,0.7167,0.0163872075267136,121.0,258.0,0.03553719008264463,258.0,1.0,0.0,4.264462947845459,1.2449474334716797,4.264462947845459,1.2449474334716797,137.37782287597656,50.87445831298828,Test,202,0.010994193702936172,-0.0053930138237774285,0.0053930138237774285,2.908459810345444e-05,32.90990130555196,0.0003205792475128836,0.01059282012283802,0.01151044387370348,0.0009176237508654594,Q2
randomness_0.4114,0.4114,0.0322503715753555,121.0,284.0,0.03911845730027548,284.0,1.0,0.0,4.694214820861816,1.310119390487671,4.694214820861816,1.310119390487671,135.7716064453125,51.18122482299805,Test,202,0.02826869674026966,-0.003981674835085838,0.003981674835085838,1.5853734492355837e-05,12.346136309723892,0.0003399124081537602,0.02765711024403572,0.028682325035333633,0.0010252147912979126,Q4
randomness_0.3934,0.3934,0.0320241738110781,121.0,296.0,0.04077134986225895,296.0,1.0,0.0,4.892561912536621,1.3224173784255981,4.892561912536621,1.3224173784255981,136.41604614257812,50.547489166259766,Test,202,0.03349538967013359,0.0014712158590554913,0.0014712158590554913,2.1644761039363873e-06,4.594079047080848,0.00036386641504995655,0.03291034325957298,0.0338815301656723,0.0009711869060993195,Q3
randomness_0.2292,0.2292,0.0393136106431484,121.0,302.0,0.04159779614325069,302.0,1.0,0.0,4.991735458374023,1.332963466644287,4.991735458374023,1.332963466644287,135.76051330566406,50.89027786254883,Test,202,0.039981056749820706,0.000667446106672305,0.000667446106672305,4.4548430531201797e-07,1.6977481736051836,0.00043378424424623125,0.03939927741885185,0.04062564671039581,0.0012263692915439606,Q5
randomness_0.0501,0.0501,0.0412635006010532,121.0,298.0,0.04104683195592287,298.0,1.0,0.0,4.925619602203369,1.3371074199676514,4.925619602203369,1.3371074199676514,135.8736114501953,50.83445358276367,Test,202,0.03838646039366722,-0.0028770402073859808,0.0028770402073859808,8.277360354915567e-06,6.972360961814634,0.00024956111775464445,0.03797435387969017,0.038657087832689285,0.000682733952999115,Q5
randomness_0.8649,0.8649,0.0003024366990654,121.0,247.0,0.03402203856749311,247.0,1.0,0.0,4.082644462585449,1.263517141342163,4.082644462585449,1.263517141342163,136.79197692871094,51.338069915771484,Test,202,0.005350380204617977,0.005047943505552577,0.005047943505552577,2.5481733635250442e-05,1669.0909275071117,0.0003623974931999783,0.004889179952442646,0.005984562449157238,0.001095382496714592,Q1
randomness_0.2983,0.2983,0.0347930405288935,121.0,289.0,0.03980716253443526,289.0,1.0,0.0,4.776859283447266,1.3816243410110474,4.776859283447266,1.3816243410110474,136.3244171142578,50.95220184326172,Test,202,0.033233389258384705,-0.001559651270508798,0.001559651270508798,2.432512085599708e-06,4.482652986920193,0.00016992313928525625,0.03299655020236969,0.033516403287649155,0.0005198530852794647,Q4
randomness_0.7558,0.7558,0.0183753594104885,121.0,260.0,0.03581267217630854,260.0,1.0,0.0,4.297520637512207,1.36451256275177,4.297520637512207,1.36451256275177,136.65365600585938,49.522300720214844,Test,202,0.014407074451446534,-0.003968284959041968,0.003968284959041968,1.5747285516158713e-05,21.595686214316462,0.0003698967585038429,0.013948595151305199,0.015017016790807247,0.0010684216395020485,Q2
randomness_0.6356,0.6356,0.0158410752079847,121.0,272.0,0.03746556473829201,272.0,1.0,0.0,4.495867729187012,1.2735320329666138,4.495867729187012,1.2735320329666138,136.708251953125,51.39337921142578,Test,202,0.019372114166617393,0.0035310389586326943,0.0035310389586326943,1.2468236127381862e-05,22.290399561090858,0.00028245815762268115,0.019142894074320793,0.019907036796212196,0.0007641427218914032,Q2
randomness_0.2933,0.2933,0.0316933810710907,121.0,290.0,0.03994490358126722,290.0,1.0,0.0,4.793388366699219,1.4426637887954712,4.793388366699219,1.4426637887954712,136.18069458007812,51.3556022644043,Test,202,0.033591628074645996,0.0018982470035552937,0.0018982470035552937,3.603341686506651e-06,5.9894114777384555,0.00026696994292403224,0.03321396932005882,0.033959560096263885,0.0007455907762050629,Q3
randomness_0.2843,0.2843,0.0310164917260408,121.0,290.0,0.03994490358126722,290.0,1.0,0.0,4.793388366699219,1.3355741500854492,4.793388366699219,1.3355741500854492,135.73587036132812,51.16735076904297,Test,202,0.033691804856061935,0.002675313130021135,0.002675313130021135,7.157300343663481e-06,8.625453689770456,0.0002200063473992831,0.033459946513175964,0.03402036428451538,0.0005604177713394165,Q3
randomness_0.0410,0.041,0.0383377775549889,121.0,295.0,0.040633608815427,295.0,1.0,0.0,4.876032829284668,1.3334242105484009,4.876032829284668,1.3334242105484009,135.94937133789062,50.853389739990234,Test,202,0.037272647768259046,-0.0010651297867298529,0.0010651297867298529,1.1345014625791818e-06,2.778277340678157,0.00024747514285928314,0.03684898465871811,0.03758268430829048,0.0007336996495723724,Q5
randomness_0.5816,0.5816,0.0215422524338713,121.0,280.0,0.03856749311294766,280.0,1.0,0.0,4.628098964691162,1.220569133758545,4.628098964691162,1.220569133758545,136.11090087890625,51.659423828125,Test,202,0.023938989639282225,0.002396737205410924,0.002396737205410924,5.744349231800965e-06,11.125750256470338,0.00043632992487924643,0.02319069392979145,0.024449964985251427,0.0012592710554599762,Q2
randomness_0.5375,0.5375,0.0300985630601645,121.0,279.0,0.0384297520661157,279.0,1.0,0.0,4.611570358276367,1.3197287321090698,4.611570358276367,1.3197287321090698,135.665283203125,51.50126266479492,Test,202,0.023868849873542784,-0.006229713186621716,0.006229713186621716,3.8809326387568496e-05,20.697709635403665,0.0003709483136805321,0.02345944568514824,0.024442924186587334,0.0009834785014390945,Q3
randomness_0.0721,0.0721,0.0372795432806015,121.0,298.0,0.04104683195592287,298.0,1.0,0.0,4.925619602203369,1.2802716493606567,4.925619602203369,1.2802716493606567,135.95758056640625,50.818058013916016,Test,202,0.038292964547872545,0.001013421267271046,0.001013421267271046,1.0270226649572528e-06,2.7184379906241563,0.0003254704358468149,0.037930168211460114,0.03889530524611473,0.0009651370346546173,Q5
randomness_0.7467,0.7467,0.0085844563543957,121.0,256.0,0.03526170798898071,256.0,1.0,0.0,4.231404781341553,1.258099913597107,4.231404781341553,1.258099913597107,136.95794677734375,51.26323318481445,Test,202,0.01247898954898119,0.0038945331945854905,0.0038945331945854905,1.5167388803728266e-05,45.36726653157578,0.0004333483982400444,0.012038232758641243,0.013042071834206581,0.0010038390755653381,Q1
randomness_0.5996,0.5996,0.0185880329925567,121.0,276.0,0.03801652892561983,276.0,1.0,0.0,4.561983585357666,1.3354206085205078,4.561983585357666,1.3354206085205078,136.62669372558594,51.01924133300781,Test,202,0.021034184470772745,0.0024461514782160437,0.0024461514782160437,5.983657054378536e-06,13.159818896359655,8.779556437126123e-05,0.020885121077299118,0.021144025027751923,0.00025890395045280457,Q2
randomness_0.6617,0.6617,0.0176185850753694,121.0,273.0,0.03760330578512397,273.0,1.0,0.0,4.512396812438965,1.2734782695770264,4.512396812438965,1.2734782695770264,136.78341674804688,51.82912063598633,Test,202,0.020297403261065484,0.002678818185696083,0.002678818185696083,7.176066872016054e-06,15.204502371992648,0.00045233624185057696,0.019643133506178856,0.02102455496788025,0.0013814214617013931,Q2
randomness_0.6707,0.6707,0.0131401822902262,121.0,271.0,0.03732782369146005,271.0,1.0,0.0,4.479338645935059,1.3612048625946045,4.479338645935059,1.3612048625946045,137.34864807128906,49.20140838623047,Test,202,0.018936116248369217,0.005795933958143018,0.005795933958143018,3.3592850447155386e-05,44.10847452591348,0.00038115213764604197,0.018481073901057243,0.019518714398145676,0.0010376404970884323,Q2
randomness_0.3313,0.3313,0.040446874499321,121.0,293.0,0.04035812672176309,293.0,1.0,0.0,4.84297513961792,1.3545655012130737,4.84297513961792,1.3545655012130737,136.1387939453125,51.739200592041016,Test,202,0.034767744690179826,-0.005679129809141176,0.005679129809141176,3.225251538907589e-05,14.040960839227548,0.00023118838870567478,0.034549131989479065,0.03514910861849785,0.0005999766290187836,Q5
randomness_0.7137,0.7137,0.0145639242054396,120.0,261.0,0.0365546218487395,261.0,1.0,0.0,4.349999904632568,1.3456721305847168,4.349999904632568,1.3456721305847168,135.51292419433594,50.62693405151367,Test,202,0.01561715230345726,0.0010532280980176598,0.0010532280980176598,1.109289426453897e-06,7.231760363215026,0.00047287134591590625,0.015007900074124336,0.016053466126322746,0.00104556605219841,Q2
randomness_0.2322,0.2322,0.036492782458663,121.0,292.0,0.04022038567493113,292.0,1.0,0.0,4.826446056365967,1.3153743743896484,4.826446056365967,1.3153743743896484,135.73269653320312,50.94777297973633,Test,202,0.03513180017471314,-0.0013609822839498603,0.0013609822839498603,1.8522727772253782e-06,3.729456052005641,0.0002802674645520363,0.03474172204732895,0.035451143980026245,0.0007094219326972961,Q5
randomness_0.6537,0.6537,0.0174201185523257,121.0,266.0,0.03663911845730027,266.0,1.0,0.0,4.396694183349609,1.3513343334197998,4.396694183349609,1.3513343334197998,137.30740356445312,49.40084457397461,Test,202,0.01539278421550989,-0.00202733433681581,0.00202733433681581,4.1100845132324e-06,11.63789058453421,0.0006470205373225344,0.014255709946155548,0.016143931075930595,0.0018882211297750473,Q2
randomness_0.6927,0.6927,0.0215069719929179,121.0,270.0,0.0371900826446281,270.0,1.0,0.0,4.462810039520264,1.3908872604370117,4.462810039520264,1.3908872604370117,136.28839111328125,49.575111389160156,Test,202,0.019413062557578086,-0.0020939094353398142,0.0020939094353398142,4.384456723405099e-06,9.735956489036784,0.00042700185183269204,0.018723241984844208,0.019939512014389038,0.0012162700295448303,Q2
randomness_0.6026,0.6026,0.0227422147535166,121.0,280.0,0.03856749311294766,280.0,1.0,0.0,4.628098964691162,1.2670798301696777,4.628098964691162,1.2670798301696777,136.4098663330078,50.60923767089844,Test,202,0.022971761971712114,0.00022954721819551382,0.00022954721819551382,5.2691925381298835e-08,1.0093441675904464,0.0002765305907856461,0.022588273510336876,0.023284858092665672,0.0006965845823287964,Q3
randomness_0.9850,0.985,0.0001075121942795,121.0,236.0,0.032506887052341595,236.0,1.0,0.0,3.9008264541625977,1.255763292312622,3.9008264541625977,1.255763292312622,137.0587158203125,50.55669403076172,Test,202,-0.00045163220493122936,-0.0005591443992107294,0.0005591443992107294,3.1264245916872753e-07,520.0753300198849,0.000507100125159969,-0.0008521500858478248,0.0005193676915951073,0.0013715177774429321,Q1
randomness_0.9229,0.9229,0.0051966617649305,121.0,250.0,0.03443526170798898,250.0,1.0,0.0,4.13223123550415,1.4138754606246948,4.13223123550415,1.4138754606246948,136.1348114013672,50.83046340942383,Test,202,0.007584418542683125,0.002387756777752625,0.002387756777752625,5.701382429703598e-06,45.94789666447646,0.0003274437181327153,0.0072307223454117775,0.008161528967320919,0.0009308066219091415,Q1
randomness_0.9580,0.958,0.007320620199593,121.0,250.0,0.03443526170798898,250.0,1.0,0.0,4.13223123550415,1.5154420137405396,4.13223123550415,1.5154420137405396,137.45803833007812,50.68663787841797,Test,202,0.009198652766644954,0.001878032567051954,0.001878032567051954,3.527006322907752e-06,25.654009029950302,0.0005037567001334152,0.008546668104827404,0.009951228275895119,0.0014045601710677147,Q1
randomness_0.8158,0.8158,0.0094709478412488,121.0,253.0,0.03484848484848485,253.0,1.0,0.0,4.181818008422852,1.30479097366333,4.181818008422852,1.30479097366333,136.4984130859375,51.37848663330078,Test,202,0.011062048375606537,0.0015911005343577367,0.0015911005343577367,2.531600910433475e-06,16.799802522700208,0.00040842823282717856,0.010540133342146873,0.01158478669822216,0.0010446533560752869,Q1
randomness_0.4364,0.4364,0.0299041608348489,121.0,288.0,0.03966942148760331,288.0,1.0,0.0,4.760330677032471,1.3546662330627441,4.760330677032471,1.3546662330627441,135.79176330566406,51.148956298828125,Test,202,0.028197615593671798,-0.0017065452411771029,0.0017065452411771029,2.9122966601842163e-06,5.706715030733702,0.0003631584793055904,0.02762964554131031,0.028589049354195595,0.0009594038128852844,Q3
randomness_0.1962,0.1962,0.0365883443504572,121.0,290.0,0.03994490358126722,290.0,1.0,0.0,4.793388366699219,1.278670310974121,4.793388366699219,1.278670310974121,136.13047790527344,50.59171676635742,Test,202,0.03334039375185967,-0.003247950598597532,0.003247950598597532,1.0549183090930067e-05,8.877008938932615,0.000231489941439058,0.032968923449516296,0.03364291414618492,0.0006739906966686249,Q5
randomness_0.7658,0.7658,0.0143822776376813,120.0,264.0,0.03697478991596639,264.0,1.0,0.0,4.400000095367432,1.362595558166504,4.400000095367432,1.362595558166504,135.65695190429688,50.6011848449707,Test,202,0.01577756330370903,0.0013952856660277308,0.0013952856660277308,1.9468220898224484e-06,9.701423523991139,0.000136726451524011,0.01564629189670086,0.01599855348467827,0.00035226158797740936,Q2
randomness_0.7938,0.7938,0.0194619941266474,120.0,256.0,0.035854341736694675,256.0,1.0,0.0,4.266666889190674,1.3337498903274536,4.266666889190674,1.3337498903274536,137.07449340820312,50.40814971923828,Test,202,0.011510839872062206,-0.007951154254585195,0.007951154254585195,6.322085398020825e-05,40.85477676564736,0.0002943539252564722,0.011152654886245728,0.012030267156660557,0.0008776122704148293,Q2
randomness_0.5756,0.5756,0.0264955936474344,121.0,277.0,0.03815426997245179,277.0,1.0,0.0,4.578512191772461,1.3468793630599976,4.578512191772461,1.3468793630599976,136.11563110351562,50.99034118652344,Test,202,0.02168750688433647,-0.004808086763097928,0.004808086763097928,2.3117698321477513e-05,18.146741028252073,0.00038386787829484893,0.021252740174531937,0.02237183041870594,0.0011190902441740036,Q3
randomness_0.0061,0.0061,0.0391237345524132,121.0,302.0,0.04159779614325069,302.0,1.0,0.0,4.991735458374023,1.3391491174697876,4.991735458374023,1.3391491174697876,135.9744873046875,50.833946228027344,Prediction,202,0.040452771633863446,0.0013290370814502475,0.0013290370814502475,1.7663395638697919e-06,3.397009760583479,0.00043446464423978903,0.039636895060539246,0.040943410247564316,0.0013065151870250702,Q5
randomness_0.0153,0.0153,0.0403893996030092,121.0,297.0,0.04090909090909091,297.0,1.0,0.0,4.909090995788574,1.372697114944458,4.909090995788574,1.372697114944458,135.9912567138672,50.83308792114258,Prediction,202,0.03851443976163864,-0.001874959841370559,0.001874959841370559,3.5154744067523115e-06,4.642207756984993,0.00040369383598888,0.03779090568423271,0.03892383351922035,0.0011329278349876404,Q5
randomness_0.0229,0.0229,0.0366303786635399,121.0,293.0,0.04035812672176309,293.0,1.0,0.0,4.84297513961792,1.3174498081207275,4.84297513961792,1.3174498081207275,135.97752380371094,50.85953140258789,Prediction,202,0.035774067789316175,-0.0008563108742237271,0.0008563108742237271,7.332683133138039e-07,2.3377068582587635,0.00043841996786143483,0.034938640892505646,0.03613609820604324,0.0011974573135375977,Q5
randomness_0.1000,0.1,0.0364594422280788,121.0,288.0,0.03966942148760331,288.0,1.0,0.0,4.760330677032471,1.2858080863952637,4.760330677032471,1.2858080863952637,135.99363708496094,50.69256591796875,Prediction,202,0.03219296112656593,-0.00426648110151287,0.00426648110151287,1.8202860989566473e-05,11.701992243389535,0.0003516916873231393,0.03161235526204109,0.03268678858876228,0.0010744333267211914,Q5
randomness_0.1444,0.1444,0.0365820519626141,121.0,293.0,0.04035812672176309,293.0,1.0,0.0,4.84297513961792,1.246537446975708,4.84297513961792,1.246537446975708,135.96279907226562,50.62565231323242,Prediction,202,0.03482312858104706,-0.0017589233815670374,0.0017589233815670374,3.0938114622232218e-06,4.808159431200337,0.0002127509965010637,0.03462455794215202,0.035184722393751144,0.0005601644515991211,Q5
randomness_0.1889,0.1889,0.0382835615426302,121.0,297.0,0.04090909090909091,297.0,1.0,0.0,4.909090995788574,1.30479097366333,4.909090995788574,1.30479097366333,135.73553466796875,51.08343505859375,Prediction,202,0.03711409941315651,-0.0011694621294736918,0.0011694621294736918,1.3676416722731419e-06,3.05473702641655,0.00027140855333843855,0.03668510541319847,0.0375014990568161,0.00081639364361763,Q5
randomness_0.2333,0.2333,0.041121981292963,121.0,300.0,0.04132231404958678,300.0,1.0,0.0,4.958677768707275,1.3073011636734009,4.958677768707275,1.3073011636734009,135.9922332763672,50.86994171142578,Prediction,202,0.038185030966997144,-0.002936950325965859,0.002936950325965859,8.625677217190967e-06,7.1420447984796995,0.00019940189718611564,0.03792820870876312,0.03842721879482269,0.0004990100860595703,Q5
randomness_0.2778,0.2778,0.0298009671270847,121.0,288.0,0.03966942148760331,288.0,1.0,0.0,4.760330677032471,1.4026232957839966,4.760330677032471,1.4026232957839966,135.87547302246094,51.20341873168945,Prediction,202,0.032459183037281035,0.0026582159101963335,0.0026582159101963335,7.0661118252209214e-06,8.919898132367676,0.00047814538209478845,0.031566131860017776,0.03290681540966034,0.0013406835496425629,Q3
randomness_0.3222,0.3222,0.0427577152848244,121.0,303.0,0.04173553719008265,303.0,1.0,0.0,5.008264541625977,1.2952289581298828,5.008264541625977,1.2952289581298828,136.2012939453125,51.18830490112305,Prediction,202,0.03942197188735008,-0.0033357433974743195,0.0033357433974743195,1.1127184013793515e-05,7.801500560200053,0.00016337618938838455,0.03915063291788101,0.03958672657608986,0.00043609365820884705,Q5
randomness_0.3667,0.3667,0.0373946022242308,121.0,294.0,0.04049586776859504,294.0,1.0,0.0,4.859504222869873,1.3624587059020996,4.859504222869873,1.3624587059020996,136.22906494140625,51.256717681884766,Prediction,202,0.03483888059854508,-0.0025557216256857224,0.0025557216256857224,6.531713027997671e-06,6.834466670779764,0.00021178498615823823,0.03452470153570175,0.03514980524778366,0.0006251037120819092,Q5
randomness_0.4111,0.4111,0.034637825191021,121.0,293.0,0.04035812672176309,293.0,1.0,0.0,4.84297513961792,1.3423075675964355,4.84297513961792,1.3423075675964355,136.73204040527344,50.95869064331055,Prediction,202,0.03390684053301811,-0.0007309846580028923,0.0007309846580028923,5.343385702356053e-07,2.1103653418528765,0.00033359333313682144,0.033390965312719345,0.03427399322390556,0.0008830279111862183,Q4
randomness_0.4556,0.4556,0.0376368008553982,121.0,291.0,0.04008264462809917,291.0,1.0,0.0,4.809917449951172,1.3130875825881958,4.809917449951172,1.3130875825881958,136.20278930664062,50.63388442993164,Prediction,202,0.031218158826231957,-0.0064186420291662445,0.0064186420291662445,4.119896549857936e-05,17.05416476237413,0.00039952521903002797,0.030503233894705772,0.03170018643140793,0.001196952536702156,Q5
randomness_0.5000,0.5,0.0278264483436942,121.0,278.0,0.03829201101928375,278.0,1.0,0.0,4.595041275024414,1.3210221529006958,4.595041275024414,1.3210221529006958,135.8992919921875,51.231910705566406,Prediction,202,0.024009821563959123,-0.0038166267797350786,0.0038166267797350786,1.4566639975790956e-05,13.715824357440754,0.0003150373178004786,0.023545004427433014,0.024441735818982124,0.0008967313915491104,Q3
