Dataset,Sample_ID,Split_Count,Mean_Predicted_Stiffness,Std_Predicted_Across_Splits,Mean_Residual,Mean_Absolute_Error,Max_Absolute_Error,Mean_Ensemble_Std,Randomness_Value,Actual_Stiffness,Node_Count,Edge_Count,Graph_Density,Total_Edge_Weight,Mean_Edge_Weight,Std_Edge_Weight,Mean_Degree,Std_Degree,Mean_Weighted_Degree,Std_Weighted_Degree,Mean_Center_Distance,Std_Center_Distance
Prediction,randomness_0.4556,5,0.031183991134166717,0.0001855315402885457,-0.006452809721231484,0.006452809721231484,0.006773942708969138,0.00045623869231339344,0.4556,0.0376368008553982,121.0,291.0,0.04008264462809917,291.0,1.0,0.0,4.809917449951172,1.3130875825881958,4.809917449951172,1.3130875825881958,136.20278930664062,50.63388442993164
Prediction,randomness_0.1000,5,0.032670265436172484,0.0005071267013522284,-0.0037891767919063153,0.0037891767919063153,0.00426648110151287,0.00047002484574530006,0.1,0.0364594422280788,121.0,288.0,0.03966942148760331,288.0,1.0,0.0,4.760330677032471,1.2858080863952637,4.760330677032471,1.2858080863952637,135.99363708496094,50.69256591796875
Prediction,randomness_0.5000,5,0.02423913858830929,0.00024094484773908224,-0.003587309755384914,0.003587309755384914,0.0038166267797350786,0.0004583938864616881,0.5,0.0278264483436942,121.0,278.0,0.03829201101928375,278.0,1.0,0.0,4.595041275024414,1.3210221529006958,4.595041275024414,1.3210221529006958,135.8992919921875,51.231910705566406
Prediction,randomness_0.3222,5,0.03953378304839134,0.00024486559095454,-0.0032239322364330607,0.0032239322364330607,0.003597015887498889,0.0003730979152202423,0.3222,0.0427577152848244,121.0,303.0,0.04173553719008265,303.0,1.0,0.0,5.008264541625977,1.2952289581298828,5.008264541625977,1.2952289581298828,136.2012939453125,51.18830490112305
Prediction,randomness_0.2778,5,0.032839292138814924,0.00022525329025033296,0.003038325011730225,0.003038325011730225,0.003251352161169084,0.00039031740898348184,0.2778,0.0298009671270847,121.0,288.0,0.03966942148760331,288.0,1.0,0.0,4.760330677032471,1.4026232957839966,4.760330677032471,1.4026232957839966,135.87547302246094,51.20341873168945
Prediction,randomness_0.2333,5,0.03824801966547966,9.533595029246674e-05,-0.002873961627483343,0.002873961627483343,0.0029780872166156533,0.0002514771923616404,0.2333,0.041121981292963,121.0,300.0,0.04132231404958678,300.0,1.0,0.0,4.958677768707275,1.3073011636734009,4.958677768707275,1.3073011636734009,135.9922332763672,50.86994171142578
Prediction,randomness_0.3667,5,0.03490891680121422,0.0002257029324032265,-0.00248568542301658,0.00248568542301658,0.0027453463524580307,0.00034859489822435663,0.3667,0.0373946022242308,121.0,294.0,0.04049586776859504,294.0,1.0,0.0,4.859504222869873,1.3624587059020996,4.859504222869873,1.3624587059020996,136.22906494140625,51.256717681884766
Prediction,randomness_0.0153,5,0.03836271941661835,0.00023498283490194584,-0.00202668018639085,0.00202668018639085,0.0023805055767297453,0.00039445275538529327,0.0153,0.0403893996030092,121.0,297.0,0.04090909090909091,297.0,1.0,0.0,4.909090995788574,1.372697114944458,4.909090995788574,1.372697114944458,135.9912567138672,50.83308792114258
Prediction,randomness_0.0061,5,0.04059529021382332,0.0002533262384974706,0.0014715556614101192,0.0014715556614101192,0.001780330669134883,0.0005421733796695473,0.0061,0.0391237345524132,121.0,302.0,0.04159779614325069,302.0,1.0,0.0,4.991735458374023,1.3391491174697876,4.991735458374023,1.3391491174697876,135.9744873046875,50.833946228027344
Prediction,randomness_0.1444,5,0.03521516755223274,0.0003162265569097065,-0.0013668844103813555,0.0013668844103813555,0.0017589233815670374,0.00034314466529414907,0.1444,0.0365820519626141,121.0,293.0,0.04035812672176309,293.0,1.0,0.0,4.84297513961792,1.246537446975708,4.84297513961792,1.246537446975708,135.96279907226562,50.62565231323242
Prediction,randomness_0.1889,5,0.03721139043569564,0.00011450396939982872,-0.001072171106934551,0.001072171106934551,0.0011931154876947403,0.00033755774457667006,0.1889,0.0382835615426302,121.0,297.0,0.04090909090909091,297.0,1.0,0.0,4.909090995788574,1.30479097366333,4.909090995788574,1.30479097366333,135.73553466796875,51.08343505859375
Prediction,randomness_0.0229,5,0.035878131687641146,0.0003400573852585756,-0.0007522469758987571,0.0007522469758987571,0.0011242799460888034,0.00032559568319084957,0.0229,0.0366303786635399,121.0,293.0,0.04035812672176309,293.0,1.0,0.0,4.84297513961792,1.3174498081207275,4.84297513961792,1.3174498081207275,135.97752380371094,50.85953140258789
Prediction,randomness_0.4111,5,0.03399520739912987,0.00016874773393403607,-0.0006426177918911341,0.0006426177918911341,0.0008179329335689933,0.0004750344484205209,0.4111,0.034637825191021,121.0,293.0,0.04035812672176309,293.0,1.0,0.0,4.84297513961792,1.3423075675964355,4.84297513961792,1.3423075675964355,136.73204040527344,50.95869064331055
Test,randomness_0.5866,1,0.021976275742053984,,0.009009733796119685,0.009009733796119685,0.009009733796119685,0.0002978824397163821,0.5866,0.0129665419459343,121.0,275.0,0.03787878787878788,275.0,1.0,0.0,4.545454502105713,1.3666633367538452,4.545454502105713,1.3666633367538452,136.13821411132812,51.422298431396484
Test,randomness_0.7938,1,0.011510839872062206,,-0.007951154254585195,0.007951154254585195,0.007951154254585195,0.0002943539252564722,0.7938,0.0194619941266474,120.0,256.0,0.035854341736694675,256.0,1.0,0.0,4.266666889190674,1.3337498903274536,4.266666889190674,1.3337498903274536,137.07449340820312,50.40814971923828
Test,randomness_0.8208,1,0.00864320881664753,,0.00769310262268463,0.00769310262268463,0.00769310262268463,0.0005822684915403331,0.8208,0.0009501061939629,120.0,250.0,0.0350140056022409,250.0,1.0,0.0,4.166666507720947,1.3864423036575317,4.166666507720947,1.3864423036575317,136.17831420898438,50.805908203125
Test,randomness_0.4825,1,0.029073110595345498,,0.007409006188390799,0.007409006188390799,0.007409006188390799,0.00022260329955704072,0.4825,0.0216641044069547,121.0,286.0,0.03939393939393939,286.0,1.0,0.0,4.7272725105285645,1.4024771451950073,4.7272725105285645,1.4024771451950073,136.1580047607422,50.97964859008789
Test,randomness_0.8849,1,0.008692393079400063,,0.007116446536038563,0.007116446536038563,0.007116446536038563,0.0011889803250713362,0.8849,0.0015759465433615,121.0,250.0,0.03443526170798898,250.0,1.0,0.0,4.13223123550415,1.2658394575119019,4.13223123550415,1.2658394575119019,137.21739196777344,51.43724060058594
Test,randomness_0.5335,1,0.022914189472794534,,-0.0070740409195422654,0.0070740409195422654,0.0070740409195422654,0.00028904088266302113,0.5335,0.0299882303923368,121.0,277.0,0.03815426997245179,277.0,1.0,0.0,4.578512191772461,1.244837760925293,4.578512191772461,1.244837760925293,136.27093505859375,51.30731964111328
Test,randomness_0.6056,1,0.02056722790002823,,-0.00700884889811277,0.00700884889811277,0.00700884889811277,0.0003291768796941076,0.6056,0.027576076798141,121.0,273.0,0.03760330578512397,273.0,1.0,0.0,4.512396812438965,1.3972563743591309,4.512396812438965,1.3972563743591309,136.54608154296875,50.68677520751953
Test,randomness_0.6216,1,0.02262697070837021,,0.007004928102888509,0.007004928102888509,0.007004928102888509,0.0007184387443423264,0.6216,0.0156220426054817,121.0,276.0,0.03801652892561983,276.0,1.0,0.0,4.561983585357666,1.3415950536727905,4.561983585357666,1.3415950536727905,135.6932830810547,50.799560546875
Test,randomness_0.8719,1,0.009256761148571968,,-0.006698079764359431,0.006698079764359431,0.006698079764359431,0.00023594910831674286,0.8719,0.0159548409129314,121.0,250.0,0.03443526170798898,250.0,1.0,0.0,4.13223123550415,1.4542165994644165,4.13223123550415,1.4542165994644165,135.47300720214844,49.712337493896484
Test,randomness_0.9479,1,0.00338309109210968,,-0.006521938601508719,0.006521938601508719,0.006521938601508719,0.0007364504116211363,0.9479,0.0099050296936184,120.0,238.0,0.03333333333333333,238.0,1.0,0.0,3.9666666984558105,1.4940623044967651,3.9666666984558105,1.4940623044967651,136.15533447265625,52.32333755493164
Test,randomness_0.3844,1,0.035321838408708575,,0.006413780152797675,0.006413780152797675,0.006413780152797675,0.00031604252298262617,0.3844,0.0289080582559109,121.0,297.0,0.04090909090909091,297.0,1.0,0.0,4.909090995788574,1.3298853635787964,4.909090995788574,1.3298853635787964,136.2947235107422,50.86128616333008
Test,randomness_0.6266,3,0.016360495612025263,0.00011888159553070348,-0.00639258923619574,0.00639258923619574,0.0065157789984304285,0.00031980184382812677,0.6266,0.022753084848221,121.0,264.0,0.03636363636363636,264.0,1.0,0.0,4.363636493682861,1.3545149564743042,4.363636493682861,1.3545149564743042,135.57286071777344,51.223941802978516
Test,randomness_0.1131,1,0.038390211015939715,,0.006351401284337012,0.006351401284337012,0.006351401284337012,0.0004616416756870042,0.1131,0.0320388097316027,121.0,299.0,0.04118457300275482,299.0,1.0,0.0,4.942148685455322,1.2939624786376953,4.942148685455322,1.2939624786376953,135.9219207763672,50.94186019897461
Test,randomness_0.8589,2,0.010321624204516412,1.737135044937222e-05,-0.006117882243904687,0.006117882243904687,0.006130165643605806,0.000647280148627599,0.8589,0.0164395064484211,120.0,250.0,0.0350140056022409,250.0,1.0,0.0,4.166666507720947,1.4278966188430786,4.166666507720947,1.4278966188430786,134.66017150878906,51.28517532348633
Test,randomness_0.4535,1,0.03354994133114815,,0.00611006859689955,0.00611006859689955,0.00611006859689955,0.00036719413472982115,0.4535,0.0274398727342486,121.0,294.0,0.04049586776859504,294.0,1.0,0.0,4.859504222869873,1.3317842483520508,4.859504222869873,1.3317842483520508,135.99603271484375,51.290836334228516
Test,randomness_0.5375,2,0.024087025225162505,0.00030854654123612746,-0.0060115378350019955,0.0060115378350019955,0.006229713186621716,0.00027894710377906876,0.5375,0.0300985630601645,121.0,279.0,0.0384297520661157,279.0,1.0,0.0,4.611570358276367,1.3197287321090698,4.611570358276367,1.3197287321090698,135.665283203125,51.50126266479492
Test,randomness_0.6406,1,0.016977660357952118,,-0.0059847674533289805,0.0059847674533289805,0.0059847674533289805,0.0002217599150109876,0.6406,0.0229624278112811,121.0,267.0,0.03677685950413223,267.0,1.0,0.0,4.4132232666015625,1.302695393562317,4.4132232666015625,1.302695393562317,136.5519561767578,50.77366256713867
Test,randomness_0.7738,1,0.01715756133198738,,-0.005979033308036421,0.005979033308036421,0.005979033308036421,0.0004595069503225038,0.7738,0.0231365946400238,121.0,267.0,0.03677685950413223,267.0,1.0,0.0,4.4132232666015625,1.3886756896972656,4.4132232666015625,1.3886756896972656,135.36097717285156,51.37855529785156
Test,randomness_0.3824,1,0.03457327112555504,,-0.005845324695110357,0.005845324695110357,0.005845324695110357,0.0005881916291038398,0.3824,0.0404185958206654,121.0,294.0,0.04049586776859504,294.0,1.0,0.0,4.859504222869873,1.3805363178253174,4.859504222869873,1.3805363178253174,136.3014373779297,50.503597259521484
Test,randomness_0.6707,1,0.018936116248369217,,0.005795933958143018,0.005795933958143018,0.005795933958143018,0.00038115213764604197,0.6707,0.0131401822902262,121.0,271.0,0.03732782369146005,271.0,1.0,0.0,4.479338645935059,1.3612048625946045,4.479338645935059,1.3612048625946045,137.34864807128906,49.20140838623047
Test,randomness_0.6176,3,0.019785427674651145,0.00014101120486953545,-0.005789629742503154,0.005789629742503154,0.005945442244410501,0.00043139021397455354,0.6176,0.0255750574171543,121.0,269.0,0.03705234159779614,269.0,1.0,0.0,4.4462809562683105,1.4021849632263184,4.4462809562683105,1.4021849632263184,137.08326721191406,51.00048065185547
Test,randomness_0.7798,1,0.01882850006222725,,-0.005725593678653249,0.005725593678653249,0.005725593678653249,0.0007634266394988071,0.7798,0.0245540937408805,121.0,266.0,0.03663911845730027,266.0,1.0,0.0,4.396694183349609,1.6235830783843994,4.396694183349609,1.6235830783843994,136.4870147705078,49.868263244628906
Test,randomness_0.7548,1,0.013244607858359814,,0.005712902766180514,0.005712902766180514,0.005712902766180514,0.0002845665740601376,0.7548,0.0075317050921793,121.0,260.0,0.03581267217630854,260.0,1.0,0.0,4.297520637512207,1.3584423065185547,4.297520637512207,1.3584423065185547,136.19960021972656,50.93349838256836
Test,randomness_0.7968,1,0.007877837121486663,,-0.005632261154416236,0.005632261154416236,0.005632261154416236,0.00034951129046808014,0.7968,0.0135100982759029,121.0,248.0,0.03415977961432507,248.0,1.0,0.0,4.099173545837402,1.4793620109558105,4.099173545837402,1.4793620109558105,136.57557678222656,51.34269332885742
Test,randomness_0.6557,1,0.0165799081325531,,-0.0056300761353251,0.0056300761353251,0.0056300761353251,0.0008567965364931066,0.6557,0.0222099842678782,121.0,263.0,0.03622589531680441,263.0,1.0,0.0,4.347107410430908,1.3092849254608154,4.347107410430908,1.3092849254608154,136.85304260253906,51.00786209106445
Test,randomness_0.3313,2,0.03493068367242813,0.00023043051853482174,-0.005516190826892871,0.005516190826892871,0.005679129809141176,0.00043576029659570014,0.3313,0.040446874499321,121.0,293.0,0.04035812672176309,293.0,1.0,0.0,4.84297513961792,1.3545655012130737,4.84297513961792,1.3545655012130737,136.1387939453125,51.739200592041016
Test,randomness_0.4494,1,0.030601270869374274,,-0.005477146059274726,0.005477146059274726,0.005477146059274726,0.0009359123748294739,0.4494,0.036078416928649,121.0,288.0,0.03966942148760331,288.0,1.0,0.0,4.760330677032471,1.3424092531204224,4.760330677032471,1.3424092531204224,136.294921875,50.54079818725586
Test,randomness_0.1702,1,0.035144267976284026,,-0.005461991578340576,0.005461991578340576,0.005461991578340576,0.00025499309455667116,0.1702,0.0406062595546246,121.0,291.0,0.04008264462809917,291.0,1.0,0.0,4.809917449951172,1.4449342489242554,4.809917449951172,1.4449342489242554,136.037841796875,50.736148834228516
Test,randomness_0.9249,1,0.008191589452326297,,0.005444527701380197,0.005444527701380197,0.005444527701380197,0.0004405772933875214,0.9249,0.0027470617509461,121.0,248.0,0.03415977961432507,248.0,1.0,0.0,4.099173545837402,1.4793620109558105,4.099173545837402,1.4793620109558105,137.78855895996094,50.90159606933594
Test,randomness_0.7568,1,0.01670954953879118,,0.005422443652996579,0.005422443652996579,0.005422443652996579,0.0006706847876693285,0.7568,0.0112871058857946,121.0,267.0,0.03677685950413223,267.0,1.0,0.0,4.4132232666015625,1.370705485343933,4.4132232666015625,1.370705485343933,136.0463409423828,50.84712600708008
Test,randomness_0.7457,1,0.018042979389429094,,0.005334701996832194,0.005334701996832194,0.005334701996832194,0.0002479116103091662,0.7457,0.0127082773925969,121.0,266.0,0.03663911845730027,266.0,1.0,0.0,4.396694183349609,1.4344021081924438,4.396694183349609,1.4344021081924438,135.88233947753906,50.88672637939453
Test,randomness_0.4454,1,0.03106781989336014,,-0.005223584920167959,0.005223584920167959,0.005223584920167959,0.0005979990468133732,0.4454,0.0362914048135281,121.0,292.0,0.04022038567493113,292.0,1.0,0.0,4.826446056365967,1.38872492313385,4.826446056365967,1.38872492313385,136.00267028808594,51.27062225341797
Test,randomness_0.8168,1,0.011452282406389713,,0.0051727410231950125,0.0051727410231950125,0.0051727410231950125,0.0007552687212406386,0.8168,0.0062795413831947,120.0,253.0,0.035434173669467786,253.0,1.0,0.0,4.2166666984558105,1.3975176811218262,4.2166666984558105,1.3975176811218262,136.9275665283203,50.829769134521484
Test,randomness_0.6687,2,0.021733469143509862,0.00041693980623644546,0.005130432552270763,0.005130432552270763,0.005425253516607158,0.00039109855142087596,0.6687,0.0166030365912391,121.0,275.0,0.03787878787878788,275.0,1.0,0.0,4.545454502105713,1.4200453758239746,4.545454502105713,1.4200453758239746,136.1197052001953,51.371334075927734
Test,randomness_0.7167,2,0.011302382126450537,0.000435844248300399,-0.0050848254002630626,0.0050848254002630626,0.0053930138237774285,0.0004651126620643911,0.7167,0.0163872075267136,121.0,258.0,0.03553719008264463,258.0,1.0,0.0,4.264462947845459,1.2449474334716797,4.264462947845459,1.2449474334716797,137.37782287597656,50.87445831298828
Test,randomness_0.2342,1,0.0325898714363575,,-0.005074479803442999,0.005074479803442999,0.005074479803442999,0.0001326676309114793,0.2342,0.0376643512398005,121.0,288.0,0.03966942148760331,288.0,1.0,0.0,4.760330677032471,1.3362387418746948,4.760330677032471,1.3362387418746948,136.24082946777344,50.512229919433594
Test,randomness_0.8649,1,0.005350380204617977,,0.005047943505552577,0.005047943505552577,0.005047943505552577,0.0003623974931999783,0.8649,0.0003024366990654,121.0,247.0,0.03402203856749311,247.0,1.0,0.0,4.082644462585449,1.263517141342163,4.082644462585449,1.263517141342163,136.79197692871094,51.338069915771484
Test,randomness_0.3594,1,0.03748656064271927,,-0.005024091526865934,0.005024091526865934,0.005024091526865934,0.0003272669767036768,0.3594,0.0425106521695852,121.0,301.0,0.04146005509641873,301.0,1.0,0.0,4.97520637512207,1.3140236139297485,4.97520637512207,1.3140236139297485,135.86325073242188,50.618797302246094
Test,randomness_0.4905,1,0.026588242128491403,,0.0049689044544524025,0.0049689044544524025,0.0049689044544524025,0.0002606663526179667,0.4905,0.021619337674039,121.0,284.0,0.03911845730027548,284.0,1.0,0.0,4.694214820861816,1.2717071771621704,4.694214820861816,1.2717071771621704,135.54383850097656,51.40958023071289
Test,randomness_0.7888,1,0.013673130236566067,,0.0048888696219069674,0.0048888696219069674,0.0048888696219069674,0.0005277882147805817,0.7888,0.0087842606146591,120.0,254.0,0.03557422969187675,254.0,1.0,0.0,4.233333110809326,1.4360440969467163,4.233333110809326,1.4360440969467163,135.13800048828125,49.78969192504883
Test,randomness_0.1021,1,0.03720584511756897,,-0.004810329154133833,0.004810329154133833,0.004810329154133833,0.0002850701143829216,0.1021,0.0420161742717028,121.0,297.0,0.04090909090909091,297.0,1.0,0.0,4.909090995788574,1.336085319519043,4.909090995788574,1.336085319519043,136.16250610351562,50.83881378173828
Test,randomness_0.7407,1,0.01414429284632206,,-0.00481010867849134,0.00481010867849134,0.00481010867849134,0.0004366862889519363,0.7407,0.0189544015248134,121.0,261.0,0.03595041322314049,261.0,1.0,0.0,4.31404972076416,1.3908381462097168,4.31404972076416,1.3908381462097168,135.7601318359375,51.23321533203125
Test,randomness_0.5756,1,0.02168750688433647,,-0.004808086763097928,0.004808086763097928,0.004808086763097928,0.00038386787829484893,0.5756,0.0264955936474344,121.0,277.0,0.03815426997245179,277.0,1.0,0.0,4.578512191772461,1.3468793630599976,4.578512191772461,1.3468793630599976,136.11563110351562,50.99034118652344
Test,randomness_0.3904,1,0.034417562931776044,,-0.004773945621711656,0.004773945621711656,0.004773945621711656,0.00020403694275059398,0.3904,0.0391915085534877,121.0,297.0,0.04090909090909091,297.0,1.0,0.0,4.909090995788574,1.3298853635787964,4.909090995788574,1.3298853635787964,136.00816345214844,50.50735855102539
Test,randomness_0.3714,1,0.03401135429739952,,-0.004771562665700876,0.004771562665700876,0.004771562665700876,0.0006741898111588298,0.3714,0.0387829169631004,121.0,292.0,0.04022038567493113,292.0,1.0,0.0,4.826446056365967,1.3525469303131104,4.826446056365967,1.3525469303131104,135.6369171142578,51.02744674682617
Test,randomness_0.0440,2,0.03486288301646709,9.58403530069524e-05,-0.004704441875219307,0.004704441875219307,0.004772211238741837,0.0003928190965700192,0.044,0.0395673248916864,121.0,292.0,0.04022038567493113,292.0,1.0,0.0,4.826446056365967,1.2509677410125732,4.826446056365967,1.2509677410125732,136.09030151367188,50.78190612792969
Test,randomness_0.0150,1,0.033981460332870486,,0.004692113026976585,0.004692113026976585,0.004692113026976585,0.00038168052305753215,0.015,0.0292893473058939,121.0,289.0,0.03980716253443526,289.0,1.0,0.0,4.776859283447266,1.3015412092208862,4.776859283447266,1.3015412092208862,135.97909545898438,50.825904846191406
Test,randomness_0.6877,1,0.013944289647042751,,0.004661167731416652,0.004661167731416652,0.004661167731416652,0.0005993867947970041,0.6877,0.0092831219156261,121.0,258.0,0.03553719008264463,258.0,1.0,0.0,4.264462947845459,1.4418113231658936,4.264462947845459,1.4418113231658936,136.62950134277344,50.39070129394531
Test,randomness_0.7307,1,0.010718531161546706,,-0.004657421675426593,0.004657421675426593,0.004657421675426593,0.00044883878922262634,0.7307,0.0153759528369733,120.0,255.0,0.03571428571428571,255.0,1.0,0.0,4.25,1.3555442094802856,4.25,1.3555442094802856,136.02857971191406,49.11738204956055
Test,randomness_0.9990,1,0.007153267227113247,,0.004577519483968647,0.004577519483968647,0.004577519483968647,0.0003846722937670713,0.999,0.0025757477431446,119.0,244.0,0.034752884204529266,244.0,1.0,0.0,4.1008405685424805,1.3559389114379883,4.1008405685424805,1.3559389114379883,135.58331298828125,51.5483512878418
Test,randomness_0.3804,1,0.03356267660856247,,-0.0045610781759023306,0.0045610781759023306,0.0045610781759023306,0.0002647145356581356,0.3804,0.0381237547844648,121.0,294.0,0.04049586776859504,294.0,1.0,0.0,4.859504222869873,1.3317841291427612,4.859504222869873,1.3317841291427612,136.3478546142578,50.772396087646484
Test,randomness_0.6977,1,0.017625319212675093,,-0.004511937951826708,0.004511937951826708,0.004511937951826708,0.00033003924412212845,0.6977,0.0221372571645018,121.0,265.0,0.03650137741046832,265.0,1.0,0.0,4.380165100097656,1.4785306453704834,4.380165100097656,1.4785306453704834,136.1837158203125,51.435874938964844
Test,randomness_0.6496,1,0.016113201156258583,,-0.004510626662187718,0.004510626662187718,0.004510626662187718,0.0004054137561964414,0.6496,0.0206238278184463,121.0,265.0,0.03650137741046832,265.0,1.0,0.0,4.380165100097656,1.3802396059036255,4.380165100097656,1.3802396059036255,136.530029296875,50.14028549194336
Test,randomness_0.8258,1,0.001952502317726612,,-0.004506133827104788,0.004506133827104788,0.004506133827104788,0.0005757931550137315,0.8258,0.0064586361448314,121.0,235.0,0.03236914600550964,235.0,1.0,0.0,3.8842976093292236,1.432734727859497,3.8842976093292236,1.432734727859497,136.61074829101562,50.579280853271484
Test,randomness_0.6787,1,0.012586314976215363,,-0.0045009694412697365,0.0045009694412697365,0.0045009694412697365,0.0003438108405151824,0.6787,0.0170872844174851,121.0,258.0,0.03553719008264463,258.0,1.0,0.0,4.264462947845459,1.3531023263931274,4.264462947845459,1.3531023263931274,135.93746948242188,51.20279312133789
Test,randomness_0.2893,2,0.030338161624968052,4.7952840311071897e-05,0.0044608943164348505,0.0044608943164348505,0.004494802094995965,0.00026877921667451706,0.2893,0.0258772673085332,121.0,284.0,0.03911845730027548,284.0,1.0,0.0,4.694214820861816,1.3837485313415527,4.694214820861816,1.3837485313415527,136.04376220703125,50.62305450439453
Test,randomness_0.6917,2,0.01958895642310381,0.0001636996767053284,0.00432910458184781,0.00432910458184781,0.004444857733324193,0.0005462090728914034,0.6917,0.015259851841256,121.0,272.0,0.03746556473829201,272.0,1.0,0.0,4.495867729187012,1.311890721321106,4.495867729187012,1.311890721321106,136.24154663085938,51.13156509399414
Test,randomness_0.1642,1,0.039861415326595304,,-0.004250847548246395,0.004250847548246395,0.004250847548246395,0.00026006744927738374,0.1642,0.0441122628748417,121.0,303.0,0.04173553719008265,303.0,1.0,0.0,5.008264541625977,1.2025859355926514,5.008264541625977,1.2025859355926514,136.01693725585938,50.746376037597656
Test,randomness_0.6827,1,0.01555261705070734,,-0.004239357895538561,0.004239357895538561,0.004239357895538561,0.0007417430871110423,0.6827,0.0197919749462459,120.0,262.0,0.03669467787114846,262.0,1.0,0.0,4.366666793823242,1.2445436716079712,4.366666793823242,1.2445436716079712,135.23995971679688,50.20380783081055
Test,randomness_0.1381,1,0.037955280393362045,,-0.004217089340090754,0.004217089340090754,0.004217089340090754,0.0003426107384529915,0.1381,0.0421723697334528,121.0,297.0,0.04090909090909091,297.0,1.0,0.0,4.909090995788574,1.4200454950332642,4.909090995788574,1.4200454950332642,135.77699279785156,50.89045333862305
Test,randomness_0.0170,2,0.042220507934689525,0.00014545246206034343,0.004210056737065319,0.004210056737065319,0.004312907159328465,0.00035441739212908543,0.017,0.0380104511976242,121.0,305.0,0.04201101928374656,305.0,1.0,0.0,5.041322231292725,1.3261308670043945,5.041322231292725,1.3261308670043945,135.977294921875,50.82828903198242
Test,randomness_0.7628,2,0.006418148241937161,0.00035737537745171875,0.00419292323640556,0.00419292323640556,0.004445625789230773,0.00047102456261930163,0.7628,0.0022252250055316,119.0,244.0,0.034752884204529266,244.0,1.0,0.0,4.1008405685424805,1.4224783182144165,4.1008405685424805,1.4224783182144165,135.93711853027344,50.05459976196289
Test,randomness_0.7127,1,0.020943357422947884,,0.004157652722014085,0.004157652722014085,0.004157652722014085,0.00037406776082695933,0.7127,0.0167857047009338,121.0,275.0,0.03787878787878788,275.0,1.0,0.0,4.545454502105713,1.3545149564743042,4.545454502105713,1.3545149564743042,134.3776092529297,51.79045867919922
Test,randomness_0.3203,1,0.03429226726293564,,0.004146301932632941,0.004146301932632941,0.004146301932632941,0.0004491498461746205,0.3203,0.0301459653303027,121.0,292.0,0.04022038567493113,292.0,1.0,0.0,4.826446056365967,1.340270757675171,4.826446056365967,1.340270757675171,136.2480010986328,51.33122253417969
Test,randomness_0.7878,1,0.005871666874736547,,0.0040513853365603475,0.0040513853365603475,0.0040513853365603475,0.0003263380981536734,0.7878,0.0018202815381762,121.0,247.0,0.03402203856749311,247.0,1.0,0.0,4.082644462585449,1.2437398433685303,4.082644462585449,1.2437398433685303,137.16311645507812,50.19939422607422
Test,randomness_0.8659,2,0.013459566701203584,0.00018511172454678025,0.004046908988615085,0.004046908988615085,0.00417780274431925,0.001103241014835881,0.8659,0.0094126577125885,119.0,252.0,0.03589232303090728,252.0,1.0,0.0,4.235294342041016,1.424314022064209,4.235294342041016,1.424314022064209,134.23974609375,51.20292282104492
Test,randomness_0.5716,1,0.02654784582555294,,-0.004046347978535061,0.004046347978535061,0.004046347978535061,0.00033190851994023925,0.5716,0.030594193804088,121.0,282.0,0.03884297520661157,282.0,1.0,0.0,4.661157131195068,1.4290591478347778,4.661157131195068,1.4290591478347778,136.63247680664062,50.43754959106445
Test,randomness_0.8919,1,0.013598345220088959,,0.004044524478166358,0.004044524478166358,0.004044524478166358,0.00011952415080493029,0.8919,0.0095538207419226,121.0,258.0,0.03553719008264463,258.0,1.0,0.0,4.264462947845459,1.5307785272598267,4.264462947845459,1.5307785272598267,136.1613311767578,50.5578727722168
Test,randomness_0.0561,2,0.03272527419030666,0.0004794114456061125,0.004019470512866961,0.004019470512866961,0.0043584655970334875,0.00041572505855004896,0.0561,0.0287058036774397,121.0,286.0,0.03939393939393939,286.0,1.0,0.0,4.7272725105285645,1.3545149564743042,4.7272725105285645,1.3545149564743042,136.0181884765625,50.876529693603516
Test,randomness_0.7007,1,0.013408791087567807,,-0.004013515367718094,0.004013515367718094,0.004013515367718094,0.0002928169366508493,0.7007,0.0174223064552859,120.0,256.0,0.035854341736694675,256.0,1.0,0.0,4.266666889190674,1.400793433189392,4.266666889190674,1.400793433189392,135.7541961669922,50.22926330566406
Test,randomness_0.6837,1,0.011422149278223515,,0.004010833054781015,0.004010833054781015,0.004010833054781015,0.0003295534888197214,0.6837,0.0074113162234425,119.0,250.0,0.03560746332431278,250.0,1.0,0.0,4.201680660247803,1.3632625341415405,4.201680660247803,1.3632625341415405,135.04832458496094,50.76060104370117
Test,randomness_0.4114,1,0.02826869674026966,,-0.003981674835085838,0.003981674835085838,0.003981674835085838,0.0003399124081537602,0.4114,0.0322503715753555,121.0,284.0,0.03911845730027548,284.0,1.0,0.0,4.694214820861816,1.310119390487671,4.694214820861816,1.310119390487671,135.7716064453125,51.18122482299805
Test,randomness_0.8859,1,0.008734941110014915,,0.003968773726687915,0.003968773726687915,0.003968773726687915,0.00046374527093479137,0.8859,0.004766167383327,121.0,253.0,0.03484848484848485,253.0,1.0,0.0,4.181818008422852,1.3965719938278198,4.181818008422852,1.3965719938278198,137.06167602539062,50.64304733276367
Test,randomness_0.7558,1,0.014407074451446534,,-0.003968284959041968,0.003968284959041968,0.003968284959041968,0.0003698967585038429,0.7558,0.0183753594104885,121.0,260.0,0.03581267217630854,260.0,1.0,0.0,4.297520637512207,1.36451256275177,4.297520637512207,1.36451256275177,136.65365600585938,49.522300720214844
Test,randomness_0.7497,1,0.011510318331420421,,0.003962900386886221,0.003962900386886221,0.003962900386886221,0.0005936035253706832,0.7497,0.0075474179445342,120.0,255.0,0.03571428571428571,255.0,1.0,0.0,4.25,1.379915475845337,4.25,1.379915475845337,135.50465393066406,50.67559814453125
Test,randomness_0.5976,1,0.018510788306593896,,-0.003945232182741204,0.003945232182741204,0.003945232182741204,0.0005186220274110736,0.5976,0.0224560204893351,121.0,267.0,0.03677685950413223,267.0,1.0,0.0,4.4132232666015625,1.4297281503677368,4.4132232666015625,1.4297281503677368,135.9866943359375,50.56615447998047
Test,randomness_0.6246,1,0.01975405216217041,,0.003934540179921009,0.003934540179921009,0.003934540179921009,0.0002162885568740566,0.6246,0.0158195119822494,121.0,270.0,0.0371900826446281,270.0,1.0,0.0,4.462810039520264,1.3968164920806885,4.462810039520264,1.3968164920806885,135.74143981933594,51.40568161010742
Test,randomness_0.3514,1,0.030489547550678252,,-0.003934264555573448,0.003934264555573448,0.003934264555573448,0.0005652977576565768,0.3514,0.0344238121062517,121.0,286.0,0.03939393939393939,286.0,1.0,0.0,4.7272725105285645,1.30479097366333,4.7272725105285645,1.30479097366333,136.9107666015625,50.71221923828125
Test,randomness_0.2212,1,0.0350375697016716,,0.003926884196698701,0.003926884196698701,0.003926884196698701,0.0002670786985734574,0.2212,0.0311106855049729,121.0,294.0,0.04049586776859504,294.0,1.0,0.0,4.859504222869873,1.248508334159851,4.859504222869873,1.248508334159851,135.99066162109375,50.77671813964844
Test,randomness_0.6196,1,0.021518714353442193,,-0.0039232097566128075,0.0039232097566128075,0.0039232097566128075,0.0006282340996970917,0.6196,0.025441924110055,121.0,274.0,0.03774104683195592,274.0,1.0,0.0,4.52892541885376,1.483096957206726,4.52892541885376,1.483096957206726,136.49806213378906,50.683128356933594
Test,randomness_0.4344,1,0.031541771814227106,,0.003901880979538006,0.003901880979538006,0.003901880979538006,0.00025744054794161233,0.4344,0.0276398908346891,121.0,291.0,0.04008264462809917,291.0,1.0,0.0,4.809917449951172,1.3130875825881958,4.809917449951172,1.3130875825881958,136.19052124023438,50.98408889770508
Test,randomness_0.7467,1,0.01247898954898119,,0.0038945331945854905,0.0038945331945854905,0.0038945331945854905,0.0004333483982400444,0.7467,0.0085844563543957,121.0,256.0,0.03526170798898071,256.0,1.0,0.0,4.231404781341553,1.258099913597107,4.231404781341553,1.258099913597107,136.95794677734375,51.26323318481445
Test,randomness_0.2192,1,0.03724077865481377,,-0.0038640543818473302,0.0038640543818473302,0.0038640543818473302,0.0003624060813511689,0.2192,0.0411048330366611,121.0,298.0,0.04104683195592287,298.0,1.0,0.0,4.925619602203369,1.2994930744171143,4.925619602203369,1.2994930744171143,135.9456024169922,50.91713333129883
Test,randomness_0.8438,1,0.007902451697736979,,-0.0038606128089396213,0.0038606128089396213,0.0038606128089396213,0.0003564267815377536,0.8438,0.0117630645066766,120.0,250.0,0.0350140056022409,250.0,1.0,0.0,4.166666507720947,1.3804185390472412,4.166666507720947,1.3804185390472412,136.7197265625,50.45273971557617
Test,randomness_0.6336,1,0.020049095526337622,,0.003827192452217524,0.003827192452217524,0.003827192452217524,0.0003002327636561247,0.6336,0.0162219030741201,121.0,269.0,0.03705234159779614,269.0,1.0,0.0,4.4462809562683105,1.4935144186019897,4.4462809562683105,1.4935144186019897,135.94386291503906,49.930389404296875
Test,randomness_0.8749,1,0.011096573248505593,,-0.0038137389198823063,0.0038137389198823063,0.0038137389198823063,0.00041344002063176805,0.8749,0.0149103121683879,120.0,252.0,0.03529411764705882,252.0,1.0,0.0,4.199999809265137,1.536229133605957,4.199999809265137,1.536229133605957,136.2789764404297,50.11846923828125
Test,randomness_0.5435,1,0.020330826193094252,,0.0037562469348954505,0.0037562469348954505,0.0037562469348954505,0.0004987511292905186,0.5435,0.0165745792581988,121.0,273.0,0.03760330578512397,273.0,1.0,0.0,4.512396812438965,1.2204571962356567,4.512396812438965,1.2204571962356567,136.0702667236328,50.99928283691406
Test,randomness_0.8529,1,0.01248866468667984,,0.003727694763370039,0.003727694763370039,0.003727694763370039,0.00015939202779034,0.8529,0.0087609699233098,121.0,259.0,0.03567493112947658,259.0,1.0,0.0,4.280991554260254,1.3619574308395386,4.280991554260254,1.3619574308395386,137.72055053710938,50.49103546142578
Test,randomness_0.9269,1,0.0016801408492028713,,-0.0037102175653299287,0.0037102175653299287,0.0037102175653299287,0.00036543207967948405,0.9269,0.0053903584145328,118.0,235.0,0.034043169636389974,235.0,1.0,0.0,3.98305082321167,1.3211643695831299,3.98305082321167,1.3211643695831299,134.52989196777344,50.51624298095703
Test,randomness_0.0901,1,0.03960452601313591,,-0.003682538866996793,0.003682538866996793,0.003682538866996793,0.0003687928227427861,0.0901,0.0432870648801327,121.0,302.0,0.04159779614325069,302.0,1.0,0.0,4.991735458374023,1.2025859355926514,4.991735458374023,1.2025859355926514,135.93702697753906,50.89385223388672
Test,randomness_0.3794,1,0.033591578155755995,,0.0036680251359939957,0.0036680251359939957,0.0036680251359939957,0.00031150036944639056,0.3794,0.029923553019762,121.0,292.0,0.04022038567493113,292.0,1.0,0.0,4.826446056365967,1.2641116380691528,4.826446056365967,1.2641116380691528,135.9838409423828,50.79267501831055
Test,randomness_0.4464,1,0.0292833611369133,,0.0036139564588666025,0.0036139564588666025,0.0036139564588666025,0.0007244796861347556,0.4464,0.0256694046780467,121.0,286.0,0.03939393939393939,286.0,1.0,0.0,4.7272725105285645,1.2264306545257568,4.7272725105285645,1.2264306545257568,135.6451873779297,50.691410064697266
Test,randomness_0.9610,1,0.010869264975190163,,0.003573036788072463,0.003573036788072463,0.003573036788072463,0.0006387079739156282,0.961,0.0072962281871177,120.0,251.0,0.03515406162464986,251.0,1.0,0.0,4.183333396911621,1.347734808921814,4.183333396911621,1.347734808921814,136.85853576660156,49.190059661865234
Test,randomness_0.8228,1,0.005529220961034298,,0.0035635899802599976,0.0035635899802599976,0.0035635899802599976,0.000608956016267759,0.8228,0.0019656309807743,120.0,246.0,0.034453781512605045,246.0,1.0,0.0,4.099999904632568,1.3379088640213013,4.099999904632568,1.3379088640213013,135.19300842285156,51.460533142089844
Test,randomness_0.9730,2,0.004166780458763242,0.0007444448560406327,0.003540599367936742,0.003540599367936742,0.004067001373862516,0.0005889666299249742,0.973,0.0006261810908265,121.0,242.0,0.03333333333333333,242.0,1.0,0.0,4.0,1.3173978328704834,4.0,1.3173978328704834,136.99005126953125,51.4094352722168
Test,randomness_0.4865,1,0.031537207588553426,,0.0035352783399799255,0.0035352783399799255,0.0035352783399799255,0.0003046476826911062,0.4865,0.0280019292485735,121.0,291.0,0.04008264462809917,291.0,1.0,0.0,4.809917449951172,1.2352536916732788,4.809917449951172,1.2352536916732788,135.36978149414062,50.502872467041016
Test,randomness_0.4484,1,0.028892279788851737,,-0.0034710358828306635,0.0034710358828306635,0.0034710358828306635,0.00018616375261009101,0.4484,0.0323633156716824,121.0,287.0,0.03953168044077135,287.0,1.0,0.0,4.743801593780518,1.2890442609786987,4.743801593780518,1.2890442609786987,136.79217529296875,50.56622314453125
Test,randomness_0.4685,1,0.03141036592423916,,0.0034479156602173593,0.0034479156602173593,0.0034479156602173593,0.0006724874401775215,0.4685,0.0279624502640218,121.0,292.0,0.04022038567493113,292.0,1.0,0.0,4.826446056365967,1.3586435317993164,4.826446056365967,1.3586435317993164,136.50076293945312,50.661495208740234
Test,randomness_0.5055,1,0.02596573904156685,,-0.003413831815123551,0.003413831815123551,0.003413831815123551,0.00035329190489164175,0.5055,0.0293795708566904,121.0,281.0,0.03870523415977961,281.0,1.0,0.0,4.644628047943115,1.3838472366333008,4.644628047943115,1.3838472366333008,136.39454650878906,51.176902770996094
Test,randomness_0.3504,1,0.034917498379945754,,0.0034017384052276514,0.0034017384052276514,0.0034017384052276514,0.0006336918306707064,0.3504,0.0315157599747181,121.0,294.0,0.04049586776859504,294.0,1.0,0.0,4.859504222869873,1.255110502243042,4.859504222869873,1.255110502243042,136.18312072753906,50.923919677734375
Test,randomness_0.1612,1,0.0384588710963726,,0.003398700617253801,0.003398700617253801,0.003398700617253801,0.00045205182061781597,0.1612,0.0350601704791188,121.0,299.0,0.04118457300275482,299.0,1.0,0.0,4.942148685455322,1.3563289642333984,4.942148685455322,1.3563289642333984,136.03851318359375,50.73583221435547
Test,randomness_0.8288,2,0.014836990740150213,0.00019090638938142068,-0.0033941590298983866,0.0033941590298983866,0.0035291502324018287,0.000617127589564051,0.8288,0.0182311497700486,121.0,262.0,0.03608815426997245,262.0,1.0,0.0,4.330578327178955,1.5287245512008667,4.330578327178955,1.5287245512008667,136.2380828857422,51.520179748535156
Test,randomness_0.9369,1,0.011000583693385125,,-0.003389898877869075,0.003389898877869075,0.003389898877869075,0.001885331764460466,0.9369,0.0143904825712542,120.0,247.0,0.03459383753501401,247.0,1.0,0.0,4.116666793823242,1.4842692613601685,4.116666793823242,1.4842692613601685,134.56533813476562,51.373958587646484
Test,randomness_0.0060,1,0.03793506324291229,,0.0033800233155488954,0.0033800233155488954,0.0033800233155488954,0.00044531756979676205,0.006,0.0345550399273634,121.0,297.0,0.04090909090909091,297.0,1.0,0.0,4.909090995788574,1.317397952079773,4.909090995788574,1.317397952079773,135.97280883789062,50.837242126464844
Test,randomness_0.1221,1,0.037017397582530975,,0.003372728265821974,0.003372728265821974,0.003372728265821974,0.0003112271282707364,0.1221,0.033644669316709,121.0,297.0,0.04090909090909091,297.0,1.0,0.0,4.909090995788574,1.2727272510528564,4.909090995788574,1.2727272510528564,135.8986053466797,50.812294006347656
Test,randomness_0.9319,1,0.009087421186268329,,-0.0033710059830673704,0.0033710059830673704,0.0033710059830673704,0.00026585640104462364,0.9319,0.0124584271693357,121.0,253.0,0.03484848484848485,253.0,1.0,0.0,4.181818008422852,1.4142136573791504,4.181818008422852,1.4142136573791504,136.70237731933594,52.045562744140625
Test,randomness_0.7227,1,0.014898545108735561,,0.0033587600326409617,0.0033587600326409617,0.0033587600326409617,0.0005591485363803293,0.7227,0.0115397850760946,120.0,261.0,0.0365546218487395,261.0,1.0,0.0,4.349999904632568,1.3394650220870972,4.349999904632568,1.3394650220870972,136.0575714111328,50.030643463134766
Test,randomness_0.2813,3,0.037910766899585724,0.0003678161382662449,0.003352364152669922,0.003352364152669922,0.003719177097082152,0.000304286622154344,0.2813,0.0345584027469158,121.0,300.0,0.04132231404958678,300.0,1.0,0.0,4.958677768707275,1.2491101026535034,4.958677768707275,1.2491101026535034,135.93487548828125,50.759788513183594
Test,randomness_0.4224,1,0.029551203921437265,,0.0033447261899709653,0.0033447261899709653,0.0033447261899709653,0.0008049972703518401,0.4224,0.0262064777314663,121.0,283.0,0.03898071625344353,283.0,1.0,0.0,4.677685737609863,1.3124632835388184,4.677685737609863,1.3124632835388184,136.48193359375,51.02470397949219
Test,randomness_0.6006,1,0.024809189885854722,,-0.0032942377030849776,0.0032942377030849776,0.0032942377030849776,0.0005930788517671536,0.6006,0.0281034275889397,121.0,281.0,0.03870523415977961,281.0,1.0,0.0,4.644628047943115,1.3290119171142578,4.644628047943115,1.3290119171142578,135.71636962890625,50.9180908203125
Test,randomness_0.1962,1,0.03334039375185967,,-0.003247950598597532,0.003247950598597532,0.003247950598597532,0.000231489941439058,0.1962,0.0365883443504572,121.0,290.0,0.03994490358126722,290.0,1.0,0.0,4.793388366699219,1.278670310974121,4.793388366699219,1.278670310974121,136.13047790527344,50.59171676635742
Test,randomness_0.2152,1,0.032157765328884126,,-0.003218592330813376,0.003218592330813376,0.003218592330813376,0.000481457329080952,0.2152,0.0353763576596975,121.0,288.0,0.03966942148760331,288.0,1.0,0.0,4.760330677032471,1.4259971380233765,4.760330677032471,1.4259971380233765,135.77593994140625,51.15068054199219
Test,randomness_0.6356,2,0.019051550328731535,0.00045334572714454837,0.0032104751207468387,0.0032104751207468387,0.0035310389586326943,0.00043852429057077727,0.6356,0.0158410752079847,121.0,272.0,0.03746556473829201,272.0,1.0,0.0,4.495867729187012,1.2735320329666138,4.495867729187012,1.2735320329666138,136.708251953125,51.39337921142578
Test,randomness_0.5415,1,0.024064870551228523,,-0.003206328449332878,0.003206328449332878,0.003206328449332878,0.00034604337934474895,0.5415,0.0272711990005614,121.0,278.0,0.03829201101928375,278.0,1.0,0.0,4.595041275024414,1.4175902605056763,4.595041275024414,1.4175902605056763,136.1258087158203,51.01486587524414
Test,randomness_0.3153,1,0.0356631226837635,,0.003185611963272106,0.003185611963272106,0.003185611963272106,0.00043064286908189197,0.3153,0.0324775107204914,121.0,293.0,0.04035812672176309,293.0,1.0,0.0,4.84297513961792,1.443184494972229,4.84297513961792,1.443184494972229,135.920166015625,50.65705490112305
Test,randomness_0.2392,1,0.03554030060768128,,-0.003165535256266623,0.003165535256266623,0.003165535256266623,0.0002752018020135957,0.2392,0.0387058358639479,121.0,295.0,0.040633608815427,295.0,1.0,0.0,4.876032829284668,1.2764246463775635,4.876032829284668,1.2764246463775635,135.91493225097656,51.043766021728516
Test,randomness_0.2142,1,0.036232602596282956,,0.0031495571136474568,0.0031495571136474568,0.0031495571136474568,0.00032516559177189465,0.2142,0.0330830454826355,121.0,295.0,0.040633608815427,295.0,1.0,0.0,4.876032829284668,1.3083977699279785,4.876032829284668,1.3083977699279785,136.0880889892578,50.892147064208984
Test,randomness_0.5656,2,0.025382773578166963,0.00013280261231540328,-0.0031412344425916384,0.0031412344425916384,0.0032351400703191473,0.00032420954032173977,0.5656,0.0285240080207586,121.0,284.0,0.03911845730027548,284.0,1.0,0.0,4.694214820861816,1.1559617519378662,4.694214820861816,1.1559617519378662,135.84613037109375,50.65106201171875
Test,randomness_0.1822,1,0.03763775080442429,,-0.0031014651060104134,0.0031014651060104134,0.0031014651060104134,0.0004805352479630489,0.1822,0.0407392159104347,121.0,297.0,0.04090909090909091,297.0,1.0,0.0,4.909090995788574,1.3846861124038696,4.909090995788574,1.3846861124038696,135.84085083007812,50.85899353027344
Test,randomness_0.1201,1,0.03770864829421043,,0.0030962813645601314,0.0030962813645601314,0.0030962813645601314,0.0002646447516922936,0.1201,0.0346123669296503,121.0,297.0,0.04090909090909091,297.0,1.0,0.0,4.909090995788574,1.3846861124038696,4.909090995788574,1.3846861124038696,135.83340454101562,50.85375213623047
Test,randomness_0.8789,1,0.010663556307554245,,0.0030506357770037455,0.0030506357770037455,0.0030506357770037455,0.000642985533512846,0.8789,0.0076129205305505,120.0,252.0,0.03529411764705882,252.0,1.0,0.0,4.199999809265137,1.3638181686401367,4.199999809265137,1.3638181686401367,137.32640075683594,51.12143325805664
Test,randomness_0.5425,1,0.024810804054141045,,-0.003046526946127455,0.003046526946127455,0.003046526946127455,0.00023083902690011093,0.5425,0.0278573310002685,121.0,280.0,0.03856749311294766,280.0,1.0,0.0,4.628098964691162,1.3182271718978882,4.628098964691162,1.3182271718978882,135.84994506835938,50.9647102355957
Test,randomness_0.6456,3,0.01669197330872218,0.0001315180291627957,0.003037869387319578,0.003037869387319578,0.003159545688282344,0.0004207800636658766,0.6456,0.0136541039214026,121.0,268.0,0.03691460055096419,268.0,1.0,0.0,4.429751873016357,1.2780824899673462,4.429751873016357,1.2780824899673462,136.63014221191406,50.46540069580078
Test,randomness_0.5836,2,0.02175979893654585,0.0005588047812350988,-0.0030366346638007486,0.0030366346638007486,0.0034317693139715513,0.0005513729512150475,0.5836,0.0247964336003466,121.0,273.0,0.03760330578512397,273.0,1.0,0.0,4.512396812438965,1.505448579788208,4.512396812438965,1.505448579788208,136.54180908203125,51.10252380371094
Test,randomness_0.8669,1,0.0035315542947500942,,0.0029808206490654944,0.0029808206490654944,0.0029808206490654944,0.0004481652880664174,0.8669,0.0005507336456846,121.0,242.0,0.03333333333333333,242.0,1.0,0.0,4.0,1.2920609712600708,4.0,1.2920609712600708,136.12574768066406,51.43104553222656
Test,randomness_0.0501,1,0.03838646039366722,,-0.0028770402073859808,0.0028770402073859808,0.0028770402073859808,0.00024956111775464445,0.0501,0.0412635006010532,121.0,298.0,0.04104683195592287,298.0,1.0,0.0,4.925619602203369,1.3371074199676514,4.925619602203369,1.3371074199676514,135.8736114501953,50.83445358276367
Test,randomness_0.9530,1,-0.002723504649475217,,-0.002870726416163917,0.002870726416163917,0.002870726416163917,0.0004273879722446272,0.953,0.0001472217666887,121.0,230.0,0.03168044077134986,230.0,1.0,0.0,3.8016529083251953,1.289626955986023,3.8016529083251953,1.289626955986023,138.7244110107422,51.23442077636719
Test,randomness_0.4244,2,0.03229525238275528,7.861862386979275e-05,0.0028513749130069793,0.0028513749130069793,0.002906966675072866,0.0003515734480553708,0.4244,0.0294438774697483,121.0,293.0,0.04035812672176309,293.0,1.0,0.0,4.84297513961792,1.3423075675964355,4.84297513961792,1.3423075675964355,136.06301879882812,50.973304748535156
Test,randomness_0.0070,2,0.038246542587876325,0.0001428551625208596,0.0028481472283602254,0.0028481472283602254,0.0029491610825062298,0.0004301697423707929,0.007,0.0353983953595161,121.0,297.0,0.04090909090909091,297.0,1.0,0.0,4.909090995788574,1.336085319519043,4.909090995788574,1.336085319519043,135.9758758544922,50.8465690612793
Test,randomness_0.1942,1,0.036562947928905486,,0.002809884399175684,0.002809884399175684,0.002809884399175684,0.00024053882638210084,0.1942,0.0337530635297298,121.0,295.0,0.040633608815427,295.0,1.0,0.0,4.876032829284668,1.2957031726837158,4.876032829284668,1.2957031726837158,135.81256103515625,51.12004852294922
Test,randomness_0.4414,2,0.03060783687978983,0.00012423231408851615,0.0028017779812216283,0.0028017779812216283,0.0028896234929561143,0.0002833484730439768,0.4414,0.0278060588985682,121.0,289.0,0.03980716253443526,289.0,1.0,0.0,4.776859283447266,1.2823505401611328,4.776859283447266,1.2823505401611328,135.88079833984375,50.200923919677734
Test,randomness_0.7397,1,0.012203337624669075,,0.0027913955946994758,0.0027913955946994758,0.0027913955946994758,0.000762696755000536,0.7397,0.0094119420299696,120.0,259.0,0.03627450980392157,259.0,1.0,0.0,4.316666603088379,1.224631428718567,4.316666603088379,1.224631428718567,137.14830017089844,51.60493850708008
Test,randomness_0.5345,1,0.02136772871017456,,0.002781385424625662,0.002781385424625662,0.002781385424625662,0.00030436596780845384,0.5345,0.0185863432855489,121.0,274.0,0.03774104683195592,274.0,1.0,0.0,4.52892541885376,1.379150390625,4.52892541885376,1.379150390625,135.0908966064453,51.688236236572266
Test,randomness_0.1071,2,0.039337306097149846,0.00021436888140292788,0.0027471534907817473,0.0027471534907817473,0.0028987351804971306,0.0003652582614512836,0.1071,0.0365901526063681,121.0,300.0,0.04132231404958678,300.0,1.0,0.0,4.958677768707275,1.319884181022644,4.958677768707275,1.319884181022644,135.94720458984375,50.77973937988281
Test,randomness_0.1091,1,0.03670728579163551,,-0.002721768990159086,0.002721768990159086,0.002721768990159086,0.00031982820728755347,0.1091,0.0394290547817946,121.0,294.0,0.04049586776859504,294.0,1.0,0.0,4.859504222869873,1.2682113647460938,4.859504222869873,1.2682113647460938,135.95077514648438,50.769649505615234
Test,randomness_0.8899,1,0.006115846149623394,,0.002716331214242094,0.002716331214242094,0.002716331214242094,0.000616645371006893,0.8899,0.0033995149353813,121.0,245.0,0.0337465564738292,245.0,1.0,0.0,4.049586772918701,1.3956912755966187,4.049586772918701,1.3956912755966187,137.90249633789062,49.51005935668945
Test,randomness_0.0541,1,0.03522520661354065,,-0.0026920985430479508,0.0026920985430479508,0.0026920985430479508,0.0005363515055623205,0.0541,0.0379173051565886,121.0,293.0,0.04035812672176309,293.0,1.0,0.0,4.84297513961792,1.3545653820037842,4.84297513961792,1.3545653820037842,135.95852661132812,50.86852264404297
Test,randomness_0.6617,1,0.020297403261065484,,0.002678818185696083,0.002678818185696083,0.002678818185696083,0.00045233624185057696,0.6617,0.0176185850753694,121.0,273.0,0.03760330578512397,273.0,1.0,0.0,4.512396812438965,1.2734782695770264,4.512396812438965,1.2734782695770264,136.78341674804688,51.82912063598633
Test,randomness_0.2843,1,0.033691804856061935,,0.002675313130021135,0.002675313130021135,0.002675313130021135,0.0002200063473992831,0.2843,0.0310164917260408,121.0,290.0,0.03994490358126722,290.0,1.0,0.0,4.793388366699219,1.3355741500854492,4.793388366699219,1.3355741500854492,135.73587036132812,51.16735076904297
Test,randomness_0.4625,1,0.02675505205988884,,0.0026497120968997367,0.0026497120968997367,0.0026497120968997367,0.0004062489066323581,0.4625,0.0241053399629891,121.0,282.0,0.03884297520661157,282.0,1.0,0.0,4.661157131195068,1.3145952224731445,4.661157131195068,1.3145952224731445,135.88375854492188,50.88782501220703
Test,randomness_0.8999,3,0.0028069186587041865,0.0005505606171504725,0.0026462023058486865,0.0026462023058486865,0.003083823649341527,0.0008738464863590292,0.8999,0.0001607163528555,121.0,240.0,0.03305785123966942,240.0,1.0,0.0,3.966942071914673,1.2787771224975586,3.966942071914673,1.2787771224975586,137.3071746826172,50.73039627075195
Test,randomness_0.1341,1,0.03913871049880981,,0.002642033249139815,0.002642033249139815,0.002642033249139815,0.00025740840111871104,0.1341,0.03649667724967,121.0,301.0,0.04146005509641873,301.0,1.0,0.0,4.97520637512207,1.2495473623275757,4.97520637512207,1.2495473623275757,135.998779296875,50.719581604003906
Test,randomness_0.3113,1,0.037014291435480115,,0.0025693695467796165,0.0025693695467796165,0.0025693695467796165,9.715281532700405e-05,0.3113,0.0344449218887005,121.0,299.0,0.04118457300275482,299.0,1.0,0.0,4.942148685455322,1.312983512878418,4.942148685455322,1.312983512878418,135.61434936523438,50.934120178222656
Test,randomness_0.9780,3,0.002568081587863465,0.00044835688947519403,0.0025648001985734818,0.0025648001985734818,0.0030625933875129737,0.0011185481603047892,0.978,3.28138928998337e-06,120.0,234.0,0.03277310924369748,234.0,1.0,0.0,3.9000000953674316,1.502220630645752,3.9000000953674316,1.502220630645752,134.45729064941406,51.0107536315918
Test,randomness_0.0320,1,0.03470087647438049,,0.002561103180050893,0.002561103180050893,0.002561103180050893,0.00041821564775141923,0.032,0.0321397732943296,121.0,289.0,0.03980716253443526,289.0,1.0,0.0,4.776859283447266,1.3390978574752808,4.776859283447266,1.3390978574752808,135.9979248046875,50.83145523071289
Test,randomness_0.0260,1,0.03759701251983642,,0.00255465433001522,0.00255465433001522,0.00255465433001522,0.00022067508754163224,0.026,0.0350423581898212,121.0,297.0,0.04090909090909091,297.0,1.0,0.0,4.909090995788574,1.2264306545257568,4.909090995788574,1.2264306545257568,135.9590301513672,50.84021759033203
Test,randomness_0.9209,1,0.008953726291656494,,-0.0025281077154335058,0.0025281077154335058,0.0025281077154335058,0.0005098868290198557,0.9209,0.01148183400709,119.0,245.0,0.03489531405782652,245.0,1.0,0.0,4.117647171020508,1.5072736740112305,4.117647171020508,1.5072736740112305,134.6962127685547,50.149803161621094
Test,randomness_0.6226,1,0.020519191399216652,,0.0025153899565339526,0.0025153899565339526,0.0025153899565339526,0.00019663873364623955,0.6226,0.0180038014426827,121.0,272.0,0.03746556473829201,272.0,1.0,0.0,4.495867729187012,1.2735320329666138,4.495867729187012,1.2735320329666138,135.5817413330078,51.68164825439453
Test,randomness_0.6887,1,0.009300926141440869,,0.0024901289702251687,0.0024901289702251687,0.0024901289702251687,0.00013799213242044622,0.6887,0.0068107971712157,121.0,255.0,0.03512396694214876,255.0,1.0,0.0,4.214876174926758,1.2675648927688599,4.214876174926758,1.2675648927688599,136.23426818847656,50.580894470214844
Test,randomness_0.8148,1,0.01223588977009058,,-0.002489178254807621,0.002489178254807621,0.002489178254807621,0.00033272115814413246,0.8148,0.0147250680248982,120.0,254.0,0.03557422969187675,254.0,1.0,0.0,4.233333110809326,1.4302291870117188,4.233333110809326,1.4302291870117188,134.91587829589844,51.298828125
Test,randomness_0.4154,1,0.03479739874601364,,-0.0024834495037794613,0.0024834495037794613,0.0024834495037794613,8.999702400821703e-05,0.4154,0.0372808482497931,121.0,297.0,0.04090909090909091,297.0,1.0,0.0,4.909090995788574,1.2727272510528564,4.909090995788574,1.2727272510528564,136.829833984375,50.83790969848633
Test,randomness_0.5546,1,0.024124438315629958,,-0.002471194103410141,0.002471194103410141,0.002471194103410141,0.00024855022244527606,0.5546,0.0265956324190401,121.0,278.0,0.03829201101928375,278.0,1.0,0.0,4.595041275024414,1.4234082698822021,4.595041275024414,1.4234082698822021,136.1606903076172,50.86583709716797
Test,randomness_0.3123,2,0.03467518053948879,0.0001871493929633768,-0.0024687405675650094,0.0024687405675650094,0.002601075172424361,0.0004796310918101335,0.3123,0.0371439211070538,121.0,293.0,0.04035812672176309,293.0,1.0,0.0,4.84297513961792,1.3423075675964355,4.84297513961792,1.3423075675964355,136.6254425048828,50.73371505737305
Test,randomness_0.5025,2,0.026884954050183298,0.0005570327696730209,0.0024663021788000946,0.0024663021788000946,0.002860183827579011,0.00046952703819665983,0.5025,0.0244186518713832,121.0,284.0,0.03911845730027548,284.0,1.0,0.0,4.694214820861816,1.3412894010543823,4.694214820861816,1.3412894010543823,135.3557891845703,51.10648727416992
Test,randomness_0.9590,1,0.002581462566740811,,0.002452096975109611,0.002452096975109611,0.002452096975109611,0.000551492847787471,0.959,0.0001293655916312,119.0,238.0,0.03389830508474576,238.0,1.0,0.0,4.0,1.3841843605041504,4.0,1.3841843605041504,135.4522247314453,52.488800048828125
Test,randomness_0.3984,1,0.03565960824489593,,0.0024508590195447336,0.0024508590195447336,0.0024508590195447336,0.00033665642792557855,0.3984,0.0332087492253512,121.0,296.0,0.04077134986225895,296.0,1.0,0.0,4.892561912536621,1.3471835851669312,4.892561912536621,1.3471835851669312,135.9162139892578,50.88785934448242
Test,randomness_0.5996,1,0.021034184470772745,,0.0024461514782160437,0.0024461514782160437,0.0024461514782160437,8.779556437126123e-05,0.5996,0.0185880329925567,121.0,276.0,0.03801652892561983,276.0,1.0,0.0,4.561983585357666,1.3354206085205078,4.561983585357666,1.3354206085205078,136.62669372558594,51.01924133300781
Test,randomness_0.2583,1,0.039538346230983734,,-0.0024420276284217654,0.0024420276284217654,0.0024420276284217654,0.00032687834652051363,0.2583,0.0419803738594055,121.0,302.0,0.04159779614325069,302.0,1.0,0.0,4.991735458374023,1.3391491174697876,4.991735458374023,1.3391491174697876,136.00518798828125,50.84481430053711
Test,randomness_0.4304,1,0.03370903432369232,,-0.0024292297661304765,0.0024292297661304765,0.0024292297661304765,0.00022630475437050514,0.4304,0.0361382640898228,121.0,295.0,0.040633608815427,295.0,1.0,0.0,4.876032829284668,1.3272119760513306,4.876032829284668,1.3272119760513306,135.88902282714844,51.40854263305664
Test,randomness_0.5816,1,0.023938989639282225,,0.002396737205410924,0.002396737205410924,0.002396737205410924,0.00043632992487924643,0.5816,0.0215422524338713,121.0,280.0,0.03856749311294766,280.0,1.0,0.0,4.628098964691162,1.220569133758545,4.628098964691162,1.220569133758545,136.11090087890625,51.659423828125
Test,randomness_0.7427,2,0.014008112344890833,0.00022351119138944978,-0.0023951468628647683,0.0023951468628647683,0.0025531931419673325,0.0003194229349180193,0.7427,0.0164032592077556,121.0,264.0,0.03636363636363636,264.0,1.0,0.0,4.363636493682861,1.2662172317504883,4.363636493682861,1.2662172317504883,137.27005004882812,51.168697357177734
Test,randomness_0.4034,1,0.036782631278038026,,-0.0023926335207662755,0.0023926335207662755,0.0023926335207662755,0.0002831706713488557,0.4034,0.0391752647988043,121.0,301.0,0.04146005509641873,301.0,1.0,0.0,4.97520637512207,1.2561440467834473,4.97520637512207,1.2561440467834473,136.5354461669922,50.11245346069336
Test,randomness_0.9229,1,0.007584418542683125,,0.002387756777752625,0.002387756777752625,0.002387756777752625,0.0003274437181327153,0.9229,0.0051966617649305,121.0,250.0,0.03443526170798898,250.0,1.0,0.0,4.13223123550415,1.4138754606246948,4.13223123550415,1.4138754606246948,136.1348114013672,50.83046340942383
Test,randomness_0.3574,1,0.03691181689500809,,0.0023835100233554896,0.0023835100233554896,0.0023835100233554896,0.00019380616264311936,0.3574,0.0345283068716526,121.0,298.0,0.04104683195592287,298.0,1.0,0.0,4.925619602203369,1.3616063594818115,4.925619602203369,1.3616063594818115,136.0204620361328,50.76689529418945
Test,randomness_0.3433,1,0.030377283692359924,,0.0023830335587263253,0.0023830335587263253,0.0023830335587263253,0.00034431172548173483,0.3433,0.0279942501336336,121.0,285.0,0.03925619834710744,285.0,1.0,0.0,4.7107439041137695,1.3075623512268066,4.7107439041137695,1.3075623512268066,136.59483337402344,50.54265213012695
Test,randomness_0.0571,1,0.036603114753961566,,-0.002382270246744131,0.002382270246744131,0.002382270246744131,0.0003683181433951281,0.0571,0.0389853850007057,121.0,295.0,0.040633608815427,295.0,1.0,0.0,4.876032829284668,1.2568504810333252,4.876032829284668,1.2568504810333252,136.03590393066406,50.83940124511719
Test,randomness_0.3524,1,0.0303683303296566,,0.002362609282136,0.002362609282136,0.002362609282136,0.0003480980308764699,0.3524,0.0280057210475206,121.0,288.0,0.03966942148760331,288.0,1.0,0.0,4.760330677032471,1.2793644666671753,4.760330677032471,1.2793644666671753,135.8939208984375,50.71220016479492
Test,randomness_0.8709,2,0.007564672222360969,0.00015505134095424532,0.0023619423547643686,0.0023619423547643686,0.002471580209385183,0.0006046600473984529,0.8709,0.0052027298675966,120.0,243.0,0.03403361344537815,243.0,1.0,0.0,4.050000190734863,1.3156113624572754,4.050000190734863,1.3156113624572754,135.86038208007812,51.844932556152344
Test,randomness_0.6987,1,0.012933339178562164,,-0.002360970247536936,0.002360970247536936,0.002360970247536936,0.0007544118597563895,0.6987,0.0152943094260991,120.0,256.0,0.035854341736694675,256.0,1.0,0.0,4.266666889190674,1.269733190536499,4.266666889190674,1.269733190536499,135.5586700439453,50.46467971801758
Test,randomness_0.7528,2,0.015603301394730807,0.00023675820929422732,0.0023560658998005067,0.0023560658998005067,0.0025234792350940383,0.0005065449339515083,0.7528,0.0132472354949303,121.0,263.0,0.03622589531680441,263.0,1.0,0.0,4.347107410430908,1.352748990058899,4.347107410430908,1.352748990058899,136.30088806152344,51.08711242675781
Test,randomness_0.2242,2,0.03839754275977612,0.0001465577631625382,0.0023458722978830157,0.0023458722978830157,0.0024495042860507785,0.0003253437347436459,0.2242,0.0360516704618931,121.0,301.0,0.04146005509641873,301.0,1.0,0.0,4.97520637512207,1.2362487316131592,4.97520637512207,1.2362487316131592,135.99269104003906,51.073143005371094
Test,randomness_0.1211,2,0.03971858620643616,3.784260160671898e-05,0.0023149121552705626,0.0023149121552705626,0.0023416709154844145,0.00037589644229819104,0.1211,0.0374036740511656,121.0,302.0,0.04159779614325069,302.0,1.0,0.0,4.991735458374023,1.2297676801681519,4.991735458374023,1.2297676801681519,136.037109375,50.81403350830078
Test,randomness_0.4084,1,0.031278033182024954,,-0.0022928666323423427,0.0022928666323423427,0.0022928666323423427,0.0004174611821902289,0.4084,0.0335708998143673,121.0,291.0,0.04008264462809917,291.0,1.0,0.0,4.809917449951172,1.3067784309387207,4.809917449951172,1.3067784309387207,136.2718505859375,50.86166763305664
Test,randomness_0.6346,1,0.020022478327155112,,0.002280407875063912,0.002280407875063912,0.002280407875063912,0.00038461294610580324,0.6346,0.0177420704520912,121.0,271.0,0.03732782369146005,271.0,1.0,0.0,4.479338645935059,1.2798447608947754,4.479338645935059,1.2798447608947754,138.13037109375,50.41254806518555
Test,randomness_0.3463,1,0.0310570165514946,,0.002273511141538599,0.002273511141538599,0.002273511141538599,0.000923117761859294,0.3463,0.028783505409956,121.0,285.0,0.03925619834710744,285.0,1.0,0.0,4.7107439041137695,1.338791847229004,4.7107439041137695,1.338791847229004,136.18589782714844,51.33002853393555
Test,randomness_0.0310,1,0.03743628859519958,,-0.0022489819675684183,0.0022489819675684183,0.0022489819675684183,0.0002404643795092569,0.031,0.039685270562768,121.0,296.0,0.04077134986225895,296.0,1.0,0.0,4.892561912536621,1.3161530494689941,4.892561912536621,1.3161530494689941,135.98358154296875,50.81941223144531
Test,randomness_0.0080,1,0.035326959937810896,,0.002241600677370996,0.002241600677370996,0.002241600677370996,0.0004569189522142812,0.008,0.0330853592604399,121.0,291.0,0.04008264462809917,291.0,1.0,0.0,4.809917449951172,1.3503230810165405,4.809917449951172,1.3503230810165405,135.9744110107422,50.843204498291016
Test,randomness_0.2022,1,0.037270727753639224,,-0.0022375531494617726,0.0022375531494617726,0.0022375531494617726,0.00039577524659780973,0.2022,0.039508280903101,121.0,297.0,0.04090909090909091,297.0,1.0,0.0,4.909090995788574,1.3545149564743042,4.909090995788574,1.3545149564743042,136.30296325683594,50.69550323486328
Test,randomness_0.0911,1,0.03762502893805504,,-0.0022325087338685573,0.0022325087338685573,0.0022325087338685573,0.0003269778092856312,0.0911,0.0398575376719236,121.0,297.0,0.04090909090909091,297.0,1.0,0.0,4.909090995788574,1.2984415292739868,4.909090995788574,1.2984415292739868,136.0077362060547,50.763675689697266
Test,randomness_0.3894,1,0.03023376241326332,,-0.0021716009825467793,0.0021716009825467793,0.0021716009825467793,0.00023769368997223224,0.3894,0.0324053633958101,121.0,286.0,0.03939393939393939,286.0,1.0,0.0,4.7272725105285645,1.4083575010299683,4.7272725105285645,1.4083575010299683,136.3699951171875,50.7353630065918
Test,randomness_0.3043,1,0.03671486228704453,,0.0021575427572278275,0.0021575427572278275,0.0021575427572278275,0.00034708427549940676,0.3043,0.0345573195298167,121.0,297.0,0.04090909090909091,297.0,1.0,0.0,4.909090995788574,1.2856487035751343,4.909090995788574,1.2856487035751343,136.2391357421875,50.386627197265625
Test,randomness_0.2593,1,0.036920846253633496,,0.002144308388233193,0.002144308388233193,0.002144308388233193,0.000478049355975851,0.2593,0.0347765378654003,121.0,297.0,0.04090909090909091,297.0,1.0,0.0,4.909090995788574,1.2920609712600708,4.909090995788574,1.2920609712600708,136.17047119140625,50.71115493774414
Test,randomness_0.0300,1,0.03931910768151283,,-0.002130663767456971,0.002130663767456971,0.002130663767456971,0.0005773972601827032,0.03,0.0414497714489698,121.0,299.0,0.04118457300275482,299.0,1.0,0.0,4.942148685455322,1.3624086380004883,4.942148685455322,1.3624086380004883,135.9647979736328,50.88461685180664
Test,randomness_0.8979,1,0.007034843601286411,,0.0021157746520002107,0.0021157746520002107,0.0021157746520002107,0.0002948485509851456,0.8979,0.0049190689492862,121.0,249.0,0.03429752066115702,249.0,1.0,0.0,4.1157026290893555,1.3495643138885498,4.1157026290893555,1.3495643138885498,137.31385803222656,50.410953521728516
Test,randomness_0.4675,1,0.03018159568309784,,-0.0021122458041356595,0.0021122458041356595,0.0021122458041356595,0.0013318261548210288,0.4675,0.0322938414872335,121.0,292.0,0.04022038567493113,292.0,1.0,0.0,4.826446056365967,1.2963883876800537,4.826446056365967,1.2963883876800537,136.46705627441406,50.77617645263672
Test,randomness_0.7648,2,0.016834675520658492,0.0002607283074224863,0.002109301614527593,0.002109301614527593,0.002293664368753324,0.0006558445589656186,0.7648,0.0147253739061309,120.0,263.0,0.036834733893557424,263.0,1.0,0.0,4.383333206176758,1.3177210092544556,4.383333206176758,1.3177210092544556,135.96324157714844,50.78242492675781
Test,randomness_0.8038,3,0.017678918192783992,0.00013399021028962408,0.0020847444179025922,0.0020847444179025922,0.0022090749882030126,0.0003869352807927738,0.8038,0.0155941737748814,121.0,268.0,0.03691460055096419,268.0,1.0,0.0,4.429751873016357,1.3595480918884277,4.429751873016357,1.3595480918884277,134.96258544921875,52.087745666503906
Test,randomness_0.2933,2,0.033775081485509874,0.0002594423017072996,0.0020817004144191714,0.0020817004144191714,0.002265153825283049,0.00025842728918328966,0.2933,0.0316933810710907,121.0,290.0,0.03994490358126722,290.0,1.0,0.0,4.793388366699219,1.4426637887954712,4.793388366699219,1.4426637887954712,136.18069458007812,51.3556022644043
Test,randomness_0.9489,2,0.006482251873239874,0.00011748651342099363,0.0020798784467831745,0.0020798784467831745,0.0021629539571211233,0.00038365728775138633,0.9489,0.0044023734264567,119.0,243.0,0.03461045435123202,243.0,1.0,0.0,4.084033489227295,1.4176547527313232,4.084033489227295,1.4176547527313232,136.3499755859375,49.85853958129883
Test,randomness_0.4835,1,0.025226498767733575,,-0.0020647038580800248,0.0020647038580800248,0.0020647038580800248,0.0004950391033240525,0.4835,0.0272912026258136,121.0,281.0,0.03870523415977961,281.0,1.0,0.0,4.644628047943115,1.3413913249969482,4.644628047943115,1.3413913249969482,136.19068908691406,50.436927795410156
Test,randomness_0.0460,1,0.04071910604834557,,-0.0020550101995468334,0.0020550101995468334,0.0020550101995468334,0.00032559147956390277,0.046,0.0427741162478924,121.0,303.0,0.04173553719008265,303.0,1.0,0.0,5.008264541625977,1.3015938997268677,5.008264541625977,1.3015938997268677,135.96600341796875,50.85823440551758
Test,randomness_0.8799,2,0.009040882345288992,0.00027571427795504216,0.0020464336262519915,0.0020464336262519915,0.0022413930618639544,0.0002718539343270336,0.8799,0.006994448719037,121.0,253.0,0.03484848484848485,253.0,1.0,0.0,4.181818008422852,1.2920609712600708,4.181818008422852,1.2920609712600708,136.92178344726562,50.76051330566406
Test,randomness_0.2773,2,0.03778801932930946,3.3644775495037366e-05,0.0020350653678178655,0.0020350653678178655,0.0020588558167219037,0.000467392088576184,0.2773,0.0357529539614916,121.0,300.0,0.04132231404958678,300.0,1.0,0.0,4.958677768707275,1.255708932876587,4.958677768707275,1.255708932876587,136.3989715576172,50.92647171020508
Test,randomness_0.6537,1,0.01539278421550989,,-0.00202733433681581,0.00202733433681581,0.00202733433681581,0.0006470205373225344,0.6537,0.0174201185523257,121.0,266.0,0.03663911845730027,266.0,1.0,0.0,4.396694183349609,1.3513343334197998,4.396694183349609,1.3513343334197998,137.30740356445312,49.40084457397461
Test,randomness_0.3634,1,0.029892634972929953,,0.0020076012238860533,0.0020076012238860533,0.0020076012238860533,0.0005793964190921078,0.3634,0.0278850337490439,121.0,285.0,0.03925619834710744,285.0,1.0,0.0,4.7107439041137695,1.3449509143829346,4.7107439041137695,1.3449509143829346,136.57090759277344,50.622615814208984
Test,randomness_0.6436,1,0.018991221114993094,,-0.0019990854235504077,0.0019990854235504077,0.0019990854235504077,0.0007906325851658134,0.6436,0.0209903065385435,121.0,268.0,0.03691460055096419,268.0,1.0,0.0,4.429751873016357,1.4014540910720825,4.429751873016357,1.4014540910720825,137.601806640625,49.70380401611328
Test,randomness_0.2082,1,0.03789135292172432,,0.001993978768587118,0.001993978768587118,0.001993978768587118,0.0005625869386395221,0.2082,0.0358973741531372,121.0,297.0,0.04090909090909091,297.0,1.0,0.0,4.909090995788574,1.3483997583389282,4.909090995788574,1.3483997583389282,135.8797149658203,50.79712677001953
Test,randomness_0.3964,1,0.03217426985502243,,0.0019780351255219326,0.0019780351255219326,0.0019780351255219326,0.00026892418671362403,0.3964,0.0301962347295005,121.0,292.0,0.04022038567493113,292.0,1.0,0.0,4.826446056365967,1.321642518043518,4.826446056365967,1.321642518043518,135.71829223632812,50.75838088989258
Test,randomness_0.0631,1,0.03630039766430855,,0.0019761089235544524,0.0019761089235544524,0.0019761089235544524,0.00026687927822163326,0.0631,0.0343242887407541,121.0,294.0,0.04049586776859504,294.0,1.0,0.0,4.859504222869873,1.3130356073379517,4.859504222869873,1.3130356073379517,136.03851318359375,50.76212692260742
Test,randomness_0.2472,2,0.04022164717316627,0.00017954346731398352,-0.001961129158735326,0.001961129158735326,0.0020880855619907907,0.0005157877703340107,0.2472,0.0421827763319016,121.0,304.0,0.0418732782369146,304.0,1.0,0.0,5.02479362487793,1.326542854309082,5.02479362487793,1.326542854309082,136.3018341064453,51.03718185424805
Test,randomness_0.4134,2,0.028842678666114806,2.895225074895227e-05,0.0019573599100113047,0.0019573599100113047,0.001977832242846502,0.00033486568897361866,0.4134,0.0268853187561035,121.0,283.0,0.03898071625344353,283.0,1.0,0.0,4.677685737609863,1.3978428840637207,4.677685737609863,1.3978428840637207,136.723388671875,50.61043930053711
Test,randomness_0.0390,2,0.037140280380845075,0.00020473516550454735,-0.0019455877748441285,0.0019455877748441285,0.0020903573987197457,0.0005734794783848749,0.039,0.0390858681556892,121.0,296.0,0.04077134986225895,296.0,1.0,0.0,4.892561912536621,1.3894624710083008,4.892561912536621,1.3894624710083008,135.972900390625,50.879032135009766
Test,randomness_0.2482,1,0.0341589093208313,,0.0019369836896658,0.0019369836896658,0.0019369836896658,0.0005694545020608189,0.2482,0.0322219256311655,121.0,291.0,0.04008264462809917,291.0,1.0,0.0,4.809917449951172,1.208195447921753,4.809917449951172,1.208195447921753,136.04043579101562,51.139888763427734
Test,randomness_0.8779,1,0.00505372816696763,,0.00193279990926393,0.00193279990926393,0.00193279990926393,0.0005450280718588151,0.8779,0.0031209282577037,121.0,243.0,0.03347107438016529,243.0,1.0,0.0,4.016529083251953,1.396474003791809,4.016529083251953,1.396474003791809,135.995361328125,51.80620574951172
Test,randomness_0.3654,1,0.03396962732076645,,0.0019324989659230477,0.0019324989659230477,0.0019324989659230477,0.0007694920799658247,0.3654,0.0320371283548434,121.0,293.0,0.04035812672176309,293.0,1.0,0.0,4.84297513961792,1.2984942197799683,4.84297513961792,1.2984942197799683,136.49571228027344,50.59734344482422
Test,randomness_0.7187,1,0.013949839770793915,,-0.0019248379314101855,0.0019248379314101855,0.0019248379314101855,0.00037132391911197756,0.7187,0.0158746777022041,121.0,262.0,0.03608815426997245,262.0,1.0,0.0,4.330578327178955,1.3322970867156982,4.330578327178955,1.3322970867156982,135.43716430664062,50.44974899291992
Test,randomness_0.0030,2,0.03795641064643859,0.00022638758209141474,-0.0019225940108299026,0.0019225940108299026,0.00208267420530317,0.0004306994188961963,0.003,0.0398790046572685,121.0,297.0,0.04090909090909091,297.0,1.0,0.0,4.909090995788574,1.2662172317504883,4.909090995788574,1.2662172317504883,135.98011779785156,50.83869934082031
Test,randomness_0.1542,1,0.03433934226632118,,0.001920266263186983,0.001920266263186983,0.001920266263186983,0.0003124625312845721,0.1542,0.0324190760031342,121.0,291.0,0.04008264462809917,291.0,1.0,0.0,4.809917449951172,1.3503230810165405,4.809917449951172,1.3503230810165405,136.1207733154297,50.84959030151367
Test,randomness_0.9339,1,0.010597971826791763,,-0.0018869484738149363,0.0018869484738149363,0.0018869484738149363,0.0003571115987748679,0.9339,0.0124849203006067,120.0,251.0,0.03515406162464986,251.0,1.0,0.0,4.183333396911621,1.4604984521865845,4.183333396911621,1.4604984521865845,135.9991912841797,52.13227844238281
Test,randomness_0.9580,1,0.009198652766644954,,0.001878032567051954,0.001878032567051954,0.001878032567051954,0.0005037567001334152,0.958,0.007320620199593,121.0,250.0,0.03443526170798898,250.0,1.0,0.0,4.13223123550415,1.5154420137405396,4.13223123550415,1.5154420137405396,137.45803833007812,50.68663787841797
Test,randomness_0.8218,1,0.010349475219845772,,0.0018669320216381721,0.0018669320216381721,0.0018669320216381721,0.00031179054605534866,0.8218,0.0084825431982076,121.0,254.0,0.0349862258953168,254.0,1.0,0.0,4.198347091674805,1.3764238357543945,4.198347091674805,1.3764238357543945,135.92599487304688,50.76984786987305
Test,randomness_0.0420,1,0.03919605165719986,,0.0018668536096811614,0.0018668536096811614,0.0018668536096811614,0.00037247692047684996,0.042,0.0373291980475187,121.0,300.0,0.04132231404958678,300.0,1.0,0.0,4.958677768707275,1.2622733116149902,4.958677768707275,1.2622733116149902,135.92164611816406,50.887210845947266
Test,randomness_0.2462,1,0.03988460674881935,,0.0018613938242197509,0.0018613938242197509,0.0018613938242197509,0.0006967237520864034,0.2462,0.0380232129245996,121.0,302.0,0.04159779614325069,302.0,1.0,0.0,4.991735458374023,1.3636114597320557,4.991735458374023,1.3636114597320557,135.82025146484375,50.80368423461914
Test,randomness_0.8298,1,0.011977086402475834,,0.001855213515680033,0.001855213515680033,0.001855213515680033,0.0003150645972989358,0.8298,0.0101218728867958,121.0,256.0,0.03526170798898071,256.0,1.0,0.0,4.231404781341553,1.4701454639434814,4.231404781341553,1.4701454639434814,136.01754760742188,51.73469924926758
Test,randomness_0.0661,1,0.04015196412801743,,-0.0018526360392570745,0.0018526360392570745,0.0018526360392570745,0.00030566372836336877,0.0661,0.0420046001672745,121.0,302.0,0.04159779614325069,302.0,1.0,0.0,4.991735458374023,1.2694495916366577,4.991735458374023,1.2694495916366577,136.07814025878906,50.785484313964844
Test,randomness_0.6927,2,0.019659642688930036,0.0003487169659696655,-0.0018473293039878661,0.0018473293039878661,0.0020939094353398142,0.0004938876444956903,0.6927,0.0215069719929179,121.0,270.0,0.0371900826446281,270.0,1.0,0.0,4.462810039520264,1.3908872604370117,4.462810039520264,1.3908872604370117,136.28839111328125,49.575111389160156
Test,randomness_0.2372,1,0.04161734730005264,,-0.001822023093700359,0.001822023093700359,0.001822023093700359,0.0005199585239202993,0.2372,0.043439370393753,121.0,306.0,0.04214876033057851,306.0,1.0,0.0,5.057851314544678,1.2681574821472168,5.057851314544678,1.2681574821472168,135.8718719482422,51.214969635009766
Test,randomness_0.1622,2,0.034460057690739634,0.0004917794383016324,-0.0017775624990463666,0.0017775624990463666,0.0021253030747175605,0.000291496126690296,0.1622,0.036237620189786,121.0,290.0,0.03994490358126722,290.0,1.0,0.0,4.793388366699219,1.378209114074707,4.793388366699219,1.378209114074707,136.09457397460938,50.759033203125
Test,randomness_0.7387,1,0.007850473374128341,,-0.0017546316891625582,0.0017546316891625582,0.0017546316891625582,0.0004235262915293854,0.7387,0.0096051050632909,120.0,251.0,0.03515406162464986,251.0,1.0,0.0,4.183333396911621,1.147339940071106,4.183333396911621,1.147339940071106,137.0920867919922,51.38141632080078
Test,randomness_0.0961,1,0.03617327064275742,,0.0017505731433630142,0.0017505731433630142,0.0017505731433630142,0.0006776649122084011,0.0961,0.0344226974993944,121.0,293.0,0.04035812672176309,293.0,1.0,0.0,4.84297513961792,1.2398898601531982,4.84297513961792,1.2398898601531982,136.00241088867188,50.72713851928711
Test,randomness_0.4164,1,0.03114394247531891,,0.0017497022743504093,0.0017497022743504093,0.0017497022743504093,0.0003714919376607923,0.4164,0.0293942402009685,121.0,290.0,0.03994490358126722,290.0,1.0,0.0,4.793388366699219,1.2525502443313599,4.793388366699219,1.2525502443313599,136.5740203857422,50.79976272583008
Test,randomness_0.1041,1,0.03416269943118096,,-0.0017001673579216461,0.0017001673579216461,0.0017001673579216461,0.0003227519540213191,0.1041,0.0358628667891026,121.0,289.0,0.03980716253443526,289.0,1.0,0.0,4.776859283447266,1.428676724433899,4.776859283447266,1.428676724433899,136.03590393066406,50.835975646972656
Test,randomness_0.1281,1,0.035308323055505755,,-0.001696870476007445,0.001696870476007445,0.001696870476007445,0.0002487182622744903,0.1281,0.0370051935315132,121.0,291.0,0.04008264462809917,291.0,1.0,0.0,4.809917449951172,1.374586582183838,4.809917449951172,1.374586582183838,135.9344024658203,50.86111068725586
Test,randomness_0.4074,1,0.03242758885025978,,-0.0016860169370259206,0.0016860169370259206,0.0016860169370259206,0.0002200000811977951,0.4074,0.0341136057872857,121.0,291.0,0.04008264462809917,291.0,1.0,0.0,4.809917449951172,1.3805856704711914,4.809917449951172,1.3805856704711914,135.94717407226562,51.20426559448242
Test,randomness_0.2823,1,0.03236319497227669,,-0.0016800504177809095,0.0016800504177809095,0.0016800504177809095,0.00036724557047287666,0.2823,0.0340432453900576,121.0,288.0,0.03966942148760331,288.0,1.0,0.0,4.760330677032471,1.3300395011901855,4.760330677032471,1.3300395011901855,136.05697631835938,50.560508728027344
Test,randomness_0.4585,1,0.028794750571250916,,0.001671017520129714,0.001671017520129714,0.001671017520129714,0.0005759677288732785,0.4585,0.0271237330511212,121.0,286.0,0.03939393939393939,286.0,1.0,0.0,4.7272725105285645,1.336085319519043,4.7272725105285645,1.336085319519043,136.2574920654297,50.86337661743164
Test,randomness_0.9800,1,0.005435554124414921,,0.0016676270844442208,0.0016676270844442208,0.0016676270844442208,0.0006210749286404795,0.98,0.0037679270399707,121.0,247.0,0.03402203856749311,247.0,1.0,0.0,4.082644462585449,1.376225471496582,4.082644462585449,1.376225471496582,136.32948303222656,52.31270980834961
Test,randomness_0.7267,1,0.010816233791410923,,0.001660754200352622,0.001660754200352622,0.001660754200352622,0.00039904107419057566,0.7267,0.0091554795910583,120.0,253.0,0.035434173669467786,253.0,1.0,0.0,4.2166666984558105,1.3427790403366089,4.2166666984558105,1.3427790403366089,135.42697143554688,51.2955436706543
Test,randomness_0.2012,2,0.037562345713377,8.06353505710405e-05,-0.0016512669622898019,0.0016512669622898019,0.0017082847654819391,0.000331038066586955,0.2012,0.0392136126756668,121.0,297.0,0.04090909090909091,297.0,1.0,0.0,4.909090995788574,1.3483997583389282,4.909090995788574,1.3483997583389282,136.2148895263672,50.645240783691406
Test,randomness_0.9910,1,0.006003166828304529,,0.0016411371650558292,0.0016411371650558292,0.0016411371650558292,0.0003553315750700644,0.991,0.0043620296632487,121.0,243.0,0.03347107438016529,243.0,1.0,0.0,4.016529083251953,1.4713993072509766,4.016529083251953,1.4713993072509766,136.7244415283203,51.18764877319336
Test,randomness_0.6146,1,0.02317685857415199,,-0.0016214528286979078,0.0016214528286979078,0.0016214528286979078,0.00039237163531745866,0.6146,0.0247983114028499,121.0,279.0,0.0384297520661157,279.0,1.0,0.0,4.611570358276367,1.3259762525558472,4.611570358276367,1.3259762525558472,135.5802001953125,50.234493255615234
Test,randomness_0.9079,1,0.004320325236767531,,0.0016143733214844308,0.0016143733214844308,0.0016143733214844308,0.0009719488768859312,0.9079,0.0027059519152831,121.0,236.0,0.032506887052341595,236.0,1.0,0.0,3.9008264541625977,1.5449461936950684,3.9008264541625977,1.5449461936950684,136.37925720214844,52.31853103637695
Test,randomness_0.0761,1,0.03405610173940658,,-0.0016100954264402154,0.0016100954264402154,0.0016100954264402154,0.00030584442832171305,0.0761,0.0356661971658468,121.0,289.0,0.03980716253443526,289.0,1.0,0.0,4.776859283447266,1.32045316696167,4.776859283447266,1.32045316696167,135.9201202392578,50.93757247924805
Test,randomness_0.8158,1,0.011062048375606537,,0.0015911005343577367,0.0015911005343577367,0.0015911005343577367,0.00040842823282717856,0.8158,0.0094709478412488,121.0,253.0,0.03484848484848485,253.0,1.0,0.0,4.181818008422852,1.30479097366333,4.181818008422852,1.30479097366333,136.4984130859375,51.37848663330078
Test,randomness_0.7417,2,0.010265334509313107,0.0006993149984719294,0.0015763784293086058,0.0015763784293086058,0.0020708688069135672,0.00037845842309419057,0.7417,0.0086889560800045,121.0,253.0,0.03484848484848485,253.0,1.0,0.0,4.181818008422852,1.3360854387283325,4.181818008422852,1.3360854387283325,136.61160278320312,50.71833419799805
Test,randomness_0.4945,1,0.033846940100193026,,0.0015603011474013273,0.0015603011474013273,0.0015603011474013273,0.0005564680718799696,0.4945,0.0322866389527917,121.0,296.0,0.04077134986225895,296.0,1.0,0.0,4.892561912536621,1.258371353149414,4.892561912536621,1.258371353149414,136.0449676513672,50.921470642089844
Test,randomness_0.4354,1,0.02644023671746254,,0.0015240082325402408,0.0015240082325402408,0.0015240082325402408,0.0004127829273083071,0.4354,0.0249162284849223,121.0,282.0,0.03884297520661157,282.0,1.0,0.0,4.661157131195068,1.3456616401672363,4.661157131195068,1.3456616401672363,136.0680389404297,51.535308837890625
Test,randomness_0.1391,2,0.03714783005416393,0.00025764631912512714,-0.0015130415558814725,0.0015130415558814725,0.0016952250152826032,0.00032172570520766123,0.1391,0.0386608716100454,121.0,296.0,0.04077134986225895,296.0,1.0,0.0,4.892561912536621,1.271438717842102,4.892561912536621,1.271438717842102,135.9929962158203,50.70799255371094
Test,randomness_0.0821,2,0.037506770342588425,7.79864211421367e-05,0.0015036217868328247,0.0015036217868328247,0.0015587665140628995,0.0002823474040188782,0.0821,0.0360031485557556,121.0,297.0,0.04090909090909091,297.0,1.0,0.0,4.909090995788574,1.3236563205718994,4.909090995788574,1.3236563205718994,136.07057189941406,50.7434196472168
Test,randomness_0.4104,1,0.034607315063476564,,-0.0015025715900616327,0.0015025715900616327,0.0015025715900616327,0.0001868589079109625,0.4104,0.0361098866535382,121.0,297.0,0.04090909090909091,297.0,1.0,0.0,4.909090995788574,1.2792043685913086,4.909090995788574,1.2792043685913086,136.10472106933594,51.50088119506836
Test,randomness_0.2092,1,0.03885100781917572,,0.0014778573065996198,0.0014778573065996198,0.0014778573065996198,0.0004260913650621456,0.2092,0.0373731505125761,121.0,301.0,0.04146005509641873,301.0,1.0,0.0,4.97520637512207,1.216028094291687,4.97520637512207,1.216028094291687,136.21961975097656,50.770713806152344
Test,randomness_0.2102,3,0.03737299516797066,7.717295261530847e-05,-0.0014724988490343455,0.0014724988490343455,0.0015197705477476495,0.0003594487120235108,0.2102,0.038845494017005,121.0,298.0,0.04104683195592287,298.0,1.0,0.0,4.925619602203369,1.2409359216690063,4.925619602203369,1.2409359216690063,136.35546875,50.28927230834961
Test,randomness_0.3934,1,0.03349538967013359,,0.0014712158590554913,0.0014712158590554913,0.0014712158590554913,0.00036386641504995655,0.3934,0.0320241738110781,121.0,296.0,0.04077134986225895,296.0,1.0,0.0,4.892561912536621,1.3224173784255981,4.892561912536621,1.3224173784255981,136.41604614257812,50.547489166259766
Test,randomness_0.6627,1,0.022764649242162704,,0.001460568567412203,0.001460568567412203,0.001460568567412203,0.0009184401719277953,0.6627,0.0213040806747505,121.0,275.0,0.03787878787878788,275.0,1.0,0.0,4.545454502105713,1.4545453786849976,4.545454502105713,1.4545453786849976,136.4263458251953,51.283721923828125
Test,randomness_0.1602,2,0.03686165772378444,0.0002739107879654797,0.0014596228791560438,0.0014596228791560438,0.0016533070547665868,0.0003683222335934564,0.1602,0.0354020348446284,121.0,296.0,0.04077134986225895,296.0,1.0,0.0,4.892561912536621,1.3348579406738281,4.892561912536621,1.3348579406738281,136.08985900878906,50.85295486450195
Test,randomness_0.9279,2,0.005170264700427652,0.0006255040787826608,-0.0014446189883672482,0.0014446189883672482,0.0018869171641343122,0.0005022036482611129,0.9279,0.0066148836887949,121.0,241.0,0.033195592286501374,241.0,1.0,0.0,3.983471155166626,1.3110053539276123,3.983471155166626,1.3110053539276123,136.512939453125,51.105953216552734
Test,randomness_0.1011,2,0.03513824976980686,0.00010823258014037146,-0.001421600766479937,0.001421600766479937,0.0014981327578425102,0.0005719064587643018,0.1011,0.0365598505362868,121.0,293.0,0.04035812672176309,293.0,1.0,0.0,4.84297513961792,1.390690803527832,4.84297513961792,1.390690803527832,136.06576538085938,50.780372619628906
Test,randomness_0.9760,1,0.013970248587429523,,-0.0014195196147653768,0.0014195196147653768,0.0014195196147653768,0.0008045472247028522,0.976,0.0153897682021949,119.0,255.0,0.03631961259079903,255.0,1.0,0.0,4.285714149475098,1.4617985486984253,4.285714149475098,1.4617985486984253,134.77430725097656,51.44819641113281
Test,randomness_0.1301,1,0.034177223592996596,,-0.0014048945158720016,0.0014048945158720016,0.0014048945158720016,0.00035644913632238486,0.1301,0.0355821181088686,121.0,291.0,0.04008264462809917,291.0,1.0,0.0,4.809917449951172,1.325615644454956,4.809917449951172,1.325615644454956,135.8874053955078,50.753517150878906
Test,randomness_0.4364,2,0.028502623550593853,0.0004313463893108789,-0.001401537284255048,0.001401537284255048,0.0017065452411771029,0.000576647169625955,0.4364,0.0299041608348489,121.0,288.0,0.03966942148760331,288.0,1.0,0.0,4.760330677032471,1.3546662330627441,4.760330677032471,1.3546662330627441,135.79176330566406,51.148956298828125
Test,randomness_0.6947,1,0.01901758015155792,,-0.0014002188086578785,0.0014002188086578785,0.0014002188086578785,0.0005808093293858868,0.6947,0.0204177989602158,121.0,271.0,0.03732782369146005,271.0,1.0,0.0,4.479338645935059,1.3490073680877686,4.479338645935059,1.3490073680877686,136.8313446044922,51.47979736328125
Test,randomness_0.7658,1,0.01577756330370903,,0.0013952856660277308,0.0013952856660277308,0.0013952856660277308,0.000136726451524011,0.7658,0.0143822776376813,120.0,264.0,0.03697478991596639,264.0,1.0,0.0,4.400000095367432,1.362595558166504,4.400000095367432,1.362595558166504,135.65695190429688,50.6011848449707
Test,randomness_0.1361,1,0.03833507671952248,,0.0013629522174596759,0.0013629522174596759,0.0013629522174596759,0.00040514186662557466,0.1361,0.0369721245020628,121.0,298.0,0.04104683195592287,298.0,1.0,0.0,4.925619602203369,1.3371073007583618,4.925619602203369,1.3371073007583618,136.18643188476562,50.830806732177734
Test,randomness_0.3103,1,0.036499001830816266,,0.0013552274554967658,0.0013552274554967658,0.0013552274554967658,0.00039879700632987466,0.3103,0.0351437743753195,121.0,296.0,0.04077134986225895,296.0,1.0,0.0,4.892561912536621,1.3835017681121826,4.892561912536621,1.3835017681121826,136.3124542236328,50.4871940612793
Test,randomness_0.2322,2,0.035147125646471974,2.1673490011115472e-05,-0.00134565681219102,0.00134565681219102,0.0013609822839498603,0.00029522913983722116,0.2322,0.036492782458663,121.0,292.0,0.04022038567493113,292.0,1.0,0.0,4.826446056365967,1.3153743743896484,4.826446056365967,1.3153743743896484,135.73269653320312,50.94777297973633
Test,randomness_0.2983,2,0.033468999713659284,0.0003332035012862118,-0.0013240408152342155,0.0013240408152342155,0.001559651270508798,0.0003023053788166112,0.2983,0.0347930405288935,121.0,289.0,0.03980716253443526,289.0,1.0,0.0,4.776859283447266,1.3816243410110474,4.776859283447266,1.3816243410110474,136.3244171142578,50.95220184326172
Test,randomness_0.1892,2,0.038640316948294645,2.8247344707611e-05,0.0013102669268846394,0.0013102669268846394,0.0013302408158779033,0.0003218820803779982,0.1892,0.03733005002141,121.0,300.0,0.04132231404958678,300.0,1.0,0.0,4.958677768707275,1.2557088136672974,4.958677768707275,1.2557088136672974,135.90673828125,50.77155303955078
Test,randomness_0.5005,1,0.02806294709444046,,0.00129282245159636,0.00129282245159636,0.00129282245159636,0.0003823973459937287,0.5005,0.0267701246428441,121.0,287.0,0.03953168044077135,287.0,1.0,0.0,4.743801593780518,1.2028130292892456,4.743801593780518,1.2028130292892456,136.50399780273438,51.17902755737305
Test,randomness_0.4274,1,0.03163118064403534,,0.00127936750650404,0.00127936750650404,0.00127936750650404,0.00017731862777776487,0.4274,0.0303518131375313,121.0,292.0,0.04022038567493113,292.0,1.0,0.0,4.826446056365967,1.2575569152832031,4.826446056365967,1.2575569152832031,136.4556121826172,51.158226013183594
Test,randomness_0.6286,1,0.022125419229269028,,0.0012639145685491293,0.0012639145685491293,0.0012639145685491293,0.0005524452400777161,0.6286,0.0208615046607199,121.0,278.0,0.03829201101928375,278.0,1.0,0.0,4.595041275024414,1.2303229570388794,4.595041275024414,1.2303229570388794,135.5638427734375,51.10546875
Test,randomness_0.3744,1,0.0367080956697464,,0.0012576319277287015,0.0012576319277287015,0.0012576319277287015,0.0003355049841225348,0.3744,0.0354504637420177,121.0,299.0,0.04118457300275482,299.0,1.0,0.0,4.942148685455322,1.2484537363052368,4.942148685455322,1.2484537363052368,136.6189727783203,50.5343017578125
Test,randomness_0.1161,1,0.03525102883577347,,0.001256446912884665,0.001256446912884665,0.001256446912884665,0.0002969148987429444,0.1161,0.0339945819228888,121.0,291.0,0.04008264462809917,291.0,1.0,0.0,4.809917449951172,1.368561029434204,4.809917449951172,1.368561029434204,136.07424926757812,50.703826904296875
Test,randomness_0.3884,1,0.03294846937060356,,-0.0012529594554557405,0.0012529594554557405,0.0012529594554557405,0.0005772280147866547,0.3884,0.0342014288260593,121.0,293.0,0.04035812672176309,293.0,1.0,0.0,4.84297513961792,1.2398898601531982,4.84297513961792,1.2398898601531982,135.44989013671875,50.94951629638672
Test,randomness_0.9980,1,-0.0008883694361429661,,-0.001252391493697766,0.001252391493697766,0.001252391493697766,0.0006787037172709933,0.998,0.0003640220575548,121.0,232.0,0.031955922865013774,232.0,1.0,0.0,3.8347108364105225,1.3927030563354492,3.8347108364105225,1.3927030563354492,136.9081268310547,52.091766357421875
Test,randomness_0.9930,1,0.0014732239535078407,,0.0012351986617120407,0.0012351986617120407,0.0012351986617120407,0.0006573355937772161,0.993,0.0002380252917958,117.0,235.0,0.034630120837017386,235.0,1.0,0.0,4.017094135284424,1.3523192405700684,4.017094135284424,1.3523192405700684,136.00315856933594,52.520416259765625
Test,randomness_0.0721,2,0.03851452618837357,0.00031333547689817783,0.0012349829077720684,0.0012349829077720684,0.0014565445482730907,0.0003953282907084071,0.0721,0.0372795432806015,121.0,298.0,0.04104683195592287,298.0,1.0,0.0,4.925619602203369,1.2802716493606567,4.925619602203369,1.2802716493606567,135.95758056640625,50.818058013916016
Test,randomness_0.5145,1,0.026085009425878526,,-0.0012212462754424731,0.0012212462754424731,0.0012212462754424731,0.00023088571140620823,0.5145,0.027306255701321,121.0,283.0,0.03898071625344353,283.0,1.0,0.0,4.677685737609863,1.2545115947723389,4.677685737609863,1.2545115947723389,136.28231811523438,51.32258987426758
Test,randomness_0.2653,2,0.035436992347240445,0.00010140321017478599,0.0012076001614332484,0.0012076001614332484,0.001279303058981926,0.0008353704529984518,0.2653,0.0342293921858072,121.0,293.0,0.04035812672176309,293.0,1.0,0.0,4.84297513961792,1.285701870918274,4.84297513961792,1.285701870918274,136.23080444335938,50.80900192260742
Test,randomness_0.0000,1,0.04119805917143822,,-0.0011750243604182822,0.0011750243604182822,0.0011750243604182822,0.00075857745405421,0.0,0.0423730835318565,121.0,305.0,0.04201101928374656,305.0,1.0,0.0,5.041322231292725,1.2358067035675049,5.041322231292725,1.2358067035675049,135.9774627685547,50.838069915771484
Test,randomness_0.8268,1,0.0029541830997914078,,0.0011697865020390077,0.0011697865020390077,0.0011697865020390077,0.0005344659895835991,0.8268,0.0017843965977524,119.0,236.0,0.03361344537815126,236.0,1.0,0.0,3.966386556625366,1.3216538429260254,3.966386556625366,1.3216538429260254,135.5314178466797,51.130470275878906
Test,randomness_0.3193,2,0.037333975359797475,0.00035386546693307806,-0.0011695471713242221,0.0011695471713242221,0.0014197678426203439,0.0004680401173538945,0.3193,0.0385035225311217,121.0,300.0,0.04132231404958678,300.0,1.0,0.0,4.958677768707275,1.3446969985961914,4.958677768707275,1.3446969985961914,135.87689208984375,51.37877655029297
Test,randomness_0.1652,1,0.034056223928928375,,-0.0011667937040329215,0.0011667937040329215,0.0011667937040329215,0.0008083553224963403,0.1652,0.0352230176329613,121.0,289.0,0.03980716253443526,289.0,1.0,0.0,4.776859283447266,1.2951760292053223,4.776859283447266,1.2951760292053223,136.0041046142578,50.963932037353516
Test,randomness_0.7317,2,0.014079786464571954,0.0002473614344172571,0.0011636193101973542,0.0011636193101973542,0.0013385302578778277,0.00042454013618227905,0.7317,0.0129161671543746,120.0,259.0,0.03627450980392157,259.0,1.0,0.0,4.316666603088379,1.378304123878479,4.316666603088379,1.378304123878479,136.58395385742188,49.90168380737305
Test,randomness_0.8519,1,0.011157217249274255,,-0.0011521463804287455,0.0011521463804287455,0.0011521463804287455,0.0005777371526526709,0.8519,0.012309363629703,119.0,256.0,0.03646204244409628,256.0,1.0,0.0,4.302521228790283,1.4982041120529175,4.302521228790283,1.4982041120529175,134.78204345703125,48.783287048339844
Test,randomness_0.4294,1,0.03294351473450661,,0.0011496867984533074,0.0011496867984533074,0.0011496867984533074,0.0003617275119610528,0.4294,0.0317938279360533,121.0,294.0,0.04049586776859504,294.0,1.0,0.0,4.859504222869873,1.2682113647460938,4.859504222869873,1.2682113647460938,136.57540893554688,50.936710357666016
Test,randomness_0.6727,1,0.017568573355674744,,0.0011406809405523424,0.0011406809405523424,0.0011406809405523424,0.00043898028975768063,0.6727,0.0164278924151224,121.0,266.0,0.03663911845730027,266.0,1.0,0.0,4.396694183349609,1.4052988290786743,4.396694183349609,1.4052988290786743,136.16348266601562,51.0214729309082
Test,randomness_0.7137,3,0.0156932869926095,0.0005029964715335937,0.0011293627871699005,0.0011293627871699005,0.0016660864083594944,0.000597146958593436,0.7137,0.0145639242054396,120.0,261.0,0.0365546218487395,261.0,1.0,0.0,4.349999904632568,1.3456721305847168,4.349999904632568,1.3456721305847168,135.51292419433594,50.62693405151367
Test,randomness_0.4635,1,0.029339996725320817,,-0.0011185521376318834,0.0011185521376318834,0.0011185521376318834,0.0004991741156287525,0.4635,0.0304585488629527,121.0,288.0,0.03966942148760331,288.0,1.0,0.0,4.760330677032471,1.219841480255127,4.760330677032471,1.219841480255127,136.9145965576172,51.230003356933594
Test,randomness_0.1101,2,0.03683728501200676,0.00011620939805666257,0.0011113205924630637,0.0011113205924630637,0.0011934930458665366,0.0003565660179140502,0.1101,0.0357259644195437,121.0,296.0,0.04077134986225895,296.0,1.0,0.0,4.892561912536621,1.3894624710083008,4.892561912536621,1.3894624710083008,135.98287963867188,50.78248977661133
Test,randomness_0.2963,1,0.03901690989732742,,0.0011085130274296265,0.0011085130274296265,0.0011085130274296265,0.0004127195635780841,0.2963,0.0379083968698978,121.0,301.0,0.04146005509641873,301.0,1.0,0.0,4.97520637512207,1.345103144645691,4.97520637512207,1.345103144645691,136.0281219482422,50.57875061035156
Test,randomness_0.8929,1,0.00877874493598938,,0.0010957595766517792,0.0010957595766517792,0.0010957595766517792,0.0010633684570099423,0.8929,0.0076829853593376,120.0,245.0,0.03431372549019608,245.0,1.0,0.0,4.083333492279053,1.5523279905319214,4.083333492279053,1.5523279905319214,136.61964416503906,50.49821090698242
Test,randomness_0.0791,1,0.03977465257048607,,-0.001095018535852428,0.001095018535852428,0.001095018535852428,0.00028203596848254186,0.0791,0.0408696711063385,121.0,302.0,0.04159779614325069,302.0,1.0,0.0,4.991735458374023,1.2364697456359863,4.991735458374023,1.2364697456359863,136.03231811523438,50.83719253540039
Test,randomness_0.4424,1,0.029422353580594064,,-0.0010927460156381352,0.0010927460156381352,0.0010927460156381352,0.0003474455461850614,0.4424,0.0305150995962322,121.0,286.0,0.03939393939393939,286.0,1.0,0.0,4.7272725105285645,1.4024771451950073,4.7272725105285645,1.4024771451950073,135.3053436279297,51.87388610839844
Test,randomness_0.6897,2,0.012746972870081663,0.00020151975608987484,-0.001092244614847037,0.001092244614847037,0.0012347406009212466,0.000681646278683427,0.6897,0.0138392174849287,121.0,257.0,0.03539944903581267,257.0,1.0,0.0,4.247933864593506,1.4274810552597046,4.247933864593506,1.4274810552597046,136.3031005859375,51.595436096191406
Test,randomness_0.4254,1,0.0372223824262619,,0.0010906761755317962,0.0010906761755317962,0.0010906761755317962,0.0009014755465070693,0.4254,0.0361317062507301,121.0,301.0,0.04146005509641873,301.0,1.0,0.0,4.97520637512207,1.2627060413360596,4.97520637512207,1.2627060413360596,136.63502502441406,51.05348205566406
Test,randomness_0.4474,1,0.03432527780532837,,-0.0010867986828088302,0.0010867986828088302,0.0010867986828088302,0.0001968344515730638,0.4474,0.0354120764881372,121.0,295.0,0.040633608815427,295.0,1.0,0.0,4.876032829284668,1.3579896688461304,4.876032829284668,1.3579896688461304,136.00650024414062,51.33234786987305
Test,randomness_0.7347,1,0.015773752331733705,,0.0010772671863273058,0.0010772671863273058,0.0010772671863273058,0.00018206741449475547,0.7347,0.0146964851454064,121.0,262.0,0.03608815426997245,262.0,1.0,0.0,4.330578327178955,1.428102970123291,4.330578327178955,1.428102970123291,135.76504516601562,51.736480712890625
Test,randomness_0.0410,1,0.037272647768259046,,-0.0010651297867298529,0.0010651297867298529,0.0010651297867298529,0.00024747514285928314,0.041,0.0383377775549889,121.0,295.0,0.040633608815427,295.0,1.0,0.0,4.876032829284668,1.3334242105484009,4.876032829284668,1.3334242105484009,135.94937133789062,50.853389739990234
Test,randomness_0.7768,1,0.012396835908293723,,0.0010552901468200235,0.0010552901468200235,0.0010552901468200235,0.0004787741645081535,0.7768,0.0113415457614737,121.0,257.0,0.03539944903581267,257.0,1.0,0.0,4.247933864593506,1.362308382987976,4.247933864593506,1.362308382987976,136.88873291015625,50.75623321533203
Test,randomness_0.8418,1,0.004664144199341536,,-0.0010425140665424638,0.0010425140665424638,0.0010425140665424638,0.0005131764890772267,0.8418,0.005706658265884,121.0,242.0,0.03333333333333333,242.0,1.0,0.0,4.0,1.3965719938278198,4.0,1.3965719938278198,135.8094940185547,52.24017333984375
Test,randomness_0.0881,1,0.03838086649775505,,-0.0010282009840011513,0.0010282009840011513,0.0010282009840011513,0.0003464497867668778,0.0881,0.0394090674817562,121.0,298.0,0.04104683195592287,298.0,1.0,0.0,4.925619602203369,1.3555231094360352,4.925619602203369,1.3555231094360352,135.95108032226562,50.803558349609375
Test,randomness_0.6527,1,0.01731679029762745,,0.0010092520457189481,0.0010092520457189481,0.0010092520457189481,0.00022139126818738347,0.6527,0.0163075382519085,121.0,265.0,0.03650137741046832,265.0,1.0,0.0,4.380165100097656,1.3742387294769287,4.380165100097656,1.3742387294769287,135.80308532714844,51.05451583862305
Test,randomness_0.6486,2,0.02203890848904848,3.9920704656110227e-05,-0.0009999906644225197,0.0009999906644225197,0.0010282188653946006,0.0004508777307079728,0.6486,0.023038899153471,121.0,277.0,0.03815426997245179,277.0,1.0,0.0,4.578512191772461,1.309545874595642,4.578512191772461,1.309545874595642,136.33291625976562,51.2098274230957
Test,randomness_0.0551,3,0.038281450420618056,0.00021548326978105688,0.0009555034339427554,0.0009555034339427554,0.001109864562749821,0.00043835867630284843,0.0551,0.0373259469866753,121.0,298.0,0.04104683195592287,298.0,1.0,0.0,4.925619602203369,1.3676624298095703,4.925619602203369,1.3676624298095703,135.95252990722656,50.90724182128906
Test,randomness_0.4615,1,0.027884048968553544,,0.0009528904932685454,0.0009528904932685454,0.0009528904932685454,0.00022801050024247736,0.4615,0.026931158475285,121.0,281.0,0.03870523415977961,281.0,1.0,0.0,4.644628047943115,1.4537469148635864,4.644628047943115,1.4537469148635864,135.3045196533203,50.97917938232422
Test,randomness_0.0671,1,0.03905850052833557,,-0.0009496763348579296,0.0009496763348579296,0.0009496763348579296,0.0004010801044007744,0.0671,0.0400081768631935,121.0,299.0,0.04118457300275482,299.0,1.0,0.0,4.942148685455322,1.3804868459701538,4.942148685455322,1.3804868459701538,135.86746215820312,50.86079406738281
Test,randomness_0.2873,1,0.03792205974459648,,-0.0009496737271547165,0.0009496737271547165,0.0009496737271547165,0.0003894622516060444,0.2873,0.0388717334717512,121.0,301.0,0.04146005509641873,301.0,1.0,0.0,4.97520637512207,1.2627061605453491,4.97520637512207,1.2627061605453491,136.29217529296875,50.57588577270508
Test,randomness_0.9259,1,0.004071367392316461,,0.0009479277076850606,0.0009479277076850606,0.0009479277076850606,0.000550484966613694,0.9259,0.0031234396846314,119.0,235.0,0.03347101552485401,235.0,1.0,0.0,3.9495797157287598,1.4886051416397095,3.9495797157287598,1.4886051416397095,136.2602081298828,50.57551956176758
Test,randomness_0.0811,1,0.03695928007364273,,0.0009474460035562293,0.0009474460035562293,0.0009474460035562293,0.00025947656443457473,0.0811,0.0360118340700865,121.0,297.0,0.04090909090909091,297.0,1.0,0.0,4.909090995788574,1.2464827299118042,4.909090995788574,1.2464827299118042,135.98043823242188,50.77906799316406
Test,randomness_0.8108,1,0.008380519039928914,,-0.0009400312979855868,0.0009400312979855868,0.0009400312979855868,0.0005300617719666091,0.8108,0.0093205503379145,120.0,248.0,0.03473389355742297,248.0,1.0,0.0,4.133333206176758,1.2840907573699951,4.133333206176758,1.2840907573699951,136.98130798339844,50.777339935302734
Test,randomness_0.5485,2,0.023602536506950857,0.00029431855543226096,-0.000937990815875445,0.000937990815875445,0.0011461054622506246,0.000369894900698083,0.5485,0.0245405273228263,121.0,278.0,0.03829201101928375,278.0,1.0,0.0,4.595041275024414,1.3458139896392822,4.595041275024414,1.3458139896392822,136.2141876220703,50.74038314819336
Test,randomness_0.8819,2,0.008131158351898194,0.00042235067133183435,0.000933730502893193,0.000933730502893193,0.0012323775266306234,0.00035412322631820444,0.8819,0.007197427849005,121.0,250.0,0.03443526170798898,250.0,1.0,0.0,4.13223123550415,1.3419004678726196,4.13223123550415,1.3419004678726196,136.25277709960938,51.10990905761719
Test,randomness_0.6416,1,0.021376382559537888,,0.0009248400558829889,0.0009248400558829889,0.0009248400558829889,0.0002446836343454812,0.6416,0.0204515425036549,121.0,274.0,0.03774104683195592,274.0,1.0,0.0,4.52892541885376,1.2925366163253784,4.52892541885376,1.2925366163253784,137.38478088378906,50.02978515625
Test,randomness_0.7157,1,0.010023178346455098,,0.0009119064383379984,0.0009119064383379984,0.0009119064383379984,0.0005896590956216706,0.7157,0.0091112719081171,120.0,249.0,0.034873949579831934,249.0,1.0,0.0,4.150000095367432,1.4528707265853882,4.150000095367432,1.4528707265853882,135.7113037109375,51.25541305541992
Test,randomness_0.7688,1,0.013465198315680027,,0.0009054682217538267,0.0009054682217538267,0.0009054682217538267,0.0004904040795712906,0.7688,0.0125597300939262,121.0,261.0,0.03595041322314049,261.0,1.0,0.0,4.31404972076416,1.3362897634506226,4.31404972076416,1.3362897634506226,137.1444549560547,51.10456085205078
Test,randomness_0.7367,1,0.011494271457195282,,-0.0008930648353043177,0.0008930648353043177,0.0008930648353043177,0.00042395275178921146,0.7367,0.0123873362924996,121.0,257.0,0.03539944903581267,257.0,1.0,0.0,4.247933864593506,1.392310619354248,4.247933864593506,1.392310619354248,137.06491088867188,50.22718811035156
Test,randomness_0.2042,3,0.034632145116726555,0.0002749579939505725,-0.000883703430493645,0.000883703430493645,0.0011967904865741452,0.0002912112782289845,0.2042,0.0355158485472202,121.0,291.0,0.04008264462809917,291.0,1.0,0.0,4.809917449951172,1.398429036140442,4.809917449951172,1.398429036140442,135.83241271972656,51.218841552734375
Test,randomness_0.2913,2,0.038955294713377955,6.702349900884236e-05,0.0008826602250337524,0.0008826602250337524,0.000930052995681753,0.0004337667185691309,0.2913,0.0380726344883442,121.0,301.0,0.04146005509641873,301.0,1.0,0.0,4.97520637512207,1.3327583074569702,4.97520637512207,1.3327583074569702,135.99325561523438,50.70749282836914
Test,randomness_0.0951,1,0.038275227695703504,,-0.0008777778595685931,0.0008777778595685931,0.0008777778595685931,0.00029334657206480036,0.0951,0.0391530055552721,121.0,298.0,0.04104683195592287,298.0,1.0,0.0,4.925619602203369,1.3309121131896973,4.925619602203369,1.3309121131896973,135.98780822753906,50.80635070800781
Test,randomness_0.8238,2,0.012259205244481564,0.00045419340563522445,-0.000857947498298036,0.000857947498298036,0.0011791107353929155,0.0004163265269724982,0.8238,0.0131171527427796,120.0,258.0,0.03613445378151261,258.0,1.0,0.0,4.300000190734863,1.2622731924057007,4.300000190734863,1.2622731924057007,135.87799072265625,49.776611328125
Test,randomness_0.8468,1,0.013796683959662914,,0.0008560938414125148,0.0008560938414125148,0.0008560938414125148,0.0003519458068387118,0.8468,0.0129405901182504,121.0,258.0,0.03553719008264463,258.0,1.0,0.0,4.264462947845459,1.406999111175537,4.264462947845459,1.406999111175537,136.4388427734375,52.434085845947266
Test,randomness_0.7618,1,0.015877292305231095,,-0.0008467302198367048,0.0008467302198367048,0.0008467302198367048,0.0006651597871445408,0.7618,0.0167240225250678,120.0,260.0,0.036414565826330535,260.0,1.0,0.0,4.333333492279053,1.416176438331604,4.333333492279053,1.416176438331604,135.75303649902344,51.15834426879883
Test,randomness_0.2132,1,0.03365740403532982,,-0.0008429914712905842,0.0008429914712905842,0.0008429914712905842,0.0004058427594789423,0.2132,0.0345003955066204,121.0,292.0,0.04022038567493113,292.0,1.0,0.0,4.826446056365967,1.4005767107009888,4.826446056365967,1.4005767107009888,136.05445861816406,50.81806945800781
Test,randomness_0.5445,1,0.02056419551372528,,-0.0008396700883116191,0.0008396700883116191,0.0008396700883116191,0.0005014938810140539,0.5445,0.0214038656020369,121.0,273.0,0.03760330578512397,273.0,1.0,0.0,4.512396812438965,1.279951572418213,4.512396812438965,1.279951572418213,135.93930053710938,51.852169036865234
Test,randomness_0.2402,1,0.03284714445471763,,0.0008186347782611347,0.0008186347782611347,0.0008186347782611347,0.00032607189315916603,0.2402,0.0320285096764565,121.0,289.0,0.03980716253443526,289.0,1.0,0.0,4.776859283447266,1.3452553749084473,4.776859283447266,1.3452553749084473,135.86624145507812,50.907169342041016
Test,randomness_0.2763,1,0.0354955181479454,,-0.0008079137653111967,0.0008079137653111967,0.0008079137653111967,0.0001765804807292683,0.2763,0.0363034319132566,121.0,293.0,0.04035812672176309,293.0,1.0,0.0,4.84297513961792,1.4200935363769531,4.84297513961792,1.4200935363769531,136.37576293945312,50.47586441040039
Test,randomness_0.7437,1,0.017879850044846535,,-0.0008003967983264658,0.0008003967983264658,0.0008003967983264658,0.00058692904917228,0.7437,0.018680246843173,121.0,269.0,0.03705234159779614,269.0,1.0,0.0,4.4462809562683105,1.3542124032974243,4.4462809562683105,1.3542124032974243,137.36996459960938,50.969058990478516
Test,randomness_0.2683,1,0.03422465473413468,,-0.0007872920483351226,0.0007872920483351226,0.0007872920483351226,0.00028321316913883286,0.2683,0.0350119467824698,121.0,293.0,0.04035812672176309,293.0,1.0,0.0,4.84297513961792,1.2857017517089844,4.84297513961792,1.2857017517089844,135.87405395507812,50.86849594116211
Test,randomness_0.2182,1,0.03482778966426849,,-0.0007858622819185077,0.0007858622819185077,0.0007858622819185077,0.0006984147787105973,0.2182,0.035613651946187,121.0,292.0,0.04022038567493113,292.0,1.0,0.0,4.826446056365967,1.3090763092041016,4.826446056365967,1.3090763092041016,136.27157592773438,50.92930221557617
Test,randomness_0.3774,1,0.03420054465532303,,-0.0007794670760631686,0.0007794670760631686,0.0007794670760631686,0.000820936831512377,0.3774,0.0349800117313862,121.0,295.0,0.040633608815427,295.0,1.0,0.0,4.876032829284668,1.3334242105484009,4.876032829284668,1.3334242105484009,136.12425231933594,50.758426666259766
Test,randomness_0.7678,1,0.012869733199477196,,0.0007732749450951957,0.0007732749450951957,0.0007732749450951957,0.000786966368980839,0.7678,0.012096458254382,121.0,263.0,0.03622589531680441,263.0,1.0,0.0,4.347107410430908,1.1971781253814697,4.347107410430908,1.1971781253814697,135.9622802734375,52.24256896972656
Test,randomness_0.3473,1,0.03432934433221817,,-0.0007687773555517322,0.0007687773555517322,0.0007687773555517322,0.0005440848042726026,0.3473,0.0350981216877699,121.0,293.0,0.04035812672176309,293.0,1.0,0.0,4.84297513961792,1.2597274780273438,4.84297513961792,1.2597274780273438,136.0007781982422,51.235984802246094
Test,randomness_0.0591,1,0.037481822073459625,,-0.0007602669298648751,0.0007602669298648751,0.0007602669298648751,0.0004884836861812464,0.0591,0.0382420890033245,121.0,295.0,0.040633608815427,295.0,1.0,0.0,4.876032829284668,1.4577817916870117,4.876032829284668,1.4577817916870117,135.9323272705078,50.856510162353516
Test,randomness_0.8909,1,0.0007980255933944136,,-0.0007551006547613865,0.0007551006547613865,0.0007551006547613865,0.00037600054036547066,0.8909,0.0015531262481558,120.0,232.0,0.032492997198879554,232.0,1.0,0.0,3.866666555404663,1.3535960912704468,3.866666555404663,1.3535960912704468,135.06619262695312,52.646087646484375
Test,randomness_0.7838,2,0.015682988706976174,0.0004219970329310476,0.0007544813090362744,0.0007544813090362744,0.0010528782726624206,0.0004396233877313737,0.7838,0.0149285073979399,121.0,262.0,0.03608815426997245,262.0,1.0,0.0,4.330578327178955,1.4904015064239502,4.330578327178955,1.4904015064239502,136.20423889160156,51.811195373535156
Test,randomness_0.5596,1,0.021890461817383765,,0.0007531365660424644,0.0007531365660424644,0.0007531365660424644,0.000582661962650024,0.5596,0.0211373252513413,121.0,277.0,0.03815426997245179,277.0,1.0,0.0,4.578512191772461,1.3590959310531616,4.578512191772461,1.3590959310531616,135.88247680664062,51.04676055908203
Test,randomness_0.8599,1,0.0037958808708935974,,0.0007512433394665976,0.0007512433394665976,0.0007512433394665976,0.0006987414272430182,0.8599,0.003044637531427,120.0,240.0,0.03361344537815126,240.0,1.0,0.0,4.0,1.3478378057479858,4.0,1.3478378057479858,136.74253845214844,51.54633331298828
Test,randomness_0.0400,1,0.038175118714571,,-0.0007403202354907962,0.0007403202354907962,0.0007403202354907962,0.00039710682867913344,0.04,0.0389154389500618,121.0,298.0,0.04104683195592287,298.0,1.0,0.0,4.925619602203369,1.318434476852417,4.925619602203369,1.318434476852417,136.02130126953125,50.840213775634766
Test,randomness_0.0601,1,0.03923953622579575,,0.0007158286869525521,0.0007158286869525521,0.0007158286869525521,0.0004649225484818982,0.0601,0.0385237075388432,121.0,300.0,0.04132231404958678,300.0,1.0,0.0,4.958677768707275,1.319884181022644,4.958677768707275,1.319884181022644,135.94671630859375,50.90108108520508
Test,randomness_0.8098,2,0.01231570690870285,8.466775030232717e-06,-0.0006943349941821494,0.0006943349941821494,0.0007003219082208079,0.00041793113199572,0.8098,0.013010041902885,121.0,261.0,0.03595041322314049,261.0,1.0,0.0,4.31404972076416,1.2598901987075806,4.31404972076416,1.2598901987075806,136.57498168945312,52.07710647583008
Test,randomness_0.5516,1,0.030667170509696008,,0.0006894376128912076,0.0006894376128912076,0.0006894376128912076,0.0003802852578734034,0.5516,0.0299777328968048,121.0,291.0,0.04008264462809917,291.0,1.0,0.0,4.809917449951172,1.368561029434204,4.809917449951172,1.368561029434204,136.09219360351562,50.723854064941406
Test,randomness_0.0931,1,0.03429553285241127,,0.0006695113144814732,0.0006695113144814732,0.0006695113144814732,0.0002918091913792483,0.0931,0.0336260215379298,121.0,291.0,0.04008264462809917,291.0,1.0,0.0,4.809917449951172,1.2682651281356812,4.809917449951172,1.2682651281356812,136.00393676757812,50.90559005737305
Test,randomness_0.9019,1,0.0018871672451496123,,-0.0006676634075119875,0.0006676634075119875,0.0006676634075119875,0.0007096759811332503,0.9019,0.0025548306526616,120.0,239.0,0.033473389355742296,239.0,1.0,0.0,3.9833333492279053,1.4199961423873901,3.9833333492279053,1.4199961423873901,135.3923797607422,51.17098617553711
Test,randomness_0.2292,1,0.039981056749820706,,0.000667446106672305,0.000667446106672305,0.000667446106672305,0.00043378424424623125,0.2292,0.0393136106431484,121.0,302.0,0.04159779614325069,302.0,1.0,0.0,4.991735458374023,1.332963466644287,4.991735458374023,1.332963466644287,135.76051330566406,50.89027786254883
Test,randomness_0.3413,1,0.03737691938877106,,-0.0006646782159805409,0.0006646782159805409,0.0006646782159805409,0.0004833825603412808,0.3413,0.0380415976047516,121.0,299.0,0.04118457300275482,299.0,1.0,0.0,4.942148685455322,1.3502219915390015,4.942148685455322,1.3502219915390015,136.0253143310547,51.417476654052734
Test,randomness_0.7297,1,0.009384415112435818,,-0.0006488439851594831,0.0006488439851594831,0.0006488439851594831,0.00038749964739197523,0.7297,0.0100332590975953,120.0,250.0,0.0350140056022409,250.0,1.0,0.0,4.166666507720947,1.4794894456863403,4.166666507720947,1.4794894456863403,136.2440948486328,50.5868034362793
Test,randomness_0.8198,1,0.009507053717970847,,0.0006380909300880474,0.0006380909300880474,0.0006380909300880474,0.00038297590034559167,0.8198,0.0088689627878828,121.0,253.0,0.03484848484848485,253.0,1.0,0.0,4.181818008422852,1.4083576202392578,4.181818008422852,1.4083576202392578,134.7509307861328,50.553287506103516
Test,randomness_0.3914,1,0.032683905214071274,,-0.0006356421858072295,0.0006356421858072295,0.0006356421858072295,0.00025341145222891294,0.3914,0.0333195473998785,121.0,289.0,0.03980716253443526,289.0,1.0,0.0,4.776859283447266,1.4459266662597656,4.776859283447266,1.4459266662597656,135.12176513671875,51.485557556152344
Test,randomness_0.5115,1,0.03080373853445053,,-0.0006240388613688724,0.0006240388613688724,0.0006240388613688724,0.00024761439971627636,0.5115,0.0314277773958194,121.0,292.0,0.04022038567493113,292.0,1.0,0.0,4.826446056365967,1.327880859375,4.826446056365967,1.327880859375,136.74826049804688,50.494510650634766
Test,randomness_0.3554,1,0.03633077740669251,,0.0006189382280874095,0.0006189382280874095,0.0006189382280874095,0.00034053579127321757,0.3554,0.0357118391786051,121.0,300.0,0.04132231404958678,300.0,1.0,0.0,4.958677768707275,1.3009639978408813,4.958677768707275,1.3009639978408813,136.5783233642578,50.464698791503906
Test,randomness_0.2623,1,0.03223461881279945,,-0.0006130062043666479,0.0006130062043666479,0.0006130062043666479,0.00023458670974164632,0.2623,0.0328476250171661,121.0,288.0,0.03966942148760331,288.0,1.0,0.0,4.760330677032471,1.3049479722976685,4.760330677032471,1.3049479722976685,136.2095184326172,50.84260559082031
Test,randomness_0.3073,1,0.03652430474758148,,-0.0006049307063222195,0.0006049307063222195,0.0006049307063222195,0.0005845068735830561,0.3073,0.0371292354539037,121.0,296.0,0.04077134986225895,296.0,1.0,0.0,4.892561912536621,1.3775153160095215,4.892561912536621,1.3775153160095215,135.59849548339844,51.01348876953125
Test,randomness_0.0370,1,0.03577221557497978,,0.0005843624472617812,0.0005843624472617812,0.0005843624472617812,0.00032529200182759485,0.037,0.035187853127718,121.0,292.0,0.04022038567493113,292.0,1.0,0.0,4.826446056365967,1.3278809785842896,4.826446056365967,1.3278809785842896,136.04434204101562,50.8275032043457
Test,randomness_0.4064,2,0.034060724452137946,2.2224560055400808e-05,0.0005816698074340432,0.0005816698074340432,0.0005973849445581048,0.0005158422940384738,0.4064,0.0334790546447039,121.0,293.0,0.04035812672176309,293.0,1.0,0.0,4.84297513961792,1.3667134046554565,4.84297513961792,1.3667134046554565,136.4708251953125,51.09846878051758
Test,randomness_0.6046,2,0.021964999847114086,0.0008170448440886205,-0.00019773182380081536,0.000577737949788569,0.0007754697735893844,0.000900407248661498,0.6046,0.0221627316709149,121.0,279.0,0.0384297520661157,279.0,1.0,0.0,4.611570358276367,1.2944375276565552,4.611570358276367,1.2944375276565552,135.5312042236328,50.94279098510742
Test,randomness_0.0280,2,0.040394832938909525,0.00032451598213690375,-0.000573684275150272,0.000573684275150272,0.0008031517267226909,0.000564502678602274,0.028,0.0409685172140598,121.0,302.0,0.04159779614325069,302.0,1.0,0.0,4.991735458374023,1.195693850517273,4.991735458374023,1.195693850517273,135.96731567382812,50.87333297729492
Test,randomness_0.4314,1,0.03283204883337021,,0.0005699761211872059,0.0005699761211872059,0.0005699761211872059,0.00028557332551920275,0.4314,0.032262072712183,121.0,294.0,0.04049586776859504,294.0,1.0,0.0,4.859504222869873,1.2940154075622559,4.859504222869873,1.2940154075622559,136.31224060058594,50.88714599609375
Test,randomness_0.9119,1,0.006065943185240031,,0.000568010095436831,0.000568010095436831,0.000568010095436831,0.0005276463242575278,0.9119,0.0054979330898032,118.0,244.0,0.035346950601187886,244.0,1.0,0.0,4.135593414306641,1.4895981550216675,4.135593414306641,1.4895981550216675,137.58314514160156,51.0658073425293
Test,randomness_0.9850,1,-0.00045163220493122936,,-0.0005591443992107294,0.0005591443992107294,0.0005591443992107294,0.000507100125159969,0.985,0.0001075121942795,121.0,236.0,0.032506887052341595,236.0,1.0,0.0,3.9008264541625977,1.255763292312622,3.9008264541625977,1.255763292312622,137.0587158203125,50.55669403076172
Test,randomness_0.1111,2,0.03795819766819477,0.0003202185840956132,0.000542480498552371,0.000542480498552371,0.0007689092308283338,0.00032304854500368654,0.1111,0.0374157171696424,121.0,298.0,0.04104683195592287,298.0,1.0,0.0,4.925619602203369,1.2738001346588135,4.925619602203369,1.2738001346588135,135.9944305419922,50.782596588134766
Test,randomness_0.5896,1,0.02510446757078171,,-0.000540684012787191,0.000540684012787191,0.000540684012787191,0.0005583398432179977,0.5896,0.0256451515835689,121.0,280.0,0.03856749311294766,280.0,1.0,0.0,4.628098964691162,1.4032561779022217,4.628098964691162,1.4032561779022217,136.87246704101562,50.891693115234375
Test,randomness_0.1982,1,0.03571384623646736,,0.0005322271957993591,0.0005322271957993591,0.0005322271957993591,0.00040089958443832605,0.1982,0.035181619040668,121.0,294.0,0.04049586776859504,294.0,1.0,0.0,4.859504222869873,1.2217437028884888,4.859504222869873,1.2217437028884888,135.8212432861328,50.74322509765625
Test,randomness_0.9870,1,0.0010657000922947191,,-0.000529169329877381,0.000529169329877381,0.000529169329877381,0.0009076549594364258,0.987,0.0015948694221721,120.0,231.0,0.03235294117647059,231.0,1.0,0.0,3.8499999046325684,1.4180384874343872,3.8499999046325684,1.4180384874343872,135.8520050048828,50.547760009765625
Test,randomness_0.1682,1,0.036921823769807814,,-0.0005075272172689882,0.0005075272172689882,0.0005075272172689882,0.0003263269118822516,0.1682,0.0374293509870768,121.0,295.0,0.040633608815427,295.0,1.0,0.0,4.876032829284668,1.3272119760513306,4.876032829284668,1.3272119760513306,135.801025390625,50.90922546386719
Test,randomness_0.5245,1,0.026111483201384546,,-0.0005063407123088552,0.0005063407123088552,0.0005063407123088552,0.0008080652260586851,0.5245,0.0266178239136934,121.0,284.0,0.03911845730027548,284.0,1.0,0.0,4.694214820861816,1.2781894207000732,4.694214820861816,1.2781894207000732,136.2288360595703,51.024742126464844
Test,randomness_0.3754,1,0.03554279655218125,,0.0004773855209350489,0.0004773855209350489,0.0004773855209350489,0.00030538580391598996,0.3754,0.0350654110312462,121.0,296.0,0.04077134986225895,296.0,1.0,0.0,4.892561912536621,1.290791630744934,4.892561912536621,1.290791630744934,135.93008422851562,50.85746383666992
Test,randomness_0.1712,2,0.03757360018789768,0.00021442788699084167,-0.0004422727972269169,0.0004422727972269169,0.0005938962101936437,0.0002782763559438181,0.1712,0.0380158729851246,121.0,297.0,0.04090909090909091,297.0,1.0,0.0,4.909090995788574,1.3483997583389282,4.909090995788574,1.3483997583389282,135.88418579101562,50.81868362426758
Test,randomness_0.0701,1,0.03661549091339111,,0.0004337241873145145,0.0004337241873145145,0.0004337241873145145,0.00046434449496128035,0.0701,0.0361817667260766,121.0,295.0,0.040633608815427,295.0,1.0,0.0,4.876032829284668,1.2568506002426147,4.876032829284668,1.2568506002426147,135.95892333984375,50.87993240356445
Test,randomness_0.4324,1,0.03300574794411659,,-0.000430832058191305,0.000430832058191305,0.000430832058191305,0.0005130898341493676,0.4324,0.0334365800023079,121.0,296.0,0.04077134986225895,296.0,1.0,0.0,4.892561912536621,1.3348579406738281,4.892561912536621,1.3348579406738281,136.33799743652344,50.4161262512207
Test,randomness_0.2753,1,0.03815605416893959,,0.00042523592710499297,0.00042523592710499297,0.00042523592710499297,0.000493277762412057,0.2753,0.0377308182418346,121.0,301.0,0.04146005509641873,301.0,1.0,0.0,4.97520637512207,1.2757289409637451,4.97520637512207,1.2757289409637451,136.22264099121094,50.48684310913086
Test,randomness_0.9009,1,0.009506343118846416,,-0.00042327394763708344,0.00042327394763708344,0.00042327394763708344,0.00016300301794461918,0.9009,0.0099296170664835,121.0,254.0,0.0349862258953168,254.0,1.0,0.0,4.198347091674805,1.4236481189727783,4.198347091674805,1.4236481189727783,135.1719970703125,50.265804290771484
Test,randomness_0.9900,2,0.005233380384743214,0.00042343832344121803,-0.0004154853366934862,0.0004154853366934862,0.0007149014466130343,0.0004701136633305119,0.99,0.0056488657214367,121.0,241.0,0.033195592286501374,241.0,1.0,0.0,3.983471155166626,1.4430423974990845,3.983471155166626,1.4430423974990845,136.01429748535156,50.964019775390625
Test,randomness_0.4995,1,0.027435208857059478,,0.00041016025934367817,0.00041016025934367817,0.00041016025934367817,0.000672200274424374,0.4995,0.0270250485977158,121.0,285.0,0.03925619834710744,285.0,1.0,0.0,4.7107439041137695,1.2948596477508545,4.7107439041137695,1.2948596477508545,135.90798950195312,51.47221374511719
Test,randomness_0.5225,1,0.02909931316971779,,-0.0004027667321679085,0.0004027667321679085,0.0004027667321679085,0.0009083682948371095,0.5225,0.0295020799018857,121.0,283.0,0.03898071625344353,283.0,1.0,0.0,4.677685737609863,1.3799920082092285,4.677685737609863,1.3799920082092285,136.15631103515625,50.17668151855469
Test,randomness_0.2252,1,0.035934620350599286,,-0.0003986742347479172,0.0003986742347479172,0.0003986742347479172,0.0002866658811144563,0.2252,0.0363332945853472,121.0,294.0,0.04049586776859504,294.0,1.0,0.0,4.859504222869873,1.3379753828048706,4.859504222869873,1.3379753828048706,135.7303009033203,51.02646255493164
Test,randomness_0.6076,1,0.017831751704216005,,0.00037550141141760515,0.00037550141141760515,0.00037550141141760515,0.0003360900302644722,0.6076,0.0174562502927984,121.0,269.0,0.03705234159779614,269.0,1.0,0.0,4.4462809562683105,1.259347915649414,4.4462809562683105,1.259347915649414,136.35336303710938,51.35699462890625
Test,randomness_0.8959,1,0.0030615426134318114,,-0.0003700839674571888,0.0003700839674571888,0.0003700839674571888,0.00039998133639239077,0.8959,0.003431626580889,121.0,236.0,0.032506887052341595,236.0,1.0,0.0,3.9008264541625977,1.4339736700057983,3.9008264541625977,1.4339736700057983,136.9657745361328,51.1617546081543
Test,randomness_0.9239,1,0.007115277927368879,,0.0003649148403880795,0.0003649148403880795,0.0003649148403880795,0.0004730791333679534,0.9239,0.0067503630869808,121.0,244.0,0.03360881542699724,244.0,1.0,0.0,4.033057689666748,1.4878787994384766,4.033057689666748,1.4878787994384766,136.2720184326172,52.07643508911133
Test,randomness_0.1832,1,0.03651043921709061,,0.00036031901836390545,0.00036031901836390545,0.00036031901836390545,0.00032762709549579176,0.1832,0.0361501201987267,121.0,297.0,0.04090909090909091,297.0,1.0,0.0,4.909090995788574,1.2398346662521362,4.909090995788574,1.2398346662521362,136.08056640625,50.78299331665039
Test,randomness_0.2943,1,0.03552172109484673,,0.00034702047705652966,0.00034702047705652966,0.00034702047705652966,0.00035530783407320906,0.2943,0.0351747006177902,121.0,295.0,0.040633608815427,295.0,1.0,0.0,4.876032829284668,1.2957031726837158,4.876032829284668,1.2957031726837158,136.238037109375,50.61561965942383
Test,randomness_0.3063,1,0.03664312958717346,,0.00033459812402725914,0.00033459812402725914,0.00033459812402725914,0.0003187098350408593,0.3063,0.0363085314631462,121.0,297.0,0.04090909090909091,297.0,1.0,0.0,4.909090995788574,1.38468599319458,4.909090995788574,1.38468599319458,136.3129425048828,50.84721374511719
Test,randomness_0.4925,3,0.030614134669303895,0.00031819364307259494,0.00024418345338109393,0.00032544495743514157,0.00045439897722009126,0.00039162948249190597,0.4925,0.0303699512159228,121.0,288.0,0.03966942148760331,288.0,1.0,0.0,4.760330677032471,1.3546662330627441,4.760330677032471,1.3546662330627441,136.5926513671875,51.0213508605957
Test,randomness_0.2803,1,0.03434811681509018,,0.00031953081488608065,0.00031953081488608065,0.00031953081488608065,0.00039793044747869234,0.2803,0.0340285860002041,121.0,292.0,0.04022038567493113,292.0,1.0,0.0,4.826446056365967,1.244343876838684,4.826446056365967,1.244343876838684,136.38291931152344,50.39250564575195
Test,randomness_0.2382,1,0.036739952862262726,,0.00031381025910382637,0.00031381025910382637,0.00031381025910382637,0.0003221130356050337,0.2382,0.0364261426031589,121.0,296.0,0.04077134986225895,296.0,1.0,0.0,4.892561912536621,1.3533042669296265,4.892561912536621,1.3533042669296265,135.91165161132812,50.899261474609375
Test,randomness_0.3614,2,0.03403894491493702,0.00041286157180740594,0.0002568125724792224,0.0002919372171163552,0.0005487497895955776,0.0002148302776472375,0.3614,0.0337821323424578,121.0,293.0,0.04035812672176309,293.0,1.0,0.0,4.84297513961792,1.3361364603042603,4.84297513961792,1.3361364603042603,135.9764862060547,51.107723236083984
Test,randomness_0.8679,1,0.008252769149839878,,-0.00028202101705402174,0.00028202101705402174,0.00028202101705402174,0.0006882609355605377,0.8679,0.0085347901668939,120.0,252.0,0.03529411764705882,252.0,1.0,0.0,4.199999809265137,1.4809906482696533,4.199999809265137,1.4809906482696533,135.87216186523438,50.01716232299805
Test,randomness_0.7077,3,0.015781775241096814,0.0003293154643394034,-0.00017874533583088492,0.00027770812196653327,0.000510146353635825,0.0005111517108485355,0.7077,0.0159605205769277,121.0,264.0,0.03636363636363636,264.0,1.0,0.0,4.363636493682861,1.38468599319458,4.363636493682861,1.38468599319458,137.54461669921875,51.81951904296875
Test,randomness_0.2432,1,0.035017847269773486,,-0.0002758145332336162,0.0002758145332336162,0.0002758145332336162,0.0003624838554206849,0.2432,0.0352936618030071,121.0,293.0,0.04035812672176309,293.0,1.0,0.0,4.84297513961792,1.2984942197799683,4.84297513961792,1.2984942197799683,136.08201599121094,50.863338470458984
Test,randomness_0.0801,1,0.03662010505795479,,-0.0002749554812908131,0.0002749554812908131,0.0002749554812908131,0.00011949730689956541,0.0801,0.0368950605392456,121.0,296.0,0.04077134986225895,296.0,1.0,0.0,4.892561912536621,1.309858798980713,4.892561912536621,1.309858798980713,136.05352783203125,50.851173400878906
Test,randomness_0.1802,1,0.03597113192081451,,-0.00027087889611718957,0.00027087889611718957,0.00027087889611718957,0.0002862692151700008,0.1802,0.0362420108169317,121.0,294.0,0.04049586776859504,294.0,1.0,0.0,4.859504222869873,1.3193148374557495,4.859504222869873,1.3193148374557495,136.172119140625,50.46217727661133
Test,randomness_0.7668,1,0.015300895832479,,0.00026936651642620046,0.00026936651642620046,0.00026936651642620046,0.0007016857867760684,0.7668,0.0150315293160528,121.0,262.0,0.03608815426997245,262.0,1.0,0.0,4.330578327178955,1.3988686800003052,4.330578327178955,1.3988686800003052,135.45140075683594,50.48653793334961
Test,randomness_0.0871,1,0.037879525870084765,,-0.000246416032314338,0.000246416032314338,0.000246416032314338,0.00030787842993868294,0.0871,0.0381259419023991,121.0,297.0,0.04090909090909091,297.0,1.0,0.0,4.909090995788574,1.3606027364730835,4.909090995788574,1.3606027364730835,136.012939453125,50.9398193359375
Test,randomness_0.5686,2,0.025336045771837234,0.0002634968285340456,-0.00024259021657016544,0.00024259021657016544,0.00042891061084773807,0.0004046386686606062,0.5686,0.0255786359884074,120.0,280.0,0.0392156862745098,280.0,1.0,0.0,4.666666507720947,1.3249738216400146,4.666666507720947,1.3249738216400146,135.8154296875,50.70600891113281
Test,randomness_0.1141,1,0.03778524175286293,,-0.00023639202117917146,0.00023639202117917146,0.00023639202117917146,0.00023556658357045413,0.1141,0.0380216337740421,121.0,298.0,0.04104683195592287,298.0,1.0,0.0,4.925619602203369,1.267295479774475,4.925619602203369,1.267295479774475,135.80186462402344,50.88633346557617
Test,randomness_0.6026,1,0.022971761971712114,,0.00022954721819551382,0.00022954721819551382,0.00022954721819551382,0.0002765305907856461,0.6026,0.0227422147535166,121.0,280.0,0.03856749311294766,280.0,1.0,0.0,4.628098964691162,1.2670798301696777,4.628098964691162,1.2670798301696777,136.4098663330078,50.60923767089844
Test,randomness_0.6366,2,0.021295963041484355,0.0001676730708486939,0.00019238414242865598,0.00019238414242865598,0.00031094690784813986,0.0002800430154622756,0.6366,0.0211035788990557,121.0,273.0,0.03760330578512397,273.0,1.0,0.0,4.512396812438965,1.3733935356140137,4.512396812438965,1.3733935356140137,136.25909423828125,51.44121551513672
Test,randomness_0.8008,1,0.007867242768406868,,0.0001724740725575673,0.0001724740725575673,0.0001724740725575673,0.0002198057021939636,0.8008,0.0076947686958493,121.0,247.0,0.03402203856749311,247.0,1.0,0.0,4.082644462585449,1.4635334014892578,4.082644462585449,1.4635334014892578,135.53744506835938,51.34438705444336
Test,randomness_0.3874,1,0.02999350242316723,,0.00015642009675502846,0.00015642009675502846,0.00015642009675502846,0.00017765236160507408,0.3874,0.0298370823264122,121.0,288.0,0.03966942148760331,288.0,1.0,0.0,4.760330677032471,1.2532589435577393,4.760330677032471,1.2532589435577393,136.07443237304688,51.09162902832031
Test,randomness_0.0861,1,0.038667358458042145,,0.0001308575272560425,0.0001308575272560425,0.0001308575272560425,0.0005125350188334958,0.0861,0.0385365009307861,121.0,298.0,0.04104683195592287,298.0,1.0,0.0,4.925619602203369,1.2738001346588135,4.925619602203369,1.2738001346588135,135.83807373046875,50.868682861328125
Test,randomness_0.3724,1,0.0360209196805954,,-0.0001229595392942054,0.0001229595392942054,0.0001229595392942054,0.00023915886951970505,0.3724,0.0361438792198896,121.0,297.0,0.04090909090909091,297.0,1.0,0.0,4.909090995788574,1.3666633367538452,4.909090995788574,1.3666633367538452,136.1422882080078,50.73778533935547
Test,randomness_0.7908,1,0.01361649390310049,,0.00011962408744799029,0.00011962408744799029,0.00011962408744799029,0.00040623106706820186,0.7908,0.0134968698156525,120.0,256.0,0.035854341736694675,256.0,1.0,0.0,4.266666889190674,1.4533486366271973,4.266666889190674,1.4533486366271973,135.79660034179688,51.3031005859375
Test,randomness_0.2713,2,0.037095962464809416,4.360407579815623e-05,0.00011812634766101421,0.00011812634766101421,0.0001489590853452627,0.00022829910775016497,0.2713,0.0369778361171484,121.0,298.0,0.04104683195592287,298.0,1.0,0.0,4.925619602203369,1.2802717685699463,4.925619602203369,1.2802717685699463,136.0689697265625,51.09134292602539
Test,randomness_0.5746,1,0.026497593522071837,,-8.485069406976437e-05,8.485069406976437e-05,8.485069406976437e-05,0.0008501374667125043,0.5746,0.0265824442161416,121.0,286.0,0.03939393939393939,286.0,1.0,0.0,4.7272725105285645,1.3545149564743042,4.7272725105285645,1.3545149564743042,135.73399353027344,51.33470153808594
Test,randomness_0.3183,1,0.03265417143702507,,7.991604506966954e-05,7.991604506966954e-05,7.991604506966954e-05,0.00033382768187092347,0.3183,0.0325742553919554,121.0,291.0,0.04008264462809917,291.0,1.0,0.0,4.809917449951172,1.2682651281356812,4.809917449951172,1.2682651281356812,135.8331298828125,50.875221252441406
Test,randomness_0.1351,2,0.038474009931087495,5.050562224181513e-05,-7.5835734606038985e-06,3.57128679752336e-05,4.3296441435837496e-05,0.0002970261577263047,0.1351,0.0384815935045481,121.0,300.0,0.04132231404958678,300.0,1.0,0.0,4.958677768707275,1.268803596496582,4.958677768707275,1.268803596496582,135.99928283691406,50.83871078491211
Test,randomness_0.9790,1,0.0026762440567836164,,2.843797883651626e-05,2.843797883651626e-05,2.843797883651626e-05,0.000813043166750001,0.979,0.0026478060779471,120.0,239.0,0.033473389355742296,239.0,1.0,0.0,3.9833333492279053,1.3164557218551636,3.9833333492279053,1.3164557218551636,135.74554443359375,51.541568756103516
Test,randomness_0.4444,1,0.029390483722090723,,1.7492780364721655e-05,1.7492780364721655e-05,1.7492780364721655e-05,0.000387746767908587,0.4444,0.029372990941726,121.0,287.0,0.03953168044077135,287.0,1.0,0.0,4.743801593780518,1.314439296722412,4.743801593780518,1.314439296722412,135.7618408203125,50.35388946533203
Test,randomness_0.0250,1,0.04119092971086502,,1.548677682872146e-05,1.548677682872146e-05,1.548677682872146e-05,0.0003258527763597514,0.025,0.0411754429340363,121.0,305.0,0.04201101928374656,305.0,1.0,0.0,5.041322231292725,1.2019041776657104,5.041322231292725,1.2019041776657104,135.9885711669922,50.82955551147461
Test,randomness_0.0741,1,0.03708334937691689,,-3.347545862210366e-06,3.347545862210366e-06,3.347545862210366e-06,0.00041532036408132065,0.0741,0.0370866969227791,121.0,295.0,0.040633608815427,295.0,1.0,0.0,4.876032829284668,1.2436299324035645,4.876032829284668,1.2436299324035645,136.0890655517578,50.86722183227539
Test,randomness_0.1321,1,0.03962169289588928,,3.3468008041812047e-06,3.3468008041812047e-06,3.3468008041812047e-06,0.00040314583326242183,0.1321,0.0396183460950851,121.0,302.0,0.04159779614325069,302.0,1.0,0.0,4.991735458374023,1.3205050230026245,4.991735458374023,1.3205050230026245,135.9988250732422,50.97307586669922
