Dataset,Sample_Index,Sample_ID,Member_Seed,Member_Prediction,Ensemble_Mean,Signed_Deviation,Absolute_Deviation,Standardized_Deviation
Validation,0,Validation_0000,11,0.027741940692067146,0.027684395015239716,5.754567682743003e-05,5.754567682743003e-05,0.3968154395168087
Validation,1,Validation_0001,11,0.02411607839167118,0.023150017857551573,0.0009660605341196074,0.0009660605341196074,1.2128945307669425
Validation,2,Validation_0002,11,0.01780843362212181,0.017388030886650085,0.00042040273547172546,0.00042040273547172546,1.5234299672263596
Validation,3,Validation_0003,11,0.0031870093662291765,0.0035905908793210984,-0.0004035815130919219,0.0004035815130919219,-1.0953254068552711
Validation,4,Validation_0004,11,0.0014618608402088284,0.003029663092456758,-0.0015678022522479297,0.0015678022522479297,-1.4347276837359713
Validation,5,Validation_0005,11,0.007825986482203007,0.0084675844758749,-0.0006415979936718937,0.0006415979936718937,-0.7389908626478711
Validation,6,Validation_0006,11,0.010902998968958855,0.011850211769342422,-0.0009472128003835678,0.0009472128003835678,-1.125153192169548
Validation,7,Validation_0007,11,0.02396250329911709,0.0243849728256464,-0.00042246952652931144,0.00042246952652931144,-1.1221573468636266
Validation,8,Validation_0008,11,0.00040459554293192923,0.0005515243334230036,-0.00014692879049107435,0.00014692879049107435,-0.3517098900006788
Validation,9,Validation_0009,11,0.007729287259280682,0.007669552974402904,5.973428487777727e-05,5.973428487777727e-05,0.0859313927938453
Validation,10,Validation_0010,11,0.03432907909154892,0.033912298083305356,0.00041678100824356357,0.00041678100824356357,0.6396460916973353
Validation,11,Validation_0011,11,0.0276710856705904,0.027433013916015624,0.00023807175457477708,0.00023807175457477708,0.6048657138101922
Validation,12,Validation_0012,11,0.021122148260474205,0.020901021361351014,0.00022112689912319114,0.00022112689912319114,0.9055732165524231
Validation,13,Validation_0013,11,0.032332710921764374,0.03198819383978844,0.0003445170819759355,0.0003445170819759355,0.668306734134733
Validation,14,Validation_0014,11,0.038915544748306274,0.03927094340324402,-0.00035539865493774275,0.00035539865493774275,-0.6945866755121091
Validation,15,Validation_0015,11,0.03902777284383774,0.03824126496911049,0.0007865078747272478,0.0007865078747272478,1.4729931002284014
Validation,16,Validation_0016,11,0.019763581454753876,0.021469100192189217,-0.0017055187374353416,0.0017055187374353416,-1.7586111890462826
Validation,17,Validation_0017,11,0.035879943519830704,0.035247181355953214,0.00063276216387749,0.00063276216387749,1.5906706034689948
Validation,18,Validation_0018,11,0.017415601760149002,0.017688215151429175,-0.00027261339128017287,0.00027261339128017287,-0.5582470975259093
Validation,19,Validation_0019,11,0.002216360764577985,0.0021753583336248995,4.1002430953085336e-05,4.1002430953085336e-05,0.09871068697320091
Validation,20,Validation_0020,11,0.03504076227545738,0.03422388434410095,0.00081687793135643,0.00081687793135643,1.3894444811391478
Validation,21,Validation_0021,11,0.0366041474044323,0.0368468850851059,-0.00024273768067360063,0.00024273768067360063,-0.5108917030667571
Validation,22,Validation_0022,11,0.025340773165225983,0.02553204521536827,-0.0001912720501422889,0.0001912720501422889,-0.47842836789996435
Validation,23,Validation_0023,11,0.03881872072815895,0.037926293164491656,0.0008924275636672946,0.0008924275636672946,1.472936866857112
Validation,24,Validation_0024,11,0.039727531373500824,0.038350339978933334,0.0013771913945674896,0.0013771913945674896,1.479880873261699
Validation,25,Validation_0025,11,0.0297472532838583,0.029178912937641143,0.0005683403462171562,0.0005683403462171562,0.7916987098354262
Validation,26,Validation_0026,11,0.01223885826766491,0.012803031131625175,-0.0005641728639602661,0.0005641728639602661,-0.9243244929289546
Validation,27,Validation_0027,11,0.03214908763766289,0.032235853374004364,-8.676573634147644e-05,8.676573634147644e-05,-0.17666402257423655
Validation,28,Validation_0028,11,0.040284253656864166,0.04029530063271523,-1.1046975851060348e-05,1.1046975851060348e-05,-0.02710513704730387
Validation,29,Validation_0029,11,0.03753962740302086,0.037486761808395386,5.286559462547302e-05,5.286559462547302e-05,0.12737481499421097
Validation,30,Validation_0030,11,0.036776404827833176,0.036509531736373904,0.0002668730914592715,0.0002668730914592715,0.9655629589570853
Validation,31,Validation_0031,11,0.023844096809625626,0.023488181829452514,0.00035591498017311166,0.00035591498017311166,0.6635653251095793
Validation,32,Validation_0032,11,0.0049771713092923164,0.004982893355190754,-5.7220458984375e-06,5.7220458984375e-06,-0.011902339209335153
Validation,33,Validation_0033,11,0.0003555092553142458,0.001583714020671323,-0.001228204765357077,0.001228204765357077,-1.639766312748777
Validation,34,Validation_0034,11,0.007859115488827229,0.0063040686771273615,0.001555046811699867,0.001555046811699867,1.461465754934606
Validation,35,Validation_0035,11,0.04061107337474823,0.040976033359766004,-0.0003649599850177737,0.0003649599850177737,-1.4642181130813114
Validation,36,Validation_0036,11,0.01802484691143036,0.017824741452932356,0.00020010545849800249,0.00020010545849800249,0.4615533015625723
Validation,37,Validation_0037,11,0.02159460447728634,0.022374022379517557,-0.0007794179022312178,0.0007794179022312178,-1.2323238216004144
Validation,38,Validation_0038,11,0.02091963216662407,0.021136625111103056,-0.00021699294447898726,0.00021699294447898726,-0.3238337964686498
Validation,39,Validation_0039,11,-0.0008455076022073627,1.3757811393588781e-05,-0.0008592654136009515,0.0008592654136009515,-1.2406053528650658
Validation,40,Validation_0040,11,0.034111883491277695,0.0332972064614296,0.000814677029848096,0.000814677029848096,1.3862611517216756
Validation,41,Validation_0041,11,0.008876695297658443,0.01001257672905922,-0.0011358814314007763,0.0011358814314007763,-1.6380552970466424
Validation,42,Validation_0042,11,0.03809410706162453,0.03794778361916542,0.00014632344245910783,0.00014632344245910783,0.5326480899256018
Validation,43,Validation_0043,11,0.009704667143523693,0.010345926694571971,-0.0006412595510482781,0.0006412595510482781,-1.258750952993429
Validation,44,Validation_0044,11,0.012353863567113876,0.012356753461062908,-2.88989394903183e-06,2.88989394903183e-06,-0.01336767843470866
Validation,45,Validation_0045,11,0.03416184335947037,0.03387839794158935,0.00028344541788101474,0.00028344541788101474,0.7017083490474398
Validation,46,Validation_0046,11,0.027633143588900566,0.027379701286554335,0.00025344230234623094,0.00025344230234623094,0.41599622665225805
Validation,47,Validation_0047,11,0.02616969682276249,0.02547423392534256,0.0006954628974199309,0.0006954628974199309,0.665926705944288
Validation,48,Validation_0048,11,0.029811380431056023,0.028696279972791672,0.0011151004582643509,0.0011151004582643509,1.2152994551471625
Validation,49,Validation_0049,11,0.038027673959732056,0.038363897055387494,-0.0003362230956554385,0.0003362230956554385,-0.5825911794444288
Validation,50,Validation_0050,11,0.03504910692572594,0.0345132552087307,0.0005358517169952379,0.0005358517169952379,1.0561644077815557
Validation,51,Validation_0051,11,0.018033457919955254,0.0188982006162405,-0.0008647426962852464,0.0008647426962852464,-1.2697892182397927
Validation,52,Validation_0052,11,0.03488772734999657,0.034501857310533526,0.00038587003946304044,0.00038587003946304044,0.8638819487164644
Validation,53,Validation_0053,11,0.004390045069158077,0.003757676435634494,0.0006323686335235833,0.0006323686335235833,1.1379541346071878
Validation,54,Validation_0054,11,0.007580016739666462,0.00646426435559988,0.0011157523840665817,0.0011157523840665817,0.962351848390952
Validation,55,Validation_0055,11,0.008220667950809002,0.00895572230219841,-0.0007350543513894078,0.0007350543513894078,-1.1910117660056347
Validation,56,Validation_0056,11,0.029999153688549995,0.03077784962952137,-0.0007786959409713731,0.0007786959409713731,-1.5174717556403958
Validation,57,Validation_0057,11,0.013448771089315414,0.014847618900239468,-0.0013988478109240535,0.0013988478109240535,-1.3970477732747433
Validation,58,Validation_0058,11,0.0030948196072131395,0.0038668624125421046,-0.0007720428053289651,0.0007720428053289651,-0.7417963226775219
Validation,59,Validation_0059,11,0.025052718818187714,0.02508586533367634,-3.314651548862527e-05,3.314651548862527e-05,-0.1196580545654022
Validation,60,Validation_0060,11,0.03047567419707775,0.02949203662574291,0.0009836375713348396,0.0009836375713348396,1.7754661398768878
Validation,61,Validation_0061,11,0.024970483034849167,0.024500950053334237,0.00046953298151493003,0.00046953298151493003,0.893522673008056
Validation,62,Validation_0062,11,0.012420857325196266,0.012084842845797538,0.0003360144793987281,0.0003360144793987281,1.3194703920227102
Validation,63,Validation_0063,11,0.026325298473238945,0.025374581292271613,0.0009507171809673316,0.0009507171809673316,1.4608363301185916
Validation,64,Validation_0064,11,0.03892983868718147,0.03892544135451317,4.397332668305831e-06,4.397332668305831e-06,0.013097379080455602
Validation,65,Validation_0065,11,0.035535749047994614,0.03540821447968483,0.0001275345683097867,0.0001275345683097867,0.27201676316725887
Validation,66,Validation_0066,11,0.003743806155398488,0.005764315882697701,-0.0020205097272992132,0.0020205097272992132,-1.6320279073329906
Validation,67,Validation_0067,11,0.022512350231409073,0.022169039025902747,0.00034331120550632616,0.00034331120550632616,0.8671194156604357
Validation,68,Validation_0068,11,0.03582721948623657,0.034751095622777936,0.0010761238634586362,0.0010761238634586362,1.2529456773114316
Validation,69,Validation_0069,11,0.03367651626467705,0.03448900431394577,-0.0008124880492687211,0.0008124880492687211,-1.4263057806073596
Validation,70,Validation_0070,11,0.03269987553358078,0.03184767812490463,0.0008521974086761475,0.0008521974086761475,1.2523383943802773
Validation,71,Validation_0071,11,0.018581144511699677,0.019040195271372795,-0.0004590507596731186,0.0004590507596731186,-0.6527005962327268
Validation,72,Validation_0072,11,0.031139958649873734,0.03144628033041954,-0.0003063216805458055,0.0003063216805458055,-0.8420410909234611
Validation,73,Validation_0073,11,0.036983367055654526,0.03691612482070923,6.724223494529447e-05,6.724223494529447e-05,0.3014790033425191
Validation,74,Validation_0074,11,0.022789500653743744,0.022393527254462243,0.0003959733992815011,0.0003959733992815011,0.6226691676870761
Validation,75,Validation_0075,11,0.017912808805704117,0.016852616518735885,0.001060192286968232,0.001060192286968232,1.6759910290461628
Validation,76,Validation_0076,11,0.009251165203750134,0.008688789792358875,0.0005623754113912582,0.0005623754113912582,0.5967794934195372
Validation,77,Validation_0077,11,0.026829805225133896,0.026292648166418076,0.0005371570587158203,0.0005371570587158203,0.8557594160885765
Validation,78,Validation_0078,11,0.01849418506026268,0.01730031594634056,0.0011938691139221184,0.0011938691139221184,1.4771304359178992
Validation,79,Validation_0079,11,0.034506771713495255,0.034759768098592755,-0.0002529963850975009,0.0002529963850975009,-0.44308328634722105
Validation,80,Validation_0080,11,0.008025058545172215,0.009025274775922298,-0.001000216230750084,0.001000216230750084,-1.5477031692221088
Validation,81,Validation_0081,11,0.03498956561088562,0.034792707115411756,0.00019685849547386447,0.00019685849547386447,0.524860156157812
Validation,82,Validation_0082,11,0.03437867760658264,0.03463271036744118,-0.00025403276085853715,0.00025403276085853715,-1.0133014146382902
Validation,83,Validation_0083,11,0.01975581981241703,0.020125867053866386,-0.0003700472414493554,0.0003700472414493554,-0.7709180947933053
Validation,84,Validation_0084,11,0.03606010600924492,0.03609190732240677,-3.180131316184859e-05,3.180131316184859e-05,-0.10915745378948061
Validation,85,Validation_0085,11,0.03600992634892464,0.03569791093468666,0.0003120154142379761,0.0003120154142379761,0.9002185027016337
Validation,86,Validation_0086,11,0.0022971436847001314,0.002414542459882796,-0.00011739877518266448,0.00011739877518266448,-0.1485081040106528
Validation,87,Validation_0087,11,0.03791237995028496,0.038221660256385806,-0.0003092803061008481,0.0003092803061008481,-1.1416378165536714
Validation,88,Validation_0088,11,0.01156616397202015,0.013327951170504093,-0.0017617871984839436,0.0017617871984839436,-1.3885152535933496
Validation,89,Validation_0089,11,0.03551375865936279,0.03520264849066734,0.00031111016869544983,0.00031111016869544983,0.929370319950452
Validation,90,Validation_0090,11,0.036733850836753845,0.036177683621644974,0.0005561672151088715,0.0005561672151088715,1.052785519098886
Validation,91,Validation_0091,11,0.03811018541455269,0.03793270140886307,0.00017748400568962097,0.00017748400568962097,0.3653718490597886
Validation,92,Validation_0092,11,0.026037074625492096,0.025415168330073356,0.00062190629541874,0.00062190629541874,1.3241778804642956
Validation,93,Validation_0093,11,0.011456385254859924,0.011023933999240398,0.0004324512556195259,0.0004324512556195259,0.7769975919998839
Validation,94,Validation_0094,11,0.023487165570259094,0.023253358155488967,0.00023380741477012704,0.00023380741477012704,0.42484583483906635
Validation,95,Validation_0095,11,0.026012711226940155,0.0242240022867918,0.001788708940148355,0.001788708940148355,1.781093547690964
Validation,96,Validation_0096,11,0.0072632478550076485,0.008028856106102466,-0.0007656082510948178,0.0007656082510948178,-1.0280965496497716
Validation,97,Validation_0097,11,0.03018229827284813,0.029190929606556892,0.0009913686662912369,0.0009913686662912369,1.3455595642937876
Validation,98,Validation_0098,11,0.014144502580165863,0.015065626055002213,-0.0009211234748363502,0.0009211234748363502,-1.4410854045600425
Validation,99,Validation_0099,11,0.010892277583479881,0.010699798725545407,0.0001924788579344746,0.0001924788579344746,0.23185319572101123
Validation,0,Validation_0000,42,0.027848396450281143,0.027684395015239716,0.00016400143504142692,0.00016400143504142692,1.1308981858447897
Validation,1,Validation_0001,42,0.021998438984155655,0.023150017857551573,-0.0011515788733959184,0.0011515788733959184,-1.4458138677216026
Validation,2,Validation_0002,42,0.017197823151946068,0.017388030886650085,-0.00019020773470401764,0.00019020773470401764,-0.6892632673314998
Validation,3,Validation_0003,42,0.0033250257838517427,0.0035905908793210984,-0.00026556509546935567,0.00026556509546935567,-0.7207470778654781
Validation,4,Validation_0004,42,0.0025263812858611345,0.003029663092456758,-0.0005032818065956236,0.0005032818065956236,-0.46056340307464155
Validation,5,Validation_0005,42,0.009634548798203468,0.0084675844758749,0.0011669643223285679,0.0011669643223285679,1.3441064026735197
Validation,6,Validation_0006,42,0.012922551482915878,0.011850211769342422,0.0010723397135734558,0.0010723397135734558,1.2737860503244565
Validation,7,Validation_0007,42,0.024142799898982048,0.0243849728256464,-0.00024217292666435172,0.00024217292666435172,-0.6432561683215601
Validation,8,Validation_0008,42,0.0001656945387367159,0.0005515243334230036,-0.00038582979468628766,0.00038582979468628766,-0.923577701787059
Validation,9,Validation_0009,42,0.006978199817240238,0.007669552974402904,-0.0006913531571626661,0.0006913531571626661,-0.9945534600266357
Validation,10,Validation_0010,42,0.03322664648294449,0.033912298083305356,-0.0006856516003608676,0.0006856516003608676,-1.052289710332849
Validation,11,Validation_0011,42,0.02736581861972809,0.027433013916015624,-6.719529628753523e-05,6.719529628753523e-05,-0.1707221880489029
Validation,12,Validation_0012,42,0.020993346348404884,0.020901021361351014,9.232498705387046e-05,9.232498705387046e-05,0.3780952739176083
Validation,13,Validation_0013,42,0.032477907836437225,0.03198819383978844,0.0004897139966487871,0.0004897139966487871,0.9499649767243729
Validation,14,Validation_0014,42,0.03890161216259003,0.03927094340324402,-0.0003693312406539903,0.0003693312406539903,-0.7218163463605571
Validation,15,Validation_0015,42,0.03801049664616585,0.03824126496911049,-0.0002307683229446425,0.0002307683229446425,-0.4321891215222968
Validation,16,Validation_0016,42,0.022192753851413727,0.021469100192189217,0.0007236536592245095,0.0007236536592245095,0.7461808505371257
Validation,17,Validation_0017,42,0.03490201011300087,0.035247181355953214,-0.000345171242952344,0.000345171242952344,-0.8677095134175109
Validation,18,Validation_0018,42,0.01760614849627018,0.017688215151429175,-8.20666551589952e-05,8.20666551589952e-05,-0.16805290389819805
Validation,19,Validation_0019,42,0.0016782666789367795,0.0021753583336248995,-0.00049709165468812,0.00049709165468812,-1.1967158429960656
Validation,20,Validation_0020,42,0.03380313888192177,0.03422388434410095,-0.00042074546217918396,0.00042074546217918396,-0.715654613680739
Validation,21,Validation_0021,42,0.03659137710928917,0.0368468850851059,-0.00025550797581672807,0.00025550797581672807,-0.5377694330353086
Validation,22,Validation_0022,42,0.026111410930752754,0.02553204521536827,0.0005793657153844826,0.0005793657153844826,1.4491662186001197
Validation,23,Validation_0023,42,0.03778805211186409,0.037926293164491656,-0.00013824105262756625,0.00013824105262756625,-0.228164560596414
Validation,24,Validation_0024,42,0.03777022287249565,0.038350339978933334,-0.0005801171064376831,0.0005801171064376831,-0.6233732024869818
Validation,25,Validation_0025,42,0.02949831262230873,0.029178912937641143,0.000319399684667588,0.000319399684667588,0.4449241021797058
Validation,26,Validation_0026,42,0.012703776359558105,0.012803031131625175,-9.925477206707001e-05,9.925477206707001e-05,-0.16261614608272762
Validation,27,Validation_0027,42,0.03244907036423683,0.032235853374004364,0.00021321699023246765,0.00021321699023246765,0.4341318677616431
Validation,28,Validation_0028,42,0.04008336737751961,0.04029530063271523,-0.00021193325519561906,0.00021193325519561906,-0.5200047510203523
Validation,29,Validation_0029,42,0.0375770702958107,0.037486761808395386,9.030848741531372e-05,9.030848741531372e-05,0.2175900405249568
Validation,30,Validation_0030,42,0.03609006106853485,0.036509531736373904,-0.00041947066783905307,0.00041947066783905307,-1.5176702042895664
Validation,31,Validation_0031,42,0.023049479350447655,0.023488181829452514,-0.00043870247900485923,0.00043870247900485923,-0.8179137415504326
Validation,32,Validation_0032,42,0.005163057707250118,0.004982893355190754,0.00018016435205936432,0.00018016435205936432,0.37475708334080166
Validation,33,Validation_0033,42,0.0014809827553108335,0.001583714020671323,-0.00010273126536048944,0.00010273126536048944,-0.13715568686562682
Validation,34,Validation_0034,42,0.004946271888911724,0.0063040686771273615,-0.0013577967882156374,0.0013577967882156374,-1.276086027254815
Validation,35,Validation_0035,42,0.040986139327287674,0.040976033359766004,1.0105967521670256e-05,1.0105967521670256e-05,0.040545104402939965
Validation,36,Validation_0036,42,0.018265923485159874,0.017824741452932356,0.00044118203222751756,0.00044118203222751756,1.0176085404823108
Validation,37,Validation_0037,42,0.02332417108118534,0.022374022379517557,0.0009501487016677843,0.0009501487016677843,1.5022632605384603
Validation,38,Validation_0038,42,0.021750589832663536,0.021136625111103056,0.0006139647215604796,0.0006139647215604796,0.9162626331382898
Validation,39,Validation_0039,42,-0.0002998121490236372,1.3757811393588781e-05,-0.000313569960417226,0.000313569960417226,-0.452731560276624
Validation,40,Validation_0040,42,0.03352537378668785,0.0332972064614296,0.00022816732525825223,0.00022816732525825223,0.3882514021007022
Validation,41,Validation_0041,42,0.010174745693802834,0.01001257672905922,0.00016216896474361385,0.00016216896474361385,0.23386396182852975
Validation,42,Validation_0042,42,0.03764299303293228,0.03794778361916542,-0.00030479058623313765,0.00030479058623313765,-1.109501805425027
Validation,43,Validation_0043,42,0.010720513761043549,0.010345926694571971,0.0003745870664715774,0.0003745870664715774,0.735290142859194
Validation,44,Validation_0044,42,0.012433389201760292,0.012356753461062908,7.663574069738388e-05,7.663574069738388e-05,0.35449118767543397
Validation,45,Validation_0045,42,0.03395259380340576,0.03387839794158935,7.419586181640903e-05,7.419586181640903e-05,0.1836821215547038
Validation,46,Validation_0046,42,0.028173843398690224,0.027379701286554335,0.0007941421121358885,0.0007941421121358885,1.303492428122258
Validation,47,Validation_0047,42,0.02675730176270008,0.02547423392534256,0.0012830678373575224,0.0012830678373575224,1.2285761635945898
Validation,48,Validation_0048,42,0.029251160100102425,0.028696279972791672,0.0005548801273107529,0.0005548801273107529,0.6047396998135595
Validation,49,Validation_0049,42,0.03885996341705322,0.038363897055387494,0.0004960663616657285,0.0004960663616657285,0.8595598888355802
Validation,50,Validation_0050,42,0.03421124815940857,0.0345132552087307,-0.0003020070493221297,0.0003020070493221297,-0.5952562738471114
Validation,51,Validation_0051,42,0.01896286942064762,0.0188982006162405,6.466880440712114e-05,6.466880440712114e-05,0.09495975039207903
Validation,52,Validation_0052,42,0.03436934947967529,0.034501857310533526,-0.00013250783085823337,0.00013250783085823337,-0.2966571939643078
Validation,53,Validation_0053,42,0.0029220760334283113,0.003757676435634494,-0.0008356004022061826,0.0008356004022061826,-1.503671880864238
Validation,54,Validation_0054,42,0.005218946374952793,0.00646426435559988,-0.001245317980647087,0.001245317980647087,-1.0741039657403917
Validation,55,Validation_0055,42,0.009426071308553219,0.00895572230219841,0.00047034900635480915,0.00047034900635480915,0.7621085429108164
Validation,56,Validation_0056,42,0.03135032206773758,0.03077784962952137,0.0005724724382162108,0.0005724724382162108,1.1155968718573652
Validation,57,Validation_0057,42,0.016064949333667755,0.014847618900239468,0.0012173304334282872,0.0012173304334282872,1.215763972377478
Validation,58,Validation_0058,42,0.0024741843808442354,0.0038668624125421046,-0.0013926780316978692,0.0013926780316978692,-1.3381167928209046
Validation,59,Validation_0059,42,0.025258056819438934,0.02508586533367634,0.00017219148576259544,0.00017219148576259544,0.6216067630441858
Validation,60,Validation_0060,42,0.029247060418128967,0.02949203662574291,-0.0002449762076139443,0.0002449762076139443,-0.44218213534052647
Validation,61,Validation_0061,42,0.023828309029340744,0.024500950053334237,-0.0006726410239934928,0.0006726410239934928,-1.2800378874224634
Validation,62,Validation_0062,42,0.01196339912712574,0.012084842845797538,-0.00012144371867179801,0.00012144371867179801,-0.47688835127376833
Validation,63,Validation_0063,42,0.02571936883032322,0.025374581292271613,0.0003447875380516059,0.0003447875380516059,0.5297875875614785
Validation,64,Validation_0064,42,0.03862984851002693,0.03892544135451317,-0.0002955928444862352,0.0002955928444862352,-0.8804181602202864
Validation,65,Validation_0065,42,0.035666272044181824,0.03540821447968483,0.0002580575644969968,0.0002580575644969968,0.5504075039074133
Validation,66,Validation_0066,42,0.006851955316960812,0.005764315882697701,0.0010876394342631103,0.0010876394342631103,0.878519853604445
Validation,67,Validation_0067,42,0.022276530042290688,0.022169039025902747,0.00010749101638794084,0.00010749101638794084,0.271495791061035
Validation,68,Validation_0068,42,0.033954277634620667,0.034751095622777936,-0.0007968179881572696,0.0007968179881572696,-0.9277460409221912
Validation,69,Validation_0069,42,0.03466677665710449,0.03448900431394577,0.0001777723431587233,0.0001777723431587233,0.3120756310294244
Validation,70,Validation_0070,42,0.031164180487394333,0.03184767812490463,-0.0006834976375102997,0.0006834976375102997,-1.0044272902121059
Validation,71,Validation_0071,42,0.02001798152923584,0.019040195271372795,0.0009777862578630447,0.0009777862578630447,1.3902638434795913
Validation,72,Validation_0072,42,0.03130686283111572,0.03144628033041954,-0.00013941749930381636,0.00013941749930381636,-0.38324177054144826
Validation,73,Validation_0073,42,0.036907270550727844,0.03691612482070923,-8.854269981387053e-06,8.854269981387053e-06,-0.03969791443556047
Validation,74,Validation_0074,42,0.023228202015161514,0.022393527254462243,0.0008346747606992715,0.0008346747606992715,1.3125281634500572
Validation,75,Validation_0075,42,0.01664421148598194,0.016852616518735885,-0.0002084050327539437,0.0002084050327539437,-0.3294543542686116
Validation,76,Validation_0076,42,0.007253739051520824,0.008688789792358875,-0.0014350507408380508,0.0014350507408380508,-1.5228419251652505
Validation,77,Validation_0077,42,0.026891034096479416,0.026292648166418076,0.0005983859300613403,0.0005983859300613403,0.9533047845059079
Validation,78,Validation_0078,42,0.016323870047926903,0.01730031594634056,-0.0009764458984136588,0.0009764458984136588,-1.2081206714826722
Validation,79,Validation_0079,42,0.03457203879952431,0.034759768098592755,-0.00018772929906844815,0.00018772929906844815,-0.328778273819415
Validation,80,Validation_0080,42,0.009244636632502079,0.009025274775922298,0.00021936185657978058,0.00021936185657978058,0.33943364464338716
Validation,81,Validation_0081,42,0.03457754850387573,0.034792707115411756,-0.00021515861153602323,0.00021515861153602323,-0.573651557062153
Validation,82,Validation_0082,42,0.03465737774968147,0.03463271036744118,2.4667382240294022e-05,2.4667382240294022e-05,0.09839476308109948
Validation,83,Validation_0083,42,0.02080659568309784,0.020125867053866386,0.0006807286292314536,0.0006807286292314536,1.4181595189385914
Validation,84,Validation_0084,42,0.03627081587910652,0.03609190732240677,0.0001789085566997542,0.0001789085566997542,0.6141005061993757
Validation,85,Validation_0085,42,0.035423241555690765,0.03569791093468666,-0.0002746693789958954,0.0002746693789958954,-0.7924687237056947
Validation,86,Validation_0086,42,0.0010972461896017194,0.002414542459882796,-0.0013172962702810765,0.0013172962702810765,-1.6663646721642664
Validation,87,Validation_0087,42,0.03830990195274353,0.038221660256385806,8.824169635772428e-05,8.824169635772428e-05,0.32572412653386257
Validation,88,Validation_0088,42,0.013047258369624615,0.013327951170504093,-0.0002806928008794781,0.0002806928008794781,-0.22122208398970167
Validation,89,Validation_0089,42,0.03475179895758629,0.03520264849066734,-0.0004508495330810547,0.0004508495330810547,-1.3468096416328417
Validation,90,Validation_0090,42,0.03662331402301788,0.036177683621644974,0.00044563040137290955,0.00044563040137290955,0.843547085643632
Validation,91,Validation_0091,42,0.03800179064273834,0.03793270140886307,6.908923387527466e-05,6.908923387527466e-05,0.14222837169495706
Validation,92,Validation_0092,42,0.02548455260694027,0.025415168330073356,6.938427686691354e-05,6.938427686691354e-05,0.14773467539400773
Validation,93,Validation_0093,42,0.010300970636308193,0.011023933999240398,-0.0007229633629322052,0.0007229633629322052,-1.2989690394070346
Validation,94,Validation_0094,42,0.0234665647149086,0.023253358155488967,0.00021320655941963265,0.00021320655941963265,0.38741251563323814
Validation,95,Validation_0095,42,0.023913338780403137,0.0242240022867918,-0.00031066350638866286,0.00031066350638866286,-0.3093408627375708
Validation,96,Validation_0096,42,0.008242965675890446,0.008028856106102466,0.00021410956978797947,0.00021410956978797947,0.28751689866356595
Validation,97,Validation_0097,42,0.028321467339992523,0.029190929606556892,-0.0008694622665643692,0.0008694622665643692,-1.1800990976898127
Validation,98,Validation_0098,42,0.014744403772056103,0.015065626055002213,-0.00032122228294611047,0.00032122228294611047,-0.5025479821316441
Validation,99,Validation_0099,42,0.009343178942799568,0.010699798725545407,-0.0013566197827458385,0.0013566197827458385,-1.6341360052907423
Validation,0,Validation_0000,73,0.027459947392344475,0.027684395015239716,-0.00022444762289524148,0.00022444762289524148,-1.5477145641151677
Validation,1,Validation_0001,73,0.02284797839820385,0.023150017857551573,-0.0003020394593477235,0.0003020394593477235,-0.3792122702253993
Validation,2,Validation_0002,73,0.017484627664089203,0.017388030886650085,9.659677743911743e-05,9.659677743911743e-05,0.3500415508075206
Validation,3,Validation_0003,73,0.003511085407808423,0.0035905908793210984,-7.950547151267537e-05,7.950547151267537e-05,-0.21577887020807743
Validation,4,Validation_0004,73,0.004366555251181126,0.003029663092456758,0.0013368921587243675,0.0013368921587243675,1.2234171672742773
Validation,5,Validation_0005,73,0.008131898008286953,0.0084675844758749,-0.0003356864675879475,0.0003356864675879475,-0.38664278053976253
Validation,6,Validation_0006,73,0.012002632953226566,0.011850211769342422,0.00015242118388414383,0.00015242118388414383,0.18105454395470522
Validation,7,Validation_0007,73,0.024447742849588394,0.0243849728256464,6.277002394199441e-05,6.277002394199441e-05,0.1667288149940152
Validation,8,Validation_0008,73,0.00034470963873900473,0.0005515243334230036,-0.00020681469468399884,0.00020681469468399884,-0.4950614054245002
Validation,9,Validation_0009,73,0.0077407462522387505,0.007669552974402904,7.119327783584612e-05,7.119327783584612e-05,0.10241584936541884
Validation,10,Validation_0010,73,0.03346351534128189,0.033912298083305356,-0.00044878274202346524,0.00044878274202346524,-0.6887600952986951
Validation,11,Validation_0011,73,0.027976978570222855,0.027433013916015624,0.000543964654207231,0.000543964654207231,1.3820437012456508
Validation,12,Validation_0012,73,0.021106984466314316,0.020901021361351014,0.00020596310496330192,0.00020596310496330192,0.8434734633927697
Validation,13,Validation_0013,73,0.03192915394902229,0.03198819383978844,-5.9039890766145187e-05,5.9039890766145187e-05,-0.11452772197910906
Validation,14,Validation_0014,73,0.03902021422982216,0.03927094340324402,-0.00025072917342185835,0.00025072917342185835,-0.4900219530979797
Validation,15,Validation_0015,73,0.03784477710723877,0.03824126496911049,-0.00039648786187172075,0.00039648786187172075,-0.7425531309065266
Validation,16,Validation_0016,73,0.0217415913939476,0.021469100192189217,0.000272491201758384,0.000272491201758384,0.2809737974790966
Validation,17,Validation_0017,73,0.03495006263256073,0.035247181355953214,-0.0002971187233924838,0.0002971187233924838,-0.7469125779337271
Validation,18,Validation_0018,73,0.017281940206885338,0.017688215151429175,-0.0004062749445438371,0.0004062749445438371,-0.8319540266310904
Validation,19,Validation_0019,73,0.0021247260738164186,0.0021753583336248995,-5.0632259808480826e-05,5.0632259808480826e-05,-0.12189387391248444
Validation,20,Validation_0020,73,0.03421983867883682,0.03422388434410095,-4.045665264129639e-06,4.045665264129639e-06,-0.006881355289458244
Validation,21,Validation_0021,73,0.0366375558078289,0.0368468850851059,-0.00020932927727699419,0.00020932927727699419,-0.4405768015620985
Validation,22,Validation_0022,73,0.02577689290046692,0.02553204521536827,0.0002448476850986474,0.0002448476850986474,0.6124369884606105
Validation,23,Validation_0023,73,0.03814170882105827,0.037926293164491656,0.0002154156565666171,0.0002154156565666171,0.35553996220301715
Validation,24,Validation_0024,73,0.037704844027757645,0.038350339978933334,-0.0006454959511756897,0.0006454959511756897,-0.6936269829167584
Validation,25,Validation_0025,73,0.02934856154024601,0.029178912937641143,0.00016964860260486672,0.00016964860260486672,0.23632068478266616
Validation,26,Validation_0026,73,0.013649636879563332,0.012803031131625175,0.0008466057479381561,0.0008466057479381561,1.3870543563201003
Validation,27,Validation_0027,73,0.032295502722263336,0.032235853374004364,5.964934825897217e-05,5.964934825897217e-05,0.12145224891411599
Validation,28,Validation_0028,73,0.03975902125239372,0.04029530063271523,-0.0005362793803215041,0.0005362793803215041,-1.315828539433471
Validation,29,Validation_0029,73,0.0373627170920372,0.037486761808395386,-0.00012404471635818481,0.00012404471635818481,-0.298874398539725
Validation,30,Validation_0030,73,0.036441002041101456,0.036509531736373904,-6.852969527244845e-05,6.852969527244845e-05,-0.2479445753855297
Validation,31,Validation_0031,73,0.023360159248113632,0.023488181829452514,-0.00012802258133888175,0.00012802258133888175,-0.23868437840459422
Validation,32,Validation_0032,73,0.004214142449200153,0.004982893355190754,-0.0007687509059906006,0.0007687509059906006,-1.599066874504168
Validation,33,Validation_0033,73,0.0017324975924566388,0.001583714020671323,0.00014878357178531591,0.00014878357178531591,0.198639751111103
Validation,34,Validation_0034,73,0.006097727455198765,0.0063040686771273615,-0.00020634122192859667,0.00020634122192859667,-0.19392382750867856
Validation,35,Validation_0035,73,0.04087712988257408,0.040976033359766004,-9.890347719192227e-05,9.890347719192227e-05,-0.39680038551098784
Validation,36,Validation_0036,73,0.01716889999806881,0.017824741452932356,-0.0006558414548635469,0.0006558414548635469,-1.5127312921196125
Validation,37,Validation_0037,73,0.022546425461769104,0.022374022379517557,0.00017240308225154738,0.00017240308225154738,0.27258345563750125
Validation,38,Validation_0038,73,0.021511228755116463,0.021136625111103056,0.00037460364401340623,0.00037460364401340623,0.5590473022204602
Validation,39,Validation_0039,73,-0.0002243377675767988,1.3757811393588781e-05,-0.00023809557897038757,0.00023809557897038757,-0.3437618285208294
Validation,40,Validation_0040,73,0.0325004905462265,0.0332972064614296,-0.0007967159152030973,0.0007967159152030973,-1.3556983709364807
Validation,41,Validation_0041,73,0.010630528442561626,0.01001257672905922,0.0006179517135024067,0.0006179517135024067,0.8911485386052722
Validation,42,Validation_0042,73,0.03788309544324875,0.03794778361916542,-6.468817591667037e-05,6.468817591667037e-05,-0.2354785587580405
Validation,43,Validation_0043,73,0.009915054775774479,0.010345926694571971,-0.0004308719187974923,0.0004308719187974923,-0.8457736614103366
Validation,44,Validation_0044,73,0.012213140726089478,0.012356753461062908,-0.00014361273497343063,0.00014361273497343063,-0.6643042596414372
Validation,45,Validation_0045,73,0.03407832235097885,0.03387839794158935,0.00019992440938949863,0.00019992440938949863,0.4949405366851977
Validation,46,Validation_0046,73,0.02682051993906498,0.027379701286554335,-0.0005591813474893556,0.0005591813474893556,-0.9178315080649614
Validation,47,Validation_0047,73,0.025059815496206284,0.02547423392534256,-0.00041441842913627486,0.00041441842913627486,-0.3968181486332975
Validation,48,Validation_0048,73,0.028847383335232735,0.028696279972791672,0.00015110336244106293,0.00015110336244106293,0.1646809780092427
Validation,49,Validation_0049,73,0.03847932070493698,0.038363897055387494,0.00011542364954948703,0.00011542364954948703,0.20000053832033166
Validation,50,Validation_0050,73,0.033890172839164734,0.0345132552087307,-0.0006230823695659651,0.0006230823695659651,-1.228096133650374
Validation,51,Validation_0051,73,0.018885517492890358,0.0188982006162405,-1.2683123350142045e-05,1.2683123350142045e-05,-0.018623913625173103
Validation,52,Validation_0052,73,0.03456779196858406,0.034501857310533526,6.593465805053433e-05,6.593465805053433e-05,0.14761384678611478
Validation,53,Validation_0053,73,0.003553790273144841,0.003757676435634494,-0.00020388616248965272,0.00020388616248965272,-0.36689533492751997
Validation,54,Validation_0054,73,0.006472962908446789,0.00646426435559988,8.69855284690857e-06,8.69855284690857e-06,0.0075026220244664085
Validation,55,Validation_0055,73,0.009711287915706635,0.00895572230219841,0.0007555656135082248,0.0007555656135082248,1.2242462533234237
Validation,56,Validation_0056,73,0.03108455426990986,0.03077784962952137,0.00030670464038849016,0.00030670464038849016,0.5976859575417875
Validation,57,Validation_0057,73,0.014633188024163246,0.014847618900239468,-0.0002144308760762218,0.0002144308760762218,-0.21415494638101298
Validation,58,Validation_0058,73,0.004278453998267651,0.0038668624125421046,0.00041159158572554597,0.00041159158572554597,0.39546657598360146
Validation,59,Validation_0059,73,0.025278745219111443,0.02508586533367634,0.00019287988543510368,0.00019287988543510368,0.6962913451304493
Validation,60,Validation_0060,73,0.029167423024773598,0.02949203662574291,-0.0003246136009693139,0.0003246136009693139,-0.5859276565477309
Validation,61,Validation_0061,73,0.025065729394555092,0.024500950053334237,0.000564779341220855,0.000564779341220855,1.0747767813864229
Validation,62,Validation_0062,73,0.012097934260964394,0.012084842845797538,1.3091415166855552e-05,1.3091415166855552e-05,0.0514077093738727
Validation,63,Validation_0063,73,0.025020413100719452,0.025374581292271613,-0.0003541681915521615,0.0003541681915521615,-0.5442015475784024
Validation,64,Validation_0064,73,0.03860015794634819,0.03892544135451317,-0.00032528340816497664,0.00032528340816497664,-0.9688509891521724
Validation,65,Validation_0065,73,0.03526700288057327,0.03540821447968483,-0.00014121159911155423,0.00014121159911155423,-0.30118831796798345
Validation,66,Validation_0066,73,0.006511052139103413,0.005764315882697701,0.0007467362564057113,0.0007467362564057113,0.603161862279424
Validation,67,Validation_0067,73,0.02238434925675392,0.022169039025902747,0.0002153102308511748,0.0002153102308511748,0.5438205294989823
Validation,68,Validation_0068,73,0.03381834179162979,0.034751095622777936,-0.0009327538311481448,0.0009327538311481448,-1.086017995155877
Validation,69,Validation_0069,73,0.03459130600094795,0.03448900431394577,0.0001023016870021834,0.0001023016870021834,0.17958847230851976
Validation,70,Validation_0070,73,0.03215709328651428,0.03184767812490463,0.00030941516160964966,0.00030941516160964966,0.45469803444849216
Validation,71,Validation_0071,73,0.018971476703882217,0.019040195271372795,-6.87185674905777e-05,6.87185674905777e-05,-0.09770738644523247
Validation,72,Validation_0072,73,0.03151935711503029,0.03144628033041954,7.307678461074968e-05,7.307678461074968e-05,0.20087920425734632
Validation,73,Validation_0073,73,0.036713048815727234,0.03691612482070923,-0.0002030760049819974,0.0002030760049819974,-0.9104865659887967
Validation,74,Validation_0074,73,0.021573321893811226,0.022393527254462243,-0.0008202053606510169,0.0008202053606510169,-1.2897749954308768
Validation,75,Validation_0075,73,0.016708096489310265,0.016852616518735885,-0.00014452002942562034,0.00014452002942562034,-0.22846258722318452
Validation,76,Validation_0076,73,0.008815853856503963,0.008688789792358875,0.0001270640641450882,0.0001270640641450882,0.13483738139393345
Validation,77,Validation_0077,73,0.025365319103002548,0.026292648166418076,-0.0009273290634155273,0.0009273290634155273,-1.4773529733140338
Validation,78,Validation_0078,73,0.017378203570842743,0.01730031594634056,7.788762450218131e-05,7.788762450218131e-05,0.0963674990766383
Validation,79,Validation_0079,73,0.034404974430799484,0.034759768098592755,-0.00035479366779327115,0.00035479366779327115,-0.6213651797453277
Validation,80,Validation_0080,73,0.009565800428390503,0.009025274775922298,0.0005405256524682045,0.0005405256524682045,0.8363924116123608
Validation,81,Validation_0081,73,0.034631043672561646,0.034792707115411756,-0.00016166344285011014,0.00016166344285011014,-0.43102381563504
Validation,82,Validation_0082,73,0.034461114555597305,0.03463271036744118,-0.00017159581184387346,0.00017159581184387346,-0.684471870083836
Validation,83,Validation_0083,73,0.020151689648628235,0.020125867053866386,2.5822594761849144e-05,2.5822594761849144e-05,0.05379611932372373
Validation,84,Validation_0084,73,0.0360923670232296,0.03609190732240677,4.59700822831588e-07,4.59700822831588e-07,0.0015779150713004192
Validation,85,Validation_0085,73,0.03553127124905586,0.03569791093468666,-0.00016663968563079834,0.00016663968563079834,-0.48078435052831414
Validation,86,Validation_0086,73,0.0027671728748828173,0.002414542459882796,0.00035263041500002137,0.00035263041500002137,0.4460734302096514
Validation,87,Validation_0087,73,0.03823073208332062,0.038221660256385806,9.071826934811678e-06,9.071826934811678e-06,0.03348658317298137
Validation,88,Validation_0088,73,0.014575082808732986,0.013327951170504093,0.0012471316382288936,0.0012471316382288936,0.9829003777583435
Validation,89,Validation_0089,73,0.034989748150110245,0.03520264849066734,-0.0002129003405570984,0.0002129003405570984,-0.6359909688930866
Validation,90,Validation_0090,73,0.03601983189582825,0.036177683621644974,-0.00015785172581672668,0.00015785172581672668,-0.2988022425451428
Validation,91,Validation_0091,73,0.03797316178679466,0.03793270140886307,4.046037793159485e-05,4.046037793159485e-05,0.08329248058767005
Validation,92,Validation_0092,73,0.025137770920991898,0.025415168330073356,-0.00027739740908145835,0.00027739740908145835,-0.5906412524035435
Validation,93,Validation_0093,73,0.01100920420140028,0.011023933999240398,-1.4729797840118408e-05,1.4729797840118408e-05,-0.026465450854157104
Validation,94,Validation_0094,73,0.023669999092817307,0.023253358155488967,0.0004166409373283393,0.0004166409373283393,0.7570682350746616
Validation,95,Validation_0095,73,0.023649422451853752,0.0242240022867918,-0.0005745798349380479,0.0005745798349380479,-0.5721335728084511
Validation,96,Validation_0096,73,0.008509955368936062,0.008028856106102466,0.0004810992628335956,0.0004810992628335956,0.6460438369766365
Validation,97,Validation_0097,73,0.02861708402633667,0.029190929606556892,-0.0005738455802202225,0.0005738455802202225,-0.7788660617867498
Validation,98,Validation_0098,73,0.015187656506896019,0.015065626055002213,0.00012203045189380576,0.00012203045189380576,0.19091501621677062
Validation,99,Validation_0099,73,0.01063759345561266,0.010699798725545407,-6.220526993274723e-05,6.220526993274723e-05,-0.07493025872745679
Validation,0,Validation_0000,101,0.02764381654560566,0.027684395015239716,-4.0578469634056785e-05,4.0578469634056785e-05,-0.279815342359174
Validation,1,Validation_0001,101,0.023578330874443054,0.023150017857551573,0.0004283130168914809,0.0004283130168914809,0.537749444570155
Validation,2,Validation_0002,101,0.01734498143196106,0.017388030886650085,-4.304945468902588e-05,4.304945468902588e-05,-0.15600000621410365
Validation,3,Validation_0003,101,0.004072344861924648,0.0035905908793210984,0.00048175398260354987,0.00048175398260354987,1.3074864925222522
Validation,4,Validation_0004,101,0.0034613192547112703,0.003029663092456758,0.0004316561622545122,0.0004316561622545122,0.3950173211920086
Validation,5,Validation_0005,101,0.00762742105871439,0.0084675844758749,-0.0008401634171605107,0.0008401634171605107,-0.9676979892959839
Validation,6,Validation_0006,101,0.011108947917819023,0.011850211769342422,-0.0007412638515233994,0.0007412638515233994,-0.880515327119428
Validation,7,Validation_0007,101,0.024416878819465637,0.0243849728256464,3.190599381923745e-05,3.190599381923745e-05,0.08474823182485487
Validation,8,Validation_0008,101,0.0005962188588455319,0.0005515243334230036,4.4694525422528364e-05,4.4694525422528364e-05,0.10698724577702778
Validation,9,Validation_0009,101,0.007146886549890041,0.007669552974402904,-0.000522666424512863,0.000522666424512863,-0.751887361117108
Validation,10,Validation_0010,101,0.03372546657919884,0.033912298083305356,-0.00018683150410651883,0.00018683150410651883,-0.28673581339827037
Validation,11,Validation_0011,101,0.027016110718250275,0.027433013916015624,-0.00041690319776534895,0.00041690319776534895,-1.0592203630224604
Validation,12,Validation_0012,101,0.020597917959094048,0.020901021361351014,-0.00030310340225696633,0.00030310340225696633,-1.2412887080594757
Validation,13,Validation_0013,101,0.03204810991883278,0.03198819383978844,5.991607904434065e-05,5.991607904434065e-05,0.11622738378783426
Validation,14,Validation_0014,101,0.03940804302692413,0.03927094340324402,0.00013709962368011613,0.00013709962368011613,0.2679457856772549
Validation,15,Validation_0015,101,0.0377751886844635,0.03824126496911049,-0.0004660762846469893,0.0004660762846469893,-0.8728802005996236
Validation,16,Validation_0016,101,0.021867375820875168,0.021469100192189217,0.00039827562868595054,0.00039827562868595054,0.4106738680483765
Validation,17,Validation_0017,101,0.03513989597558975,0.035247181355953214,-0.00010728538036346158,0.00010728538036346158,-0.26969959720788395
Validation,18,Validation_0018,101,0.018525999039411545,0.017688215151429175,0.0008377838879823699,0.0008377838879823699,1.715581254552056
Validation,19,Validation_0019,101,0.0020347435493022203,0.0021753583336248995,-0.00014061478432267913,0.00014061478432267913,-0.33852095196408566
Validation,20,Validation_0020,101,0.0335475355386734,0.03422388434410095,-0.0006763488054275513,0.0006763488054275513,-1.15041559938571
Validation,21,Validation_0021,101,0.036708422005176544,0.0368468850851059,-0.0001384630799293532,0.0001384630799293532,-0.2914242177838736
Validation,22,Validation_0022,101,0.0251571424305439,0.02553204521536827,-0.00037490278482437203,0.00037490278482437203,-0.9377435298635913
Validation,23,Validation_0023,101,0.03718036785721779,0.037926293164491656,-0.0007459253072738675,0.0007459253072738675,-1.2311373266984893
Validation,24,Validation_0024,101,0.03764099255204201,0.038350339978933334,-0.0007093474268913269,0.0007093474268913269,-0.7622395069376342
Validation,25,Validation_0025,101,0.027926156297326088,0.029178912937641143,-0.0012527566403150552,0.0012527566403150552,-1.745091339153731
Validation,26,Validation_0026,101,0.012248566374182701,0.012803031131625175,-0.0005544647574424744,0.0005544647574424744,-0.9084190121666077
Validation,27,Validation_0027,101,0.03147535026073456,0.032235853374004364,-0.0007605031132698059,0.0007605031132698059,-1.548463078117732
Validation,28,Validation_0028,101,0.04052736610174179,0.04029530063271523,0.00023206546902656416,0.00023206546902656416,0.569401655866579
Validation,29,Validation_0029,101,0.036901649087667465,0.037486761808395386,-0.0005851127207279205,0.0005851127207279205,-1.4097755843186348
Validation,30,Validation_0030,101,0.03649916872382164,0.036509531736373904,-1.0363012552264128e-05,1.0363012552264128e-05,-0.037494005142892584
Validation,31,Validation_0031,101,0.02422327548265457,0.023488181829452514,0.0007350936532020576,0.0007350936532020576,1.3705033115935765
Validation,32,Validation_0032,101,0.005529456771910191,0.004982893355190754,0.0005465634167194366,0.0005465634167194366,1.1368981131354332
Validation,33,Validation_0033,101,0.002220380352810025,0.001583714020671323,0.0006366663321387023,0.0006366663321387023,0.8500081039816269
Validation,34,Validation_0034,101,0.005973757244646549,0.0063040686771273615,-0.00033031143248081225,0.00033031143248081225,-0.31043364315599314
Validation,35,Validation_0035,101,0.041238121688365936,0.040976033359766004,0.0002620883285999326,0.0002620883285999326,1.051497407159689
Validation,36,Validation_0036,101,0.017623526975512505,0.017824741452932356,-0.00020121447741985182,0.00020121447741985182,-0.4641113094685887
Validation,37,Validation_0037,101,0.02217749133706093,0.022374022379517557,-0.00019653104245662828,0.00019653104245662828,-0.3107317455885415
Validation,38,Validation_0038,101,0.020067473873496056,0.021136625111103056,-0.0010691512376070009,0.0010691512376070009,-1.5955694094328392
Validation,39,Validation_0039,101,0.0008420284138992429,1.3757811393588781e-05,0.0008282706025056541,0.0008282706025056541,1.1958551185984216
Validation,40,Validation_0040,101,0.033155933022499084,0.0332972064614296,-0.00014127343893051425,0.00014127343893051425,-0.24039204860853017
Validation,41,Validation_0041,101,0.01047481968998909,0.01001257672905922,0.00046224296092987026,0.00046224296092987026,0.6666008526435189
Validation,42,Validation_0042,101,0.03777787461876869,0.03794778361916542,-0.00016990900039672713,0.00016990900039672713,-0.6185044788553071
Validation,43,Validation_0043,101,0.010524909012019634,0.010345926694571971,0.00017898231744766305,0.00017898231744766305,0.3513306933018402
Validation,44,Validation_0044,101,0.012110619805753231,0.012356753461062908,-0.0002461336553096771,0.0002461336553096771,-1.138531591182257
Validation,45,Validation_0045,101,0.03403054550290108,0.03387839794158935,0.00015214756131172458,0.00015214756131172458,0.37666233893561
Validation,46,Validation_0046,101,0.026712501421570778,0.027379701286554335,-0.0006671998649835573,0.0006671998649835573,-1.095131411317782
Validation,47,Validation_0047,101,0.024044953286647797,0.02547423392534256,-0.0014292806386947618,0.0014292806386947618,-1.368579332020414
Validation,48,Validation_0048,101,0.027525680139660835,0.028696279972791672,-0.0011705998331308365,0.0011705998331308365,-1.2757858082253697
Validation,49,Validation_0049,101,0.03754732385277748,0.038363897055387494,-0.0008165732026100131,0.0008165732026100131,-1.4149186993947869
Validation,50,Validation_0050,101,0.03440184146165848,0.0345132552087307,-0.00011141374707222124,0.00011141374707222124,-0.21959663553024003
Validation,51,Validation_0051,101,0.019926151260733604,0.0188982006162405,0.0010279506444931044,0.0010279506444931044,1.509443966242447
Validation,52,Validation_0052,101,0.033805422484874725,0.034501857310533526,-0.000696434825658801,0.000696434825658801,-1.5591712566784093
Validation,53,Validation_0053,101,0.004040856845676899,0.003757676435634494,0.00028318041004240504,0.00028318041004240504,0.509586183381589
Validation,54,Validation_0054,101,0.005390292964875698,0.00646426435559988,-0.0010739713907241821,0.0010739713907241821,-0.9263151643158329
Validation,55,Validation_0055,101,0.008522274903953075,0.00895572230219841,-0.0004334473982453343,0.0004334473982453343,-0.7023167066202913
Validation,56,Validation_0056,101,0.030827853828668594,0.03077784962952137,5.0004199147225814e-05,5.0004199147225814e-05,0.09744491511626138
Validation,57,Validation_0057,101,0.015518497675657272,0.014847618900239468,0.0006708787754178044,0.0006708787754178044,0.6700154884723306
Validation,58,Validation_0058,101,0.004956859163939953,0.0038668624125421046,0.0010899967513978482,0.0010899967513978482,1.0472937204211699
Validation,59,Validation_0059,101,0.024616669863462448,0.02508586533367634,-0.00046919547021389077,0.00046919547021389077,-1.6937833841376062
Validation,60,Validation_0060,101,0.02921759895980358,0.02949203662574291,-0.00027443766593933036,0.00027443766593933036,-0.49536007731069026
Validation,61,Validation_0061,101,0.024166405200958252,0.024500950053334237,-0.0003345448523759849,0.0003345448523759849,-0.6366398581237268
Validation,62,Validation_0062,101,0.011741160415112972,0.012084842845797538,-0.0003436824306845658,0.0003436824306845658,-1.349581102451737
Validation,63,Validation_0063,101,0.02513078972697258,0.025374581292271613,-0.00024379156529903342,0.00024379156529903342,-0.37460096724342734
Validation,64,Validation_0064,101,0.039049748331308365,0.03892544135451317,0.00012430697679519792,0.00012430697679519792,0.37024617426985906
Validation,65,Validation_0065,101,0.03467503562569618,0.03540821447968483,-0.0007331788539886447,0.0007331788539886447,-1.563787303535077
Validation,66,Validation_0066,101,0.005476214922964573,0.005764315882697701,-0.0002881009597331284,0.0002881009597331284,-0.23270801425063092
Validation,67,Validation_0067,101,0.021497318521142006,0.022169039025902747,-0.0006717205047607408,0.0006717205047607408,-1.6966002921932986
Validation,68,Validation_0068,101,0.034885235130786896,0.034751095622777936,0.00013413950800895968,0.00013413950800895968,0.15618045693767704
Validation,69,Validation_0069,101,0.0342787429690361,0.03448900431394577,-0.00021026134490966658,0.00021026134490966658,-0.3691093942278378
Validation,70,Validation_0070,101,0.03208232671022415,0.03184767812490463,0.00023464858531951904,0.00023464858531951904,0.3448255411139399
Validation,71,Validation_0071,101,0.019409243017435074,0.019040195271372795,0.00036904774606227875,0.00036904774606227875,0.524729953752212
Validation,72,Validation_0072,101,0.03121950849890709,0.03144628033041954,-0.00022677183151244978,0.00022677183151244978,-0.6233682188515574
Validation,73,Validation_0073,101,0.036721371114254,0.03691612482070923,-0.0001947537064552335,0.0001947537064552335,-0.8731737332519176
Validation,74,Validation_0074,101,0.022128399461507797,0.022393527254462243,-0.0002651277929544456,0.0002651277929544456,-0.41691412218398616
Validation,75,Validation_0075,101,0.01621422730386257,0.016852616518735885,-0.0006383892148733132,0.0006383892148733132,-1.009189191733439
Validation,76,Validation_0076,101,0.009725804440677166,0.008688789792358875,0.0010370146483182907,0.0010370146483182907,1.1004554323614741
Validation,77,Validation_0077,101,0.026033958420157433,0.026292648166418076,-0.000258689746260643,0.000258689746260643,-0.41212562064687974
Validation,78,Validation_0078,101,0.0174564179033041,0.01730031594634056,0.00015610195696353843,0.00015610195696353843,0.19313922191995886
Validation,79,Validation_0079,101,0.034540046006441116,0.034759768098592755,-0.00021972209215163907,0.00021972209215163907,-0.3848086075858989
Validation,80,Validation_0080,101,0.008757495321333408,0.009025274775922298,-0.0002677794545888901,0.0002677794545888901,-0.4143535145485422
Validation,81,Validation_0081,101,0.03441614285111427,0.034792707115411756,-0.0003765642642974826,0.0003765642642974826,-1.00398805795439
Validation,82,Validation_0082,101,0.034637708216905594,0.03463271036744118,4.997849464415116e-06,4.997849464415116e-06,0.019935727641291204
Validation,83,Validation_0083,101,0.019594281911849976,0.020125867053866386,-0.0005315851420164101,0.0005315851420164101,-1.1074494253723708
Validation,84,Validation_0084,101,0.03563367947936058,0.03609190732240677,-0.00045822784304618697,0.00045822784304618697,-1.5728590938305755
Validation,85,Validation_0085,101,0.03539404645562172,0.03569791093468666,-0.0003038644790649414,0.0003038644790649414,-0.8767016432060613
Validation,86,Validation_0086,101,0.0030985113698989153,0.002414542459882796,0.0006839689100161194,0.0006839689100161194,0.8652128258636688
Validation,87,Validation_0087,101,0.03803817927837372,0.038221660256385806,-0.00018348097801208774,0.00018348097801208774,-0.6772782456072383
Validation,88,Validation_0088,101,0.014557908289134502,0.013327951170504093,0.0012299571186304096,0.0012299571186304096,0.9693646440124326
Validation,89,Validation_0089,101,0.03523634746670723,0.03520264849066734,3.3698976039886475e-05,3.3698976039886475e-05,0.10066796683476573
Validation,90,Validation_0090,101,0.03541853278875351,0.036177683621644974,-0.0007591508328914642,0.0007591508328914642,-1.4370192668108663
Validation,91,Validation_0091,101,0.03713162988424301,0.03793270140886307,-0.0008010715246200562,0.0008010715246200562,-1.6491006220099638
Validation,92,Validation_0092,101,0.024803180247545242,0.025415168330073356,-0.0006119880825281136,0.0006119880825281136,-1.303059782416003
Validation,93,Validation_0093,101,0.010685345157980919,0.011023933999240398,-0.0003385888412594795,0.0003385888412594795,-0.6083522961674757
Validation,94,Validation_0094,101,0.02335294894874096,0.023253358155488967,9.959079325199197e-05,9.959079325199197e-05,0.18096403718858156
Validation,95,Validation_0095,101,0.023775437846779823,0.0242240022867918,-0.00044856444001197676,0.00044856444001197676,-0.4466546859002554
Validation,96,Validation_0096,101,0.007241775281727314,0.008028856106102466,-0.0007870808243751522,0.0007870808243751522,-1.0569309809271843
Validation,97,Validation_0097,101,0.02939319610595703,0.029190929606556892,0.00020226649940013885,0.00020226649940013885,0.27453119314558494
Validation,98,Validation_0098,101,0.01576746068894863,0.015065626055002213,0.0007018346339464181,0.0007018346339464181,1.0980109344999731
Validation,99,Validation_0099,101,0.011561435647308826,0.010699798725545407,0.0008616369217634198,0.0008616369217634198,1.037897231965458
Validation,0,Validation_0000,202,0.027727873995900154,0.027684395015239716,4.3478980660437844e-05,4.3478980660437844e-05,0.29981628111271946
Validation,1,Validation_0001,202,0.023209262639284134,0.023150017857551573,5.924478173256059e-05,5.924478173256059e-05,0.07438216260991297
Validation,2,Validation_0002,202,0.017104288563132286,0.017388030886650085,-0.0002837423235177994,0.0002837423235177994,-1.0282082444882767
Validation,3,Validation_0003,202,0.003857488976791501,0.0035905908793210984,0.00026689809747040263,0.00026689809747040263,0.724364862406573
Validation,4,Validation_0004,202,0.003332198830321431,0.003029663092456758,0.00030253573786467305,0.00030253573786467305,0.27685659834432635
Validation,5,Validation_0005,202,0.009118068031966686,0.0084675844758749,0.0006504835560917858,0.0006504835560917858,0.7492252298100999
Validation,6,Validation_0006,202,0.01231392752379179,0.011850211769342422,0.0004637157544493675,0.0004637157544493675,0.5508279250098144
Validation,7,Validation_0007,202,0.024954939261078835,0.0243849728256464,0.0005699664354324348,0.0005699664354324348,1.5139364683663257
Validation,8,Validation_0008,202,0.001246403087861836,0.0005515243334230036,0.0006948787544388324,0.0006948787544388324,1.66336175143521
Validation,9,Validation_0009,202,0.008752644993364811,0.007669552974402904,0.0010830920189619066,0.0010830920189619066,1.5580935789844808
Validation,10,Validation_0010,202,0.03481678292155266,0.033912298083305356,0.000904484838247302,0.000904484838247302,1.3881395273325003
Validation,11,Validation_0011,202,0.027135076001286507,0.027433013916015624,-0.00029793791472911696,0.00029793791472911696,-0.7569668639844619
Validation,12,Validation_0012,202,0.020684709772467613,0.020901021361351014,-0.00021631158888340066,0.00021631158888340066,-0.8858532458033395
Validation,13,Validation_0013,202,0.031153086572885513,0.03198819383978844,-0.000835107266902925,0.000835107266902925,-1.6199713726678446
Validation,14,Validation_0014,202,0.0401093028485775,0.03927094340324402,0.0008383594453334822,0.0008383594453334822,1.6384791892934045
Validation,15,Validation_0015,202,0.03854808956384659,0.03824126496911049,0.00030682459473609786,0.00030682459473609786,0.5746293528000327
Validation,16,Validation_0016,202,0.02178019843995571,0.021469100192189217,0.00031109824776649406,0.00031109824776649406,0.3207826729816801
Validation,17,Validation_0017,202,0.03536399453878403,0.035247181355953214,0.00011681318283081332,0.00011681318283081332,0.293651085090162
Validation,18,Validation_0018,202,0.017611386254429817,0.017688215151429175,-7.682889699935774e-05,7.682889699935774e-05,-0.15732722649684394
Validation,19,Validation_0019,202,0.0028226946014910936,0.0021753583336248995,0.0006473362678661942,0.0006473362678661942,1.5584199818994338
Validation,20,Validation_0020,202,0.03450814634561539,0.03422388434410095,0.0002842620015144348,0.0002842620015144348,0.4835070872167595
Validation,21,Validation_0021,202,0.037692923098802567,0.0368468850851059,0.0008460380136966691,0.0008460380136966691,1.780662155448023
Validation,22,Validation_0022,202,0.0252740066498518,0.02553204521536827,-0.00025803856551647256,0.00025803856551647256,-0.6454313092971831
Validation,23,Validation_0023,202,0.037702616304159164,0.037926293164491656,-0.0002236768603324918,0.0002236768603324918,-0.3691749417652487
Validation,24,Validation_0024,202,0.038908109068870544,0.038350339978933334,0.0005577690899372101,0.0005577690899372101,0.5993588190796753
Validation,25,Validation_0025,202,0.02937428094446659,0.029178912937641143,0.00019536800682544778,0.00019536800682544778,0.2721478423559378
Validation,26,Validation_0026,202,0.01317431777715683,0.012803031131625175,0.00037128664553165436,0.00037128664553165436,0.6083052948581895
Validation,27,Validation_0027,202,0.03281025588512421,0.032235853374004364,0.0005744025111198425,0.0005744025111198425,1.1695429840162095
Validation,28,Validation_0028,202,0.04082249477505684,0.04029530063271523,0.0005271941423416124,0.0005271941423416124,1.293536771634531
Validation,29,Validation_0029,202,0.038052745163440704,0.037486761808395386,0.0005659833550453186,0.0005659833550453186,1.363685127339192
Validation,30,Validation_0030,202,0.036741022020578384,0.036509531736373904,0.00023149028420448026,0.00023149028420448026,0.8375458258608532
Validation,31,Validation_0031,202,0.02296389825642109,0.023488181829452514,-0.0005242835730314248,0.0005242835730314248,-0.9774705167481226
Validation,32,Validation_0032,202,0.005030638538300991,0.004982893355190754,4.774518311023712e-05,4.774518311023712e-05,0.09931401723726822
Validation,33,Validation_0033,202,0.0021292001474648714,0.001583714020671323,0.0005454861267935485,0.0005454861267935485,0.7282741445216742
Validation,34,Validation_0034,202,0.00664347130805254,0.0063040686771273615,0.00033940263092517835,0.00033940263092517835,0.31897774298487996
Validation,35,Validation_0035,202,0.04116770252585411,0.040976033359766004,0.00019166916608810702,0.00019166916608810702,0.768975987029726
Validation,36,Validation_0036,202,0.018040509894490242,0.017824741452932356,0.0002157684415578856,0.0002157684415578856,0.49768075954333424
Validation,37,Validation_0037,202,0.022227419540286064,0.022374022379517557,-0.00014660283923149248,0.00014660283923149248,-0.2317911489870164
Validation,38,Validation_0038,202,0.021434200927615166,0.021136625111103056,0.00029757581651210924,0.00029757581651210924,0.4440932705427493
Validation,39,Validation_0039,202,0.0005964181618764997,1.3757811393588781e-05,0.0005826603504829108,0.0005826603504829108,0.8412436230640974
Validation,40,Validation_0040,202,0.03319235146045685,0.0332972064614296,-0.00010485500097275058,0.00010485500097275058,-0.17842213427739048
Validation,41,Validation_0041,202,0.009906094521284103,0.01001257672905922,-0.00010648220777511631,0.00010648220777511631,-0.15355805603068093
Validation,42,Validation_0042,202,0.03834084793925285,0.03794778361916542,0.00039306432008743425,0.00039306432008743425,1.4308367531127981
Validation,43,Validation_0043,202,0.010864488780498505,0.010345926694571971,0.0005185620859265334,0.0005185620859265334,1.0179037782427383
Validation,44,Validation_0044,202,0.012672754004597664,0.012356753461062908,0.0003160005435347557,0.0003160005435347557,1.461712341582969
Validation,45,Validation_0045,202,0.03316868469119072,0.03387839794158935,-0.0007097132503986331,0.0007097132503986331,-1.756993346222917
Validation,46,Validation_0046,202,0.027558498084545135,0.027379701286554335,0.00017879679799080034,0.00017879679799080034,0.29347426460823856
Validation,47,Validation_0047,202,0.02533940225839615,0.02547423392534256,-0.00013483166694640975,0.00013483166694640975,-0.12910538888515952
Validation,48,Validation_0048,202,0.02804579585790634,0.028696279972791672,-0.0006504841148853302,0.0006504841148853302,-0.7089343247445951
Validation,49,Validation_0049,202,0.038905203342437744,0.038363897055387494,0.00054130628705025,0.00054130628705025,0.937949451683328
Validation,50,Validation_0050,202,0.03501390665769577,0.0345132552087307,0.0005006514489650712,0.0005006514489650712,0.9867846352461561
Validation,51,Validation_0051,202,0.01868300698697567,0.0188982006162405,-0.00021519362926483016,0.00021519362926483016,-0.3159905847695501
Validation,52,Validation_0052,202,0.03487899526953697,0.034501857310533526,0.0003771379590034457,0.0003771379590034457,0.8443326551401068
Validation,53,Validation_0053,202,0.0038816139567643404,0.003757676435634494,0.00012393752112984649,0.00012393752112984649,0.22302689780298027
Validation,54,Validation_0054,202,0.007659102790057659,0.00646426435559988,0.001194838434457779,0.001194838434457779,1.0305646596408062
Validation,55,Validation_0055,202,0.00889830943197012,0.00895572230219841,-5.741287022829021e-05,5.741287022829021e-05,-0.09302632360831109
Validation,56,Validation_0056,202,0.030627364292740822,0.03077784962952137,-0.0001504853367805467,0.0001504853367805467,-0.29325598887500487
Validation,57,Validation_0057,202,0.01457268837839365,0.014847618900239468,-0.0002749305218458179,0.0002749305218458179,-0.2745767411940542
Validation,58,Validation_0058,202,0.004529994912445545,0.0038668624125421046,0.0006631324999034406,0.0006631324999034406,0.6371528190936555
Validation,59,Validation_0059,202,0.025223135948181152,0.02508586533367634,0.00013727061450481345,0.00013727061450481345,0.49554333052836075
Validation,60,Validation_0060,202,0.029352426528930664,0.02949203662574291,-0.00013961009681224754,0.00013961009681224754,-0.2519962706779339
Validation,61,Validation_0061,202,0.024473823606967926,0.024500950053334237,-2.7126446366310814e-05,2.7126446366310814e-05,-0.051621708848295235
Validation,62,Validation_0062,202,0.012200863100588322,0.012084842845797538,0.00011602025479078362,0.00011602025479078362,0.4555913523289361
Validation,63,Validation_0063,202,0.024677036330103874,0.025374581292271613,-0.0006975449621677392,0.0006975449621677392,-1.071821402858235
Validation,64,Validation_0064,202,0.03941761329770088,0.03892544135451317,0.000492171943187715,0.000492171943187715,1.4659255960221647
Validation,65,Validation_0065,202,0.035897012799978256,0.03540821447968483,0.0004887983202934293,0.0004887983202934293,1.0425513544284177
Validation,66,Validation_0066,202,0.006238550879061222,0.005764315882697701,0.0004742349963635208,0.0004742349963635208,0.3830542056997533
Validation,67,Validation_0067,202,0.022174647077918053,0.022169039025902747,5.608052015305953e-06,5.608052015305953e-06,0.014164555972862994
Validation,68,Validation_0068,202,0.03527040407061577,0.034751095622777936,0.0005193084478378324,0.0005193084478378324,0.6046379018289758
Validation,69,Validation_0069,202,0.03523167967796326,0.03448900431394577,0.000742675364017488,0.000742675364017488,1.3037510714972653
Validation,70,Validation_0070,202,0.031134914606809616,0.03184767812490463,-0.0007127635180950165,0.0007127635180950165,-1.0474346797306033
Validation,71,Validation_0071,202,0.018221130594611168,0.019040195271372795,-0.0008190646767616272,0.0008190646767616272,-1.164585814553844
Validation,72,Validation_0072,202,0.03204571455717087,0.03144628033041954,0.0005994342267513289,0.0005994342267513289,1.6477718760591396
Validation,73,Validation_0073,202,0.03725556656718254,0.03691612482070923,0.0003394417464733096,0.0003394417464733096,1.5218792103336936
Validation,74,Validation_0074,202,0.02224821224808693,0.022393527254462243,-0.0001453150063753135,0.0001453150063753135,-0.22850821352227582
Validation,75,Validation_0075,202,0.016783738508820534,0.016852616518735885,-6.887800991535117e-05,6.887800991535117e-05,-0.10888489582092224
Validation,76,Validation_0076,202,0.008397386409342289,0.008688789792358875,-0.0002914033830165863,0.0002914033830165863,-0.3092303820096942
Validation,77,Validation_0077,202,0.026343123987317085,0.026292648166418076,5.0475820899009705e-05,5.0475820899009705e-05,0.08041439336642926
Validation,78,Validation_0078,202,0.01684890314936638,0.01730031594634056,-0.0004514127969741828,0.0004514127969741828,-0.5585164854318284
Validation,79,Validation_0079,202,0.03577500954270363,0.034759768098592755,0.0010152414441108731,0.0010152414441108731,1.778035347497887
Validation,80,Validation_0080,202,0.009533382952213287,0.009025274775922298,0.0005081081762909889,0.0005081081762909889,0.786230627514903
Validation,81,Validation_0081,202,0.03534923493862152,0.034792707115411756,0.0005565278232097653,0.0005565278232097653,1.483803274493808
Validation,82,Validation_0082,202,0.03502867370843887,0.03463271036744118,0.00039596334099769454,0.00039596334099769454,1.5794427939997078
Validation,83,Validation_0083,202,0.020320948213338852,0.020125867053866386,0.0001950811594724662,0.0001950811594724662,0.40641188190336824
Validation,84,Validation_0084,202,0.036402568221092224,0.03609190732240677,0.0003106608986854567,0.0003106608986854567,1.0663381263494038
Validation,85,Validation_0085,202,0.03613106906414032,0.03569791093468666,0.00043315812945365906,0.00043315812945365906,1.2497362147384363
Validation,86,Validation_0086,202,0.0028126381803303957,0.002414542459882796,0.0003980957204475998,0.0003980957204475998,0.5035865201015985
Validation,87,Validation_0087,202,0.03861710801720619,0.038221660256385806,0.000395447760820386,0.000395447760820386,1.4597053524540144
Validation,88,Validation_0088,202,0.012893342413008213,0.013327951170504093,-0.0004346087574958798,0.0004346087574958798,-0.34252768418772334
Validation,89,Validation_0089,202,0.03552158921957016,0.03520264849066734,0.00031894072890281677,0.00031894072890281677,0.9527623237407105
Validation,90,Validation_0090,202,0.036092888563871384,0.036177683621644974,-8.479505777359009e-05,8.479505777359009e-05,-0.1605110953865089
Validation,91,Validation_0091,202,0.03844673931598663,0.03793270140886307,0.0005140379071235657,0.0005140379071235657,1.058207920667548
Validation,92,Validation_0092,202,0.025613263249397278,0.025415168330073356,0.0001980949193239219,0.0001980949193239219,0.4217884789612506
Validation,93,Validation_0093,202,0.011667764745652676,0.011023933999240398,0.0006438307464122772,0.0006438307464122772,1.1567891944287834
Validation,94,Validation_0094,202,0.02229011245071888,0.023253358155488967,-0.0009632457047700875,0.0009632457047700875,-1.7502906227355413
Validation,95,Validation_0095,202,0.02376910112798214,0.0242240022867918,-0.0004549011588096605,0.0004549011588096605,-0.45296442624467975
Validation,96,Validation_0096,202,0.008886336348950863,0.008028856106102466,0.0008574802428483966,0.0008574802428483966,1.1514667949367559
Validation,97,Validation_0097,202,0.02944060228765011,0.029190929606556892,0.00024967268109321594,0.00024967268109321594,0.33887440203718994
Validation,98,Validation_0098,202,0.015484106726944447,0.015065626055002213,0.00041848067194223335,0.00041848067194223335,0.6547074359749376
Validation,99,Validation_0099,202,0.011064507998526096,0.010699798725545407,0.00036470927298068966,0.00036470927298068966,0.43931583633172794
Test,0,Test_0000,11,0.029328476637601852,0.028192714601755143,0.0011357620358467095,0.0011357620358467095,1.1033112123795064
Test,1,Test_0001,11,-0.00027523082098923624,0.0019354157440830023,-0.0022106465650722383,0.0022106465650722383,-1.6970037042308295
Test,2,Test_0002,11,0.03137160837650299,0.03082413338124752,0.000547474995255471,0.000547474995255471,0.715820510851627
Test,3,Test_0003,11,0.03848334401845932,0.039148928970098494,-0.000665584951639174,0.000665584951639174,-1.4283779092417446
Test,4,Test_0004,11,0.007861492224037647,0.008498802967369556,-0.0006373107433319085,0.0006373107433319085,-1.294243795574639
Test,5,Test_0005,11,0.03329095244407654,0.03268431201577186,0.000606640428304675,0.000606640428304675,1.0143378402942818
Test,6,Test_0006,11,0.021753661334514618,0.020329218730330466,0.001424442604184152,0.001424442604184152,1.6730889084034042
Test,7,Test_0007,11,0.03333273530006409,0.03368760943412781,-0.0003548741340637235,0.0003548741340637235,-1.7508549806233038
Test,8,Test_0008,11,0.03131905943155289,0.03142721988260746,-0.00010816045105457167,0.00010816045105457167,-0.25175481396855454
Test,9,Test_0009,11,0.03768478333950043,0.03760513514280319,7.96481966972365e-05,7.96481966972365e-05,0.2523660599764018
Test,10,Test_0010,11,0.024438684806227684,0.022804486379027367,0.0016341984272003167,0.0016341984272003167,1.6758727164622802
Test,11,Test_0011,11,0.03524443134665489,0.03397245928645134,0.0012719720602035536,0.0012719720602035536,1.7311289618325845
Test,12,Test_0012,11,0.021703673526644707,0.02121214345097542,0.0004915300756692872,0.0004915300756692872,0.8345743928407486
Test,13,Test_0013,11,0.026048988103866577,0.02492340877652168,0.0011255793273448958,0.0011255793273448958,1.4226841607327205
Test,14,Test_0014,11,0.0361446887254715,0.03606520816683769,7.948055863380571e-05,7.948055863380571e-05,0.09891815639376955
Test,15,Test_0015,11,0.037012979388237,0.036887770891189574,0.0001252084970474257,0.0001252084970474257,0.2526973986358341
Test,16,Test_0016,11,0.021010445430874825,0.01965560279786587,0.0013548426330089562,0.0013548426330089562,1.5627051531159442
Test,17,Test_0017,11,0.003526858286932111,0.0027659315848723052,0.0007609267020598056,0.0007609267020598056,0.8152321978025149
Test,18,Test_0018,11,0.037745632231235504,0.037868086248636246,-0.00012245401740074158,0.00012245401740074158,-0.6610623161962621
Test,19,Test_0019,11,0.03653368726372719,0.03643096461892128,0.00010272264480590959,0.00010272264480590959,0.27516382483815555
Test,20,Test_0020,11,0.04196849465370178,0.041466948390007016,0.000501546263694766,0.000501546263694766,1.0328696802802244
Test,21,Test_0021,11,0.03350961208343506,0.0341958113014698,-0.0006861992180347415,0.0006861992180347415,-1.4329773451618035
Test,22,Test_0022,11,0.004255318082869053,0.0053432976827025415,-0.0010879795998334886,0.0010879795998334886,-1.5917131910523261
Test,23,Test_0023,11,0.03455117717385292,0.0345561221241951,-4.9449503421797325e-06,4.9449503421797325e-06,-0.010002010161950953
Test,24,Test_0024,11,0.02072478085756302,0.01978771612048149,0.0009370647370815291,0.0009370647370815291,1.6273473236669354
Test,25,Test_0025,11,0.03945479169487953,0.038877100497484204,0.0005776911973953275,0.0005776911973953275,1.2237020596441497
Test,26,Test_0026,11,0.03216858208179474,0.03256629407405853,-0.00039771199226379395,0.00039771199226379395,-1.0489202043806116
Test,27,Test_0027,11,0.003890685038641095,0.003543576970696449,0.00034710806794464606,0.00034710806794464606,0.6951955742520531
Test,28,Test_0028,11,0.022518571466207504,0.02166334502398968,0.0008552264422178255,0.0008552264422178255,1.0046474502010911
Test,29,Test_0029,11,0.03575592115521431,0.035274706035852435,0.00048121511936187467,0.00048121511936187467,0.6884643342992558
Test,30,Test_0030,11,0.038048163056373596,0.03815213143825531,-0.00010396838188171664,0.00010396838188171664,-0.2860251749403641
Test,31,Test_0031,11,0.01580098085105419,0.01584770493209362,-4.67240810394301e-05,4.67240810394301e-05,-0.06359597803763728
Test,32,Test_0032,11,0.039165742695331573,0.038982517272233966,0.0001832254230976077,0.0001832254230976077,0.5970016105466366
Test,33,Test_0033,11,0.030344774946570396,0.030227553471922873,0.00011722147464752336,0.00011722147464752336,0.24656451211419894
Test,34,Test_0034,11,0.018737994134426117,0.018801451101899146,-6.34569674730287e-05,6.34569674730287e-05,-0.14419665443774585
Test,35,Test_0035,11,0.019419299438595772,0.01852170154452324,0.0008975978940725313,0.0008975978940725313,1.3987770081073376
Test,36,Test_0036,11,0.03768462687730789,0.03796341717243194,-0.0002787902951240512,0.0002787902951240512,-0.6378929936909992
Test,37,Test_0037,11,0.03151234984397888,0.03190508857369423,-0.0003927387297153473,0.0003927387297153473,-0.4427536979090615
Test,38,Test_0038,11,0.012965605594217777,0.013684233464300633,-0.0007186278700828559,0.0007186278700828559,-0.6692017214565044
Test,39,Test_0039,11,0.01770375482738018,0.017393660545349122,0.00031009428203105857,0.00031009428203105857,1.0269129448085204
Test,40,Test_0040,11,0.03617863357067108,0.03622712567448616,-4.8492103815078735e-05,4.8492103815078735e-05,-0.10063198287881249
Test,41,Test_0041,11,0.03747836500406265,0.03766464963555336,-0.00018628463149070879,0.00018628463149070879,-0.6238084900779437
Test,42,Test_0042,11,0.00028937231400050223,0.0018761396466288715,-0.0015867673326283693,0.0015867673326283693,-1.6229722037354732
Test,43,Test_0043,11,0.037299543619155884,0.03721804246306419,8.150115609169284e-05,8.150115609169284e-05,0.2993464658045477
Test,44,Test_0044,11,0.016699720174074173,0.016224480047822,0.0004752401262521737,0.0004752401262521737,0.7329977042142778
Test,45,Test_0045,11,0.03177281841635704,0.03115663826465607,0.0006161801517009721,0.0006161801517009721,1.621427992198743
Test,46,Test_0046,11,0.0022288274485617876,0.0035649712663143873,-0.0013361438177525997,0.0013361438177525997,-1.1618406763311924
Test,47,Test_0047,11,0.037201736122369766,0.03679937869310379,0.00040235742926597595,0.00040235742926597595,0.6944611426642848
Test,48,Test_0048,11,0.037094596773386,0.03746616095304489,-0.00037156417965888977,0.00037156417965888977,-1.3371125632922691
Test,49,Test_0049,11,0.006302443332970142,0.007279920764267445,-0.0009774774312973026,0.0009774774312973026,-1.3113918895110603
Test,50,Test_0050,11,0.039208486676216125,0.03848054558038712,0.0007279410958290072,0.0007279410958290072,1.4714321030270332
Test,51,Test_0051,11,0.004691208712756634,0.004898892529308796,-0.000207683816552162,0.000207683816552162,-0.41942086388549066
Test,52,Test_0052,11,0.012770029716193676,0.01246288288384676,0.00030714683234691655,0.00030714683234691655,1.2029151589984222
Test,53,Test_0053,11,0.02221773937344551,0.021872729063034058,0.00034501031041145325,0.00034501031041145325,1.171598472678307
Test,54,Test_0054,11,0.0018837257521227002,0.002369631454348564,-0.00048590570222586385,0.00048590570222586385,-0.8651115076881177
Test,55,Test_0055,11,0.010440392419695854,0.010668744705617428,-0.00022835228592157399,0.00022835228592157399,-0.6461186378437496
Test,56,Test_0056,11,0.03464434668421745,0.03488902673125267,-0.00024468004703522006,0.00024468004703522006,-0.7206270965970913
Test,57,Test_0057,11,0.03613751381635666,0.036227142065763475,-8.962824940681596e-05,8.962824940681596e-05,-0.2914258872291814
Test,58,Test_0058,11,0.03675873205065727,0.03678829893469811,-2.9566884040835295e-05,2.9566884040835295e-05,-0.06947547051955551
Test,59,Test_0059,11,0.017481956630945206,0.01675097309052944,0.0007309835404157652,0.0007309835404157652,0.8960062876197616
Test,60,Test_0060,11,0.036936111748218536,0.036243198066949846,0.0006929136812686906,0.0006929136812686906,1.5840372440112525
Test,61,Test_0061,11,0.03813604637980461,0.03828203901648521,-0.00014599263668060164,0.00014599263668060164,-0.3912510984635076
Test,62,Test_0062,11,0.03751686215400696,0.03718632236123085,0.0003305397927761064,0.0003305397927761064,0.9140306076193241
Test,63,Test_0063,11,0.021512696519494057,0.021047895774245262,0.00046480074524879456,0.00046480074524879456,1.246771752989982
Test,64,Test_0064,11,0.03598073869943619,0.03567650094628334,0.0003042377531528445,0.0003042377531528445,0.7553177138177689
Test,65,Test_0065,11,0.03586660698056221,0.035532936453819275,0.0003336705267429352,0.0003336705267429352,0.8497704301899919
Test,66,Test_0066,11,0.03494073450565338,0.03448933586478233,0.00045139864087104936,0.00045139864087104936,0.7942591272758837
Test,67,Test_0067,11,0.011569730937480927,0.011677531711757182,-0.00010780077427625587,0.00010780077427625587,-0.2876697867056919
Test,68,Test_0068,11,0.03396791219711304,0.03441469371318817,-0.0004467815160751343,0.0004467815160751343,-0.8578949517248362
Test,69,Test_0069,11,0.03742736205458641,0.037544193863868716,-0.00011683180928230563,0.00011683180928230563,-0.2655895800288796
Test,70,Test_0070,11,0.008326672948896885,0.0088337829336524,-0.0005071099847555154,0.0005071099847555154,-1.1929114185736718
Test,71,Test_0071,11,0.03205069154500961,0.03066435605287552,0.0013863354921340929,0.0013863354921340929,1.4380359964819422
Test,72,Test_0072,11,0.01618279702961445,0.01607072688639164,0.00011207014322280745,0.00011207014322280745,0.3827350562991532
Test,73,Test_0073,11,0.03634645789861679,0.035952089726924895,0.0003943681716918959,0.0003943681716918959,0.9318356451531121
Test,74,Test_0074,11,0.020913317799568176,0.02118048779666424,-0.0002671699970960631,0.0002671699970960631,-1.4627412287843813
Test,75,Test_0075,11,0.01065211184322834,0.01133883073925972,-0.0006867188960313804,0.0006867188960313804,-1.1880737536624613
Test,76,Test_0076,11,0.034005723893642426,0.03502665087580681,-0.001020926982164383,0.001020926982164383,-1.2790576315239834
Test,77,Test_0077,11,0.03899867460131645,0.03856367990374565,0.0004349946975708008,0.0004349946975708008,1.0482049669351061
Test,78,Test_0078,11,0.012272177264094353,0.011654018238186837,0.0006181590259075158,0.0006181590259075158,0.8573259248199869
Test,79,Test_0079,11,0.0107941385358572,0.011955166049301625,-0.0011610275134444244,0.0011610275134444244,-1.4862522452286049
Test,80,Test_0080,11,0.014477898366749287,0.014214778877794742,0.0002631194889545444,0.0002631194889545444,0.5298610306831544
Test,81,Test_0081,11,0.0359404981136322,0.03695358037948608,-0.001013082265853879,0.001013082265853879,-1.418409501109552
Test,82,Test_0082,11,0.007798389531672001,0.008397194929420948,-0.0005988053977489475,0.0005988053977489475,-1.33709889066945
Test,83,Test_0083,11,0.03418975695967674,0.033582663536071776,0.0006070934236049666,0.0006070934236049666,1.149142190462978
Test,84,Test_0084,11,0.012272708117961884,0.01201484315097332,0.0002578649669885639,0.0002578649669885639,0.8074265516454113
Test,85,Test_0085,11,0.02371939830482006,0.023491095378994943,0.00022830292582511763,0.00022830292582511763,0.4992021298872049
Test,86,Test_0086,11,0.011320016346871853,0.012931043095886708,-0.0016110267490148551,0.0016110267490148551,-1.7234502135848202
Test,87,Test_0087,11,0.014780083671212196,0.013873528875410556,0.0009065547958016403,0.0009065547958016403,1.4631723138266022
Test,88,Test_0088,11,0.005857544951140881,0.0068224923685193065,-0.0009649474173784259,0.0009649474173784259,-0.9273509947999514
Test,89,Test_0089,11,0.03440655767917633,0.03507073223590851,-0.0006641745567321777,0.0006641745567321777,-0.9857219677289958
Test,90,Test_0090,11,0.03411705419421196,0.03366486355662346,0.000452190637588501,0.000452190637588501,1.250513394105414
Test,91,Test_0091,11,0.04043589159846306,0.04007003456354141,0.0003658570349216461,0.0003658570349216461,0.8534120019185581
Test,92,Test_0092,11,0.030833562836050987,0.03035808876156807,0.0004754740744829164,0.0004754740744829164,0.8827410426818755
Test,93,Test_0093,11,0.027987925335764885,0.02724023684859276,0.0007476884871721254,0.0007476884871721254,1.3242364811256657
Test,94,Test_0094,11,0.03435453400015831,0.03394862785935402,0.0004059061408042894,0.0004059061408042894,1.035470952322851
Test,95,Test_0095,11,0.03298574686050415,0.033549463003873826,-0.0005637161433696761,0.0005637161433696761,-0.9604877969139682
Test,96,Test_0096,11,0.010332097299396992,0.008636133186519146,0.0016959641128778454,0.0016959641128778454,1.375500931896178
Test,97,Test_0097,11,0.016289686784148216,0.01626104414463043,2.8642639517784813e-05,2.8642639517784813e-05,0.05779243984505746
Test,98,Test_0098,11,8.651349344290793e-05,0.0009390305138367693,-0.0008525170203938614,0.0008525170203938614,-1.0080074005286024
Test,99,Test_0099,11,0.009743824601173401,0.008540287986397744,0.0012035366147756573,0.0012035366147756573,1.437086173705454
Test,0,Test_0000,42,0.02898513711988926,0.028192714601755143,0.0007924225181341164,0.0007924225181341164,0.7697815401512272
Test,1,Test_0001,42,0.0020282280165702105,0.0019354157440830023,9.28122724872082e-05,9.28122724872082e-05,0.07124737744033119
Test,2,Test_0002,42,0.02967238239943981,0.03082413338124752,-0.001151750981807708,0.001151750981807708,-1.5059080018563054
Test,3,Test_0003,42,0.03927703946828842,0.039148928970098494,0.00012811049818992754,0.00012811049818992754,0.27493140448230774
Test,4,Test_0004,42,0.009166841395199299,0.008498802967369556,0.0006680384278297431,0.0006680384278297431,1.3566452464050167
Test,5,Test_0005,42,0.03323908522725105,0.03268431201577186,0.0005547732114791898,0.0005547732114791898,0.9276128575168151
Test,6,Test_0006,42,0.01974528655409813,0.020329218730330466,-0.0005839321762323366,0.0005839321762323366,-0.6858615745165407
Test,7,Test_0007,42,0.03377621993422508,0.03368760943412781,8.8610500097272e-05,8.8610500097272e-05,0.43718073688338116
Test,8,Test_0008,42,0.03149830549955368,0.03142721988260746,7.108561694622179e-05,7.108561694622179e-05,0.16545924222437464
Test,9,Test_0009,42,0.037508755922317505,0.03760513514280319,-9.637922048568587e-05,9.637922048568587e-05,-0.30537846613184366
Test,10,Test_0010,42,0.022114820778369904,0.022804486379027367,-0.0006896656006574638,0.0006896656006574638,-0.7072530143138728
Test,11,Test_0011,42,0.03363202139735222,0.03397245928645134,-0.0003404378890991197,0.0003404378890991197,-0.4633292726809764
Test,12,Test_0012,42,0.021792661398649216,0.02121214345097542,0.0005805179476737962,0.0005805179476737962,0.9856678923529165
Test,13,Test_0013,42,0.024984819814562798,0.02492340877652168,6.14110380411162e-05,6.14110380411162e-05,0.0776209272795923
Test,14,Test_0014,42,0.03677878901362419,0.03606520816683769,0.0007135808467865004,0.0007135808467865004,0.888092673420176
Test,15,Test_0015,42,0.03623508661985397,0.036887770891189574,-0.0006526842713356004,0.0006526842713356004,-1.3172557884355034
Test,16,Test_0016,42,0.01925431564450264,0.01965560279786587,-0.00040128715336322854,0.00040128715336322854,-0.4628533876641008
Test,17,Test_0017,42,0.001347278361208737,0.0027659315848723052,-0.0014186532236635683,0.0014186532236635683,-1.5198990682232296
Test,18,Test_0018,42,0.037913501262664795,0.037868086248636246,4.5415014028549194e-05,4.5415014028549194e-05,0.24517084045963408
Test,19,Test_0019,42,0.03633759915828705,0.03643096461892128,-9.336546063423018e-05,9.336546063423018e-05,-0.25009867400155805
Test,20,Test_0020,42,0.04095936939120293,0.041466948390007016,-0.0005075789988040896,0.0005075789988040896,-1.0452933182068236
Test,21,Test_0021,42,0.034360919147729874,0.0341958113014698,0.00016510784626007358,0.00016510784626007358,0.34479171205812253
Test,22,Test_0022,42,0.005887684412300587,0.0053432976827025415,0.0005443867295980452,0.0005443867295980452,0.7964373032983891
Test,23,Test_0023,42,0.034296538680791855,0.0345561221241951,-0.0002595834434032454,0.0002595834434032454,-0.5250520347286254
Test,24,Test_0024,42,0.019152995198965073,0.01978771612048149,-0.0006347209215164171,0.0006347209215164171,-1.1022839213031703
Test,25,Test_0025,42,0.03870806097984314,0.038877100497484204,-0.00016903951764106473,0.00016903951764106473,-0.35807020572804316
Test,26,Test_0026,42,0.03254725784063339,0.03256629407405853,-1.903623342514038e-05,1.903623342514038e-05,-0.05020590337565498
Test,27,Test_0027,42,0.0030720282811671495,0.003543576970696449,-0.00047154868952929956,0.00047154868952929956,-0.9444279527878976
Test,28,Test_0028,42,0.02238229103386402,0.02166334502398968,0.0007189460098743425,0.0007189460098743425,0.8445567629777995
Test,29,Test_0029,42,0.034170981496572495,0.035274706035852435,-0.0011037245392799405,0.0011037245392799405,-1.5790754479883449
Test,30,Test_0030,42,0.038125406950712204,0.03815213143825531,-2.6724487543108855e-05,2.6724487543108855e-05,-0.07352116178364324
Test,31,Test_0031,42,0.014802087098360062,0.01584770493209362,-0.00104561783373356,0.00104561783373356,-1.4231866590113342
Test,32,Test_0032,42,0.03883909434080124,0.038982517272233966,-0.00014342293143272677,0.00014342293143272677,-0.46731353983035595
Test,33,Test_0033,42,0.03014414757490158,0.030227553471922873,-8.340589702129225e-05,8.340589702129225e-05,-0.17543657737065105
Test,34,Test_0034,42,0.018547076731920242,0.018801451101899146,-0.00025437436997890334,0.00025437436997890334,-0.578028459069643
Test,35,Test_0035,42,0.018683329224586487,0.01852170154452324,0.0001616276800632463,0.0001616276800632463,0.2518734549614807
Test,36,Test_0036,42,0.0381012000143528,0.03796341717243194,0.00013778284192085544,0.00013778284192085544,0.3152574212565043
Test,37,Test_0037,42,0.032133426517248154,0.03190508857369423,0.00022833794355392456,0.00022833794355392456,0.2574166009925351
Test,38,Test_0038,42,0.012479842640459538,0.013684233464300633,-0.0012043908238410957,0.0012043908238410957,-1.1215546267749834
Test,39,Test_0039,42,0.016924547031521797,0.017393660545349122,-0.0004691135138273246,0.0004691135138273246,-1.553523453507731
Test,40,Test_0040,42,0.03591013327240944,0.03622712567448616,-0.0003169924020767212,0.0003169924020767212,-0.6578302748040188
Test,41,Test_0041,42,0.03746737539768219,0.03766464963555336,-0.00019727423787117143,0.00019727423787117143,-0.660609216514087
Test,42,Test_0042,42,0.0022935897577553988,0.0018761396466288715,0.00041745011112652723,0.00041745011112652723,0.42697496531037743
Test,43,Test_0043,42,0.037131477147340775,0.03721804246306419,-8.656531572341641e-05,8.656531572341641e-05,-0.31794667174912356
Test,44,Test_0044,42,0.01524457335472107,0.016224480047822,-0.00097990669310093,0.00097990669310093,-1.5113819661053953
Test,45,Test_0045,42,0.03123701922595501,0.03115663826465607,8.038096129894118e-05,8.038096129894118e-05,0.21151596709203355
Test,46,Test_0046,42,0.002501716138795018,0.0035649712663143873,-0.0010632551275193691,0.0010632551275193691,-0.9245509652902096
Test,47,Test_0047,42,0.0370497889816761,0.03679937869310379,0.0002504102885723114,0.0002504102885723114,0.4322033159772104
Test,48,Test_0048,42,0.03771732375025749,0.03746616095304489,0.0002511627972126007,0.0002511627972126007,0.9038355954895989
Test,49,Test_0049,42,0.006981258280575275,0.007279920764267445,-0.00029866248369216954,0.00029866248369216954,-0.4006880837088246
Test,50,Test_0050,42,0.03808927536010742,0.03848054558038712,-0.0003912702202796964,0.0003912702202796964,-0.7908985581070177
Test,51,Test_0051,42,0.005580815486609936,0.004898892529308796,0.00068192295730114,0.00068192295730114,1.3771545641003644
Test,52,Test_0052,42,0.012430972419679165,0.01246288288384676,-3.191046416759456e-05,3.191046416759456e-05,-0.12497469299803711
Test,53,Test_0053,42,0.021537641063332558,0.021872729063034058,-0.00033508799970149994,0.00033508799970149994,-1.137903931609789
Test,54,Test_0054,42,0.0017389963613823056,0.002369631454348564,-0.0006306350929662584,0.0006306350929662584,-1.1227892028801068
Test,55,Test_0055,42,0.010196935385465622,0.010668744705617428,-0.0004718093201518062,0.0004718093201518062,-1.334975886176009
Test,56,Test_0056,42,0.0349883958697319,0.03488902673125267,9.936913847923001e-05,9.936913847923001e-05,0.2926601274657035
Test,57,Test_0057,42,0.03610079735517502,0.036227142065763475,-0.0001263447105884566,0.0001263447105884566,-0.4108093109442685
Test,58,Test_0058,42,0.03708267956972122,0.03678829893469811,0.0002943806350231143,0.0002943806350231143,0.6917277147578182
Test,59,Test_0059,42,0.015695426613092422,0.01675097309052944,-0.001055546477437018,0.001055546477437018,-1.2938407342530927
Test,60,Test_0060,42,0.036131519824266434,0.036243198066949846,-0.00011167824268341203,0.00011167824268341203,-0.2553023566115077
Test,61,Test_0061,42,0.03817856311798096,0.03828203901648521,-0.00010347589850425581,0.00010347589850425581,-0.27730891005729635
Test,62,Test_0062,42,0.03685642033815384,0.03718632236123085,-0.0003299020230770125,0.0003299020230770125,-0.9122670044516449
Test,63,Test_0063,42,0.02091808244585991,0.021047895774245262,-0.0001298133283853531,0.0001298133283853531,-0.34820854451478656
Test,64,Test_0064,42,0.035142358392477036,0.03567650094628334,-0.0005341425538063077,0.0005341425538063077,-1.3260922696568793
Test,65,Test_0065,42,0.03522195667028427,0.035532936453819275,-0.00031097978353500366,0.00031097978353500366,-0.7919831188402253
Test,66,Test_0066,42,0.03414106369018555,0.03448933586478233,-0.0003482721745967851,0.0003482721745967851,-0.612802805333962
Test,67,Test_0067,42,0.011463007889688015,0.011677531711757182,-0.0002145238220691674,0.0002145238220691674,-0.5724636260940088
Test,68,Test_0068,42,0.034254852682352066,0.03441469371318817,-0.00015984103083610535,0.00015984103083610535,-0.3069214112468528
Test,69,Test_0069,42,0.03761313110589981,0.037544193863868716,6.893724203109464e-05,6.893724203109464e-05,0.15671257059065832
Test,70,Test_0070,42,0.008941947482526302,0.0088337829336524,0.00010816454887390206,0.00010816454887390206,0.254443275256659
Test,71,Test_0071,42,0.031045062467455864,0.03066435605287552,0.00038070641458034377,0.00038070641458034377,0.39490407002085054
Test,72,Test_0072,42,0.01648223027586937,0.01607072688639164,0.0004115033894777284,0.0004115033894777284,1.4053410516834115
Test,73,Test_0073,42,0.035413626581430435,0.035952089726924895,-0.0005384631454944597,0.0005384631454944597,-1.2723114809706506
Test,74,Test_0074,42,0.021224742755293846,0.02118048779666424,4.4254958629606767e-05,4.4254958629606767e-05,0.24229349578649542
Test,75,Test_0075,42,0.010875505395233631,0.01133883073925972,-0.0004633253440260894,0.0004633253440260894,-0.8015866227436286
Test,76,Test_0076,42,0.03554697334766388,0.03502665087580681,0.0005203224718570709,0.0005203224718570709,0.651880536129323
Test,77,Test_0077,42,0.038254596292972565,0.03856367990374565,-0.00030908361077308655,0.00030908361077308655,-0.7447975293028811
Test,78,Test_0078,42,0.011346723884344101,0.011654018238186837,-0.000307294353842736,0.000307294353842736,-0.4261871218549505
Test,79,Test_0079,42,0.011865372769534588,0.011955166049301625,-8.979327976703713e-05,8.979327976703713e-05,-0.1149459957794423
Test,80,Test_0080,42,0.014248575083911419,0.014214778877794742,3.379620611667668e-05,3.379620611667668e-05,0.06805764437029684
Test,81,Test_0081,42,0.03738286718726158,0.03695358037948608,0.0004292868077755002,0.0004292868077755002,0.6010415021296841
Test,82,Test_0082,42,0.008281310088932514,0.008397194929420948,-0.00011588484048843418,0.00011588484048843418,-0.25876435356959654
Test,83,Test_0083,42,0.03295319154858589,0.033582663536071776,-0.0006294719874858842,0.0006294719874858842,-1.1915016542911792
Test,84,Test_0084,42,0.01151040568947792,0.01201484315097332,-0.0005044374614953991,0.0005044374614953991,-1.579494123659141
Test,85,Test_0085,42,0.023887595161795616,0.023491095378994943,0.00039649978280067305,0.00039649978280067305,0.866977658558477
Test,86,Test_0086,42,0.013742686249315739,0.012931043095886708,0.0008116431534290307,0.0008116431534290307,0.8682826445850784
Test,87,Test_0087,42,0.013037480413913727,0.013873528875410556,-0.0008360484614968293,0.0008360484614968293,-1.3493756445221525
Test,88,Test_0088,42,0.006249972619116306,0.0068224923685193065,-0.0005725197494030002,0.0005725197494030002,-0.5502131510895336
Test,89,Test_0089,42,0.035535093396902084,0.03507073223590851,0.00046436116099357605,0.00046436116099357605,0.6891727373653137
Test,90,Test_0090,42,0.033387552946805954,0.03366486355662346,-0.0002773106098175049,0.0002773106098175049,-0.7668903402195266
Test,91,Test_0091,42,0.040227700024843216,0.04007003456354141,0.0001576654613018036,0.0001576654613018036,0.3677764375688495
Test,92,Test_0092,42,0.029666781425476074,0.03035808876156807,-0.0006913073360919966,0.0006913073360919966,-1.2834461255098457
Test,93,Test_0093,42,0.02695554681122303,0.02724023684859276,-0.0002846900373697295,0.0002846900373697295,-0.5042165818600285
Test,94,Test_0094,42,0.03369785472750664,0.03394862785935402,-0.000250773131847383,0.000250773131847383,-0.6397249697589436
Test,95,Test_0095,42,0.03393091261386871,0.033549463003873826,0.0003814496099948869,0.0003814496099948869,0.6499329491392917
Test,96,Test_0096,42,0.0072460295632481575,0.008636133186519146,-0.0013901036232709888,0.0013901036232709888,-1.1274347226586745
Test,97,Test_0097,42,0.015840571373701096,0.01626104414463043,-0.00042047277092933585,0.00042047277092933585,-0.8483906416980111
Test,98,Test_0098,42,-3.273305264883675e-05,0.0009390305138367693,-0.0009717635664856061,0.0009717635664856061,-1.1490032962966668
Test,99,Test_0099,42,0.00761540699750185,0.008540287986397744,-0.0009248809888958934,0.0009248809888958934,-1.104356664473453
Test,0,Test_0000,73,0.02831052429974079,0.028192714601755143,0.00011780969798564841,0.00011780969798564841,0.11444365686841144
Test,1,Test_0001,73,0.002130600856617093,0.0019354157440830023,0.00019518511253409083,0.00019518511253409083,0.14983392832415057
Test,2,Test_0002,73,0.03040117397904396,0.03082413338124752,-0.0004229594022035592,0.0004229594022035592,-0.5530170655804485
Test,3,Test_0003,73,0.03915226832032204,0.039148928970098494,3.3393502235426475e-06,3.3393502235426475e-06,0.007166409154508087
Test,4,Test_0004,73,0.008291476406157017,0.008498802967369556,-0.00020732656121253898,0.00020732656121253898,-0.4210365482061372
Test,5,Test_0005,73,0.03274717181921005,0.03268431201577186,6.285980343818942e-05,6.285980343818942e-05,0.10510522260938598
Test,6,Test_0006,73,0.020070895552635193,0.020329218730330466,-0.00025832317769527297,0.00025832317769527297,-0.30341527423846154
Test,7,Test_0007,73,0.03373078256845474,0.03368760943412781,4.317313432693204e-05,4.317313432693204e-05,0.21300480933855404
Test,8,Test_0008,73,0.03177386894822121,0.03142721988260746,0.00034664906561374803,0.00034664906561374803,0.8068621217373675
Test,9,Test_0009,73,0.03711632266640663,0.03760513514280319,-0.0004888124763965593,0.0004888124763965593,-1.5488069265953353
Test,10,Test_0010,73,0.02288421057164669,0.022804486379027367,7.972419261932304e-05,7.972419261932304e-05,0.08175726829060864
Test,11,Test_0011,73,0.033410802483558655,0.03397245928645134,-0.0005616568028926835,0.0005616568028926835,-0.7644038642973201
Test,12,Test_0012,73,0.021377872675657272,0.02121214345097542,0.00016572922468185286,0.00016572922468185286,0.2813934973897422
Test,13,Test_0013,73,0.02524099126458168,0.02492340877652168,0.00031758248805999895,0.00031758248805999895,0.4014106909326738
Test,14,Test_0014,73,0.03637724369764328,0.03606520816683769,0.00031203553080558916,0.00031203553080558916,0.38834628199897736
Test,15,Test_0015,73,0.03654223307967186,0.036887770891189574,-0.00034553781151771407,0.00034553781151771407,-0.6973688540305081
Test,16,Test_0016,73,0.019963035359978676,0.01965560279786587,0.00030743256211280753,0.00030743256211280753,0.3545994474519507
Test,17,Test_0017,73,0.003406862961128354,0.0027659315848723052,0.0006409313762560489,0.0006409313762560489,0.686673096227792
Test,18,Test_0018,73,0.037726081907749176,0.037868086248636246,-0.0001420043408870697,0.0001420043408870697,-0.7666038280272981
Test,19,Test_0019,73,0.0359785296022892,0.03643096461892128,-0.0004524350166320787,0.0004524350166320787,-1.2119406573148828
Test,20,Test_0020,73,0.04102877527475357,0.041466948390007016,-0.0004381731152534457,0.0004381731152534457,-0.9023608751966452
Test,21,Test_0021,73,0.03458763659000397,0.0341958113014698,0.0003918252885341672,0.0003918252885341672,0.8182416228030759
Test,22,Test_0022,73,0.0059613632038235664,0.0053432976827025415,0.0006180655211210249,0.0006180655211210249,0.904229310047293
Test,23,Test_0023,73,0.03400016576051712,0.0345561221241951,-0.0005559563636779799,0.0005559563636779799,-1.124517096092275
Test,24,Test_0024,73,0.01978646218776703,0.01978771612048149,-1.2539327144608925e-06,1.2539327144608925e-06,-0.0021776340162918844
Test,25,Test_0025,73,0.03840002417564392,0.038877100497484204,-0.0004770763218402835,0.0004770763218402835,-1.0105732617627248
Test,26,Test_0026,73,0.03285634145140648,0.03256629407405853,0.00029004737734794617,0.00029004737734794617,0.7649670119227243
Test,27,Test_0027,73,0.003657923312857747,0.003543576970696449,0.00011434634216129797,0.00011434634216129797,0.22901533655830264
Test,28,Test_0028,73,0.021877236664295197,0.02166334502398968,0.00021389164030551772,0.00021389164030551772,0.2512617482862347
Test,29,Test_0029,73,0.03499182313680649,0.035274706035852435,-0.000282882899045947,0.000282882899045947,-0.40471460463372416
Test,30,Test_0030,73,0.037878625094890594,0.03815213143825531,-0.00027350634336471835,0.00027350634336471835,-0.752437407337874
Test,31,Test_0031,73,0.01686069741845131,0.01584770493209362,0.0010129924863576875,0.0010129924863576875,1.3787804164693924
Test,32,Test_0032,73,0.0387415885925293,0.038982517272233966,-0.0002409286797046689,0.0002409286797046689,-0.7850155692310151
Test,33,Test_0033,73,0.03056381084024906,0.030227553471922873,0.0003362573683261885,0.0003362573683261885,0.7072862222169874
Test,34,Test_0034,73,0.018633170053362846,0.018801451101899146,-0.00016828104853629927,0.00016828104853629927,-0.3823940092082709
Test,35,Test_0035,73,0.018536627292633057,0.01852170154452324,1.4925748109816117e-05,1.4925748109816117e-05,0.023259628195078284
Test,36,Test_0036,73,0.037835102528333664,0.03796341717243194,-0.00012831464409827908,0.00012831464409827908,-0.2935934782874193
Test,37,Test_0037,73,0.03255864605307579,0.03190508857369423,0.0006535574793815613,0.0006535574793815613,0.7367875101140141
Test,38,Test_0038,73,0.01489943265914917,0.013684233464300633,0.0012151991948485368,0.0012151991948485368,1.1316196142120645
Test,39,Test_0039,73,0.017575044184923172,0.017393660545349122,0.0001813836395740502,0.0001813836395740502,0.6006728219400677
Test,40,Test_0040,73,0.03618066385388374,0.03622712567448616,-4.646182060241699e-05,4.646182060241699e-05,-0.09641869021007524
Test,41,Test_0041,73,0.03749241679906845,0.03766464963555336,-0.00017223283648491045,0.00017223283648491045,-0.5767534595297632
Test,42,Test_0042,73,0.001869005267508328,0.0018761396466288715,-7.134379120543556e-06,7.134379120543556e-06,-0.007297162454418118
Test,43,Test_0043,73,0.036839231848716736,0.03721804246306419,-0.0003788106143474551,0.0003788106143474551,-1.3913375472439247
Test,44,Test_0044,73,0.016335275024175644,0.016224480047822,0.00011079497635364463,0.00011079497635364463,0.17088721852288088
Test,45,Test_0045,73,0.030840249732136726,0.03115663826465607,-0.0003163885325193419,0.0003163885325193419,-0.8325507104073341
Test,46,Test_0046,73,0.003813824849203229,0.0035649712663143873,0.00024885358288884163,0.00024885358288884163,0.21639004065993978
Test,47,Test_0047,73,0.03658885508775711,0.03679937869310379,-0.0002105236053466797,0.0002105236053466797,-0.3633596720050003
Test,48,Test_0048,73,0.037662576884031296,0.03746616095304489,0.00019641593098640442,0.00019641593098640442,0.7068232712684341
Test,49,Test_0049,73,0.0070963772013783455,0.007279920764267445,-0.00018354356288909947,0.00018354356288909947,-0.2462435776397168
Test,50,Test_0050,73,0.038073811680078506,0.03848054558038712,-0.0004067339003086118,0.0004067339003086118,-0.822156245515875
Test,51,Test_0051,73,0.005246560089290142,0.004898892529308796,0.0003476675599813463,0.0003476675599813463,0.7021203229656217
Test,52,Test_0052,73,0.012549413368105888,0.01246288288384676,8.653048425912892e-05,8.653048425912892e-05,0.3388894830379177
Test,53,Test_0053,73,0.021594149991869926,0.021872729063034058,-0.00027857907116413116,0.00027857907116413116,-0.9460088711748906
Test,54,Test_0054,73,0.002959269331768155,0.002369631454348564,0.000589637877419591,0.000589637877419591,1.0497973388412156
Test,55,Test_0055,73,0.01071480754762888,0.010668744705617428,4.6062842011451374e-05,4.6062842011451374e-05,0.13033397329717286
Test,56,Test_0056,73,0.034599289298057556,0.03488902673125267,-0.0002897374331951169,0.0002897374331951169,-0.8533292672975353
Test,57,Test_0057,73,0.03612381964921951,0.036227142065763475,-0.00010332241654396196,0.00010332241654396196,-0.33595241579824187
Test,58,Test_0058,73,0.03684164583683014,0.03678829893469811,5.3346902132031526e-05,5.3346902132031526e-05,0.125353118754913
Test,59,Test_0059,73,0.017235353589057922,0.01675097309052944,0.0004843804985284819,0.0004843804985284819,0.5937315251107591
Test,60,Test_0060,73,0.03598551079630852,0.036243198066949846,-0.0002576872706413283,0.0002576872706413283,-0.589086700173249
Test,61,Test_0061,73,0.03809349611401558,0.03828203901648521,-0.00018854290246963362,0.00018854290246963362,-0.5052831387662977
Test,62,Test_0062,73,0.036941710859537125,0.03718632236123085,-0.000244611501693727,0.000244611501693727,-0.6764159850346303
Test,63,Test_0063,73,0.020967520773410797,0.021047895774245262,-8.037500083446503e-05,8.037500083446503e-05,-0.2155962134555487
Test,64,Test_0064,73,0.03539593890309334,0.03567650094628334,-0.0002805620431900052,0.0002805620431900052,-0.6965390680487136
Test,65,Test_0065,73,0.03500835597515106,0.035532936453819275,-0.0005245804786682129,0.0005245804786682129,-1.3359674987733914
Test,66,Test_0066,73,0.03393992409110069,0.03448933586478233,-0.0005494117736816392,0.0005494117736816392,-0.9667182759731282
Test,67,Test_0067,73,0.012337171472609043,0.011677531711757182,0.0006596397608518607,0.0006596397608518607,1.7602696323920974
Test,68,Test_0068,73,0.03428617864847183,0.03441469371318817,-0.0001285150647163391,0.0001285150647163391,-0.24677033689593603
Test,69,Test_0069,73,0.03745162487030029,0.037544193863868716,-9.256899356842319e-05,9.256899356842319e-05,-0.21043378748100125
Test,70,Test_0070,73,0.008987692184746265,0.0088337829336524,0.00015390925109386513,0.00015390925109386513,0.3620518399820311
Test,71,Test_0071,73,0.03029901720583439,0.03066435605287552,-0.00036533884704113145,0.00036533884704113145,-0.3789634009511033
Test,72,Test_0072,73,0.016064342111349106,0.01607072688639164,-6.384775042535262e-06,6.384775042535262e-06,-0.02180489080400183
Test,73,Test_0073,73,0.03558128699660301,0.035952089726924895,-0.00037080273032188277,0.00037080273032188277,-0.8761538740605408
Test,74,Test_0074,73,0.021359164267778397,0.02118048779666424,0.00017867647111415724,0.00017867647111415724,0.9782439785647272
Test,75,Test_0075,73,0.011378882452845573,0.01133883073925972,4.005171358585288e-05,4.005171358585288e-05,0.06929238437380003
Test,76,Test_0076,73,0.035042718052864075,0.03502665087580681,1.6067177057266235e-05,1.6067177057266235e-05,0.02012959378208938
Test,77,Test_0077,73,0.038082022219896317,0.03856367990374565,-0.0004816576838493347,0.0004816576838493347,-1.1606485766212287
Test,78,Test_0078,73,0.01105764415115118,0.011654018238186837,-0.0005963740870356567,0.0005963740870356567,-0.8271123518028427
Test,79,Test_0079,73,0.012555533088743687,0.011955166049301625,0.0006003670394420617,0.0006003670394420617,0.768540667640885
Test,80,Test_0080,73,0.01435738056898117,0.014214778877794742,0.00014260169118642842,0.00014260169118642842,0.2871664100953585
Test,81,Test_0081,73,0.0371023453772068,0.03695358037948608,0.00014876499772072116,0.00014876499772072116,0.20828484843899786
Test,82,Test_0082,73,0.008221144787967205,0.008397194929420948,-0.00017605014145374333,0.00017605014145374333,-0.3931100984141283
Test,83,Test_0083,73,0.03333060443401337,0.033582663536071776,-0.00025205910205840926,0.00025205910205840926,-0.4771123148486073
Test,84,Test_0084,73,0.011909698136150837,0.01201484315097332,-0.00010514501482248272,0.00010514501482248272,-0.32922997541030063
Test,85,Test_0085,73,0.023845471441745758,0.023491095378994943,0.00035437606275081496,0.00035437606275081496,0.7748708636426318
Test,86,Test_0086,73,0.01311427541077137,0.012931043095886708,0.00018323231488466193,0.00018323231488466193,0.19601895028541189
Test,87,Test_0087,73,0.013825167901813984,0.013873528875410556,-4.836097359657218e-05,4.836097359657218e-05,-0.07805423121018551
Test,88,Test_0088,73,0.006712670437991619,0.0068224923685193065,-0.00010982193052768742,0.00010982193052768742,-0.10554303238863623
Test,89,Test_0089,73,0.03504885360598564,0.03507073223590851,-2.187862992286682e-05,2.187862992286682e-05,-0.0324707502270057
Test,90,Test_0090,73,0.03394148871302605,0.03366486355662346,0.0002766251564025879,0.0002766251564025879,0.7649947488358566
Test,91,Test_0091,73,0.039750535041093826,0.04007003456354141,-0.00031949952244758606,0.00031949952244758606,-0.7452767093091788
Test,92,Test_0092,73,0.029892994090914726,0.03035808876156807,-0.0004650946706533446,0.0004650946706533446,-0.8634711681489756
Test,93,Test_0093,73,0.02751960977911949,0.02724023684859276,0.000279372930526732,0.000279372930526732,0.4947994155182399
Test,94,Test_0094,73,0.03372708335518837,0.03394862785935402,-0.0002215445041656508,0.0002215445041656508,-0.5651624246328132
Test,95,Test_0095,73,0.033906418830156326,0.033549463003873826,0.00035695582628249983,0.00035695582628249983,0.6081992137607575
Test,96,Test_0096,73,0.007696175016462803,0.008636133186519146,-0.0009399581700563434,0.0009399581700563434,-0.7623471092569343
Test,97,Test_0097,73,0.01659848727285862,0.01626104414463043,0.00033744312822818825,0.00033744312822818825,0.6808611921798127
Test,98,Test_0098,73,0.0015074602561071515,0.0009390305138367693,0.0005684297422703822,0.0005684297422703822,0.6721055101332697
Test,99,Test_0099,73,0.008200929500162601,0.008540287986397744,-0.0003393584862351421,0.0003393584862351421,-0.40521192501404846
Test,0,Test_0000,101,0.026842651888728142,0.028192714601755143,-0.0013500627130270011,0.0013500627130270011,-1.311488922578519
Test,1,Test_0001,101,0.002951068105176091,0.0019354157440830023,0.001015652361093089,0.001015652361093089,0.7796659340383695
Test,2,Test_0002,101,0.03127838671207428,0.03082413338124752,0.00045425333082676003,0.00045425333082676003,0.5939337031762184
Test,3,Test_0003,101,0.03905100002884865,0.039148928970098494,-9.792894124984602e-05,9.792894124984602e-05,-0.21016030487501766
Test,4,Test_0004,101,0.008415508083999157,0.008498802967369556,-8.329488337039878e-05,8.329488337039878e-05,-0.1691543523048819
Test,5,Test_0005,101,0.03210018575191498,0.03268431201577186,-0.000584126263856885,0.000584126263856885,-0.9766928567480614
Test,6,Test_0006,101,0.01965523511171341,0.020329218730330466,-0.0006739836186170564,0.0006739836186170564,-0.791632118725934
Test,7,Test_0007,101,0.03375561907887459,0.03368760943412781,6.800964474677762e-05,6.800964474677762e-05,0.3355415732101096
Test,8,Test_0008,101,0.030746372416615486,0.03142721988260746,-0.0006808474659919725,0.0006808474659919725,-1.5847440119798377
Test,9,Test_0009,101,0.03776826709508896,0.03760513514280319,0.000163131952285768,0.000163131952285768,0.5168851243564446
Test,10,Test_0010,101,0.022040976211428642,0.022804486379027367,-0.0007635101675987251,0.0007635101675987251,-0.7829807184506622
Test,11,Test_0011,101,0.0339321605861187,0.03397245928645134,-4.0298700332640214e-05,4.0298700332640214e-05,-0.054845738717627046
Test,12,Test_0012,101,0.020505575463175774,0.02121214345097542,-0.0007065679877996459,0.0007065679877996459,-1.1996896601203129
Test,13,Test_0013,101,0.024157969281077385,0.02492340877652168,-0.0007654394954442964,0.0007654394954442964,-0.9674828061533554
Test,14,Test_0014,101,0.03468836098909378,0.03606520816683769,-0.0013768471777439104,0.0013768471777439104,-1.713566019155583
Test,15,Test_0015,101,0.03718305751681328,0.036887770891189574,0.0002952866256237044,0.0002952866256237044,0.5959512645439721
Test,16,Test_0016,101,0.018779685720801353,0.01965560279786587,-0.0008759170770645149,0.0008759170770645149,-1.0103019322554228
Test,17,Test_0017,101,0.0032654099632054567,0.0027659315848723052,0.0004994783783331515,0.0004994783783331515,0.5351249404457983
Test,18,Test_0018,101,0.03778262063860893,0.037868086248636246,-8.546561002731323e-05,8.546561002731323e-05,-0.46138211974611804
Test,19,Test_0019,101,0.03630948066711426,0.03643096461892128,-0.00012148395180702071,0.00012148395180702071,-0.32541986140285667
Test,20,Test_0020,101,0.04142134636640549,0.041466948390007016,-4.560202360152921e-05,4.560202360152921e-05,-0.09391147127776771
Test,21,Test_0021,101,0.033901818096637726,0.0341958113014698,-0.00029399320483207425,0.00029399320483207425,-0.6139406619588232
Test,22,Test_0022,101,0.00526131596416235,0.0053432976827025415,-8.198171854019182e-05,8.198171854019182e-05,-0.1199391816220944
Test,23,Test_0023,101,0.03460262343287468,0.0345561221241951,4.65013086795793e-05,4.65013086795793e-05,0.09405687211656638
Test,24,Test_0024,101,0.019637642428278923,0.01978771612048149,-0.00015007369220256667,0.00015007369220256667,-0.2606244923048618
Test,25,Test_0025,101,0.03852452337741852,0.038877100497484204,-0.0003525771200656863,0.0003525771200656863,-0.746851172309853
Test,26,Test_0026,101,0.03222692385315895,0.03256629407405853,-0.0003393702208995819,0.0003393702208995819,-0.8950504093187462
Test,27,Test_0027,101,0.0029824015218764544,0.003543576970696449,-0.0005611754488199948,0.0005611754488199948,-1.123934372106799
Test,28,Test_0028,101,0.020824139937758446,0.02166334502398968,-0.0008392050862312331,0.0008392050862312331,-0.985826920752828
Test,29,Test_0029,101,0.03564206883311272,0.035274706035852435,0.00036736279726028165,0.00036736279726028165,0.525578215409144
Test,30,Test_0030,101,0.03792967647314072,0.03815213143825531,-0.00022245496511459628,0.00022245496511459628,-0.6119910607596389
Test,31,Test_0031,101,0.016018424183130264,0.01584770493209362,0.0001707192510366426,0.0001707192510366426,0.23236535632163677
Test,32,Test_0032,101,0.03873353824019432,0.038982517272233966,-0.0002489790320396451,0.0002489790320396451,-0.8112459537933604
Test,33,Test_0033,101,0.029450127854943275,0.030227553471922873,-0.0007774256169795976,0.0007774256169795976,-1.6352427618918757
Test,34,Test_0034,101,0.019573397934436798,0.018801451101899146,0.0007719468325376524,0.0007719468325376524,1.7541359930736629
Test,35,Test_0035,101,0.01832973212003708,0.01852170154452324,-0.00019196942448616167,0.00019196942448616167,-0.2991566925502863
Test,36,Test_0036,101,0.037543728947639465,0.03796341717243194,-0.0004196882247924777,0.0004196882247924777,-0.9602779681072147
Test,37,Test_0037,101,0.030566394329071045,0.03190508857369423,-0.0013386942446231842,0.0013386942446231842,-1.5091759032934786
Test,38,Test_0038,101,0.014715819619596004,0.013684233464300633,0.0010315861552953713,0.0010315861552953713,0.9606352045249303
Test,39,Test_0039,101,0.017294839024543762,0.017393660545349122,-9.882152080535958e-05,9.882152080535958e-05,-0.32725885261736
Test,40,Test_0040,101,0.03582524508237839,0.03622712567448616,-0.00040188059210777283,0.00040188059210777283,-0.8339922932306533
Test,41,Test_0041,101,0.03772009164094925,0.03766464963555336,5.5442005395887894e-05,5.5442005395887894e-05,0.1856577936469602
Test,42,Test_0042,101,0.0019956633914262056,0.0018761396466288715,0.00011952374479733412,0.00011952374479733412,0.12225088801842496
Test,43,Test_0043,101,0.03722942993044853,0.03721804246306419,1.1387467384341154e-05,1.1387467384341154e-05,0.04182515045715443
Test,44,Test_0044,101,0.016871707513928413,0.016224480047822,0.0006472274661064141,0.0006472274661064141,0.9982663932478827
Test,45,Test_0045,101,0.031064439564943314,0.03115663826465607,-9.219869971275468e-05,9.219869971275468e-05,-0.24261338529958817
Test,46,Test_0046,101,0.004634262062609196,0.0035649712663143873,0.0010692907962948084,0.0010692907962948084,0.9297992667073149
Test,47,Test_0047,101,0.03587967902421951,0.03679937869310379,-0.0009196996688842773,0.0009196996688842773,-1.5873838445745059
Test,48,Test_0048,101,0.03724612295627594,0.03746616095304489,-0.00022003799676895142,0.00022003799676895142,-0.7918297456755113
Test,49,Test_0049,101,0.008208057843148708,0.007279920764267445,0.0009281370788812634,0.0009281370788812634,1.2451964604277148
Test,50,Test_0050,101,0.0382624976336956,0.03848054558038712,-0.00021804794669151584,0.00021804794669151584,-0.440753723892502
Test,51,Test_0051,101,0.004404344595968723,0.004898892529308796,-0.0004945479333400725,0.0004945479333400725,-0.9987476389725367
Test,52,Test_0052,101,0.012066938914358616,0.01246288288384676,-0.0003959439694881436,0.0003959439694881436,-1.5506818005316085
Test,53,Test_0053,101,0.021976567804813385,0.021872729063034058,0.00010383874177932739,0.00010383874177932739,0.3526193496316406
Test,54,Test_0054,101,0.002899159910157323,0.002369631454348564,0.0005295284558087588,0.0005295284558087588,0.9427779066390474
Test,55,Test_0055,101,0.011062255129218102,0.010668744705617428,0.00039351042360067333,0.00039351042360067333,1.113430583136382
Test,56,Test_0056,101,0.0347803458571434,0.03488902673125267,-0.00010868087410927096,0.00010868087410927096,-0.3200848770219687
Test,57,Test_0057,101,0.03600423038005829,0.036227142065763475,-0.00022291168570518632,0.00022291168570518632,-0.7247964365066151
Test,58,Test_0058,101,0.03608909994363785,0.03678829893469811,-0.0006991989910602597,0.0006991989910602597,-1.6429590221147183
Test,59,Test_0059,101,0.017290081828832626,0.01675097309052944,0.0005391087383031859,0.0005391087383031859,0.6608149055663652
Test,60,Test_0060,101,0.035803887993097305,0.036243198066949846,-0.00043931007385254045,0.00043931007385254045,-1.0042860134867444
Test,61,Test_0061,101,0.03805750980973244,0.03828203901648521,-0.0002245292067527757,0.0002245292067527757,-0.6017241744277365
Test,62,Test_0062,101,0.036980122327804565,0.03718632236123085,-0.00020620003342628618,0.00020620003342628618,-0.5701980395789048
Test,63,Test_0063,101,0.020543651655316353,0.021047895774245262,-0.0005042441189289093,0.0005042441189289093,-1.3525738297931775
Test,64,Test_0064,101,0.035755522549152374,0.03567650094628334,7.902160286903104e-05,7.902160286903104e-05,0.19618346442121734
Test,65,Test_0065,101,0.0358453243970871,0.035532936453819275,0.00031238794326782227,0.00031238794326782227,0.7955693286071293
Test,66,Test_0066,101,0.034180741757154465,0.03448933586478233,-0.00030859410762786726,0.00030859410762786726,-0.5429872055751459
Test,67,Test_0067,101,0.01143123023211956,0.011677531711757182,-0.00024630147963762214,0.00024630147963762214,-0.6572633136296241
Test,68,Test_0068,101,0.034247010946273804,0.03441469371318817,-0.00016768276691436768,0.00016768276691436768,-0.32197885107426144
Test,69,Test_0069,101,0.037007302045822144,0.037544193863868716,-0.0005368918180465726,0.0005368918180465726,-1.2204969977943052
Test,70,Test_0070,101,0.009403671137988567,0.0088337829336524,0.0005698882043361671,0.0005698882043361671,1.3405891556065752
Test,71,Test_0071,101,0.029446382075548172,0.03066435605287552,-0.0012179739773273482,0.0012179739773273482,-1.2633957884745515
Test,72,Test_0072,101,0.01569533720612526,0.01607072688639164,-0.0003753896802663817,0.0003753896802663817,-1.2820077344349767
Test,73,Test_0073,101,0.0361880287528038,0.035952089726924895,0.00023593902587890764,0.00023593902587890764,0.5574902088407726
Test,74,Test_0074,101,0.021319231018424034,0.02118048779666424,0.00013874322175979475,0.00013874322175979475,0.7596116064239633
Test,75,Test_0075,101,0.01202127244323492,0.01133883073925972,0.0006824417039752,0.0006824417039752,1.1806738995872512
Test,76,Test_0076,101,0.03452134504914284,0.03502665087580681,-0.000505305826663971,0.000505305826663971,-0.6330670901437903
Test,77,Test_0077,101,0.03850826993584633,0.03856367990374565,-5.540996789932251e-05,5.540996789932251e-05,-0.13352117599164814
Test,78,Test_0078,101,0.012573488987982273,0.011654018238186837,0.0009194707497954362,0.0009194707497954362,1.2752157258498664
Test,79,Test_0079,101,0.012786813080310822,0.011955166049301625,0.0008316470310091965,0.0008316470310091965,1.0646063532191115
Test,80,Test_0080,101,0.01462711114436388,0.014214778877794742,0.0004123322665691379,0.0004123322665691379,0.8303406205915373
Test,81,Test_0081,101,0.036573950201272964,0.03695358037948608,-0.00037963017821311673,0.00037963017821311673,-0.5315175971731629
Test,82,Test_0082,101,0.008806928060948849,0.008397194929420948,0.00040973313152790035,0.00040973313152790035,0.914911117528313
Test,83,Test_0083,101,0.03336603194475174,0.033582663536071776,-0.00021663159132003645,0.00021663159132003645,-0.4100530358157396
Test,84,Test_0084,101,0.012106677517294884,0.01201484315097332,9.183436632156407e-05,9.183436632156407e-05,0.28755168485081745
Test,85,Test_0085,101,0.023107126355171204,0.023491095378994943,-0.0003839690238237395,0.0003839690238237395,-0.8395781780315382
Test,86,Test_0086,101,0.013145308941602707,0.012931043095886708,0.0002142658457159989,0.0002142658457159989,0.2292181168245552
Test,87,Test_0087,101,0.013940312899649143,0.013873528875410556,6.678402423858712e-05,6.678402423858712e-05,0.10778889011934187
Test,88,Test_0088,101,0.008568949066102505,0.0068224923685193065,0.0017464566975831982,0.0017464566975831982,1.678410995988668
Test,89,Test_0089,101,0.03442852199077606,0.03507073223590851,-0.0006422102451324463,0.0006422102451324463,-0.9531240546797151
Test,90,Test_0090,101,0.03361687809228897,0.03366486355662346,-4.7985464334487915e-05,4.7985464334487915e-05,-0.13270169898398337
Test,91,Test_0091,101,0.03949182480573654,0.04007003456354141,-0.0005782097578048706,0.0005782097578048706,-1.3487540209327378
Test,92,Test_0092,101,0.030633825808763504,0.03035808876156807,0.0002757370471954332,0.0002757370471954332,0.5119194118249735
Test,93,Test_0093,101,0.0272442065179348,0.02724023684859276,3.969669342039628e-06,3.969669342039628e-06,0.007030710049604962
Test,94,Test_0094,101,0.03357212245464325,0.03394862785935402,-0.00037650540471077104,0.00037650540471077104,-0.9604693567780649
Test,95,Test_0095,101,0.032840877771377563,0.033549463003873826,-0.000708585232496263,0.000708585232496263,-1.2073230062524378
Test,96,Test_0096,101,0.008646826259791851,0.008636133186519146,1.0693073272704731e-05,1.0693073272704731e-05,0.008672549224217495
Test,97,Test_0097,101,0.01687541790306568,0.01626104414463043,0.00061437375843525,0.00061437375843525,1.2396259239552465
Test,98,Test_0098,101,0.0013690489577129483,0.0009390305138367693,0.000430018443876179,0.000430018443876179,0.5084494073686918
Test,99,Test_0099,101,0.00900916289538145,0.008540287986397744,0.0004688749089837071,0.0004688749089837071,0.5598613624426287
Test,0,Test_0000,202,0.027496783062815666,0.028192714601755143,-0.0006959315389394767,0.0006959315389394767,-0.6760474868206295
Test,1,Test_0001,202,0.0028424125630408525,0.0019354157440830023,0.0009069968189578503,0.0009069968189578503,0.6962564644279782
Test,2,Test_0002,202,0.03139711543917656,0.03082413338124752,0.0005729820579290397,0.0005729820579290397,0.7491708534089129
Test,3,Test_0003,202,0.03978099301457405,0.039148928970098494,0.0006320640444755568,0.0006320640444755568,1.3564404004799613
Test,4,Test_0004,202,0.008758696727454662,0.008498802967369556,0.0002598937600851066,0.0002598937600851066,0.5277894496806484
Test,5,Test_0005,202,0.03204416483640671,0.03268431201577186,-0.0006401471793651553,0.0006401471793651553,-1.0703630636723982
Test,6,Test_0006,202,0.020421015098690987,0.020329218730330466,9.17963683605208e-05,9.17963683605208e-05,0.10782005907754023
Test,7,Test_0007,202,0.03384269028902054,0.03368760943412781,0.00015508085489272794,0.00015508085489272794,0.7651278611911906
Test,8,Test_0008,202,0.03179849311709404,0.03142721988260746,0.0003712732344865813,0.0003712732344865813,0.8641774619866663
Test,9,Test_0009,202,0.03794754669070244,0.03760513514280319,0.0003424115478992476,0.0003424115478992476,1.0849342083943545
Test,10,Test_0010,202,0.022543739527463913,0.022804486379027367,-0.00026074685156345437,0.00026074685156345437,-0.2673962519883574
Test,11,Test_0011,202,0.033642880618572235,0.03397245928645134,-0.0003295786678791032,0.0003295786678791032,-0.4485500861366516
Test,12,Test_0012,202,0.020680934190750122,0.02121214345097542,-0.0005312092602252974,0.0005312092602252974,-0.9019461224631062
Test,13,Test_0013,202,0.024184275418519974,0.02492340877652168,-0.0007391333580017076,0.0007391333580017076,-0.9342329727916225
Test,14,Test_0014,202,0.03633695840835571,0.03606520816683769,0.000271750241518022,0.000271750241518022,0.33820890734266884
Test,15,Test_0015,202,0.037465497851371765,0.036887770891189574,0.0005777269601821913,0.0005777269601821913,1.1659759792862192
Test,16,Test_0016,202,0.019270531833171844,0.01965560279786587,-0.0003850709646940238,0.0003850709646940238,-0.44414928064837544
Test,17,Test_0017,202,0.0022832483518868685,0.0027659315848723052,-0.00048268323298543674,0.00048268323298543674,-0.5171311662528747
Test,18,Test_0018,202,0.03817259520292282,0.037868086248636246,0.0003045089542865753,0.0003045089542865753,1.6438774235100442
Test,19,Test_0019,202,0.036995526403188705,0.03643096461892128,0.0005645617842674269,0.0005645617842674269,1.5122953678811606
Test,20,Test_0020,202,0.04195675626397133,0.041466948390007016,0.0004898078739643125,0.0004898078739643125,1.0086959844010406
Test,21,Test_0021,202,0.03461907058954239,0.0341958113014698,0.00042325928807258884,0.00042325928807258884,0.8838846722594572
Test,22,Test_0022,202,0.005350806750357151,0.0053432976827025415,7.509067654609507e-06,7.509067654609507e-06,0.010985759328737008
Test,23,Test_0023,202,0.03533010557293892,0.0345561221241951,0.0007739834487438188,0.0007739834487438188,1.565514268866271
Test,24,Test_0024,202,0.019636699929833412,0.01978771612048149,-0.00015101619064807753,0.00015101619064807753,-0.2622612760425993
Test,25,Test_0025,202,0.039298102259635925,0.038877100497484204,0.0004210017621517209,0.0004210017621517209,0.8917925801565005
Test,26,Test_0026,202,0.0330323651432991,0.03256629407405853,0.00046607106924057007,0.00046607106924057007,1.2292095051522887
Test,27,Test_0027,202,0.0041148466989398,0.003543576970696449,0.0005712697282433512,0.0005712697282433512,1.1441514140843425
Test,28,Test_0028,202,0.02071448601782322,0.02166334502398968,-0.0009488590061664595,0.0009488590061664595,-1.1146390407123057
Test,29,Test_0029,202,0.03581273555755615,0.035274706035852435,0.0005380295217037173,0.0005380295217037173,0.7697475029136495
Test,30,Test_0030,202,0.03877878561615944,0.03815213143825531,0.0006266541779041263,0.0006266541779041263,1.723974804821482
Test,31,Test_0031,202,0.015756335109472275,0.01584770493209362,-9.136982262134691e-05,9.136982262134691e-05,-0.12436313574206716
Test,32,Test_0032,202,0.039432622492313385,0.038982517272233966,0.0004501052200794192,0.0004501052200794192,1.4665734523080496
Test,33,Test_0033,202,0.030634906142950058,0.030227553471922873,0.0004073526710271849,0.0004073526710271849,0.8568286049313549
Test,34,Test_0034,202,0.01851561665534973,0.018801451101899146,-0.0002858344465494142,0.0002858344465494142,-0.6495168703579876
Test,35,Test_0035,202,0.0176395196467638,0.01852170154452324,-0.000882181897759439,0.000882181897759439,-1.3747533987136211
Test,36,Test_0036,202,0.03865242749452591,0.03796341717243194,0.0006890103220939664,0.0006890103220939664,1.5765070188291606
Test,37,Test_0037,202,0.032754626125097275,0.03190508857369423,0.0008495375514030457,0.0008495375514030457,0.9577254900959908
Test,38,Test_0038,202,0.013360466808080673,0.013684233464300633,-0.00032376665621995995,0.00032376665621995995,-0.3014984705055101
Test,39,Test_0039,202,0.017470117658376694,0.017393660545349122,7.645711302757194e-05,7.645711302757194e-05,0.2531965393764915
Test,40,Test_0040,202,0.03704095259308815,0.03622712567448616,0.0008138269186019897,0.0008138269186019897,1.6888732411235599
Test,41,Test_0041,202,0.03816499933600426,0.03766464963555336,0.0005003497004508958,0.0005003497004508958,1.6755133724748106
Test,42,Test_0042,202,0.0029330675024539232,0.0018761396466288715,0.0010569278558250517,0.0010569278558250517,1.0810435128610891
Test,43,Test_0043,202,0.03759052976965904,0.03721804246306419,0.0003724873065948514,0.0003724873065948514,1.3681126027313972
Test,44,Test_0044,202,0.015971124172210693,0.016224480047822,-0.00025335587561130593,0.00025335587561130593,-0.39076934987965145
Test,45,Test_0045,202,0.030868664383888245,0.03115663826465607,-0.00028797388076782365,0.00028797388076782365,-0.7577798635838725
Test,46,Test_0046,202,0.004646225832402706,0.0035649712663143873,0.0010812545660883188,0.0010812545660883188,0.9402023342541473
Test,47,Test_0047,202,0.03727683424949646,0.03679937869310379,0.0004774555563926697,0.0004774555563926697,0.8240790579380108
Test,48,Test_0048,202,0.03761018440127373,0.03746616095304489,0.00014402344822883606,0.00014402344822883606,0.5182834422097474
Test,49,Test_0049,202,0.0078114671632647514,0.007279920764267445,0.0005315463989973065,0.0005315463989973065,0.7131270904318845
Test,50,Test_0050,202,0.03876865655183792,0.03848054558038712,0.0002881109714508029,0.0002881109714508029,0.5823764244883333
Test,51,Test_0051,202,0.004571533761918545,0.004898892529308796,-0.000327358767390251,0.000327358767390251,-0.661106384207957
Test,52,Test_0052,202,0.012497060000896454,0.01246288288384676,3.417711704969441e-05,3.417711704969441e-05,0.13385185149331252
Test,53,Test_0053,202,0.022037547081708908,0.021872729063034058,0.00016481801867485046,0.00016481801867485046,0.5596949804747319
Test,54,Test_0054,202,0.002367005916312337,0.002369631454348564,-2.6255380362271395e-06,2.6255380362271395e-06,-0.004674534912037629
Test,55,Test_0055,202,0.010929333046078682,0.010668744705617428,0.0002605883404612538,0.0002605883404612538,0.7373299675861988
Test,56,Test_0056,202,0.03543275594711304,0.03488902673125267,0.000543729215860364,0.000543729215860364,1.601381113450851
Test,57,Test_0057,202,0.03676934912800789,0.036227142065763475,0.0005422070622444139,0.0005422070622444139,1.7629840504782843
Test,58,Test_0058,202,0.03716933727264404,0.03678829893469811,0.00038103833794593533,0.00038103833794593533,0.89535365912151
Test,59,Test_0059,202,0.016052046790719032,0.01675097309052944,-0.0006989262998104082,0.0006989262998104082,-0.8567119840437847
Test,60,Test_0060,202,0.03635895997285843,0.036243198066949846,0.00011576190590858321,0.00011576190590858321,0.2646378262602328
Test,61,Test_0061,202,0.03894457966089249,0.03828203901648521,0.0006625406444072737,0.0006625406444072737,1.7755673217148569
Test,62,Test_0062,202,0.037636496126651764,0.03718632236123085,0.0004501737654209123,0.0004501737654209123,1.2448504214458367
Test,63,Test_0063,202,0.021297527477145195,0.021047895774245262,0.00024963170289993286,0.00024963170289993286,0.669606834773531
Test,64,Test_0064,202,0.03610794618725777,0.03567650094628334,0.0004314452409744235,0.0004314452409744235,1.071130159466572
Test,65,Test_0065,202,0.035722438246011734,0.035532936453819275,0.0001895017921924591,0.0001895017921924591,0.4826108588164956
Test,66,Test_0066,202,0.03524421527981758,0.03448933586478233,0.0007548794150352492,0.0007548794150352492,1.3282491596063648
Test,67,Test_0067,202,0.01158651802688837,0.011677531711757182,-9.101368486881187e-05,9.101368486881187e-05,-0.2428729059627633
Test,68,Test_0068,202,0.03531751409173012,0.03441469371318817,0.0009028203785419464,0.0009028203785419464,1.7335655509418864
Test,69,Test_0069,202,0.03822154924273491,0.037544193863868716,0.0006773553788661929,0.0006773553788661929,1.5398077947134963
Test,70,Test_0070,202,0.008508930914103985,0.0088337829336524,-0.00032485201954841544,0.00032485201954841544,-0.7641728522715855
Test,71,Test_0071,202,0.030480626970529556,0.03066435605287552,-0.0001837290823459639,0.0001837290823459639,-0.1905808770771451
Test,72,Test_0072,202,0.015928927809000015,0.01607072688639164,-0.00014179907739162584,0.00014179907739162584,-0.48426348274360986
Test,73,Test_0073,202,0.03623104840517044,0.035952089726924895,0.0002789586782455458,0.0002789586782455458,0.6591395010373231
Test,74,Test_0074,202,0.021085983142256737,0.02118048779666424,-9.450465440750261e-05,9.450465440750261e-05,-0.5174078519908426
Test,75,Test_0075,202,0.011766381561756134,0.01133883073925972,0.0004275508224964135,0.0004275508224964135,0.7396940924450326
Test,76,Test_0076,202,0.036016494035720825,0.03502665087580681,0.0009898431599140167,0.0009898431599140167,1.2401145917563614
Test,77,Test_0077,202,0.038974836468696594,0.03856367990374565,0.000411156564950943,0.000411156564950943,0.9907623149806517
Test,78,Test_0078,202,0.011020056903362274,0.011654018238186837,-0.0006339613348245628,0.0006339613348245628,-0.879242177012065
Test,79,Test_0079,202,0.011773972772061825,0.011955166049301625,-0.0001811932772398002,0.0001811932772398002,-0.23194877985195378
Test,80,Test_0080,202,0.013362929224967957,0.014214778877794742,-0.0008518496528267857,0.0008518496528267857,-1.7154257057403437
Test,81,Test_0081,202,0.03776824101805687,0.03695358037948608,0.0008146606385707883,0.0008146606385707883,1.1406007477140525
Test,82,Test_0082,202,0.008878202177584171,0.008397194929420948,0.0004810072481632229,0.0004810072481632229,1.0740622251248582
Test,83,Test_0083,202,0.034073732793331146,0.033582663536071776,0.0004910692572593703,0.0004910692572593703,0.9295248144925612
Test,84,Test_0084,202,0.012274726293981075,0.01201484315097332,0.0002598831430077556,0.0002598831430077556,0.8137458625732183
Test,85,Test_0085,202,0.02289588563144207,0.023491095378994943,-0.0005952097475528731,0.0005952097475528731,-1.3014724740567907
Test,86,Test_0086,202,0.013332928530871868,0.012931043095886708,0.00040188543498516013,0.00040188543498516013,0.4299305018897709
Test,87,Test_0087,202,0.013784599490463734,0.013873528875410556,-8.892938494682243e-05,8.892938494682243e-05,-0.14353132821360046
Test,88,Test_0088,202,0.00672332476824522,0.0068224923685193065,-9.916760027408635e-05,9.916760027408635e-05,-0.09530381771054834
Test,89,Test_0089,202,0.03593463450670242,0.03507073223590851,0.0008639022707939148,0.0008639022707939148,1.2821440352704028
Test,90,Test_0090,202,0.03326134383678436,0.03366486355662346,-0.00040351971983909607,0.00040351971983909607,-1.1159161037377607
Test,91,Test_0091,202,0.04044422134757042,0.04007003456354141,0.00037418678402900696,0.00037418678402900696,0.872842290754509
Test,92,Test_0092,202,0.030763279646635056,0.03035808876156807,0.0004051908850669847,0.0004051908850669847,0.7522568391519595
Test,93,Test_0093,202,0.026493895798921585,0.02724023684859276,-0.0007463410496711745,0.0007463410496711745,-1.3218500248334943
Test,94,Test_0094,202,0.03439154475927353,0.03394862785935402,0.0004429168999195085,0.0004429168999195085,1.129885798846953
Test,95,Test_0095,202,0.03408335894346237,0.033549463003873826,0.0005338959395885454,0.0005338959395885454,0.9096786402663452
Test,96,Test_0096,202,0.009259537793695927,0.008636133186519146,0.0006234046071767804,0.0006234046071767804,0.5056083507952119
Test,97,Test_0097,202,0.015701057389378548,0.01626104414463043,-0.0005599867552518838,0.0005599867552518838,-1.1298889142820985
Test,98,Test_0098,202,0.001764862914569676,0.0009390305138367693,0.0008258324007329066,0.0008258324007329066,0.9764557793233077
Test,99,Test_0099,202,0.008132115937769413,0.008540287986397744,-0.0004081720486283306,0.0004081720486283306,-0.48737894666058335
Prediction,0,randomness_0.0061,11,0.04089396074414253,0.0405075415968895,0.0003864191472530351,0.0003864191472530351,1.538204260679713
Prediction,1,randomness_0.0153,11,0.03743733838200569,0.037970511615276335,-0.0005331732332706438,0.0005331732332706438,-1.0661759179344965
Prediction,2,randomness_0.0229,11,0.03499021753668785,0.03540590479969978,-0.0004156872630119296,0.0004156872630119296,-0.9502623648333584
Prediction,3,randomness_0.1000,11,0.03209936246275902,0.0324720449745655,-0.00037268251180648526,0.00037268251180648526,-0.637162364357725
Prediction,4,randomness_0.1444,11,0.03502689301967621,0.035297416150569916,-0.0002705231308937073,0.0002705231308937073,-0.6640266977475484
Prediction,5,randomness_0.1889,11,0.03715226799249649,0.037164007872343065,-1.1739879846574264e-05,1.1739879846574264e-05,-0.024596166936441295
Prediction,6,randomness_0.2333,11,0.03797684982419014,0.03810982704162598,-0.00013297721743583957,0.00013297721743583957,-0.4907026661819903
Prediction,7,randomness_0.2778,11,0.03274014592170715,0.03265409171581268,8.605420589447021e-05,8.605420589447021e-05,0.12924574129461958
Prediction,8,randomness_0.3222,11,0.0388004444539547,0.03896658346056938,-0.00016613900661468367,0.00016613900661468367,-0.827858660146646
Prediction,9,randomness_0.3667,11,0.03461528569459915,0.03447621017694473,0.00013907551765442172,0.00013907551765442172,0.4461802455519922
Prediction,10,randomness_0.4111,11,0.034653808921575546,0.033775211125612256,0.0008785977959632901,0.0008785977959632901,1.3719062355019518
Prediction,11,randomness_0.4556,11,0.03202272579073906,0.03098784536123276,0.0010348804295063005,0.0010348804295063005,1.717801583884973
Prediction,12,randomness_0.5000,11,0.024796562269330025,0.024300746247172357,0.0004958160221576677,0.0004958160221576677,1.0385058329861612
Prediction,0,randomness_0.0061,42,0.04047679901123047,0.0405075415968895,-3.074258565902849e-05,3.074258565902849e-05,-0.12237586201716674
Prediction,1,randomness_0.0153,42,0.03818041458725929,0.037970511615276335,0.00020990297198295732,0.00020990297198295732,0.41973880132408814
Prediction,2,randomness_0.0229,42,0.0357251912355423,0.03540590479969978,0.0003192864358425168,0.0003192864358425168,0.7298897767147056
Prediction,3,randomness_0.1000,42,0.03248172253370285,0.0324720449745655,9.677559137347136e-06,9.677559137347136e-06,0.016545387201762723
Prediction,4,randomness_0.1444,42,0.03508748114109039,0.035297416150569916,-0.0002099350094795227,0.0002099350094795227,-0.5153069559181656
Prediction,5,randomness_0.1889,42,0.03691723942756653,0.037164007872343065,-0.0002467684447765364,0.0002467684447765364,-0.5170034056303227
Prediction,6,randomness_0.2333,42,0.037898436188697815,0.03810982704162598,-0.0002113908529281644,0.0002113908529281644,-0.7800588487150754
Prediction,7,randomness_0.2778,42,0.03258351609110832,0.03265409171581268,-7.057562470436096e-05,7.057562470436096e-05,-0.10599829302279513
Prediction,8,randomness_0.3222,42,0.039207443594932556,0.03896658346056938,0.00024086013436317583,0.00024086013436317583,1.2001886382954736
Prediction,9,randomness_0.3667,42,0.034205567091703415,0.03447621017694473,-0.000270643085241315,0.000270643085241315,-0.8682735844994312
Prediction,10,randomness_0.4111,42,0.03331294655799866,0.033775211125612256,-0.0004622645676135989,0.0004622645676135989,-0.7218133777189757
Prediction,11,randomness_0.4556,42,0.030526626855134964,0.03098784536123276,-0.00046121850609779497,0.00046121850609779497,-0.7655781843993502
Prediction,12,randomness_0.5000,42,0.023732580244541168,0.024300746247172357,-0.0005681660026311888,0.0005681660026311888,-1.1900456650618048
Prediction,0,randomness_0.0061,73,0.04042717069387436,0.0405075415968895,-8.03709030151381e-05,8.03709030151381e-05,-0.31992945052385835
Prediction,1,randomness_0.0153,73,0.038075532764196396,0.037970511615276335,0.00010502114892006059,0.00010502114892006059,0.21000870423580234
Prediction,2,randomness_0.0229,73,0.035448815673589706,0.03540590479969978,4.291087388992587e-05,4.291087388992587e-05,0.0980943900090986
Prediction,3,randomness_0.1000,73,0.03213762491941452,0.0324720449745655,-0.00033442005515098294,0.00033442005515098294,-0.5717463693045045
Prediction,4,randomness_0.1444,73,0.03502922132611275,0.035297416150569916,-0.0002681948244571686,0.0002681948244571686,-0.6583116314266333
Prediction,5,randomness_0.1889,73,0.03659221902489662,0.037164007872343065,-0.000571788847446443,0.000571788847446443,-1.1979521194411495
Prediction,6,randomness_0.2333,73,0.037968337535858154,0.03810982704162598,-0.00014148950576782504,0.00014148950576782504,-0.5221140813127851
Prediction,7,randomness_0.2778,73,0.03272544592618942,0.03265409171581268,7.13542103767395e-05,7.13542103767395e-05,0.10716765925355598
Prediction,8,randomness_0.3222,73,0.03872175142168999,0.03896658346056938,-0.00024483203887939314,0.00024483203887939314,-1.2199803513797594
Prediction,9,randomness_0.3667,73,0.034085266292095184,0.03447621017694473,-0.00039094388484954556,0.00039094388484954556,-1.2542210266845928
Prediction,10,randomness_0.4111,73,0.03300977498292923,0.033775211125612256,-0.0007654361426830264,0.0007654361426830264,-1.1952074337656107
Prediction,11,randomness_0.4556,73,0.030768418684601784,0.03098784536123276,-0.0002194266766309752,0.0002194266766309752,-0.364227095146754
Prediction,12,randomness_0.5000,73,0.023899370804429054,0.024300746247172357,-0.0004013754427433028,0.0004013754427433028,-0.8406963871243601
Prediction,0,randomness_0.0061,101,0.04019986838102341,0.0405075415968895,-0.00030767321586609025,0.00030767321586609025,-1.2247432739981337
Prediction,1,randomness_0.0153,101,0.03751521557569504,0.037970511615276335,-0.00045529603958129744,0.00045529603958129744,-0.9104464414966684
Prediction,2,randomness_0.0229,101,0.034938979893922806,0.03540590479969978,-0.00046692490577697476,0.00046692490577697476,-1.067391774162894
Prediction,3,randomness_0.1000,101,0.03215952590107918,0.0324720449745655,-0.00031251907348632535,0.00031251907348632535,-0.5343030205635948
Prediction,4,randomness_0.1444,101,0.03535991907119751,0.035297416150569916,6.2502920627594e-05,6.2502920627594e-05,0.15341981237170355
Prediction,5,randomness_0.1889,101,0.03728031739592552,0.037164007872343065,0.00011630952358245711,0.00011630952358245711,0.2436795346901998
Prediction,6,randomness_0.2333,101,0.03813673183321953,0.03810982704162598,2.690479159354886e-05,2.690479159354886e-05,0.09928206667728783
Prediction,7,randomness_0.2778,101,0.03167472407221794,0.03265409171581268,-0.0009793676435947418,0.0009793676435947418,-1.470922841953749
Prediction,8,randomness_0.3222,101,0.03902849927544594,0.03896658346056938,6.191581487655778e-05,6.191581487655778e-05,0.30852202977518384
Prediction,9,randomness_0.3667,101,0.0346795953810215,0.03447621017694473,0.00020338520407676974,0.00020338520407676974,0.6524977352383776
Prediction,10,randomness_0.4111,101,0.033886101096868515,0.033775211125612256,0.00011088997125625888,0.00011088997125625888,0.1731516328860107
Prediction,11,randomness_0.4556,101,0.03064165823161602,0.03098784536123276,-0.00034618712961673875,0.00034618712961673875,-0.5746372069862451
Prediction,12,randomness_0.5000,101,0.024724436923861504,0.024300746247172357,0.00042369067668914656,0.00042369067668914656,0.887436507615747
Prediction,0,randomness_0.0061,202,0.04053990915417671,0.0405075415968895,3.23675572872148e-05,3.23675572872148e-05,0.12884432585941805
Prediction,1,randomness_0.0153,202,0.038644056767225266,0.037970511615276335,0.0006735451519489302,0.0006735451519489302,1.3468748538712885
Prediction,2,randomness_0.0229,202,0.035926319658756256,0.03540590479969978,0.0005204148590564756,0.0005204148590564756,1.18966997227248
Prediction,3,randomness_0.1000,202,0.033481989055871964,0.0324720449745655,0.0010099440813064603,0.0010099440813064603,1.7266663670240852
Prediction,4,randomness_0.1444,202,0.03598356619477272,0.035297416150569916,0.0006861500442028046,0.0006861500442028046,1.6842254727206436
Prediction,5,randomness_0.1889,202,0.037877995520830154,0.037164007872343065,0.0007139876484870897,0.0007139876484870897,1.4958721573176994
Prediction,6,randomness_0.2333,202,0.038568779826164246,0.03810982704162598,0.00045895278453826627,0.00045895278453826627,1.6935935295325117
Prediction,7,randomness_0.2778,202,0.033546626567840576,0.03265409171581268,0.0008925348520278931,0.0008925348520278931,1.3405077344283685
Prediction,8,randomness_0.3222,202,0.03907477855682373,0.03896658346056938,0.00010819509625435014,0.00010819509625435014,0.5391283434557825
Prediction,9,randomness_0.3667,202,0.03479533642530441,0.03447621017694473,0.00031912624835968295,0.00031912624835968295,1.0238166303936986
Prediction,10,randomness_0.4111,202,0.034013424068689346,0.033775211125612256,0.00023821294307709018,0.00023821294307709018,0.37196294309664557
Prediction,11,randomness_0.4556,202,0.03097979724407196,0.03098784536123276,-8.048117160798507e-06,8.048117160798507e-06,-0.013359097352635112
Prediction,12,randomness_0.5000,202,0.024350780993700027,0.024300746247172357,5.0034746527670426e-05,5.0034746527670426e-05,0.1047997115842422
