Dataset,Sample_Index,Sample_ID,Actual_Stiffness,Ensemble_Mean,Ensemble_Median,Residual,Absolute_Error,Member_Count,Member_Std,Member_Standard_Error,Member_Min,Member_Max,Member_Range,Relative_Member_Std_Percent,Mean_CI_80_Lower,Mean_CI_80_Upper,Mean_CI_80_Half_Width,Actual_Within_Mean_CI_80,Mean_CI_90_Lower,Mean_CI_90_Upper,Mean_CI_90_Half_Width,Actual_Within_Mean_CI_90,Mean_CI_95_Lower,Mean_CI_95_Upper,Mean_CI_95_Half_Width,Actual_Within_Mean_CI_95,Member_Seed_11_Prediction,Member_Seed_11_Deviation,Member_Seed_42_Prediction,Member_Seed_42_Deviation,Member_Seed_73_Prediction,Member_Seed_73_Deviation,Member_Seed_101_Prediction,Member_Seed_101_Deviation,Member_Seed_202_Prediction,Member_Seed_202_Deviation
Validation,0,Validation_0000,0.03225037083029747,0.027684395015239716,0.027727873995900154,-0.004565975815057754,0.004565975815057754,5,0.000145018744476026,6.485435413201325e-05,0.027459947392344475,0.027848396450281143,0.0003884490579366684,0.5238284759200843,0.027584959912584472,0.02778383011789496,9.943510265524326e-05,False,0.027546135468804092,0.02782265456167534,0.00013825954643562288,False,0.027504330461159122,0.02786445956932031,0.0001800645540805928,False,0.027741940692067146,5.754567682743003e-05,0.027848396450281143,0.00016400143504142692,0.027459947392344475,-0.00022444762289524148,0.02764381654560566,-4.0578469634056785e-05,0.027727873995900154,4.3478980660437844e-05
Validation,1,Validation_0001,0.015622043050825596,0.023150017857551573,0.023209262639284134,0.0075279748067259775,0.0075279748067259775,5,0.0007964917885388963,0.00035620195653867195,0.021998438984155655,0.02411607839167118,0.002117639407515526,3.44056662694573,0.02260388678295441,0.023696148932148737,0.0005461310745971628,False,0.02239064986122134,0.023909385853881807,0.0007593679963302325,False,0.0221610426788579,0.024138993036245247,0.0009889751786936747,False,0.02411607839167118,0.0009660605341196074,0.021998438984155655,-0.0011515788733959184,0.02284797839820385,-0.0003020394593477235,0.023578330874443054,0.0004283130168914809,0.023209262639284134,5.924478173256059e-05
Validation,2,Validation_0002,0.02059568092226982,0.017388030886650085,0.01734498143196106,-0.0032076500356197357,0.0032076500356197357,5,0.0002759580318858594,0.00012341218364676722,0.017104288563132286,0.01780843362212181,0.0007041450589895248,1.5870574056647793,0.01719881455238755,0.017577247220912622,0.000189216334262538,False,0.017124935019549172,0.017651126753751,0.0002630958671009149,False,0.017045383733442245,0.017730678039857926,0.0003426471532078387,False,0.01780843362212181,0.00042040273547172546,0.017197823151946068,-0.00019020773470401764,0.017484627664089203,9.659677743911743e-05,0.01734498143196106,-4.304945468902588e-05,0.017104288563132286,-0.0002837423235177994
Validation,3,Validation_0003,0.007898774929344654,0.0035905908793210984,0.003511085407808423,-0.004308184050023556,0.004308184050023556,5,0.00036845809525282787,0.00016477946956908312,0.0031870093662291765,0.004072344861924648,0.0008853354956954718,10.261767704442427,0.0033379499627416757,0.003843231795900521,0.0002526409165794229,False,0.0032393062966676388,0.0039418754619745585,0.0003512845826534597,False,0.003133089727598928,0.004048092031043269,0.0004575011517221705,False,0.0031870093662291765,-0.0004035815130919219,0.0033250257838517427,-0.00026556509546935567,0.003511085407808423,-7.950547151267537e-05,0.004072344861924648,0.00048175398260354987,0.003857488976791501,0.00026689809747040263
Validation,4,Validation_0004,0.005326441489160061,0.003029663092456758,0.003332198830321431,-0.0022967783967033028,0.0022967783967033028,5,0.0010927524923513275,0.0004886937710959774,0.0014618608402088284,0.004366555251181126,0.002904694410972297,36.06844916426707,0.0022803947365188804,0.003778931448394636,0.0007492683559378776,False,0.0019878428470479475,0.004071483337865569,0.0010418202454088106,False,0.0016728316637566782,0.004386494521156838,0.00135683142870008,False,0.0014618608402088284,-0.0015678022522479297,0.0025263812858611345,-0.0005032818065956236,0.004366555251181126,0.0013368921587243675,0.0034613192547112703,0.0004316561622545122,0.003332198830321431,0.00030253573786467305
Validation,5,Validation_0005,0.006393413059413433,0.0084675844758749,0.008131898008286953,0.0020741714164614674,0.0020741714164614674,5,0.000868208290658683,0.00038827455130834216,0.00762742105871439,0.009634548798203468,0.0020071277394890785,10.25331714295034,0.007872279497751529,0.009062889453998272,0.0005953049781233712,False,0.00763984262145579,0.00929532633029401,0.0008277418544191109,False,0.007389561498421982,0.009545607453327819,0.0010780229774529182,False,0.007825986482203007,-0.0006415979936718937,0.009634548798203468,0.0011669643223285679,0.008131898008286953,-0.0003356864675879475,0.00762742105871439,-0.0008401634171605107,0.009118068031966686,0.0006504835560917858
Validation,6,Validation_0006,0.009563346393406391,0.011850211769342422,0.012002632953226566,0.0022868653759360313,0.0022868653759360313,5,0.0008418522979587596,0.0003764877930500388,0.010902998968958855,0.012922551482915878,0.0020195525139570236,7.10411184496051,0.011272978322931499,0.012427445215753346,0.0005772334464109244,False,0.011047597477637484,0.01265282606104736,0.0008026142917049377,False,0.01080491407916192,0.012895509459522924,0.001045297690180502,False,0.010902998968958855,-0.0009472128003835678,0.012922551482915878,0.0010723397135734558,0.012002632953226566,0.00015242118388414383,0.011108947917819023,-0.0007412638515233994,0.01231392752379179,0.0004637157544493675
Validation,7,Validation_0007,0.027857331559062004,0.0243849728256464,0.024416878819465637,-0.0034723587334156043,0.0034723587334156043,5,0.00037647975812847686,0.00016836686626559065,0.02396250329911709,0.024954939261078835,0.0009924359619617462,1.5439006671047912,0.024126831689944353,0.024643113961348447,0.00025814113570204664,False,0.024026040462874213,0.024743905188418586,0.0003589323627721881,False,0.02391751146392581,0.02485243418736699,0.00046746136172059154,False,0.02396250329911709,-0.00042246952652931144,0.024142799898982048,-0.00024217292666435172,0.024447742849588394,6.277002394199441e-05,0.024416878819465637,3.190599381923745e-05,0.024954939261078835,0.0005699664354324348
Validation,8,Validation_0008,0.0037341017741709948,0.0005515243334230036,0.00040459554293192923,-0.0031825774407479913,0.0031825774407479913,5,0.00041775564085158584,0.0001868260021856268,0.0001656945387367159,0.001246403087861836,0.00108070854912512,75.7456408602699,0.0002650815347146507,0.0008379671321313564,0.00028644279870835285,False,0.00015323992106131955,0.0009498087457846876,0.000398284412361684,False,3.281219413104675e-05,0.0010702364727149605,0.0005187121392919568,False,0.00040459554293192923,-0.00014692879049107435,0.0001656945387367159,-0.00038582979468628766,0.00034470963873900473,-0.00020681469468399884,0.0005962188588455319,4.4694525422528364e-05,0.001246403087861836,0.0006948787544388324
Validation,9,Validation_0009,0.009320550598204136,0.007669552974402904,0.007729287259280682,-0.0016509976238012316,0.0016509976238012316,5,0.0006951392609344003,0.0003108757282556566,0.006978199817240238,0.008752644993364811,0.0017744451761245728,9.06362161203429,0.007192916357388689,0.00814618959141712,0.0004766366170142157,False,0.0070068135521741265,0.008332292396631682,0.0006627394222287782,False,0.006806423580362686,0.008532682368443123,0.0008631293940402188,False,0.007729287259280682,5.973428487777727e-05,0.006978199817240238,-0.0006913531571626661,0.0077407462522387505,7.119327783584612e-05,0.007146886549890041,-0.000522666424512863,0.008752644993364811,0.0010830920189619066
Validation,10,Validation_0010,0.03479304164648056,0.033912298083305356,0.03372546657919884,-0.0008807435631752042,0.0008807435631752042,5,0.0006515806375641454,0.0002913957196832164,0.03322664648294449,0.03481678292155266,0.0015901364386081696,1.9213697519511697,0.03346552833765313,0.03435906782895758,0.00044676974565222846,False,0.03329108705474935,0.034533509111861364,0.000621211028556006,False,0.0331032538637153,0.03472134230289541,0.0008090442195900561,False,0.03432907909154892,0.00041678100824356357,0.03322664648294449,-0.0006856516003608676,0.03346351534128189,-0.00044878274202346524,0.03372546657919884,-0.00018683150410651883,0.03481678292155266,0.000904484838247302
Validation,11,Validation_0011,0.024942100048065186,0.027433013916015624,0.02736581861972809,0.002490913867950438,0.002490913867950438,5,0.0003935943948204748,0.00017602076447629456,0.027016110718250275,0.027976978570222855,0.00096086785197258,1.4347471846346824,0.02716313777555592,0.02770289005647533,0.00026987614045970637,False,0.027057764614940076,0.02780826321709117,0.0003752493010755485,False,0.02694430192607224,0.027921725905959007,0.0004887119899433827,False,0.0276710856705904,0.00023807175457477708,0.02736581861972809,-6.719529628753523e-05,0.027976978570222855,0.000543964654207231,0.027016110718250275,-0.00041690319776534895,0.027135076001286507,-0.00029793791472911696
Validation,12,Validation_0012,0.016047578305006027,0.020901021361351014,0.020993346348404884,0.004853443056344987,0.004853443056344987,5,0.000244184451440642,0.0001092026064939544,0.020597917959094048,0.021122148260474205,0.0005242303013801575,1.168289564509867,0.020733591239930894,0.021068451482771134,0.00016743012142012077,False,0.020668218135638385,0.021133824587063643,0.00023280322571263035,False,0.020597826319076033,0.021204216403625995,0.000303195042274981,False,0.021122148260474205,0.00022112689912319114,0.020993346348404884,9.232498705387046e-05,0.021106984466314316,0.00020596310496330192,0.020597917959094048,-0.00030310340225696633,0.020684709772467613,-0.00021631158888340066
Validation,13,Validation_0013,0.031793829053640366,0.03198819383978844,0.03204810991883278,0.00019436478614807268,0.00019436478614807268,5,0.0005155074225340361,0.0002305419279383623,0.031153086572885513,0.032477907836437225,0.001324821263551712,1.6115552666584865,0.031634725509439694,0.03234166217013718,0.00035346833034874186,True,0.03149671377159949,0.03247967390797739,0.0004914800681889476,True,0.03134810683242111,0.032628280847155765,0.0006400870073673297,True,0.032332710921764374,0.0003445170819759355,0.032477907836437225,0.0004897139966487871,0.03192915394902229,-5.9039890766145187e-05,0.03204810991883278,5.991607904434065e-05,0.031153086572885513,-0.000835107266902925
Validation,14,Validation_0014,0.036590151488780975,0.03927094340324402,0.03902021422982216,0.002680791914463042,0.002680791914463042,5,0.0005116692667271687,0.00022882545247988412,0.03890161216259003,0.0401093028485775,0.0012076906859874725,1.30292074084704,0.038920106783837484,0.03962178002265055,0.0003508366194065349,False,0.03878312259774504,0.039758764208743,0.0004878208054989823,False,0.038635622095761574,0.03990626471072646,0.0006353213074824458,False,0.038915544748306274,-0.00035539865493774275,0.03890161216259003,-0.0003693312406539903,0.03902021422982216,-0.00025072917342185835,0.03940804302692413,0.00013709962368011613,0.0401093028485775,0.0008383594453334822
Validation,15,Validation_0015,0.04173401743173599,0.03824126496911049,0.03801049664616585,-0.003492752462625502,0.003492752462625502,5,0.0005339521784625416,0.00023879067355526843,0.0377751886844635,0.03902777284383774,0.001252584159374237,1.3962722700042567,0.037875149610228795,0.038607380327992186,0.00036611535888169853,False,0.03773219983908691,0.03875033009913407,0.000509065130023575,False,0.03757827577235108,0.0389042541658699,0.0006629891967594104,False,0.03902777284383774,0.0007865078747272478,0.03801049664616585,-0.0002307683229446425,0.03784477710723877,-0.00039648786187172075,0.0377751886844635,-0.0004660762846469893,0.03854808956384659,0.00030682459473609786
Validation,16,Validation_0016,0.022162731736898422,0.021469100192189217,0.02178019843995571,-0.0006936315447092049,0.0006936315447092049,5,0.000969810011478584,0.00043371222218519304,0.019763581454753876,0.022192753851413727,0.002429172396659851,4.517236413249473,0.020804129891998834,0.0221340704923796,0.0006649703001903843,False,0.020544492185133125,0.02239370819924531,0.0009246080070560934,True,0.02026492201583868,0.022673278368539756,0.0012041781763505394,True,0.019763581454753876,-0.0017055187374353416,0.022192753851413727,0.0007236536592245095,0.0217415913939476,0.000272491201758384,0.021867375820875168,0.00039827562868595054,0.02178019843995571,0.00031109824776649406
Validation,17,Validation_0017,0.0373929925262928,0.035247181355953214,0.03513989597558975,-0.002145811170339587,0.002145811170339587,5,0.00039779584943453296,0.0001778997121005774,0.03490201011300087,0.035879943519830704,0.000977933406829834,1.12858910735949,0.03497442440120733,0.0355199383106991,0.000272756954745885,False,0.03486792642642316,0.035626436285483266,0.000379254929530052,False,0.03475325257107547,0.03574111014083096,0.0004939287848777457,False,0.035879943519830704,0.00063276216387749,0.03490201011300087,-0.000345171242952344,0.03495006263256073,-0.0002971187233924838,0.03513989597558975,-0.00010728538036346158,0.03536399453878403,0.00011681318283081332
Validation,18,Validation_0018,0.017668094485998154,0.017688215151429175,0.01760614849627018,2.0120665431021256e-05,2.0120665431021256e-05,5,0.0004883382152605287,0.0002183914890666935,0.017281940206885338,0.018525999039411545,0.001244058832526207,2.760811145046887,0.017353375950191045,0.018023054352667305,0.00033483920123812954,True,0.017222637957301255,0.018153792345557095,0.000465577194127922,True,0.017081863170593094,0.018294567132265255,0.0006063519808360798,True,0.017415601760149002,-0.00027261339128017287,0.01760614849627018,-8.20666551589952e-05,0.017281940206885338,-0.0004062749445438371,0.018525999039411545,0.0008377838879823699,0.017611386254429817,-7.682889699935774e-05
Validation,19,Validation_0019,0.00023737657465972006,0.0021753583336248995,0.0021247260738164186,0.0019379817589651794,0.0019379817589651794,5,0.0004153798561265928,0.00018576351895662879,0.0016782666789367795,0.0028226946014910936,0.0011444279225543141,19.09477853400025,0.0018905445408693288,0.0024601721263804704,0.0002848137927555707,False,0.0017793389727204809,0.0025713776945293183,0.0003960193609044186,False,0.0016595961206934489,0.00269112054655635,0.0005157622129314505,False,0.002216360764577985,4.1002430953085336e-05,0.0016782666789367795,-0.00049709165468812,0.0021247260738164186,-5.0632259808480826e-05,0.0020347435493022203,-0.00014061478432267913,0.0028226946014910936,0.0006473362678661942
Validation,20,Validation_0020,0.03453617915511131,0.03422388434410095,0.03421983867883682,-0.0003122948110103607,0.0003122948110103607,5,0.0005879169282724458,0.00026292444334801134,0.0335475355386734,0.03504076227545738,0.0014932267367839813,1.7178556424551004,0.033820766937956326,0.03462700175024558,0.00040311740614462616,True,0.03366336971450277,0.034784398973699136,0.0005605146295981811,True,0.03349388906033051,0.034953879627871394,0.000729995283770442,True,0.03504076227545738,0.00081687793135643,0.03380313888192177,-0.00042074546217918396,0.03421983867883682,-4.045665264129639e-06,0.0335475355386734,-0.0006763488054275513,0.03450814634561539,0.0002842620015144348
Validation,21,Validation_0021,0.03742935135960579,0.0368468850851059,0.0366375558078289,-0.0005824662744998918,0.0005824662744998918,5,0.00047512550941130206,0.0002124825873775775,0.03659137710928917,0.037692923098802567,0.0011015459895133972,1.2894590908129584,0.03652110544901032,0.037172664721201475,0.0003257796360955794,False,0.03639390476405464,0.03729986540615716,0.00045298032105126,False,0.03625693884544166,0.03743683132477014,0.0005899462396642386,True,0.0366041474044323,-0.00024273768067360063,0.03659137710928917,-0.00025550797581672807,0.0366375558078289,-0.00020932927727699419,0.036708422005176544,-0.0001384630799293532,0.037692923098802567,0.0008460380136966691
Validation,22,Validation_0022,0.024105340242385864,0.02553204521536827,0.025340773165225983,0.0014267049729824073,0.0014267049729824073,5,0.00039979245165136696,0.0001787926197567509,0.0251571424305439,0.026111410930752754,0.0009542685002088547,1.5658457764704394,0.025257919249001785,0.02580617118173476,0.00027412596636648543,False,0.02515088674352092,0.025913203687215624,0.000381158471847352,False,0.02503563732139915,0.026028453109337393,0.0004964078939691223,False,0.025340773165225983,-0.0001912720501422889,0.026111410930752754,0.0005793657153844826,0.02577689290046692,0.0002448476850986474,0.0251571424305439,-0.00037490278482437203,0.0252740066498518,-0.00025803856551647256
Validation,23,Validation_0023,0.03826320916414261,0.037926293164491656,0.03778805211186409,-0.0003369159996509524,0.0003369159996509524,5,0.0006058831058872995,0.0002709591622365409,0.03718036785721779,0.03881872072815895,0.0016383528709411621,1.5975278766619754,0.03751085687693684,0.038341729452046475,0.00041543628755481957,True,0.03734864974525193,0.038503936583731385,0.0005776434192397309,True,0.03717398992479152,0.038678596404191794,0.0007523032397001402,True,0.03881872072815895,0.0008924275636672946,0.03778805211186409,-0.00013824105262756625,0.03814170882105827,0.0002154156565666171,0.03718036785721779,-0.0007459253072738675,0.037702616304159164,-0.0002236768603324918
Validation,24,Validation_0024,0.03966414928436279,0.038350339978933334,0.03777022287249565,-0.0013138093054294586,0.0013138093054294586,5,0.0009306096317956465,0.00041618127944222306,0.03764099255204201,0.039727531373500824,0.0020865388214588165,2.426600734978752,0.03771224823014664,0.03898843172772003,0.0006380917487866947,False,0.03746310525582512,0.03923757470204155,0.0008872347231082163,False,0.03719483550275102,0.03950584445511565,0.0011555044761823174,False,0.039727531373500824,0.0013771913945674896,0.03777022287249565,-0.0005801171064376831,0.037704844027757645,-0.0006454959511756897,0.03764099255204201,-0.0007093474268913269,0.038908109068870544,0.0005577690899372101
Validation,25,Validation_0025,0.028685560449957848,0.029178912937641143,0.02937428094446659,0.0004933524876832955,0.0004933524876832955,5,0.0007178745388322023,0.00032104325362902335,0.027926156297326088,0.0297472532838583,0.0018210969865322113,2.460251142208028,0.028686687406932827,0.02967113846834946,0.0004922255307083152,False,0.02849449790912026,0.029863327966162027,0.0006844150285208847,True,0.028287553967546064,0.030070271907736222,0.0008913589700950774,True,0.0297472532838583,0.0005683403462171562,0.02949831262230873,0.000319399684667588,0.02934856154024601,0.00016964860260486672,0.027926156297326088,-0.0012527566403150552,0.02937428094446659,0.00019536800682544778
Validation,26,Validation_0026,0.014509797096252441,0.012803031131625175,0.012703776359558105,-0.001706765964627266,0.001706765964627266,5,0.0006103623438264008,0.0002729623383403862,0.01223885826766491,0.013649636879563332,0.0014107786118984222,4.7673268740144294,0.012384523561899896,0.013221538701350455,0.0004185075697252802,False,0.012221117247846016,0.013384945015404335,0.0005819138837791599,False,0.012045166183436665,0.013560896079813686,0.0007578649481885108,False,0.01223885826766491,-0.0005641728639602661,0.012703776359558105,-9.925477206707001e-05,0.013649636879563332,0.0008466057479381561,0.012248566374182701,-0.0005544647574424744,0.01317431777715683,0.00037128664553165436
Validation,27,Validation_0027,0.03371795266866684,0.032235853374004364,0.032295502722263336,-0.0014820992946624756,0.0014820992946624756,5,0.0004911341600693845,0.0002196418735974813,0.03147535026073456,0.03281025588512421,0.0013349056243896484,1.5235649398549655,0.031899097075358644,0.032572609672650084,0.00033675629864571966,False,0.03176761055163281,0.03270409619637592,0.00046824282237155454,False,0.03162602976915816,0.03284567697885057,0.0006098236048462006,False,0.03214908763766289,-8.676573634147644e-05,0.03244907036423683,0.00021321699023246765,0.032295502722263336,5.964934825897217e-05,0.03147535026073456,-0.0007605031132698059,0.03281025588512421,0.0005744025111198425
Validation,28,Validation_0028,0.042004600167274475,0.04029530063271523,0.040284253656864166,-0.0017092995345592485,0.0017092995345592485,5,0.00040756022859361204,0.00018226647521213399,0.03975902125239372,0.04082249477505684,0.0010634735226631165,1.0114336465893474,0.040015848529369374,0.04057475273606108,0.0002794521033458527,False,0.039906736433279154,0.0406838648321513,0.00038856419943607366,False,0.039789247769770844,0.04080135349565961,0.0005060528629443853,False,0.040284253656864166,-1.1046975851060348e-05,0.04008336737751961,-0.00021193325519561906,0.03975902125239372,-0.0005362793803215041,0.04052736610174179,0.00023206546902656416,0.04082249477505684,0.0005271941423416124
Validation,29,Validation_0029,0.03824209049344063,0.037486761808395386,0.03753962740302086,-0.0007553286850452423,0.0007553286850452423,5,0.00041503961852957903,0.000185611360077544,0.036901649087667465,0.038052745163440704,0.0011510960757732391,1.1071631650953335,0.03720218130658788,0.03777134231020289,0.0002845805018075041,False,0.03709106682690835,0.03788245678988242,0.0003956949814870307,False,0.03697142205623898,0.03800210156055179,0.0005153397521564032,False,0.03753962740302086,5.286559462547302e-05,0.0375770702958107,9.030848741531372e-05,0.0373627170920372,-0.00012404471635818481,0.036901649087667465,-0.0005851127207279205,0.038052745163440704,0.0005659833550453186
Validation,30,Validation_0030,0.03703572228550911,0.036509531736373904,0.03649916872382164,-0.0005261905491352054,0.0005261905491352054,5,0.00027639118607814445,0.00012360589609050488,0.03609006106853485,0.036776404827833176,0.0006863437592983246,0.7570384306046303,0.03632001840097726,0.03669904507177055,0.00018951333539663986,False,0.03624602290402234,0.03677304056872547,0.00026350883235156855,False,0.036166346751199833,0.036852716721547975,0.00034318498517407,False,0.036776404827833176,0.0002668730914592715,0.03609006106853485,-0.00041947066783905307,0.036441002041101456,-6.852969527244845e-05,0.03649916872382164,-1.0363012552264128e-05,0.036741022020578384,0.00023149028420448026
Validation,31,Validation_0031,0.018236614763736725,0.023488181829452514,0.023360159248113632,0.005251567065715789,0.005251567065715789,5,0.0005363676592268242,0.00023987090939272423,0.02296389825642109,0.02422327548265457,0.0012593772262334824,2.283563977498919,0.023120410246207364,0.023855953412697663,0.0003677715832451491,False,0.022976813802130385,0.023999549856774643,0.0005113680273221299,False,0.02282219341718974,0.02415417024171529,0.0006659884122627739,False,0.023844096809625626,0.00035591498017311166,0.023049479350447655,-0.00043870247900485923,0.023360159248113632,-0.00012802258133888175,0.02422327548265457,0.0007350936532020576,0.02296389825642109,-0.0005242835730314248
Validation,32,Validation_0032,0.0018202821956947446,0.004982893355190754,0.005030638538300991,0.0031626111594960093,0.0031626111594960093,5,0.0004807496911153085,0.0002149977978991713,0.004214142449200153,0.005529456771910191,0.0013153143227100372,9.64800281375688,0.004653257382542888,0.00531252932783862,0.0003296359726478661,False,0.0045245509906720995,0.005441235719709408,0.0004583423645186547,False,0.0043859637715852945,0.005579822938796213,0.0005969295836054597,False,0.0049771713092923164,-5.7220458984375e-06,0.005163057707250118,0.00018016435205936432,0.004214142449200153,-0.0007687509059906006,0.005529456771910191,0.0005465634167194366,0.005030638538300991,4.774518311023712e-05
Validation,33,Validation_0033,0.0034353111404925585,0.001583714020671323,0.0017324975924566388,-0.0018515971198212356,0.0018515971198212356,5,0.0007490120731277922,0.0003349683822963574,0.0003555092553142458,0.002220380352810025,0.0018648710974957794,47.29465442316994,0.001070138395323173,0.0020972896460194727,0.0005135756253481497,False,0.000869612751351797,0.002297815289990849,0.0007141012693195259,False,0.0006536926952485765,0.002513735346094069,0.0009300213254227464,False,0.0003555092553142458,-0.001228204765357077,0.0014809827553108335,-0.00010273126536048944,0.0017324975924566388,0.00014878357178531591,0.002220380352810025,0.0006366663321387023,0.0021292001474648714,0.0005454861267935485
Validation,34,Validation_0034,0.001963277580216527,0.0063040686771273615,0.006097727455198765,0.0043407910969108345,0.0043407910969108345,5,0.0010640323294947465,0.0004758497238015415,0.004946271888911724,0.007859115488827229,0.0029128435999155045,16.878501551788375,0.005574492895085623,0.0070336444591691,0.0007295757820417387,False,0.005289629972666621,0.0073185073815881015,0.0010144387044607398,False,0.004982898040668847,0.007625239313585876,0.0013211706364585143,False,0.007859115488827229,0.001555046811699867,0.004946271888911724,-0.0013577967882156374,0.006097727455198765,-0.00020634122192859667,0.005973757244646549,-0.00033031143248081225,0.00664347130805254,0.00033940263092517835
Validation,35,Validation_0035,0.041175443679094315,0.040976033359766004,0.040986139327287674,-0.00019941031932831088,0.00019941031932831088,5,0.0002492524725361778,0.0001114690944301586,0.04061107337474823,0.041238121688365936,0.0006270483136177063,0.6082884361884491,0.04080512824482201,0.041146938474709994,0.00017090511494398795,False,0.040738398329030326,0.04121366839050168,0.00023763503073567538,True,0.04066654553815456,0.041285521181377446,0.00030948782161144506,True,0.04061107337474823,-0.0003649599850177737,0.040986139327287674,1.0105967521670256e-05,0.04087712988257408,-9.890347719192227e-05,0.041238121688365936,0.0002620883285999326,0.04116770252585411,0.00019166916608810702
Validation,36,Validation_0036,0.022588521242141724,0.017824741452932356,0.01802484691143036,-0.004763779789209367,0.004763779789209367,5,0.0004335478867133061,0.00019388850923846604,0.01716889999806881,0.018265923485159874,0.0010970234870910645,2.432281488391423,0.017527470374100004,0.01812201253176471,0.0002972710788323515,False,0.017411400857606667,0.018238082048258046,0.00041334059532568864,False,0.01728642065050312,0.018363062255361592,0.0005383208024292372,False,0.01802484691143036,0.00020010545849800249,0.018265923485159874,0.00044118203222751756,0.01716889999806881,-0.0006558414548635469,0.017623526975512505,-0.00020121447741985182,0.018040509894490242,0.0002157684415578856
Validation,37,Validation_0037,0.019114641472697258,0.022374022379517557,0.022227419540286064,0.0032593809068202986,0.0032593809068202986,5,0.000632478159205744,0.0002828528316535956,0.02159460447728634,0.02332417108118534,0.001729566603899002,2.8268415418443054,0.021940350643390925,0.02280769411564419,0.0004336717361266308,False,0.021771023479353446,0.022977021279681667,0.0006029989001641104,False,0.021588697019581594,0.02315934773945352,0.0007853253599359625,False,0.02159460447728634,-0.0007794179022312178,0.02332417108118534,0.0009501487016677843,0.022546425461769104,0.00017240308225154738,0.02217749133706093,-0.00019653104245662828,0.022227419540286064,-0.00014660283923149248
Validation,38,Validation_0038,0.020693402737379074,0.021136625111103056,0.021434200927615166,0.0004432223737239824,0.0004432223737239824,5,0.0006700750411021237,0.00029966666838606283,0.020067473873496056,0.021750589832663536,0.0016831159591674805,3.1702082881251163,0.020677174295007206,0.021596075927198907,0.0004594508160958523,True,0.020497781687135015,0.021775468535071098,0.0006388434239680417,True,0.02030461705647164,0.021968633165734473,0.0008320080546314161,True,0.02091963216662407,-0.00021699294447898726,0.021750589832663536,0.0006139647215604796,0.021511228755116463,0.00037460364401340623,0.020067473873496056,-0.0010691512376070009,0.021434200927615166,0.00029757581651210924
Validation,39,Validation_0039,4.015073955088155e-06,1.3757811393588781e-05,-0.0002243377675767988,9.742737438500626e-06,9.742737438500626e-06,5,0.0006926178511293343,0.00030974811951100416,-0.0008455076022073627,0.0008420284138992429,0.0016875360161066055,5034.360708361638,-0.00046114994881864214,0.0004886655716058197,0.00047490776021223095,True,-0.0006465777217566683,0.0006740933445438459,0.0006603355331502571,True,-0.0008462408388669615,0.0008737564616541391,0.0008599986502605503,True,-0.0008455076022073627,-0.0008592654136009515,-0.0002998121490236372,-0.000313569960417226,-0.0002243377675767988,-0.00023809557897038757,0.0008420284138992429,0.0008282706025056541,0.0005964181618764997,0.0005826603504829108
Validation,40,Validation_0040,0.032286640256643295,0.0332972064614296,0.03319235146045685,0.0010105662047863034,0.0010105662047863034,5,0.0005876793336062998,0.0002628181877830926,0.0325004905462265,0.034111883491277695,0.0016113929450511932,1.764950865433857,0.032894251966983756,0.03370016095587544,0.000402954494445839,False,0.03273691835241602,0.03385749457044318,0.0005602881090135797,False,0.03256750619040227,0.034026906732456924,0.0007297002710273233,False,0.034111883491277695,0.000814677029848096,0.03352537378668785,0.00022816732525825223,0.0325004905462265,-0.0007967159152030973,0.033155933022499084,-0.00014127343893051425,0.03319235146045685,-0.00010485500097275058
Validation,41,Validation_0041,0.01154995709657669,0.01001257672905922,0.010174745693802834,-0.001537380367517471,0.001537380367517471,5,0.000693432897807987,0.0003101126194666648,0.008876695297658443,0.010630528442561626,0.001753833144903183,6.925618814939577,0.009537110115228075,0.010488043342890364,0.000475466613831144,False,0.00935146413784987,0.010673689320268569,0.0006611125912093483,False,0.00915156606468093,0.010873587393437509,0.0008610106643782891,False,0.008876695297658443,-0.0011358814314007763,0.010174745693802834,0.00016216896474361385,0.010630528442561626,0.0006179517135024067,0.01047481968998909,0.00046224296092987026,0.009906094521284103,-0.00010648220777511631
Validation,42,Validation_0042,0.03955421969294548,0.03794778361916542,0.03788309544324875,-0.0016064360737800612,0.0016064360737800612,5,0.0002747094098836358,0.00012285378291173246,0.03764299303293228,0.03834084793925285,0.0006978549063205719,0.7239142413178898,0.03775942342841328,0.03813614380991756,0.0001883601907521436,False,0.03768587817687697,0.03820968906145387,0.00026190544228844864,False,0.037606686834945106,0.03828888040338573,0.00034109678422031254,False,0.03809410706162453,0.00014632344245910783,0.03764299303293228,-0.00030479058623313765,0.03788309544324875,-6.468817591667037e-05,0.03777787461876869,-0.00016990900039672713,0.03834084793925285,0.00039306432008743425
Validation,43,Validation_0043,0.0065152766183018684,0.010345926694571971,0.010524909012019634,0.0038306500762701028,0.0038306500762701028,5,0.0005094411642933037,0.00022782901477929314,0.009704667143523693,0.010864488780498505,0.0011598216369748116,4.924074752632685,0.009996617819699691,0.010695235569444251,0.0003493088748722799,False,0.00986023014158277,0.010831623247561173,0.0004856965529892027,False,0.009713371941665966,0.010978481447477977,0.0006325547529060054,False,0.009704667143523693,-0.0006412595510482781,0.010720513761043549,0.0003745870664715774,0.009915054775774479,-0.0004308719187974923,0.010524909012019634,0.00017898231744766305,0.010864488780498505,0.0005185620859265334
Validation,44,Validation_0044,0.007954436354339123,0.012356753461062908,0.012353863567113876,0.004402317106723785,0.004402317106723785,5,0.00021618517853693516,9.668095098730311e-05,0.012110619805753231,0.012672754004597664,0.0005621341988444328,1.7495305641417178,0.01220852162042719,0.012504985301698626,0.00014823184063571831,False,0.012150644486401622,0.012562862435724194,0.0002061089746612864,False,0.012088324107928343,0.012625182814197474,0.000268429353134566,False,0.012353863567113876,-2.88989394903183e-06,0.012433389201760292,7.663574069738388e-05,0.012213140726089478,-0.00014361273497343063,0.012110619805753231,-0.0002461336553096771,0.012672754004597664,0.0003160005435347557
Validation,45,Validation_0045,0.02976350113749504,0.03387839794158935,0.03403054550290108,0.004114896804094312,0.004114896804094312,5,0.00040393621974968414,0.00018064576918691734,0.03316868469119072,0.03416184335947037,0.0009931586682796478,1.1923120462960537,0.03360143071488977,0.03415536516828894,0.0002769672266995854,False,0.033493288839084714,0.03426350704409399,0.00038510910250463533,False,0.033376844879955646,0.03437995100322306,0.000501553061633708,False,0.03416184335947037,0.00028344541788101474,0.03395259380340576,7.419586181640903e-05,0.03407832235097885,0.00019992440938949863,0.03403054550290108,0.00015214756131172458,0.03316868469119072,-0.0007097132503986331
Validation,46,Validation_0046,0.026187922805547714,0.027379701286554335,0.027558498084545135,0.001191778481006621,0.001191778481006621,5,0.0006092418298738317,0.00027246122926684996,0.026712501421570778,0.028173843398690224,0.0014613419771194458,2.225158790074233,0.02696196202040459,0.02779744055270408,0.00041773926614974654,False,0.026798855690543192,0.02796054688256548,0.0005808455960111424,False,0.026623227640200215,0.028136174932908455,0.0007564736463541209,False,0.027633143588900566,0.00025344230234623094,0.028173843398690224,0.0007941421121358885,0.02682051993906498,-0.0005591813474893556,0.026712501421570778,-0.0006671998649835573,0.027558498084545135,0.00017879679799080034
Validation,47,Validation_0047,0.026506325230002403,0.02547423392534256,0.02533940225839615,-0.0010320913046598448,0.0010320913046598448,5,0.001044353517004188,0.00046704909131246934,0.024044953286647797,0.02675730176270008,0.0027123484760522842,4.099646411605072,0.024758151328248754,0.026190316522436363,0.0007160825970938062,False,0.02447855682097129,0.026469911029713827,0.0009956771043712694,False,0.024177497761880974,0.026770970088804143,0.0012967361634615854,True,0.02616969682276249,0.0006954628974199309,0.02675730176270008,0.0012830678373575224,0.025059815496206284,-0.00041441842913627486,0.024044953286647797,-0.0014292806386947618,0.02533940225839615,-0.00013483166694640975
Validation,48,Validation_0048,0.028776608407497406,0.028696279972791672,0.028847383335232735,-8.032843470573425e-05,8.032843470573425e-05,5,0.0009175520103638338,0.00041034173361302476,0.027525680139660835,0.029811380431056023,0.0022857002913951874,3.1974597795735513,0.02806714145230796,0.029325418493275385,0.0006291385204837131,True,0.027821494266693038,0.029571065678890306,0.0008747857060986327,True,0.02755698867504341,0.029835571270539932,0.0011392912977482616,True,0.029811380431056023,0.0011151004582643509,0.029251160100102425,0.0005548801273107529,0.028847383335232735,0.00015110336244106293,0.027525680139660835,-0.0011705998331308365,0.02804579585790634,-0.0006504841148853302
Validation,49,Validation_0049,0.04000817611813545,0.038363897055387494,0.03847932070493698,-0.001644279062747958,0.001644279062747958,5,0.0005771166943791835,0.00025809443191636503,0.03754732385277748,0.038905203342437744,0.001357879489660263,1.5043223933845329,0.037968185053073644,0.038759609057701344,0.00039571200231384963,False,0.03781367927013779,0.0389141148406372,0.0005502177852497049,False,0.037647312033214496,0.03908048207756049,0.0007165850221729982,False,0.038027673959732056,-0.0003362230956554385,0.03885996341705322,0.0004960663616657285,0.03847932070493698,0.00011542364954948703,0.03754732385277748,-0.0008165732026100131,0.038905203342437744,0.00054130628705025
Validation,50,Validation_0050,0.03619364649057388,0.0345132552087307,0.03440184146165848,-0.001680391281843184,0.001680391281843184,5,0.0005073563481662667,0.0002268966566631646,0.033890172839164734,0.03504910692572594,0.001158934086561203,1.4700333106739885,0.03416537583117174,0.03486113458628966,0.0003478793775589619,False,0.03402954630039507,0.03499696411706633,0.0004837089083356285,False,0.03388328909695251,0.035143221320508886,0.0006299661117781888,False,0.03504910692572594,0.0005358517169952379,0.03421124815940857,-0.0003020070493221297,0.033890172839164734,-0.0006230823695659651,0.03440184146165848,-0.00011141374707222124,0.03501390665769577,0.0005006514489650712
Validation,51,Validation_0051,0.013140182010829449,0.0188982006162405,0.018885517492890358,0.005758018605411051,0.005758018605411051,5,0.0006810127884720663,0.00030455817771404505,0.018033457919955254,0.019926151260733604,0.0018926933407783508,3.603585348156512,0.01843125010735337,0.01936515112512763,0.00046695050888713246,False,0.018248929243831313,0.019547471988649687,0.0006492713724091875,False,0.01805261155447838,0.01974378967800262,0.0008455890617621217,False,0.018033457919955254,-0.0008647426962852464,0.01896286942064762,6.466880440712114e-05,0.018885517492890358,-1.2683123350142045e-05,0.019926151260733604,0.0010279506444931044,0.01868300698697567,-0.00021519362926483016
Validation,52,Validation_0052,0.03720337897539139,0.034501857310533526,0.03456779196858406,-0.0027015216648578616,0.0027015216648578616,5,0.0004466698720078098,0.00019975683946211862,0.033805422484874725,0.03488772734999657,0.0010823048651218414,1.29462558489986,0.03419558887098402,0.03480812575008303,0.00030626843954950536,False,0.03407600633427944,0.03492770828678761,0.00042585097625408595,False,0.03394724341137915,0.035056471209687905,0.0005546138991543817,False,0.03488772734999657,0.00038587003946304044,0.03436934947967529,-0.00013250783085823337,0.03456779196858406,6.593465805053433e-05,0.033805422484874725,-0.000696434825658801,0.03487899526953697,0.0003771379590034457
Validation,53,Validation_0053,0.0030446380842477083,0.003757676435634494,0.0038816139567643404,0.0007130383513867856,0.0007130383513867856,5,0.0005557066091612486,0.00024851955072609184,0.0029220760334283113,0.004390045069158077,0.001467969035729766,14.788569976153788,0.00337664470123494,0.004138708170034048,0.0003810317343995538,False,0.0032278708300797323,0.004287482041189256,0.0005298056055547616,False,0.00306767554547508,0.004447677325793908,0.0006900008901594137,False,0.004390045069158077,0.0006323686335235833,0.0029220760334283113,-0.0008356004022061826,0.003553790273144841,-0.00020388616248965272,0.004040856845676899,0.00028318041004240504,0.0038816139567643404,0.00012393752112984649
Validation,54,Validation_0054,0.00778315681964159,0.00646426435559988,0.006472962908446789,-0.00131889246404171,0.00131889246404171,5,0.0011594017156325047,0.0005185002098768321,0.005218946374952793,0.007659102790057659,0.002440156415104866,17.935555414408988,0.0056692965807158425,0.007259232130483918,0.0007949677748840378,False,0.005358901349464262,0.007569627361735498,0.0011053630061356177,False,0.005024676985843318,0.007903851725356442,0.001439587369756562,True,0.007580016739666462,0.0011157523840665817,0.005218946374952793,-0.001245317980647087,0.006472962908446789,8.69855284690857e-06,0.005390292964875698,-0.0010739713907241821,0.007659102790057659,0.001194838434457779
Validation,55,Validation_0055,0.0009501065360382199,0.00895572230219841,0.00889830943197012,0.00800561576616019,0.00800561576616019,5,0.0006171680015006083,0.00027600592097861044,0.008220667950809002,0.009711287915706635,0.0014906199648976326,6.891325799026939,0.008532548292476587,0.009378896311920232,0.0004231740097218224,False,0.008367319966553032,0.009544124637843788,0.0005884023356453777,False,0.008189407013891736,0.009722037590505083,0.0007663152883066734,False,0.008220667950809002,-0.0007350543513894078,0.009426071308553219,0.00047034900635480915,0.009711287915706635,0.0007555656135082248,0.008522274903953075,-0.0004334473982453343,0.00889830943197012,-5.741287022829021e-05
Validation,56,Validation_0056,0.030860988423228264,0.03077784962952137,0.030827853828668594,-8.313879370689531e-05,8.313879370689531e-05,5,0.0005131534989544183,0.00022948922131078929,0.029999153688549995,0.03135032206773758,0.001351168379187584,1.6672818443502107,0.030425995315578765,0.031129703943463972,0.00035185431394260344,True,0.030288613770573358,0.03126708548846938,0.0004892358589480113,True,0.03014068540431737,0.031415013854725365,0.0006371642252039953,True,0.029999153688549995,-0.0007786959409713731,0.03135032206773758,0.0005724724382162108,0.03108455426990986,0.00030670464038849016,0.030827853828668594,5.0004199147225814e-05,0.030627364292740822,-0.0001504853367805467
Validation,57,Validation_0057,0.016402628272771835,0.014847618900239468,0.014633188024163246,-0.0015550093725323674,0.0015550093725323674,5,0.0010012884581928727,0.00044778981152104386,0.013448771089315414,0.016064949333667755,0.0026161782443523407,6.743764538411769,0.014161064751755732,0.015534173048723204,0.0006865541484837361,False,0.013892999629598515,0.01580223817088042,0.0009546192706409532,False,0.013604355069884421,0.016090882730594516,0.0012432638303550472,False,0.013448771089315414,-0.0013988478109240535,0.016064949333667755,0.0012173304334282872,0.014633188024163246,-0.0002144308760762218,0.015518497675657272,0.0006708787754178044,0.01457268837839365,-0.0002749305218458179
Validation,58,Validation_0058,0.002345859305933118,0.0038668624125421046,0.004278453998267651,0.0015210031066089868,0.0015210031066089868,5,0.001040774646256358,0.0004654485716575027,0.0024741843808442354,0.004956859163939953,0.0024826747830957174,26.91522312458345,0.003153233742225048,0.004580491082859161,0.0007136286703170567,False,0.0028745973708537284,0.004859127454230481,0.0009922650416883763,False,0.0025745700040423246,0.005159154821041885,0.0012922924084997802,False,0.0030948196072131395,-0.0007720428053289651,0.0024741843808442354,-0.0013926780316978692,0.004278453998267651,0.00041159158572554597,0.004956859163939953,0.0010899967513978482,0.004529994912445545,0.0006631324999034406
Validation,59,Validation_0059,0.01766957715153694,0.02508586533367634,0.025223135948181152,0.007416288182139397,0.007416288182139397,5,0.00027701031584554287,0.0001238827793398642,0.024616669863462448,0.025278745219111443,0.0006620753556489944,1.1042485964144613,0.0248959274791446,0.025275803188208077,0.00018993785453173942,False,0.024821766228659437,0.02534996443869324,0.0002640991050169029,False,0.024741911597359875,0.025429819069992803,0.00034395373631646497,False,0.025052718818187714,-3.314651548862527e-05,0.025258056819438934,0.00017219148576259544,0.025278745219111443,0.00019287988543510368,0.024616669863462448,-0.00046919547021389077,0.025223135948181152,0.00013727061450481345
Validation,60,Validation_0060,0.027885032817721367,0.02949203662574291,0.029247060418128967,0.0016070038080215447,0.0016070038080215447,5,0.0005540165195169792,0.00024776371965956086,0.029167423024773598,0.03047567419707775,0.0013082511723041534,1.8785291994157878,0.029112163736276692,0.02987190951520913,0.0003798728894662198,False,0.02896384233621834,0.030020230915267482,0.0005281942895245716,False,0.028804134259048524,0.0301799389924373,0.0006879023666943873,False,0.03047567419707775,0.0009836375713348396,0.029247060418128967,-0.0002449762076139443,0.029167423024773598,-0.0003246136009693139,0.02921759895980358,-0.00027443766593933036,0.029352426528930664,-0.00013961009681224754
Validation,61,Validation_0061,0.02223970554769039,0.024500950053334237,0.024473823606967926,0.0022612445056438453,0.0022612445056438453,5,0.0005254852458687377,0.0002350041461871376,0.023828309029340744,0.025065729394555092,0.0012374203652143478,2.1447545696181134,0.024140640221970253,0.02486125988469822,0.00036030983136398445,False,0.023999957219511748,0.025001942887156726,0.0005009928338224873,False,0.023848473941951772,0.0251534261647167,0.0006524761113824661,False,0.024970483034849167,0.00046953298151493003,0.023828309029340744,-0.0006726410239934928,0.025065729394555092,0.000564779341220855,0.024166405200958252,-0.0003345448523759849,0.024473823606967926,-2.7126446366310814e-05
Validation,62,Validation_0062,0.013839217834174633,0.012084842845797538,0.012097934260964394,-0.001754374988377095,0.001754374988377095,5,0.00025465859744198396,0.00011388678698700603,0.011741160415112972,0.012420857325196266,0.0006796969100832939,2.1072561777709886,0.011910230909456646,0.01225945478213843,0.00017461193634089205,False,0.011842053664954222,0.012327632026640854,0.00024278918084331643,False,0.01176864243352076,0.012401043258074316,0.00031620041227677727,False,0.012420857325196266,0.0003360144793987281,0.01196339912712574,-0.00012144371867179801,0.012097934260964394,1.3091415166855552e-05,0.011741160415112972,-0.0003436824306845658,0.012200863100588322,0.00011602025479078362
Validation,63,Validation_0063,0.030388187617063522,0.025374581292271613,0.02513078972697258,-0.005013606324791909,0.005013606324791909,5,0.0006508033524126223,0.00029104810719587503,0.024677036330103874,0.026325298473238945,0.0016482621431350708,2.5647845965081553,0.024928344508265917,0.02582081807627731,0.00044623678400569546,False,0.02475411132027963,0.025995051264263595,0.0006204699719919802,False,0.02456650219967054,0.026182660384872686,0.0008080790926010714,False,0.026325298473238945,0.0009507171809673316,0.02571936883032322,0.0003447875380516059,0.025020413100719452,-0.0003541681915521615,0.02513078972697258,-0.00024379156529903342,0.024677036330103874,-0.0006975449621677392
Validation,64,Validation_0064,0.03737315163016319,0.03892544135451317,0.03892983868718147,0.0015522897243499742,0.0015522897243499742,5,0.000335741421340373,0.0001501481281958945,0.03860015794634819,0.03941761329770088,0.0008174553513526917,0.8625243790625532,0.038695233302325015,0.03915564940670132,0.00023020805218815197,False,0.03860534854994579,0.039245534159080546,0.0003200928045673794,False,0.038508563318929066,0.03934231939009727,0.0004168780355841029,False,0.03892983868718147,4.397332668305831e-06,0.03862984851002693,-0.0002955928444862352,0.03860015794634819,-0.00032528340816497664,0.039049748331308365,0.00012430697679519792,0.03941761329770088,0.000492171943187715
Validation,65,Validation_0065,0.03910042718052864,0.03540821447968483,0.035535749047994614,-0.003692212700843814,0.003692212700843814,5,0.0004688481945922123,0.0002096752868472472,0.03467503562569618,0.035897012799978256,0.001221977174282074,1.3241226689394636,0.03508673901437552,0.035729689944994134,0.000321475465309308,False,0.0349612188932474,0.03585521006612225,0.0004469955864374222,False,0.03482606255583684,0.035990366403532814,0.0005821519238479838,False,0.035535749047994614,0.0001275345683097867,0.035666272044181824,0.0002580575644969968,0.03526700288057327,-0.00014121159911155423,0.03467503562569618,-0.0007331788539886447,0.035897012799978256,0.0004887983202934293
Validation,66,Validation_0066,0.014700688421726227,0.005764315882697701,0.006238550879061222,-0.008936372539028525,0.008936372539028525,5,0.0012380362604222054,0.0005536666473827367,0.003743806155398488,0.006851955316960812,0.0031081491615623236,21.477592234983554,0.004915430705193308,0.006613201060202094,0.0008488851775043924,False,0.004583983419778564,0.006944648345616838,0.0011803324629191371,False,0.004227090829660626,0.007301540935734777,0.0015372250530370749,False,0.003743806155398488,-0.0020205097272992132,0.006851955316960812,0.0010876394342631103,0.006511052139103413,0.0007467362564057113,0.005476214922964573,-0.0002881009597331284,0.006238550879061222,0.0004742349963635208
Validation,67,Validation_0067,0.019504979252815247,0.022169039025902747,0.022276530042290688,0.0026640597730875,0.0026640597730875,5,0.00039592148359963254,0.0001770614702162693,0.021497318521142006,0.022512350231409073,0.001015031710267067,1.7859208201899506,0.021897567268873062,0.02244051078293243,0.0002714717570296848,False,0.02179157109963992,0.022546506952165573,0.0003774679262628254,False,0.02167743757360166,0.022660640478203833,0.0004916014523010867,False,0.022512350231409073,0.00034331120550632616,0.022276530042290688,0.00010749101638794084,0.02238434925675392,0.0002153102308511748,0.021497318521142006,-0.0006717205047607408,0.022174647077918053,5.608052015305953e-06
Validation,68,Validation_0068,0.03315417096018791,0.034751095622777936,0.034885235130786896,0.001596924662590024,0.001596924662590024,5,0.0008588751156137757,0.00038410062853907865,0.03381834179162979,0.03582721948623657,0.002008877694606781,2.471505143138042,0.034162190129231836,0.03534000111632404,0.000588905493546099,False,0.033932251932200855,0.03556993931335502,0.0008188436905770809,False,0.03368466131276721,0.03581752993278866,0.0010664343100107228,False,0.03582721948623657,0.0010761238634586362,0.033954277634620667,-0.0007968179881572696,0.03381834179162979,-0.0009327538311481448,0.034885235130786896,0.00013413950800895968,0.03527040407061577,0.0005193084478378324
Validation,69,Validation_0069,0.03111068531870842,0.03448900431394577,0.03459130600094795,0.003378318995237349,0.003378318995237349,5,0.0005696450651155194,0.0002547530177291191,0.03367651626467705,0.03523167967796326,0.001555163413286209,1.651671529656718,0.03409841538882803,0.034879593239063506,0.00039058892511773457,False,0.03394590991179293,0.03503209871609861,0.0005430944021528384,False,0.03378169654483739,0.03519631208305415,0.0007073077691083807,False,0.03367651626467705,-0.0008124880492687211,0.03466677665710449,0.0001777723431587233,0.03459130600094795,0.0001023016870021834,0.0342787429690361,-0.00021026134490966658,0.03523167967796326,0.000742675364017488
Validation,70,Validation_0070,0.03249324858188629,0.03184767812490463,0.03208232671022415,-0.0006455704569816589,0.0006455704569816589,5,0.0006804849332259429,0.0003043221136715227,0.031134914606809616,0.03269987553358078,0.001564960926771164,2.136686167692109,0.03138108955088857,0.03231426669892069,0.0004665885740160575,False,0.031198910004865864,0.032496446244943404,0.0006487681200387688,True,0.031002744481997885,0.03269261176781138,0.0008449336429067473,True,0.03269987553358078,0.0008521974086761475,0.031164180487394333,-0.0006834976375102997,0.03215709328651428,0.00030941516160964966,0.03208232671022415,0.00023464858531951904,0.031134914606809616,-0.0007127635180950165
Validation,71,Validation_0071,0.018718894571065903,0.019040195271372795,0.018971476703882217,0.0003213007003068924,0.0003213007003068924,5,0.0007033098519025093,0.0003145297276198641,0.018221130594611168,0.02001798152923584,0.001796850934624672,3.6938163809692948,0.01855795631960797,0.01952243422313762,0.00048223895176482614,True,0.018369666082342192,0.0197107244604034,0.0006705291890306036,True,0.018166920748683427,0.019913469794062163,0.0008732745226893686,True,0.018581144511699677,-0.0004590507596731186,0.02001798152923584,0.0009777862578630447,0.018971476703882217,-6.87185674905777e-05,0.019409243017435074,0.00036904774606227875,0.018221130594611168,-0.0008190646767616272
Validation,72,Validation_0072,0.03213880583643913,0.03144628033041954,0.03130686283111572,-0.0006925255060195937,0.0006925255060195937,5,0.00036378471769099114,0.0001626894715865253,0.031139958649873734,0.03204571455717087,0.0009057559072971344,1.1568449872880011,0.031196843811859745,0.03169571684897934,0.00024943651855979473,False,0.031099451303248624,0.03179310935759045,0.00034682902717091466,False,0.030994581943365913,0.031897978717473165,0.0004516983870536245,False,0.031139958649873734,-0.0003063216805458055,0.03130686283111572,-0.00013941749930381636,0.03151935711503029,7.307678461074968e-05,0.03121950849890709,-0.00022677183151244978,0.03204571455717087,0.0005994342267513289
Validation,73,Validation_0073,0.04051686078310013,0.03691612482070923,0.036907270550727844,-0.003600735962390897,0.003600735962390897,5,0.00022304118761099458,9.974705145609356e-05,0.036713048815727234,0.03725556656718254,0.000542517751455307,0.6041836424983393,0.03676319201559787,0.03706905762582059,0.00015293280511136288,False,0.036703479389617,0.03712877025180146,0.00021264543109223195,False,0.03663918260793605,0.037193067033482415,0.0002769422127731839,False,0.036983367055654526,6.724223494529447e-05,0.036907270550727844,-8.854269981387053e-06,0.036713048815727234,-0.0002030760049819974,0.036721371114254,-0.0001947537064552335,0.03725556656718254,0.0003394417464733096
Validation,74,Validation_0074,0.021688736975193024,0.022393527254462243,0.02224821224808693,0.0007047902792692191,0.0007047902792692191,5,0.0006359290291381481,0.0002843961076036687,0.021573321893811226,0.023228202015161514,0.0016548801213502884,2.839789470912537,0.021957489357966355,0.02282956515095813,0.0004360378964958872,False,0.021787238326423555,0.02299981618250093,0.000606288928038689,False,0.02160391707356873,0.023183137435355754,0.0007896101808935125,True,0.022789500653743744,0.0003959733992815011,0.023228202015161514,0.0008346747606992715,0.021573321893811226,-0.0008202053606510169,0.022128399461507797,-0.0002651277929544456,0.02224821224808693,-0.0001453150063753135
Validation,75,Validation_0075,0.013788493350148201,0.016852616518735885,0.016708096489310265,0.003064123168587684,0.003064123168587684,5,0.0006325763495116121,0.0002828967436933261,0.01621422730386257,0.017912808805704117,0.001698581501841545,3.7535794445233224,0.01641887745639443,0.01728635558107734,0.0004337390623414523,False,0.016249524004830995,0.017455709032640775,0.0006030925139048909,False,0.016067169239432154,0.017638063798039616,0.0007854472793037315,False,0.017912808805704117,0.001060192286968232,0.01664421148598194,-0.0002084050327539437,0.016708096489310265,-0.00014452002942562034,0.01621422730386257,-0.0006383892148733132,0.016783738508820534,-6.887800991535117e-05
Validation,76,Validation_0076,0.0076947687193751335,0.008688789792358875,0.008815853856503963,0.0009940210729837418,0.0009940210729837418,5,0.0009423504285793333,0.00042143192338588994,0.007253739051520824,0.009725804440677166,0.0024720653891563416,10.845588984188089,0.0080426477233349,0.00933493186138285,0.0006461420690239743,False,0.007790361500833207,0.009587218083884543,0.000898428291525668,False,0.007518707191500027,0.009858872393217723,0.001170082600858848,True,0.009251165203750134,0.0005623754113912582,0.007253739051520824,-0.0014350507408380508,0.008815853856503963,0.0001270640641450882,0.009725804440677166,0.0010370146483182907,0.008397386409342289,-0.0002914033830165863
Validation,77,Validation_0077,0.02550758607685566,0.026292648166418076,0.026343123987317085,0.0007850620895624161,0.0007850620895624161,5,0.0006276963462125915,0.00028071433987191945,0.025365319103002548,0.026891034096479416,0.0015257149934768677,2.387345474824815,0.025862255179308135,0.026723041153528016,0.00043039298710994146,False,0.025694208203086318,0.026891088129749833,0.0005984399633317582,False,0.025513260211521855,0.027072036121314296,0.000779387954896222,False,0.026829805225133896,0.0005371570587158203,0.026891034096479416,0.0005983859300613403,0.025365319103002548,-0.0009273290634155273,0.026033958420157433,-0.000258689746260643,0.026343123987317085,5.0475820899009705e-05
Validation,78,Validation_0078,0.02213725633919239,0.01730031594634056,0.017378203570842743,-0.004836940392851829,0.004836940392851829,5,0.0008082354035175234,0.000361453860817431,0.016323870047926903,0.01849418506026268,0.0021703150123357773,4.671795625145706,0.01674613261915245,0.017854499273528675,0.0005541833271881132,False,0.01652975169475156,0.018070880197929563,0.0007705642515890001,False,0.01629675914371916,0.018303872748961964,0.0010035568026214026,False,0.01849418506026268,0.0011938691139221184,0.016323870047926903,-0.0009764458984136588,0.017378203570842743,7.788762450218131e-05,0.0174564179033041,0.00015610195696353843,0.01684890314936638,-0.0004514127969741828
Validation,79,Validation_0079,0.032687507569789886,0.034759768098592755,0.034540046006441116,0.002072260528802869,0.002072260528802869,5,0.000570990585501889,0.00025535475273892594,0.034404974430799484,0.03577500954270363,0.0013700351119041443,1.6426766251211138,0.03436825658958267,0.035151279607602844,0.00039151150901009133,False,0.03421539088959304,0.03530414530759247,0.0005443772089997154,False,0.03405078964526177,0.03546874655192374,0.0007089784533309851,False,0.034506771713495255,-0.0002529963850975009,0.03457203879952431,-0.00018772929906844815,0.034404974430799484,-0.00035479366779327115,0.034540046006441116,-0.00021972209215163907,0.03577500954270363,0.0010152414441108731
Validation,80,Validation_0080,0.008612156845629215,0.009025274775922298,0.009244636632502079,0.0004131179302930832,0.0004131179302930832,5,0.0006462584367859134,0.0002890155591372106,0.008025058545172215,0.009565800428390503,0.0015407418832182884,7.160540291914512,0.008582154307352473,0.009468395244492124,0.0004431204685698248,True,0.008409137884977236,0.00964141166686736,0.000616136890945062,True,0.008222838941429784,0.009827710610414812,0.0008024358344925133,True,0.008025058545172215,-0.001000216230750084,0.009244636632502079,0.00021936185657978058,0.009565800428390503,0.0005405256524682045,0.008757495321333408,-0.0002677794545888901,0.009533382952213287,0.0005081081762909889
Validation,81,Validation_0081,0.036605384200811386,0.034792707115411756,0.034631043672561646,-0.0018126770853996305,0.0018126770853996305,5,0.0003750684695042353,0.00016773571880565537,0.03441614285111427,0.03534923493862152,0.0009330920875072479,1.0780088719744811,0.03453553365895514,0.03504988057186837,0.0002571734564566175,False,0.03443512026232373,0.03515029396849978,0.0003575868530880269,False,0.03432699809996696,0.03525841613085655,0.00046570901544479624,False,0.03498956561088562,0.00019685849547386447,0.03457754850387573,-0.00021515861153602323,0.034631043672561646,-0.00016166344285011014,0.03441614285111427,-0.0003765642642974826,0.03534923493862152,0.0005565278232097653
Validation,82,Validation_0082,0.03416704759001732,0.03463271036744118,0.034637708216905594,0.00046566277742386003,0.00046566277742386003,5,0.0002506981211994233,0.00011211560816667832,0.03437867760658264,0.03502867370843887,0.0006499961018562317,0.7238767007825904,0.034460814013580095,0.03480460672130226,0.00017189635386108529,False,0.03439369706847399,0.034871723666408366,0.00023901329896719098,False,0.03432142753593053,0.03494399319895183,0.0003112828315106484,False,0.03437867760658264,-0.00025403276085853715,0.03465737774968147,2.4667382240294022e-05,0.034461114555597305,-0.00017159581184387346,0.034637708216905594,4.997849464415116e-06,0.03502867370843887,0.00039596334099769454
Validation,83,Validation_0083,0.018588032573461533,0.020125867053866386,0.020151689648628235,0.0015378344804048531,0.0015378344804048531,5,0.0004800085040792441,0.00021466632897983496,0.019594281911849976,0.02080659568309784,0.0012123137712478638,2.3850326686274594,0.019796739291445303,0.02045499481628747,0.0003291277624210841,False,0.019668231330298186,0.020583502777434586,0.0004576357235682004,False,0.019529857775519542,0.02072187633221323,0.0005960092783468432,False,0.01975581981241703,-0.0003700472414493554,0.02080659568309784,0.0006807286292314536,0.020151689648628235,2.5822594761849144e-05,0.019594281911849976,-0.0005315851420164101,0.020320948213338852,0.0001950811594724662
Validation,84,Validation_0084,0.035863857716321945,0.03609190732240677,0.0360923670232296,0.00022804960608482222,0.00022804960608482222,5,0.0002913343253973303,0.00013028867115349478,0.03563367947936058,0.036402568221092224,0.0007688887417316437,0.8072012454062315,0.035892147914355424,0.03629166673045811,0.00019975940805134064,False,0.03581415183751342,0.03636966280730011,0.00027775548489334745,True,0.035730167979119924,0.03645364666569361,0.00036173934328684624,True,0.03606010600924492,-3.180131316184859e-05,0.03627081587910652,0.0001789085566997542,0.0360923670232296,4.59700822831588e-07,0.03563367947936058,-0.00045822784304618697,0.036402568221092224,0.0003106608986854567
Validation,85,Validation_0085,0.03834844008088112,0.03569791093468666,0.03553127124905586,-0.002650529146194458,0.002650529146194458,5,0.0003465996458655213,0.0001550040738265319,0.03539404645562172,0.03613106906414032,0.0007370226085186005,0.9709241711641454,0.03546025771619113,0.03593556415318219,0.00023765321849553432,False,0.03536746599803203,0.03602835587134129,0.00033044493665463064,False,0.035267550632625266,0.036128271236748055,0.0004303603020613927,False,0.03600992634892464,0.0003120154142379761,0.035423241555690765,-0.0002746693789958954,0.03553127124905586,-0.00016663968563079834,0.03539404645562172,-0.0003038644790649414,0.03613106906414032,0.00043315812945365906
Validation,86,Validation_0086,0.001784396474249661,0.002414542459882796,0.0027671728748828173,0.0006301459856331349,0.0006301459856331349,5,0.0007905210019666214,0.00035353173960772205,0.0010972461896017194,0.0030985113698989153,0.002001265180297196,32.739991741747794,0.001872505378637264,0.002956579541128328,0.000542037081245532,False,0.001660866956935604,0.0031682179628299877,0.0007536755029471919,True,0.0014329809919168732,0.0033961039278487186,0.0009815614679659227,True,0.0022971436847001314,-0.00011739877518266448,0.0010972461896017194,-0.0013172962702810765,0.0027671728748828173,0.00035263041500002137,0.0030985113698989153,0.0006839689100161194,0.0028126381803303957,0.0003980957204475998
Validation,87,Validation_0087,0.03713071718811989,0.038221660256385806,0.03823073208332062,0.0010909430682659177,0.0010909430682659177,5,0.0002709093038232481,0.00012115432381718528,0.03791237995028496,0.03861710801720619,0.0007047280669212341,0.7087847623730225,0.038035905686979926,0.038407414825791686,0.00018575456940587732,False,0.03796337780050656,0.03847994271226505,0.00025828245587924465,False,0.037885281927050034,0.03855803858572158,0.00033637832933577314,False,0.03791237995028496,-0.0003092803061008481,0.03830990195274353,8.824169635772428e-05,0.03823073208332062,9.071826934811678e-06,0.03803817927837372,-0.00018348097801208774,0.03861710801720619,0.000395447760820386
Validation,88,Validation_0088,0.009255937300622463,0.013327951170504093,0.013047258369624615,0.00407201386988163,0.00407201386988163,5,0.001268828119766492,0.000567437185512224,0.01156616397202015,0.014575082808732986,0.0030089188367128372,9.520053784219424,0.012457952917542403,0.014197949423465783,0.0008699982529616903,False,0.01211826203012762,0.014537640310880565,0.0012096891403764734,False,0.011752492974281463,0.014903409366726723,0.0015754581962226296,False,0.01156616397202015,-0.0017617871984839436,0.013047258369624615,-0.0002806928008794781,0.014575082808732986,0.0012471316382288936,0.014557908289134502,0.0012299571186304096,0.012893342413008213,-0.0004346087574958798
Validation,89,Validation_0089,0.0344676598906517,0.03520264849066734,0.03523634746670723,0.0007349886000156403,0.0007349886000156403,5,0.00033475371659387205,0.00014970641320491944,0.03475179895758629,0.03552158921957016,0.0007697902619838715,0.9509333273109248,0.0349731176786747,0.03543217930265999,0.0002295308119926431,False,0.034883497354783945,0.03552179962655074,0.0003191511358833969,False,0.03478699685250783,0.03561830012882686,0.0004156516381595177,False,0.03551375865936279,0.00031111016869544983,0.03475179895758629,-0.0004508495330810547,0.034989748150110245,-0.0002129003405570984,0.03523634746670723,3.3698976039886475e-05,0.03552158921957016,0.00031894072890281677
Validation,90,Validation_0090,0.03613170608878136,0.036177683621644974,0.036092888563871384,4.597753286361694e-05,4.597753286361694e-05,5,0.0005282815967918265,0.00023625471233773175,0.03541853278875351,0.036733850836753845,0.0013153180480003357,1.4602416293887803,0.03581545641441277,0.03653991082887718,0.00036222720723220114,True,0.03567402477239325,0.036681342470896695,0.0005036588492517203,True,0.03552173538199496,0.036833631861294985,0.0006559482396500093,True,0.036733850836753845,0.0005561672151088715,0.03662331402301788,0.00044563040137290955,0.03601983189582825,-0.00015785172581672668,0.03541853278875351,-0.0007591508328914642,0.036092888563871384,-8.479505777359009e-05
Validation,91,Validation_0091,0.035052649676799774,0.03793270140886307,0.03800179064273834,0.0028800517320632935,0.0028800517320632935,5,0.0004857626720458639,0.00021723967112529768,0.03713162988424301,0.03844673931598663,0.0013151094317436218,1.2805907673434622,0.03759962818211926,0.038265774635606875,0.00033307322674380784,False,0.037469579714111946,0.03839582310361419,0.00046312169475112397,False,0.03732954738731246,0.03853585543041368,0.0006031540215506124,False,0.03811018541455269,0.00017748400568962097,0.03800179064273834,6.908923387527466e-05,0.03797316178679466,4.046037793159485e-05,0.03713162988424301,-0.0008010715246200562,0.03844673931598663,0.0005140379071235657
Validation,92,Validation_0092,0.03171380236744881,0.025415168330073356,0.02548455260694027,-0.006298634037375451,0.006298634037375451,5,0.00046965464730515014,0.00021003594346460081,0.024803180247545242,0.026037074625492096,0.0012338943779468536,1.847930500422519,0.02509313990377554,0.02573719675637117,0.00032202842629781544,False,0.024967403878985262,0.02586293278116145,0.000447764451088095,False,0.024832015062925462,0.02599832159722125,0.0005831532671478926,False,0.026037074625492096,0.00062190629541874,0.02548455260694027,6.938427686691354e-05,0.025137770920991898,-0.00027739740908145835,0.024803180247545242,-0.0006119880825281136,0.025613263249397278,0.0001980949193239219
Validation,93,Validation_0093,0.009411413222551346,0.011023933999240398,0.01100920420140028,0.0016125207766890526,0.0016125207766890526,5,0.0005565670474041708,0.0002489043504064147,0.010300970636308193,0.011667764745652676,0.0013667941093444824,5.048715344653922,0.010642312287556717,0.01140555571092408,0.0003816217116836807,False,0.01049330805972376,0.011554559938757036,0.0005306259395166373,False,0.010332864733892071,0.011715003264588726,0.0006910692653483278,False,0.011456385254859924,0.0004324512556195259,0.010300970636308193,-0.0007229633629322052,0.01100920420140028,-1.4729797840118408e-05,0.010685345157980919,-0.0003385888412594795,0.011667764745652676,0.0006438307464122772
Validation,94,Validation_0094,0.027485022321343422,0.023253358155488967,0.0234665647149086,-0.004231664165854455,0.004231664165854455,5,0.0005503347228499825,0.00024611717013421354,0.02229011245071888,0.023669999092817307,0.0013798866420984268,2.3666892290138994,0.02287600976608556,0.023630706544892376,0.00037734838940340856,False,0.022728674057278533,0.0237780422536994,0.0005246840982104323,False,0.022570027343164697,0.023936688967813237,0.000683330812324271,False,0.023487165570259094,0.00023380741477012704,0.0234665647149086,0.00021320655941963265,0.023669999092817307,0.0004166409373283393,0.02335294894874096,9.959079325199197e-05,0.02229011245071888,-0.0009632457047700875
Validation,95,Validation_0095,0.02659563161432743,0.0242240022867918,0.023775437846779823,-0.0023716293275356307,0.0023716293275356307,5,0.001004275683591838,0.000449125739332284,0.023649422451853752,0.026012711226940155,0.002363288775086403,4.145787602321281,0.02353539988540618,0.02491260468817742,0.0006886024013856193,False,0.02326653502273969,0.02518146955084391,0.00095746726405211,False,0.022977029326204337,0.025470975247379263,0.0012469729605874625,False,0.026012711226940155,0.001788708940148355,0.023913338780403137,-0.00031066350638866286,0.023649422451853752,-0.0005745798349380479,0.023775437846779823,-0.00044856444001197676,0.02376910112798214,-0.0004549011588096605
Validation,96,Validation_0096,0.003589677857235074,0.008028856106102466,0.008242965675890446,0.004439178248867392,0.004439178248867392,5,0.0007446851673178241,0.0003330333311916919,0.007241775281727314,0.008886336348950863,0.0016445610672235489,9.275109149755638,0.007518247313248614,0.008539464898956317,0.000510608792853852,False,0.007318880069261799,0.008738832142943133,0.000709976036840667,False,0.007104207343847576,0.008953504868357356,0.0009246487622548904,False,0.0072632478550076485,-0.0007656082510948178,0.008242965675890446,0.00021410956978797947,0.008509955368936062,0.0004810992628335956,0.007241775281727314,-0.0007870808243751522,0.008886336348950863,0.0008574802428483966
Validation,97,Validation_0097,0.029502080753445625,0.029190929606556892,0.02939319610595703,-0.0003111511468887329,0.0003111511468887329,5,0.0007367705544953362,0.00032949380873435703,0.028321467339992523,0.03018229827284813,0.001860830932855606,2.523970851308011,0.0286857476317418,0.029696111581371986,0.0005051819748150936,True,0.028488499289292025,0.02989335992382176,0.0007024303172648666,True,0.028276108134103407,0.030105751079010378,0.0009148214724534853,True,0.03018229827284813,0.0009913686662912369,0.028321467339992523,-0.0008694622665643692,0.02861708402633667,-0.0005738455802202225,0.02939319610595703,0.00020226649940013885,0.02944060228765011,0.00024967268109321594
Validation,98,Validation_0098,0.02094079926609993,0.015065626055002213,0.015187656506896019,-0.005875173211097717,0.005875173211097717,5,0.0006391872903032873,0.0002858532462944085,0.014144502580165863,0.01576746068894863,0.0016229581087827682,4.242686549962914,0.01462735406432351,0.015503898045680916,0.00043827199067870347,False,0.014456230730528439,0.01567502137947599,0.0006093953244737749,False,0.014271970208523202,0.015859281901481226,0.0007936558464790113,False,0.014144502580165863,-0.0009211234748363502,0.014744403772056103,-0.00032122228294611047,0.015187656506896019,0.00012203045189380576,0.01576746068894863,0.0007018346339464181,0.015484106726944447,0.00041848067194223335
Validation,99,Validation_0099,0.014390482567250729,0.010699798725545407,0.010892277583479881,-0.003690683841705322,0.003690683841705322,5,0.0008301755657751824,0.00037126579966653114,0.009343178942799568,0.011561435647308826,0.0022182567045092583,7.758796095791657,0.010130571672153171,0.011269025778937642,0.0005692270533922362,False,0.009908316923653319,0.011491280527437494,0.0007914818018920879,False,0.00966899961333392,0.011730597837756894,0.0010307991122114868,False,0.010892277583479881,0.0001924788579344746,0.009343178942799568,-0.0013566197827458385,0.01063759345561266,-6.220526993274723e-05,0.011561435647308826,0.0008616369217634198,0.011064507998526096,0.00036470927298068966
Test,0,Test_0000,0.029904160648584366,0.028192714601755143,0.02831052429974079,-0.001711446046829223,0.001711446046829223,5,0.0010294122121692361,0.00046036713665576965,0.026842651888728142,0.029328476637601852,0.0024858247488737106,3.651341230209701,0.027486876819463966,0.02889855238404632,0.0007058377822911769,False,0.027211282400945138,0.029174146802565148,0.0009814322008100038,False,0.026914530518593306,0.02947089868491698,0.0012781840831618378,False,0.029328476637601852,0.0011357620358467095,0.02898513711988926,0.0007924225181341164,0.02831052429974079,0.00011780969798564841,0.026842651888728142,-0.0013500627130270011,0.027496783062815666,-0.0006959315389394767
Test,1,Test_0001,0.0001607175508979708,0.0019354157440830023,0.002130600856617093,0.0017746981931850315,0.0017746981931850315,5,0.001302676334507012,0.0005825745673275867,-0.00027523082098923624,0.002951068105176091,0.0032262989261653274,67.3073130922689,0.0010422087623491723,0.0028286227258168322,0.0008932069817338301,False,0.0006934560249300485,0.003177375463235956,0.0012419597191529537,False,0.00031792943821359865,0.003552902049952406,0.0016174863058694036,False,-0.00027523082098923624,-0.0022106465650722383,0.0020282280165702105,9.28122724872082e-05,0.002130600856617093,0.00019518511253409083,0.002951068105176091,0.001015652361093089,0.0028424125630408525,0.0009069968189578503
Test,2,Test_0002,0.028783505782485008,0.03082413338124752,0.03127838671207428,0.0020406275987625115,0.0020406275987625115,5,0.0007648216095458458,0.00034203862192106263,0.02967238239943981,0.03139711543917656,0.0017247330397367477,2.4812428628119694,0.030299717620147673,0.031348549142347366,0.000524415761099848,False,0.030094959444305507,0.03155330731818953,0.0007291739369420131,False,0.029874481923626184,0.031773784838868856,0.0009496514576213348,False,0.03137160837650299,0.000547474995255471,0.02967238239943981,-0.001151750981807708,0.03040117397904396,-0.0004229594022035592,0.03127838671207428,0.00045425333082676003,0.03139711543917656,0.0005729820579290397
Test,3,Test_0003,0.038523707538843155,0.039148928970098494,0.03915226832032204,0.0006252214312553392,0.0006252214312553392,5,0.00046597258843949796,0.00020838927668045002,0.03848334401845932,0.03978099301457405,0.0012976489961147308,1.1902562872036744,0.03882942522364542,0.039468432716551566,0.00031950374645307097,False,0.03870467496030234,0.03959318297989465,0.00044425400979615227,False,0.03857034758288335,0.03972751035731364,0.0005785813872151453,False,0.03848334401845932,-0.000665584951639174,0.03927703946828842,0.00012811049818992754,0.03915226832032204,3.3393502235426475e-06,0.03905100002884865,-9.792894124984602e-05,0.03978099301457405,0.0006320640444755568
Test,4,Test_0004,0.008534790016710758,0.008498802967369556,0.008415508083999157,-3.5987049341202476e-05,3.5987049341202476e-05,5,0.000492419392320861,0.00022021664693371663,0.007861492224037647,0.009166841395199299,0.0013053491711616516,5.793985273119804,0.008161165422638558,0.008836440512100554,0.00033763754473099746,True,0.008029334816308282,0.00896827111843083,0.0004694681510612741,True,0.007887383535907367,0.009110222398831745,0.0006114194314621894,True,0.007861492224037647,-0.0006373107433319085,0.009166841395199299,0.0006680384278297431,0.008291476406157017,-0.00020732656121253898,0.008415508083999157,-8.329488337039878e-05,0.008758696727454662,0.0002598937600851066
Test,5,Test_0005,0.03343658149242401,0.03268431201577186,0.03274717181921005,-0.0007522694766521482,0.0007522694766521482,5,0.000598065461235948,0.000267463005263669,0.03204416483640671,0.03329095244407654,0.0012467876076698303,1.8298242317211715,0.032274236058022945,0.03309438797352078,0.0004100759577489175,False,0.032114121867539244,0.03325450216400448,0.0005701901482326204,False,0.031941715663986056,0.03342690836755767,0.000742596351785807,False,0.03329095244407654,0.000606640428304675,0.03323908522725105,0.0005547732114791898,0.03274717181921005,6.285980343818942e-05,0.03210018575191498,-0.000584126263856885,0.03204416483640671,-0.0006401471793651553
Test,6,Test_0006,0.01657457835972309,0.020329218730330466,0.020070895552635193,0.0037546403706073747,0.0037546403706073747,5,0.0008513848827935089,0.0003807508945883954,0.01965523511171341,0.021753661334514618,0.0020984262228012085,4.187986238365733,0.01974544906989398,0.02091298839076695,0.0005837696604364831,False,0.0195175161593112,0.021140921301349733,0.0008117025710192674,False,0.019272084772750834,0.021386352687910098,0.0010571339575796335,False,0.021753661334514618,0.001424442604184152,0.01974528655409813,-0.0005839321762323366,0.020070895552635193,-0.00025832317769527297,0.01965523511171341,-0.0006739836186170564,0.020421015098690987,9.17963683605208e-05
Test,7,Test_0007,0.03378213196992874,0.03368760943412781,0.03375561907887459,-9.452253580093106e-05,9.452253580093106e-05,5,0.0002026861950253518,9.064402203549326e-05,0.03333273530006409,0.03384269028902054,0.0005099549889564514,0.6016639305370748,0.033548633450837057,0.033826585417418564,0.00013897598329075535,True,0.033494370267051723,0.0338808486012039,0.00019323916707608826,True,0.03343594128283192,0.0339392775854237,0.00025166815129588666,True,0.03333273530006409,-0.0003548741340637235,0.03377621993422508,8.8610500097272e-05,0.03373078256845474,4.317313432693204e-05,0.03375561907887459,6.800964474677762e-05,0.03384269028902054,0.00015508085489272794
Test,8,Test_0008,0.028001928701996803,0.03142721988260746,0.03149830549955368,0.0034252911806106554,0.0034252911806106554,5,0.000429626148352744,0.00019213465452562895,0.030746372416615486,0.03179849311709404,0.0010521207004785538,1.3670510785158854,0.031132637824824616,0.0317218019403903,0.0002945820577828418,False,0.031017618236815016,0.0318368215283999,0.00040960164579244306,False,0.030893768561510906,0.03196067120370401,0.0005334513210965526,False,0.03131905943155289,-0.00010816045105457167,0.03149830549955368,7.108561694622179e-05,0.03177386894822121,0.00034664906561374803,0.030746372416615486,-0.0006808474659919725,0.03179849311709404,0.0003712732344865813
Test,9,Test_0009,0.035752955824136734,0.03760513514280319,0.03768478333950043,0.0018521793186664567,0.0018521793186664567,5,0.0003156058176154282,0.00014114321245649962,0.03711632266640663,0.03794754669070244,0.0008312240242958069,0.8392625539489076,0.037388733483924054,0.03782153680168233,0.0002164016588791396,False,0.03730423943891598,0.0379060308466904,0.00030089570388720815,False,0.03721325876144645,0.037997011524159935,0.00039187638135674137,False,0.03768478333950043,7.96481966972365e-05,0.037508755922317505,-9.637922048568587e-05,0.03711632266640663,-0.0004888124763965593,0.03776826709508896,0.000163131952285768,0.03794754669070244,0.0003424115478992476
Test,10,Test_0010,0.02130408026278019,0.022804486379027367,0.022543739527463913,0.0015004061162471778,0.0015004061162471778,5,0.0009751327837415143,0.0004360926383069255,0.022040976211428642,0.024438684806227684,0.0023977085947990417,4.276056770295497,0.02213586640990427,0.023473106348150464,0.0006686199691230956,False,0.02187480368951204,0.023734169068542695,0.0009296826895153289,False,0.02159369910798731,0.024015273650067424,0.0012107872710400574,False,0.024438684806227684,0.0016341984272003167,0.022114820778369904,-0.0006896656006574638,0.02288421057164669,7.972419261932304e-05,0.022040976211428642,-0.0007635101675987251,0.022543739527463913,-0.00026074685156345437
Test,11,Test_0011,0.034980010241270065,0.03397245928645134,0.033642880618572235,-0.001007550954818727,0.001007550954818727,5,0.0007347644735011744,0.00032859666204009376,0.033410802483558655,0.03524443134665489,0.0018336288630962372,2.162823913646452,0.03346865282257664,0.034476265750326036,0.000503806463874698,False,0.0332719415484835,0.034672977024419176,0.0007005177379678379,False,0.033060128692545786,0.03488478988035689,0.0009123305939055537,False,0.03524443134665489,0.0012719720602035536,0.03363202139735222,-0.0003404378890991197,0.033410802483558655,-0.0005616568028926835,0.0339321605861187,-4.0298700332640214e-05,0.033642880618572235,-0.0003295786678791032
Test,12,Test_0012,0.01660303585231304,0.02121214345097542,0.021377872675657272,0.004609107598662378,0.004609107598662378,5,0.0005889589710465509,0.0002633904590436836,0.020505575463175774,0.021792661398649216,0.001287085935473442,2.7765179525950647,0.02080831154664238,0.02161597535530846,0.0004038319043330408,False,0.020650635347314043,0.021773651554636796,0.0005615081036613778,False,0.020480854300207782,0.021943432601743057,0.0007312891507676366,False,0.021703673526644707,0.0004915300756692872,0.021792661398649216,0.0005805179476737962,0.021377872675657272,0.00016572922468185286,0.020505575463175774,-0.0007065679877996459,0.020680934190750122,-0.0005312092602252974
Test,13,Test_0013,0.025645151734352112,0.02492340877652168,0.024984819814562798,-0.0007217429578304305,0.0007217429578304305,5,0.0007911659934171139,0.00035382018855336354,0.024157969281077385,0.026048988103866577,0.0018910188227891922,3.174389187735857,0.024380929443542945,0.025465888109500418,0.0005424793329787352,False,0.024169118344616703,0.02567769920842666,0.0007542904319049771,True,0.023941046445892532,0.02590577110715083,0.0009823623306291485,True,0.026048988103866577,0.0011255793273448958,0.024984819814562798,6.14110380411162e-05,0.02524099126458168,0.00031758248805999895,0.024157969281077385,-0.0007654394954442964,0.024184275418519974,-0.0007391333580017076
Test,14,Test_0014,0.03571183979511261,0.03606520816683769,0.03633695840835571,0.000353368371725081,0.000353368371725081,5,0.0008034981800248337,0.0003593353100665784,0.03468836098909378,0.03677878901362419,0.0020904280245304108,2.227903902031704,0.0355142730149527,0.036616143318722684,0.0005509351518849937,True,0.03529916034085857,0.036831255992816815,0.0007660478259791251,True,0.03506753340407861,0.03706288292959677,0.0009976747627590849,True,0.0361446887254715,7.948055863380571e-05,0.03677878901362419,0.0007135808467865004,0.03637724369764328,0.00031203553080558916,0.03468836098909378,-0.0013768471777439104,0.03633695840835571,0.000271750241518022
Test,15,Test_0015,0.034776538610458374,0.036887770891189574,0.037012979388237,0.0021112322807312,0.0021112322807312,5,0.000495487874918196,0.00022158891406879987,0.03623508661985397,0.037465497851371765,0.0012304112315177917,1.343230731886107,0.036548029377877385,0.03722751240450176,0.00033974151331219197,False,0.03641537727684639,0.037360164505532756,0.000472393614343183,False,0.03627254143535716,0.03750300034702199,0.000615229455832415,False,0.037012979388237,0.0001252084970474257,0.03623508661985397,-0.0006526842713356004,0.03654223307967186,-0.00034553781151771407,0.03718305751681328,0.0002952866256237044,0.037465497851371765,0.0005777269601821913
Test,16,Test_0016,0.025575056672096252,0.01965560279786587,0.019270531833171844,-0.005919453874230384,0.005919453874230384,5,0.0008669854516749227,0.0003877276810896972,0.018779685720801353,0.021010445430874825,0.002230759710073471,4.4108820298762685,0.01906113628459282,0.020250069311138916,0.0005944665132730488,False,0.018829026786964912,0.020482178808766825,0.0008265760109009548,False,0.018579098175554684,0.020732107420177052,0.0010765046223111829,False,0.021010445430874825,0.0013548426330089562,0.01925431564450264,-0.00040128715336322854,0.019963035359978676,0.00030743256211280753,0.018779685720801353,-0.0008759170770645149,0.019270531833171844,-0.0003850709646940238
Test,17,Test_0017,3.279328893768252e-06,0.0027659315848723052,0.0032654099632054567,0.002762652255978537,0.002762652255978537,5,0.0009333864684330531,0.00041742311853895365,0.001347278361208737,0.003526858286932111,0.002179579925723374,33.745826308142206,0.0021259358405911317,0.0034059273291534788,0.0006399957442811737,False,0.0018760494510765891,0.0036558137186680213,0.0008898821337957162,False,0.0016069792106084269,0.003924883959136183,0.0011589523742638783,False,0.003526858286932111,0.0007609267020598056,0.001347278361208737,-0.0014186532236635683,0.003406862961128354,0.0006409313762560489,0.0032654099632054567,0.0004994783783331515,0.0022832483518868685,-0.00048268323298543674
Test,18,Test_0018,0.03773081675171852,0.037868086248636246,0.03778262063860893,0.0001372694969177246,0.0001372694969177246,5,0.00018523823609450205,8.284105758789234e-05,0.037726081907749176,0.03817259520292282,0.000446513295173645,0.4891671442761993,0.03774107381939281,0.03799509867787968,0.00012701242924343477,False,0.03769148180624159,0.0380446906910309,0.00017660444239464914,True,0.03763808259978693,0.03809808989748556,0.00023000364884931266,True,0.037745632231235504,-0.00012245401740074158,0.037913501262664795,4.5415014028549194e-05,0.037726081907749176,-0.0001420043408870697,0.03778262063860893,-8.546561002731323e-05,0.03817259520292282,0.0003045089542865753
Test,19,Test_0019,0.03618176653981209,0.03643096461892128,0.03633759915828705,0.0002491980791091905,0.0002491980791091905,5,0.0003733144967959668,0.00016695131836438182,0.0359785296022892,0.036995526403188705,0.0010169968008995056,1.0247175739125973,0.036174993810142594,0.03668693542769996,0.00025597080877868227,True,0.03607504998739317,0.036786879250449385,0.00035591463152810464,True,0.03596743344824217,0.036894495789600384,0.0004635311706791073,True,0.03653368726372719,0.00010272264480590959,0.03633759915828705,-9.336546063423018e-05,0.0359785296022892,-0.0004524350166320787,0.03630948066711426,-0.00012148395180702071,0.036995526403188705,0.0005645617842674269
Test,20,Test_0020,0.04343936964869499,0.041466948390007016,0.04142134636640549,-0.001972421258687976,0.001972421258687976,5,0.00048558523235834857,0.00021716031768465957,0.04095936939120293,0.04196849465370178,0.0010091252624988556,1.1710175241044942,0.04113399682845626,0.04179989995155777,0.00033295156155075333,False,0.041003995864633304,0.04192990091538073,0.0004629525253737157,False,0.040864014688928245,0.04206988209108579,0.000602933701078772,False,0.04196849465370178,0.000501546263694766,0.04095936939120293,-0.0005075789988040896,0.04102877527475357,-0.0004381731152534457,0.04142134636640549,-4.560202360152921e-05,0.04195675626397133,0.0004898078739643125
Test,21,Test_0021,0.034028586000204086,0.0341958113014698,0.034360919147729874,0.00016722530126571378,0.00016722530126571378,5,0.0004788625726370153,0.00021415385285935938,0.03350961208343506,0.03461907058954239,0.0011094585061073303,1.4003544715326959,0.033867469270651936,0.034524153332287665,0.00032834203081786553,True,0.0337392680984721,0.0346523545044675,0.0004565432029976954,True,0.03360122488493918,0.03479039771800042,0.000594586416530618,True,0.03350961208343506,-0.0006861992180347415,0.034360919147729874,0.00016510784626007358,0.03458763659000397,0.0003918252885341672,0.033901818096637726,-0.00029399320483207425,0.03461907058954239,0.00042325928807258884
Test,22,Test_0022,0.001965631963685155,0.0053432976827025415,0.005350806750357151,0.0033776657190173866,0.0033776657190173866,5,0.0006835274130725743,0.00030568275202297085,0.004255318082869053,0.0059613632038235664,0.0017060451209545135,12.792239056515726,0.004874622969429318,0.005811972395975765,0.000468674713273223,False,0.004691628890166885,0.005994966475238198,0.0006516687925356563,False,0.004494586302104971,0.006192009063300112,0.0008487113805975699,False,0.004255318082869053,-0.0010879795998334886,0.005887684412300587,0.0005443867295980452,0.0059613632038235664,0.0006180655211210249,0.00526131596416235,-8.198171854019182e-05,0.005350806750357151,7.509067654609507e-06
Test,23,Test_0023,0.03561365231871605,0.0345561221241951,0.03455117717385292,-0.001057530194520949,0.001057530194520949,5,0.0004943956526849988,0.00022110045743680676,0.03400016576051712,0.03533010557293892,0.0013299398124217987,1.4307035115460445,0.034217129515655684,0.03489511473273452,0.0003389926085394144,False,0.03408476982455309,0.03502747442383711,0.00047135229964200855,False,0.03394224884138768,0.03516999540700252,0.0006138732828074164,False,0.03455117717385292,-4.9449503421797325e-06,0.034296538680791855,-0.0002595834434032454,0.03400016576051712,-0.0005559563636779799,0.03460262343287468,4.65013086795793e-05,0.03533010557293892,0.0007739834487438188
Test,24,Test_0024,0.02150697261095047,0.01978771612048149,0.019637642428278923,-0.0017192564904689803,0.0017192564904689803,5,0.0005758234419005414,0.00025751607182550226,0.019152995198965073,0.02072478085756302,0.0015717856585979462,2.910004562398836,0.019392890863487618,0.020182541377475362,0.0003948252569938735,False,0.01923873131033283,0.02033670093063015,0.0005489848101486595,False,0.019072736883351808,0.02050269535761117,0.0007149792371296805,False,0.02072478085756302,0.0009370647370815291,0.019152995198965073,-0.0006347209215164171,0.01978646218776703,-1.2539327144608925e-06,0.019637642428278923,-0.00015007369220256667,0.019636699929833412,-0.00015101619064807753
Test,25,Test_0025,0.0379083976149559,0.038877100497484204,0.03870806097984314,0.0009687028825283023,0.0009687028825283023,5,0.00047208484519779186,0.00021112276100194554,0.03840002417564392,0.03945479169487953,0.001054767519235611,1.2143005500843387,0.038553405755719375,0.039200795239249034,0.0003236947417648297,False,0.0384270191179218,0.03932718187704661,0.0004500813795624068,False,0.038290929741104505,0.0394632712538639,0.0005861707563796964,False,0.03945479169487953,0.0005776911973953275,0.03870806097984314,-0.00016903951764106473,0.03840002417564392,-0.0004770763218402835,0.03852452337741852,-0.0003525771200656863,0.039298102259635925,0.0004210017621517209
Test,26,Test_0026,0.032574255019426346,0.03256629407405853,0.03254725784063339,-7.96094536781311e-06,7.96094536781311e-06,5,0.0003791632486463956,0.0001695669597085991,0.03216858208179474,0.0330323651432991,0.000863783061504364,1.164281228266704,0.03230631294756021,0.03282627520055686,0.0002599811264983242,True,0.03220480329593658,0.03292778485218049,0.0003614907781219574,True,0.03209550071877232,0.03303708742934475,0.00047079335528621235,True,0.03216858208179474,-0.00039771199226379395,0.03254725784063339,-1.903623342514038e-05,0.03285634145140648,0.00029004737734794617,0.03222692385315895,-0.0003393702208995819,0.0330323651432991,0.00046607106924057007
Test,27,Test_0027,0.000550733064301312,0.003543576970696449,0.003657923312857747,0.002992843906395137,0.002992843906395137,5,0.0004992955663132531,0.0002232917654281376,0.0029824015218764544,0.0041148466989398,0.001132445177063346,14.090157218036166,0.0032012246349963306,0.0038859293063965676,0.0003423523357001184,False,0.00306755313815527,0.004019600803237628,0.00047602383254117907,False,0.0029236196415425215,0.004163534299850377,0.0006199573291539277,False,0.003890685038641095,0.00034710806794464606,0.0030720282811671495,-0.00047154868952929956,0.003657923312857747,0.00011434634216129797,0.0029824015218764544,-0.0005611754488199948,0.0041148466989398,0.0005712697282433512
Test,28,Test_0028,0.02113732509315014,0.02166334502398968,0.021877236664295197,0.00052601993083954,0.00052601993083954,5,0.0008512702063262515,0.00038069960971315396,0.02071448601782322,0.022518571466207504,0.001804085448384285,3.929541838453697,0.02107965399384568,0.022247036054133678,0.0005836910301439986,True,0.020851751784466882,0.022474938263512476,0.0008115932395227968,True,0.02060635345605088,0.02272033659192848,0.0010569915679387986,True,0.022518571466207504,0.0008552264422178255,0.02238229103386402,0.0007189460098743425,0.021877236664295197,0.00021389164030551772,0.020824139937758446,-0.0008392050862312331,0.02071448601782322,-0.0009488590061664595
Test,29,Test_0029,0.03422939032316208,0.035274706035852435,0.03564206883311272,0.0010453157126903562,0.0010453157126903562,5,0.0006989688432468662,0.0003125883695308775,0.034170981496572495,0.03581273555755615,0.0016417540609836578,1.9815015397618045,0.03479544358648984,0.03575396848521503,0.00047926244936259677,False,0.03460831552482495,0.03594109654687992,0.0006663905110274882,False,0.03440682158732667,0.0361425904843782,0.0008678844485257655,False,0.03575592115521431,0.00048121511936187467,0.034170981496572495,-0.0011037245392799405,0.03499182313680649,-0.000282882899045947,0.03564206883311272,0.00036736279726028165,0.03581273555755615,0.0005380295217037173
Test,30,Test_0030,0.03697212412953377,0.03815213143825531,0.038048163056373596,0.0011800073087215451,0.0011800073087215451,5,0.00036349381449865006,0.000162559375723936,0.037878625094890594,0.03877878561615944,0.0009001605212688446,0.9527483807475385,0.03790289438348827,0.03840136849302236,0.00024923705476704374,False,0.03780557975553098,0.03849868312097965,0.00034655168272433926,False,0.03770079425522258,0.038603468621288044,0.000451337183032732,False,0.038048163056373596,-0.00010396838188171664,0.038125406950712204,-2.6724487543108855e-05,0.037878625094890594,-0.00027350634336471835,0.03792967647314072,-0.00022245496511459628,0.03877878561615944,0.0006266541779041263
Test,31,Test_0031,0.01672402210533619,0.01584770493209362,0.01580098085105419,-0.0008763171732425676,0.0008763171732425676,5,0.000734701823624411,0.00032856864416344877,0.014802087098360062,0.01686069741845131,0.0020586103200912476,4.636014027094524,0.015343941425403181,0.016351468438784062,0.00050376350669044,False,0.015147246923946069,0.016548162940241175,0.0007004580081475526,False,0.014935452128284538,0.016759957735902706,0.0009122528038090846,True,0.01580098085105419,-4.67240810394301e-05,0.014802087098360062,-0.00104561783373356,0.01686069741845131,0.0010129924863576875,0.016018424183130264,0.0001707192510366426,0.015756335109472275,-9.136982262134691e-05
Test,32,Test_0032,0.04144977033138275,0.038982517272233966,0.03883909434080124,-0.0024672530591487857,0.0024672530591487857,5,0.0003069094284851925,0.00013725406900570015,0.03873353824019432,0.039432622492313385,0.0006990842521190643,0.7873001795699698,0.03877207847249431,0.03919295607197362,0.0002104387997396586,False,0.03868991262631391,0.03927512191815402,0.00029260464592005797,False,0.03860143888417461,0.03936359566029332,0.0003810783880593571,False,0.039165742695331573,0.0001832254230976077,0.03883909434080124,-0.00014342293143272677,0.0387415885925293,-0.0002409286797046689,0.03873353824019432,-0.0002489790320396451,0.039432622492313385,0.0004501052200794192
Test,33,Test_0033,0.025877267122268677,0.030227553471922873,0.030344774946570396,0.004350286349654196,0.004350286349654196,5,0.0004754190846135676,0.0002126138781993323,0.029450127854943275,0.030634906142950058,0.0011847782880067825,1.5728004089221603,0.02990157253991565,0.030553534403930094,0.0003259809320072202,False,0.02977429325895518,0.030680813684890566,0.0004532602129676921,False,0.029637242710499216,0.03081786423334653,0.0005903107614236571,False,0.030344774946570396,0.00011722147464752336,0.03014414757490158,-8.340589702129225e-05,0.03056381084024906,0.0003362573683261885,0.029450127854943275,-0.0007774256169795976,0.030634906142950058,0.0004073526710271849
Test,34,Test_0034,0.02099030651152134,0.018801451101899146,0.018633170053362846,-0.0021888554096221938,0.0021888554096221938,5,0.0004400723977991115,0.00019680635930002842,0.01851561665534973,0.019573397934436798,0.0010577812790870667,2.3406299620919127,0.018499706357045644,0.019103195846752647,0.00030174474485350223,False,0.01838189009729673,0.01922101210650156,0.0004195610046024134,False,0.01825502904894878,0.01934787315484951,0.0005464220529503632,False,0.018737994134426117,-6.34569674730287e-05,0.018547076731920242,-0.00025437436997890334,0.018633170053362846,-0.00016828104853629927,0.019573397934436798,0.0007719468325376524,0.01851561665534973,-0.0002858344465494142
Test,35,Test_0035,0.015841074287891388,0.01852170154452324,0.018536627292633057,0.0026806272566318526,0.0026806272566318526,5,0.0006417019216573028,0.00028697782362359473,0.0176395196467638,0.019419299438595772,0.0017797797918319702,3.4645948705887144,0.018081705344827764,0.018961697744218717,0.00043999619969547625,False,0.017909908793484263,0.019133494295562218,0.0006117927510389763,False,0.017724923370823195,0.019318479718223286,0.0007967781737000468,False,0.019419299438595772,0.0008975978940725313,0.018683329224586487,0.0001616276800632463,0.018536627292633057,1.4925748109816117e-05,0.01832973212003708,-0.00019196942448616167,0.0176395196467638,-0.000882181897759439
Test,36,Test_0036,0.03732594847679138,0.03796341717243194,0.037835102528333664,0.0006374686956405612,0.0006374686956405612,5,0.00043704868666279725,0.00019545411457100407,0.037543728947639465,0.03865242749452591,0.001108698546886444,1.1512364249975124,0.03766374569768104,0.03826308864718284,0.00029967147475089896,False,0.037546738946409426,0.03838009539845446,0.00041667822602251567,False,0.03742074955274051,0.03850608479212338,0.000542667619691434,False,0.03768462687730789,-0.0002787902951240512,0.0381012000143528,0.00013778284192085544,0.037835102528333664,-0.00012831464409827908,0.037543728947639465,-0.0004196882247924777,0.03865242749452591,0.0006890103220939664
Test,37,Test_0037,0.03537635877728462,0.03190508857369423,0.032133426517248154,-0.003471270203590393,0.003471270203590393,5,0.0008870365884465477,0.00039669482205919703,0.030566394329071045,0.032754626125097275,0.00218823179602623,2.7802354674480045,0.03129687358362637,0.032513303563762086,0.000608214990067857,False,0.03105939599213491,0.03275078115525355,0.0008456925815593211,False,0.03080368717673066,0.0330064899706578,0.0011014013969635693,False,0.03151234984397888,-0.0003927387297153473,0.032133426517248154,0.00022833794355392456,0.03255864605307579,0.0006535574793815613,0.030566394329071045,-0.0013386942446231842,0.032754626125097275,0.0008495375514030457
Test,38,Test_0038,0.009412657469511032,0.013684233464300633,0.013360466808080673,0.004271575994789601,0.004271575994789601,5,0.0010738583704159883,0.00048024406289145973,0.012479842640459538,0.01489943265914917,0.0024195900186896324,7.847413398912444,0.01294792025399589,0.014420546674605376,0.0007363132103047437,False,0.012660426702173022,0.014708040226428245,0.0010238067621276116,False,0.012350862186585336,0.01501760474201593,0.0013333712777152972,False,0.012965605594217777,-0.0007186278700828559,0.012479842640459538,-0.0012043908238410957,0.01489943265914917,0.0012151991948485368,0.014715819619596004,0.0010315861552953713,0.013360466808080673,-0.00032376665621995995
Test,39,Test_0039,0.016307538375258446,0.017393660545349122,0.017470117658376694,0.001086122170090676,0.001086122170090676,5,0.0003019674487489095,0.00013504394847894908,0.016924547031521797,0.01770375482738018,0.0007792077958583832,1.7360776241528546,0.017186610316267503,0.01760071077443074,0.0002070502290816174,False,0.01710576753777141,0.017681553552926832,0.0002878930075777092,False,0.01701871843560816,0.017768602655090084,0.0003749421097409619,False,0.01770375482738018,0.00031009428203105857,0.016924547031521797,-0.0004691135138273246,0.017575044184923172,0.0001813836395740502,0.017294839024543762,-9.882152080535958e-05,0.017470117658376694,7.645711302757194e-05
Test,40,Test_0040,0.0371292345225811,0.03622712567448616,0.03617863357067108,-0.0009021088480949402,0.0009021088480949402,5,0.00048187566644171214,0.0002155013493733365,0.03582524508237839,0.03704095259308815,0.0012157075107097626,1.330151530020735,0.03589671765355879,0.03655753369541353,0.00033040802092736783,False,0.035767709815375553,0.03668654153359677,0.0004594158591106038,False,0.03562879800785504,0.03682545334111728,0.0005983276666311208,False,0.03617863357067108,-4.8492103815078735e-05,0.03591013327240944,-0.0003169924020767212,0.03618066385388374,-4.646182060241699e-05,0.03582524508237839,-0.00040188059210777283,0.03704095259308815,0.0008138269186019897
Test,41,Test_0041,0.03589737415313721,0.03766464963555336,0.03749241679906845,0.0017672754824161543,0.0017672754824161543,5,0.0002986247132792836,0.00013354903173077245,0.03746737539768219,0.03816499933600426,0.0006976239383220673,0.7928514301043658,0.03745989142220924,0.03786940784889748,0.0002047582133441172,False,0.03737994356144108,0.03794935570966564,0.0002847060741122829,False,0.03729385808010055,0.03803544119100617,0.0003707915554528087,False,0.03747836500406265,-0.00018628463149070879,0.03746737539768219,-0.00019727423787117143,0.03749241679906845,-0.00017223283648491045,0.03772009164094925,5.5442005395887894e-05,0.03816499933600426,0.0005003497004508958
Test,42,Test_0042,0.002554831327870488,0.0018761396466288715,0.0019956633914262056,-0.0006786916812416167,0.0006786916812416167,5,0.0009776922420336135,0.0004372372628522674,0.00028937231400050223,0.0029330675024539232,0.002643695188453421,52.11191202053499,0.001205764731971416,0.002546514561286327,0.0006703749146574556,False,0.0009440167929550049,0.002808262500302738,0.0009321228536738666,True,0.0006621743883726103,0.0030901049048851327,0.0012139652582562612,True,0.00028937231400050223,-0.0015867673326283693,0.0022935897577553988,0.00041745011112652723,0.001869005267508328,-7.134379120543556e-06,0.0019956633914262056,0.00011952374479733412,0.0029330675024539232,0.0010569278558250517
Test,43,Test_0043,0.038845494389534,0.03721804246306419,0.03722942993044853,-0.0016274519264698056,0.0016274519264698056,5,0.000272263632285231,0.00012175999791815657,0.036839231848716736,0.03759052976965904,0.0007512979209423065,0.7315366802416596,0.03703135927032667,0.03740472565580171,0.00018668319273752151,False,0.03695846880279923,0.03747761612332915,0.00025957366026496155,False,0.03687998251283543,0.03755610241329295,0.00033805995022875997,False,0.037299543619155884,8.150115609169284e-05,0.037131477147340775,-8.656531572341641e-05,0.036839231848716736,-0.0003788106143474551,0.03722942993044853,1.1387467384341154e-05,0.03759052976965904,0.0003724873065948514
Test,44,Test_0044,0.014563924632966518,0.016224480047822,0.016335275024175644,0.0016605554148554809,0.0016605554148554809,5,0.0006483514525623212,0.00028995158424801606,0.01524457335472107,0.016871707513928413,0.001627134159207344,3.996130850734763,0.01577992445967961,0.016669035635964388,0.00044455558814238843,False,0.015606347694752545,0.016842612400891452,0.0006181323530694536,False,0.015419445390992248,0.01702951470465175,0.0008050346568297513,False,0.016699720174074173,0.0004752401262521737,0.01524457335472107,-0.00097990669310093,0.016335275024175644,0.00011079497635364463,0.016871707513928413,0.0006472274661064141,0.015971124172210693,-0.00025335587561130593
Test,45,Test_0045,0.033570900559425354,0.03115663826465607,0.031064439564943314,-0.0024142622947692857,0.0024142622947692857,5,0.00038002313680634,0.00016995151338433572,0.030840249732136726,0.03177281841635704,0.000932568684220314,1.219718037543981,0.030896067538049393,0.03141720899126275,0.000260570726606676,False,0.03079432767701632,0.031518948852295815,0.00036231058763974656,False,0.03068477721719917,0.031628499312112965,0.0004718610474568971,False,0.03177281841635704,0.0006161801517009721,0.03123701922595501,8.038096129894118e-05,0.030840249732136726,-0.0003163885325193419,0.031064439564943314,-9.219869971275468e-05,0.030868664383888245,-0.00028797388076782365
Test,46,Test_0046,0.009905030019581318,0.0035649712663143873,0.003813824849203229,-0.006340058753266931,0.006340058753266931,5,0.0011500232733904737,0.0005143060430015848,0.0022288274485617876,0.004646225832402706,0.0024173983838409185,32.25897735157385,0.002776434014397929,0.004353508518230846,0.0007885372519164585,False,0.0024685495813530833,0.004661392951275691,0.0010964216849613038,False,0.0021370287706489887,0.004992913761979786,0.0014279424956653987,False,0.0022288274485617876,-0.0013361438177525997,0.002501716138795018,-0.0010632551275193691,0.003813824849203229,0.00024885358288884163,0.004634262062609196,0.0010692907962948084,0.004646225832402706,0.0010812545660883188
Test,47,Test_0047,0.03850352391600609,0.03679937869310379,0.0370497889816761,-0.001704145222902298,0.001704145222902298,5,0.0005793807666795302,0.0002591069558302749,0.03587967902421951,0.03727683424949646,0.001397155225276947,1.5744308389318167,0.0364021142827725,0.03719664310343508,0.00039726441033129096,False,0.03624700236200214,0.037351755024205444,0.0005523763311016525,False,0.03607998245386612,0.03751877493234146,0.000719396239237669,False,0.037201736122369766,0.00040235742926597595,0.0370497889816761,0.0002504102885723114,0.03658885508775711,-0.0002105236053466797,0.03587967902421951,-0.0009196996688842773,0.03727683424949646,0.0004774555563926697
Test,48,Test_0048,0.03455840423703194,0.03746616095304489,0.03761018440127373,0.0029077567160129547,0.0029077567160129547,5,0.0002778854898678208,0.00012427416906105526,0.037094596773386,0.03771732375025749,0.0006227269768714905,0.741697261739962,0.03727562301733702,0.03765669888875276,0.00019053793570787174,False,0.03720122746510866,0.03773109444098112,0.00026493348793622535,False,0.0371211205446528,0.03781120136143698,0.0003450404083920906,False,0.037094596773386,-0.00037156417965888977,0.03771732375025749,0.0002511627972126007,0.037662576884031296,0.00019641593098640442,0.03724612295627594,-0.00022003799676895142,0.03761018440127373,0.00014402344822883606
Test,49,Test_0049,0.0025757469702512026,0.007279920764267445,0.0070963772013783455,0.004704173794016242,0.004704173794016242,5,0.0007453740099473587,0.00033334139098077967,0.006302443332970142,0.008208057843148708,0.001905614510178566,10.238765421815183,0.006768839652212179,0.007791001876322711,0.0005110811120552666,False,0.006569287991155415,0.007990553537379475,0.0007106327731120302,False,0.006354416690919034,0.008205424837615856,0.0009255040733484114,False,0.006302443332970142,-0.0009774774312973026,0.006981258280575275,-0.00029866248369216954,0.0070963772013783455,-0.00018354356288909947,0.008208057843148708,0.0009281370788812634,0.0078114671632647514,0.0005315463989973065
Test,50,Test_0050,0.03853650018572807,0.03848054558038712,0.0382624976336956,-5.5954605340954866e-05,5.5954605340954866e-05,5,0.0004947160622168602,0.00022124374893558294,0.038073811680078506,0.039208486676216125,0.001134674996137619,1.2856264243535274,0.03814133327642276,0.03881975788435148,0.0003392123039643574,True,0.038008887805223934,0.0389522033555503,0.00047165777516318245,True,0.037866274456599305,0.03909481670417493,0.00061427112378781,True,0.039208486676216125,0.0007279410958290072,0.03808927536010742,-0.0003912702202796964,0.038073811680078506,-0.0004067339003086118,0.0382624976336956,-0.00021804794669151584,0.03876865655183792,0.0002881109714508029
Test,51,Test_0051,0.0056488653644919395,0.004898892529308796,0.004691208712756634,-0.0007499728351831438,0.0007499728351831438,5,0.0004951680625236215,0.00022144588961793674,0.004404344595968723,0.005580815486609936,0.0011764708906412125,10.107755162236366,0.004559370301982011,0.005238414756635581,0.00033952222732678476,False,0.0044268038211815516,0.00537098123743604,0.0004720887081272443,False,0.004284060173012904,0.005513724885604688,0.0006148323562958925,False,0.004691208712756634,-0.000207683816552162,0.005580815486609936,0.00068192295730114,0.005246560089290142,0.0003476675599813463,0.004404344595968723,-0.0004945479333400725,0.004571533761918545,-0.000327358767390251
Test,52,Test_0052,0.017087284475564957,0.01246288288384676,0.012497060000896454,-0.004624401591718197,0.004624401591718197,5,0.000255335407530033,0.00011418946565995308,0.012066938914358616,0.012770029716193676,0.0007030908018350601,2.0487668054794543,0.01228780687866548,0.012637958889028038,0.0001750760051812783,False,0.01221944843844723,0.012706317329246288,0.00024343444539952821,False,0.01214584210085003,0.012779923666843489,0.00031704078299672886,False,0.012770029716193676,0.00030714683234691655,0.012430972419679165,-3.191046416759456e-05,0.012549413368105888,8.653048425912892e-05,0.012066938914358616,-0.0003959439694881436,0.012497060000896454,3.417711704969441e-05
Test,53,Test_0053,0.024796433746814728,0.021872729063034058,0.021976567804813385,-0.00292370468378067,0.00292370468378067,5,0.000294478286253438,0.00013169469319206583,0.021537641063332558,0.02221773937344551,0.0006800983101129532,1.3463262193062142,0.021670813933171714,0.0220746441928964,0.00020191512986234293,False,0.021591976154576278,0.022153481971491838,0.00028075290845777954,False,0.02150708597674042,0.022238372149327695,0.000365643086293637,False,0.02221773937344551,0.00034501031041145325,0.021537641063332558,-0.00033508799970149994,0.021594149991869926,-0.00027857907116413116,0.021976567804813385,0.00010383874177932739,0.022037547081708908,0.00016481801867485046
Test,54,Test_0054,0.0026478071231395006,0.002369631454348564,0.002367005916312337,-0.00027817566879093656,0.00027817566879093656,5,0.0005616682912060375,0.0002511856959885694,0.0017389963613823056,0.002959269331768155,0.0012202729703858495,23.70276990437932,0.0019845119693050273,0.002754750939392101,0.0003851194850435369,True,0.0018341420355841096,0.0029051208731130183,0.0005354894187644544,True,0.001672228158225398,0.00306703475047173,0.0006974032961231659,True,0.0018837257521227002,-0.00048590570222586385,0.0017389963613823056,-0.0006306350929662584,0.002959269331768155,0.000589637877419591,0.002899159910157323,0.0005295284558087588,0.002367005916312337,-2.6255380362271395e-06
Test,55,Test_0055,0.008688955567777157,0.010668744705617428,0.01071480754762888,0.0019797891378402713,0.0019797891378402713,5,0.00035342160486755104,0.00015805494664018294,0.010196935385465622,0.011062255129218102,0.0008653197437524796,3.312682181639078,0.010426413869782648,0.010911075541452209,0.00024233083583477996,False,0.010331795775559524,0.011005693635675332,0.000336948930057904,False,0.010229913822665993,0.011107575588568864,0.0004388308829514352,False,0.010440392419695854,-0.00022835228592157399,0.010196935385465622,-0.0004718093201518062,0.01071480754762888,4.6062842011451374e-05,0.011062255129218102,0.00039351042360067333,0.010929333046078682,0.0002605883404612538
Test,56,Test_0056,0.03956732526421547,0.03488902673125267,0.0347803458571434,-0.004678298532962796,0.004678298532962796,5,0.00033953767238372763,0.0001518458632744136,0.034599289298057556,0.03543275594711304,0.000833466649055481,0.9731933051591224,0.03465621570099044,0.0351218377615149,0.0002328110302622274,False,0.03456531461561412,0.035212738846891224,0.0003237121156385544,False,0.03446743502741989,0.035310618435085456,0.00042159170383277984,False,0.03464434668421745,-0.00024468004703522006,0.0349883958697319,9.936913847923001e-05,0.034599289298057556,-0.0002897374331951169,0.0347803458571434,-0.00010868087410927096,0.03543275594711304,0.000543729215860364
Test,57,Test_0057,0.0343242883682251,0.036227142065763475,0.03612381964921951,0.0019028536975383772,0.0019028536975383772,5,0.0003075507473237306,0.00013754087550934462,0.03600423038005829,0.03676934912800789,0.0007651187479496002,0.8489511724812043,0.03601626353249299,0.03643802059903396,0.0002108785332704872,False,0.03593392599232032,0.03652035813920663,0.00029321607344315,False,0.035845267375190934,0.036609016756336016,0.0003818746905725397,False,0.03613751381635666,-8.962824940681596e-05,0.03610079735517502,-0.0001263447105884566,0.03612381964921951,-0.00010332241654396196,0.03600423038005829,-0.00022291168570518632,0.03676934912800789,0.0005422070622444139
Test,58,Test_0058,0.03572596609592438,0.03678829893469811,0.03684164583683014,0.0010623328387737302,0.0010623328387737302,5,0.0004255729946084064,0.00019032202906650963,0.03608909994363785,0.03716933727264404,0.001080237329006195,1.1568161805030162,0.036496496005641706,0.03708010186375451,0.0002918029290564011,False,0.0363825615286655,0.037194036340730714,0.00040573740603260563,False,0.03625988026868508,0.03731671760071113,0.0005284186660130238,False,0.03675873205065727,-2.9566884040835295e-05,0.03708267956972122,0.0002943806350231143,0.03684164583683014,5.3346902132031526e-05,0.03608909994363785,-0.0006991989910602597,0.03716933727264404,0.00038103833794593533
Test,59,Test_0059,0.014725374057888985,0.01675097309052944,0.017235353589057922,0.0020255990326404558,0.0020255990326404558,5,0.0008158241192231151,0.00036484763765335564,0.015695426613092422,0.017481956630945206,0.0017865300178527832,4.870308816174749,0.01619158640340373,0.01731035977765515,0.0005593866871257088,False,0.015973173826699265,0.017528772354359616,0.0007777992638301759,False,0.0157379936528238,0.01776395252823508,0.0010129794377056393,False,0.017481956630945206,0.0007309835404157652,0.015695426613092422,-0.001055546477437018,0.017235353589057922,0.0004843804985284819,0.017290081828832626,0.0005391087383031859,0.016052046790719032,-0.0006989262998104082
Test,60,Test_0060,0.03514377400279045,0.036243198066949846,0.036131519824266434,0.0010994240641593947,0.0010994240641593947,5,0.0004374352205974826,0.00019562697780171746,0.035803887993097305,0.036936111748218536,0.001132223755121231,1.2069443203920232,0.03594326155720906,0.03654313457669063,0.0002999365097407828,False,0.03582615132300446,0.036660244810895234,0.00041704674394538605,False,0.03570005050198763,0.03678634563191206,0.0005431475649622169,False,0.036936111748218536,0.0006929136812686906,0.036131519824266434,-0.00011167824268341203,0.03598551079630852,-0.0002576872706413283,0.035803887993097305,-0.00043931007385254045,0.03635895997285843,0.00011576190590858321
Test,61,Test_0061,0.03940906748175621,0.03828203901648521,0.03813604637980461,-0.0011270284652709975,0.0011270284652709975,5,0.0003731430716844838,0.00016687465472391654,0.03805750980973244,0.03894457966089249,0.0008870698511600494,0.9747209952003837,0.038026185748881086,0.03853789228408934,0.0002558532676041287,False,0.03792628782009266,0.03863779021287776,0.0003557511963925506,False,0.037818720698195425,0.038745357334775,0.0004633183182897908,False,0.03813604637980461,-0.00014599263668060164,0.03817856311798096,-0.00010347589850425581,0.03809349611401558,-0.00018854290246963362,0.03805750980973244,-0.0002245292067527757,0.03894457966089249,0.0006625406444072737
Test,62,Test_0062,0.03866087272763252,0.03718632236123085,0.036980122327804565,-0.001474550366401671,0.001474550366401671,5,0.00036162880107158267,0.00016172531636356153,0.03685642033815384,0.037636496126651764,0.0007800757884979248,0.9724779922001756,0.03693836409150807,0.03743428063095363,0.00024795826972278,False,0.036841548765273534,0.03753109595718817,0.0003447735959573193,False,0.036737300898226674,0.03763534382423503,0.0004490214630041759,False,0.03751686215400696,0.0003305397927761064,0.03685642033815384,-0.0003299020230770125,0.036941710859537125,-0.000244611501693727,0.036980122327804565,-0.00020620003342628618,0.037636496126651764,0.0004501737654209123
Test,63,Test_0063,0.02110357955098152,0.021047895774245262,0.020967520773410797,-5.568377673625946e-05,5.568377673625946e-05,5,0.00037280339736132066,0.00016672274774855574,0.020543651655316353,0.021512696519494057,0.0009690448641777039,1.7712145734657823,0.02079227541136883,0.021303516137121694,0.0002556203628764322,True,0.020692468420249955,0.02140332312824057,0.0003554273539953071,True,0.020584999217333658,0.021510792331156867,0.0004628965569116049,True,0.021512696519494057,0.00046480074524879456,0.02091808244585991,-0.0001298133283853531,0.020967520773410797,-8.037500083446503e-05,0.020543651655316353,-0.0005042441189289093,0.021297527477145195,0.00024963170289993286
Test,64,Test_0064,0.035181619226932526,0.03567650094628334,0.035755522549152374,0.0004948817193508176,0.0004948817193508176,5,0.00040279441033504767,0.00018013513649322208,0.035142358392477036,0.03610794618725777,0.0009655877947807312,1.1290188209362764,0.03540031662483347,0.035952685267733216,0.00027618432144987216,False,0.03529248043444576,0.03606052145812093,0.0003840205118375878,False,0.0351763656282926,0.03617663626427409,0.0005001353179907438,True,0.03598073869943619,0.0003042377531528445,0.035142358392477036,-0.0005341425538063077,0.03539593890309334,-0.0002805620431900052,0.035755522549152374,7.902160286903104e-05,0.03610794618725777,0.0004314452409744235
Test,65,Test_0065,0.03517470136284828,0.035532936453819275,0.035722438246011734,0.00035823509097099304,0.00035823509097099304,5,0.0003926596112179769,0.00017560271654040705,0.03500835597515106,0.03586660698056221,0.0008582510054111481,1.1050581528163337,0.03526370126707773,0.03580217164056082,0.00026923518674154626,False,0.03515857836689238,0.03590729454074617,0.0003743580869268963,True,0.03504538515102123,0.03602048775661732,0.0004875513027980497,True,0.03586660698056221,0.0003336705267429352,0.03522195667028427,-0.00031097978353500366,0.03500835597515106,-0.0005245804786682129,0.0358453243970871,0.00031238794326782227,0.035722438246011734,0.0001895017921924591
Test,66,Test_0066,0.03714391961693764,0.03448933586478233,0.034180741757154465,-0.0026545837521553053,0.0026545837521553053,5,0.0005683266648999519,0.00025416341122840724,0.03393992409110069,0.03524421527981758,0.0013042911887168884,1.6478330204098834,0.034099650928050715,0.03487902080151395,0.00038968493673161725,False,0.03394749841335323,0.03503117331621143,0.0005418374514290985,False,0.033783665105756845,0.03519500662380782,0.0007056707590254865,False,0.03494073450565338,0.00045139864087104936,0.03414106369018555,-0.0003482721745967851,0.03393992409110069,-0.0005494117736816392,0.034180741757154465,-0.00030859410762786726,0.03524421527981758,0.0007548794150352492
Test,67,Test_0067,0.007547418586909771,0.011677531711757182,0.011569730937480927,0.004130113124847411,0.004130113124847411,5,0.0003747379087347267,0.00016758788753539223,0.01143123023211956,0.012337171472609043,0.0009059412404894829,3.2090506622853594,0.011420584911131635,0.01193447851238273,0.00025694680062554793,False,0.011320260012287585,0.01203480341122678,0.0003572716994695978,False,0.011212233141719104,0.012142830281795261,0.00046529857003807897,False,0.011569730937480927,-0.00010780077427625587,0.011463007889688015,-0.0002145238220691674,0.012337171472609043,0.0006596397608518607,0.01143123023211956,-0.00024630147963762214,0.01158651802688837,-9.101368486881187e-05
Test,68,Test_0068,0.0404185950756073,0.03441469371318817,0.034254852682352066,-0.006003901362419128,0.006003901362419128,5,0.0005207881398262807,0.0002329035365054458,0.03396791219711304,0.03531751409173012,0.0013496018946170807,1.5132726275774107,0.03405760454976751,0.034771782876608835,0.0003570891634206656,False,0.033918179057364925,0.03491120836901142,0.0004965146558232461,False,0.03376804982927437,0.03506133759710197,0.0006466438839138018,False,0.03396791219711304,-0.0004467815160751343,0.034254852682352066,-0.00015984103083610535,0.03428617864847183,-0.0001285150647163391,0.034247010946273804,-0.00016768276691436768,0.03531751409173012,0.0009028203785419464
Test,69,Test_0069,0.03461236506700516,0.037544193863868716,0.03745162487030029,0.0029318287968635587,0.0029318287968635587,5,0.00043989605793119446,0.00019672749771366727,0.037007302045822144,0.03822154924273491,0.0012142471969127655,1.1716753315471657,0.03724257003009421,0.037845817697643225,0.00030162383377451107,False,0.03712480098008575,0.037963586747651684,0.00041939288378296477,False,0.03699799076578379,0.03809039696195364,0.0005462030980849227,False,0.03742736205458641,-0.00011683180928230563,0.03761313110589981,6.893724203109464e-05,0.03745162487030029,-9.256899356842319e-05,0.037007302045822144,-0.0005368918180465726,0.03822154924273491,0.0006773553788661929
Test,70,Test_0070,0.00699444767087698,0.0088337829336524,0.008941947482526302,0.0018393352627754204,0.0018393352627754204,5,0.00042510280047604164,0.0001901117518579918,0.008326672948896885,0.009403671137988567,0.0010769981890916824,4.812239599601293,0.00854230240293139,0.009125263464373411,0.00029148053072101,False,0.008428493806411011,0.00923907206089379,0.00040528912724138917,False,0.008305948090765701,0.0093616177765391,0.0005278348428866998,False,0.008326672948896885,-0.0005071099847555154,0.008941947482526302,0.00010816454887390206,0.008987692184746265,0.00015390925109386513,0.009403671137988567,0.0005698882043361671,0.008508930914103985,-0.00032485201954841544
Test,71,Test_0071,0.03629140555858612,0.03066435605287552,0.030480626970529556,-0.0056270495057106,0.0056270495057106,5,0.0009640478371373657,0.0004311352994801592,0.029446382075548172,0.03205069154500961,0.002604309469461441,3.1438711299693614,0.03000333670674426,0.03132537539900678,0.0006610193461312615,False,0.029745241650206766,0.03158347045554428,0.0009191144026687547,False,0.029467332560955847,0.0318613795447952,0.001197023491919675,False,0.03205069154500961,0.0013863354921340929,0.031045062467455864,0.00038070641458034377,0.03029901720583439,-0.00036533884704113145,0.029446382075548172,-0.0012179739773273482,0.030480626970529556,-0.0001837290823459639
Test,72,Test_0072,0.02062382735311985,0.01607072688639164,0.016064342111349106,-0.004553100466728209,0.004553100466728209,5,0.0002928138966586098,0.00013095035553704998,0.01569533720612526,0.01648223027586937,0.0007868930697441101,1.8220326854447295,0.015869952979691987,0.016271500793091295,0.0002007739066996543,False,0.015791560791771648,0.016349892981011634,0.0002791660946199921,False,0.015707150412736886,0.016434303360046396,0.0003635764736547539,False,0.01618279702961445,0.00011207014322280745,0.01648223027586937,0.0004115033894777284,0.016064342111349106,-6.384775042535262e-06,0.01569533720612526,-0.0003753896802663817,0.015928927809000015,-0.00014179907739162584
Test,73,Test_0073,0.03442269563674927,0.035952089726924895,0.0361880287528038,0.0015293940901756273,0.0015293940901756273,5,0.00042321644781800156,0.0001892681493034088,0.035413626581430435,0.03634645789861679,0.0009328313171863556,1.1771678671046772,0.03566190261293339,0.0362422768409164,0.0002901871139915112,False,0.03554859903107843,0.03635558042277136,0.00040349069584646443,False,0.0354265971002216,0.03647758235362819,0.0005254926267032955,False,0.03634645789861679,0.0003943681716918959,0.035413626581430435,-0.0005384631454944597,0.03558128699660301,-0.00037080273032188277,0.0361880287528038,0.00023593902587890764,0.03623104840517044,0.0002789586782455458
Test,74,Test_0074,0.01858634315431118,0.02118048779666424,0.021224742755293846,0.0025941446423530592,0.0025941446423530592,5,0.0001826502130647511,8.168365850352074e-05,0.020913317799568176,0.021359164267778397,0.00044584646821022034,0.8623513056838903,0.02105524989895855,0.021305725694369927,0.00012523789770568615,False,0.021006350751788104,0.021354624841540375,0.00017413704487613416,False,0.020953697602837492,0.021407277990490987,0.0002267901938267487,False,0.020913317799568176,-0.0002671699970960631,0.021224742755293846,4.4254958629606767e-05,0.021359164267778397,0.00017867647111415724,0.021319231018424034,0.00013874322175979475,0.021085983142256737,-9.450465440750261e-05
Test,75,Test_0075,0.0062795402482151985,0.01133883073925972,0.011378882452845573,0.005059290491044522,0.005059290491044522,5,0.0005780103246237365,0.00025849407551107906,0.01065211184322834,0.01202127244323492,0.0013691606000065804,5.097618422174923,0.010942506000879069,0.011735155477640372,0.0003963247383806526,False,0.010787760975096948,0.011889900503422493,0.0005510697641627721,False,0.010621136128584355,0.012056525349935086,0.0007176946106753656,False,0.01065211184322834,-0.0006867188960313804,0.010875505395233631,-0.0004633253440260894,0.011378882452845573,4.005171358585288e-05,0.01202127244323492,0.0006824417039752,0.011766381561756134,0.0004275508224964135
Test,76,Test_0076,0.036559849977493286,0.03502665087580681,0.035042718052864075,-0.0015331991016864777,0.0015331991016864777,5,0.0007981868502265683,0.00035696001117061,0.034005723893642426,0.036016494035720825,0.0020107701420783997,2.2787986583606896,0.03447935754709188,0.035573944204521736,0.0005472933287149296,False,0.03426566682314562,0.035787634928467996,0.0007609840526611897,False,0.034035571000040815,0.0360177307515728,0.0009910798757659916,False,0.034005723893642426,-0.001020926982164383,0.03554697334766388,0.0005203224718570709,0.035042718052864075,1.6067177057266235e-05,0.03452134504914284,-0.000505305826663971,0.036016494035720825,0.0009898431599140167
Test,77,Test_0077,0.03727954253554344,0.03856367990374565,0.03850826993584633,0.0012841373682022095,0.0012841373682022095,5,0.00041499011290005753,0.0001855892204869682,0.038082022219896317,0.03899867460131645,0.0009166523814201355,1.0761164752323078,0.038279133346497324,0.03884822646099398,0.0002845465572483282,False,0.03816803212047364,0.03895932768701766,0.00039564778327201106,False,0.038048401620947137,0.039078958186544166,0.0005152782827985179,False,0.03899867460131645,0.0004349946975708008,0.038254596292972565,-0.00030908361077308655,0.038082022219896317,-0.0004816576838493347,0.03850826993584633,-5.540996789932251e-05,0.038974836468696594,0.000411156564950943
Test,78,Test_0078,0.016387207433581352,0.011654018238186837,0.011346723884344101,-0.004733189195394515,0.004733189195394515,5,0.0007210315330628907,0.0003224551043699021,0.011020056903362274,0.012573488987982273,0.001553432084619999,6.186977901753059,0.011159628049064571,0.012148408427309102,0.0004943901891222653,False,0.010966593360201237,0.012341443116172437,0.0006874248779856001,False,0.010758739342012977,0.012549297134360697,0.0008952788961738601,False,0.012272177264094353,0.0006181590259075158,0.011346723884344101,-0.000307294353842736,0.01105764415115118,-0.0005963740870356567,0.012573488987982273,0.0009194707497954362,0.011020056903362274,-0.0006339613348245628
Test,79,Test_0079,0.013117153197526932,0.011955166049301625,0.011865372769534588,-0.0011619871482253068,0.0011619871482253068,5,0.0007811779710824547,0.0003493534091731467,0.0107941385358572,0.012786813080310822,0.001992674544453621,6.534229368801515,0.011419535210493475,0.012490796888109775,0.0005356308388081497,False,0.011210398106663593,0.012699933991939657,0.0007447679426380317,False,0.010985205486418678,0.012925126612184572,0.0009699605628829469,False,0.0107941385358572,-0.0011610275134444244,0.011865372769534588,-8.979327976703713e-05,0.012555533088743687,0.0006003670394420617,0.012786813080310822,0.0008316470310091965,0.011773972772061825,-0.0001811932772398002
Test,80,Test_0080,0.018954401835799217,0.014214778877794742,0.01435738056898117,-0.004739622958004475,0.004739622958004475,5,0.0004965820728791891,0.0002220782542731243,0.013362929224967957,0.01462711114436388,0.0012641819193959236,3.493421017297091,0.01387428710501113,0.014555270650578354,0.00034049177278361147,False,0.01374134206510955,0.014688215690479935,0.00047343681268519246,False,0.013598190795747254,0.01483136695984223,0.0006165880820474881,False,0.014477898366749287,0.0002631194889545444,0.014248575083911419,3.379620611667668e-05,0.01435738056898117,0.00014260169118642842,0.01462711114436388,0.0004123322665691379,0.013362929224967957,-0.0008518496528267857
Test,81,Test_0081,0.03908586874604225,0.03695358037948608,0.0371023453772068,-0.0021322883665561704,0.0021322883665561704,5,0.0007142382119277928,0.0003194170387996891,0.0359404981136322,0.03776824101805687,0.0018277429044246674,1.9327984043578237,0.03646384817155707,0.037443312587415095,0.0004897322079290122,False,0.03627263219182299,0.037634528567149175,0.0006809481876630918,False,0.03606673650559391,0.03784042425337825,0.0008868438738921722,False,0.0359404981136322,-0.001013082265853879,0.03738286718726158,0.0004292868077755002,0.0371023453772068,0.00014876499772072116,0.036573950201272964,-0.00037963017821311673,0.03776824101805687,0.0008146606385707883
Test,82,Test_0082,0.0027470618952065706,0.008397194929420948,0.008281310088932514,0.005650133034214378,0.005650133034214378,5,0.0004478392749612868,0.00020027981236153135,0.007798389531672001,0.008878202177584171,0.0010798126459121704,5.333200892981638,0.0080901246645409,0.008704265194300996,0.00030707026488004775,False,0.007970229055071913,0.008824160803769984,0.00042696587434903487,False,0.007841129024719841,0.008953260834122055,0.0005560659047011073,False,0.007798389531672001,-0.0005988053977489475,0.008281310088932514,-0.00011588484048843418,0.008221144787967205,-0.00017605014145374333,0.008806928060948849,0.00040973313152790035,0.008878202177584171,0.0004810072481632229
Test,83,Test_0083,0.03203712776303291,0.033582663536071776,0.03336603194475174,0.0015455357730388627,0.0015455357730388627,5,0.0005283013961574021,0.00023626356688319946,0.03295319154858589,0.03418975695967674,0.0012365654110908508,1.5731372694424417,0.03322042275299491,0.03394490431914864,0.00036224078307686616,False,0.03307898581028575,0.0340863412618578,0.00050367772578602,False,0.03292669071226234,0.03423863635988121,0.0006559728238094319,False,0.03418975695967674,0.0006070934236049666,0.03295319154858589,-0.0006294719874858842,0.03333060443401337,-0.00025205910205840926,0.03336603194475174,-0.00021663159132003645,0.034073732793331146,0.0004910692572593703
Test,84,Test_0084,0.010121873579919338,0.01201484315097332,0.012106677517294884,0.0018929695710539814,0.0018929695710539814,5,0.0003193664692634577,0.00014282502700143772,0.01151040568947792,0.012274726293981075,0.0007643206045031548,2.658099363016536,0.011795862923482078,0.012233823378464561,0.00021898022749124228,False,0.011710362076153287,0.012319324225793352,0.0003044810748200319,False,0.011618297303855435,0.012411388998091204,0.0003965458471178852,False,0.012272708117961884,0.0002578649669885639,0.01151040568947792,-0.0005044374614953991,0.011909698136150837,-0.00010514501482248272,0.012106677517294884,9.183436632156407e-05,0.012274726293981075,0.0002598831430077556
Test,85,Test_0085,0.024540526792407036,0.023491095378994943,0.02371939830482006,-0.0010494314134120927,0.0010494314134120927,5,0.0004573356405284225,0.00020452671615099212,0.02289588563144207,0.023887595161795616,0.0009917095303535461,1.9468468079073007,0.02317751373457957,0.023804677023410315,0.0003135816444153737,False,0.023055075756450508,0.02392711500153938,0.0004360196225444353,False,0.022923238179055342,0.024058952578934544,0.0005678571999396016,False,0.02371939830482006,0.00022830292582511763,0.023887595161795616,0.00039649978280067305,0.023845471441745758,0.00035437606275081496,0.023107126355171204,-0.0003839690238237395,0.02289588563144207,-0.0005952097475528731
Test,86,Test_0086,0.012096458114683628,0.012931043095886708,0.013145308941602707,0.0008345849812030799,0.0008345849812030799,5,0.0009347683712103749,0.0004180411242486311,0.011320016346871853,0.013742686249315739,0.002422669902443886,7.228870589007004,0.012290099821374053,0.013571986370399363,0.0006409432745126554,False,0.012039843468604884,0.013822242723168532,0.0008911996272818236,True,0.01177037486269521,0.014091711329078205,0.0011606682331914966,True,0.011320016346871853,-0.0016110267490148551,0.013742686249315739,0.0008116431534290307,0.01311427541077137,0.00018323231488466193,0.013145308941602707,0.0002142658457159989,0.013332928530871868,0.00040188543498516013
Test,87,Test_0087,0.00928312074393034,0.013873528875410556,0.013825167901813984,0.004590408131480216,0.004590408131480216,5,0.0006195817042428499,0.00027708536166043646,0.013037480413913727,0.014780083671212196,0.0017426032572984695,4.465927233128094,0.013448699860462883,0.01429835789035823,0.00042482901494767254,False,0.013282825337616598,0.014464232413204514,0.0005907035377939587,False,0.013104216579306476,0.014642841171514636,0.0007693122961040806,False,0.014780083671212196,0.0009065547958016403,0.013037480413913727,-0.0008360484614968293,0.013825167901813984,-4.836097359657218e-05,0.013940312899649143,6.678402423858712e-05,0.013784599490463734,-8.892938494682243e-05
Test,88,Test_0088,0.004402373917400837,0.0068224923685193065,0.006712670437991619,0.0024201184511184696,0.0024201184511184696,5,0.0010405417396318044,0.0004653444126485203,0.005857544951140881,0.008568949066102505,0.002711404114961624,15.251636549028994,0.0061090233954483215,0.0075359613415902915,0.0007134689730709852,False,0.0058304493778794965,0.007814535359159117,0.00099204299063981,False,0.005530489151790177,0.008114495585248436,0.001292003216729129,False,0.005857544951140881,-0.0009649474173784259,0.006249972619116306,-0.0005725197494030002,0.006712670437991619,-0.00010982193052768742,0.008568949066102505,0.0017464566975831982,0.00672332476824522,-9.916760027408635e-05
Test,89,Test_0089,0.037917304784059525,0.03507073223590851,0.03504885360598564,-0.0028465725481510162,0.0028465725481510162,5,0.0006737950238264133,0.0003013302952353901,0.03440655767917633,0.03593463450670242,0.0015280768275260925,1.921245953161259,0.034608730736689575,0.03553273373512744,0.0004620014992189338,False,0.034428342214388084,0.03571312225742893,0.0006423900215204268,False,0.0342341052126544,0.035907359259162615,0.0008366270232541065,False,0.03440655767917633,-0.0006641745567321777,0.035535093396902084,0.00046436116099357605,0.03504885360598564,-2.187862992286682e-05,0.03442852199077606,-0.0006422102451324463,0.03593463450670242,0.0008639022707939148
Test,90,Test_0090,0.03878291696310043,0.03366486355662346,0.03361687809228897,-0.0051180534064769745,0.0051180534064769745,5,0.0003616039937836786,0.00016171422220714334,0.03326134383678436,0.03411705419421196,0.000855710357427597,1.0741287965580781,0.033416922296530906,0.03391280481671601,0.00024794126009255427,False,0.03332011361170785,0.03400961350153907,0.00034474994491561216,False,0.03321587289593557,0.03411385421731135,0.0004489906606878923,False,0.03411705419421196,0.000452190637588501,0.033387552946805954,-0.0002773106098175049,0.03394148871302605,0.0002766251564025879,0.03361687809228897,-4.7985464334487915e-05,0.03326134383678436,-0.00040351971983909607
Test,91,Test_0091,0.04218277707695961,0.04007003456354141,0.040227700024843216,-0.0021127425134181976,0.0021127425134181976,5,0.0004286991911282731,0.00019172010665239868,0.03949182480573654,0.04044422134757042,0.0009523965418338776,1.0698747725022786,0.039776088093158704,0.04036398103392412,0.0002939464703827074,False,0.039661316670300296,0.04047875245678253,0.0004087178932411185,False,0.03953773421185836,0.04060233491522446,0.0005323003516830522,False,0.04043589159846306,0.0003658570349216461,0.040227700024843216,0.0001576654613018036,0.039750535041093826,-0.00031949952244758606,0.03949182480573654,-0.0005782097578048706,0.04044422134757042,0.00037418678402900696
Test,92,Test_0092,0.034423813223838806,0.03035808876156807,0.030633825808763504,-0.004065724462270735,0.004065724462270735,5,0.0005386337005905694,0.00024088431389855636,0.029666781425476074,0.030833562836050987,0.001166781410574913,1.774267493652152,0.02998876342017642,0.030727414102959722,0.0003693253413916505,False,0.029844560311106934,0.030871617212029207,0.0005135284504611371,False,0.029689286687325494,0.031026890835810648,0.000668802074242577,False,0.030833562836050987,0.0004754740744829164,0.029666781425476074,-0.0006913073360919966,0.029892994090914726,-0.0004650946706533446,0.030633825808763504,0.0002757370471954332,0.030763279646635056,0.0004051908850669847
Test,93,Test_0093,0.027025047689676285,0.02724023684859276,0.0272442065179348,0.00021518915891647478,0.00021518915891647478,5,0.0005646185540339092,0.00025250509363549176,0.026493895798921585,0.027987925335764885,0.0014940295368432999,2.072737315656187,0.026853094454798984,0.027627379242386535,0.00038714239379377687,True,0.026701934676194826,0.027778539020990693,0.0005383021723979327,True,0.026539170317330985,0.027941303379854534,0.0007010665312617729,True,0.027987925335764885,0.0007476884871721254,0.02695554681122303,-0.0002846900373697295,0.02751960977911949,0.000279372930526732,0.0272442065179348,3.969669342039628e-06,0.026493895798921585,-0.0007463410496711745
Test,94,Test_0094,0.035666197538375854,0.03394862785935402,0.03372708335518837,-0.001717569679021834,0.001717569679021834,5,0.000392001475168114,0.00017530838915121974,0.03357212245464325,0.03439154475927353,0.0008194223046302795,1.1546901889294006,0.033679843937212205,0.034217411781495836,0.0002687839221418169,False,0.03357489723332589,0.03432235848538215,0.00037373062602812936,False,0.03346189374039501,0.03443536197831303,0.0004867341189590149,False,0.03435453400015831,0.0004059061408042894,0.03369785472750664,-0.000250773131847383,0.03372708335518837,-0.0002215445041656508,0.03357212245464325,-0.00037650540471077104,0.03439154475927353,0.0004429168999195085
Test,95,Test_0095,0.03450039401650429,0.033549463003873826,0.033906418830156326,-0.0009509310126304613,0.0009509310126304613,5,0.000586906096236607,0.0002624723855188173,0.032840877771377563,0.03408335894346237,0.0012424811720848083,1.7493755300012976,0.033147038695629155,0.0339518873121185,0.0004024243082446684,False,0.03298991209230605,0.034109013915441605,0.0005595509115677799,False,0.03282072283385051,0.03427820317389714,0.00072874017002331,False,0.03298574686050415,-0.0005637161433696761,0.03393091261386871,0.0003814496099948869,0.033906418830156326,0.00035695582628249983,0.032840877771377563,-0.000708585232496263,0.03408335894346237,0.0005338959395885454
Test,96,Test_0096,0.0015759459929540753,0.008636133186519146,0.008646826259791851,0.007060187193565071,0.007060187193565071,5,0.001232979253994323,0.000551405085355657,0.0072460295632481575,0.010332097299396992,0.0030860677361488342,14.276982850600106,0.007790715450103846,0.009481550922934446,0.0008454177364153005,False,0.007460622027339517,0.009811644345698775,0.001175511159179629,False,0.007105187236302258,0.010167079136736035,0.0015309459502168884,False,0.010332097299396992,0.0016959641128778454,0.0072460295632481575,-0.0013901036232709888,0.007696175016462803,-0.0009399581700563434,0.008646826259791851,1.0693073272704731e-05,0.009259537793695927,0.0006234046071767804
Test,97,Test_0097,0.02275308407843113,0.01626104414463043,0.016289686784148216,-0.006492039933800698,0.006492039933800698,5,0.0004956122218507512,0.00022164452370759723,0.015701057389378548,0.01687541790306568,0.0011743605136871338,3.0478499255191283,0.015921217370271138,0.016600870918989725,0.00033982677435929424,False,0.01578853197905749,0.016733556310203374,0.00047251216557294193,False,0.015645660291688575,0.016876427997572288,0.0006153838529418558,False,0.016289686784148216,2.8642639517784813e-05,0.015840571373701096,-0.00042047277092933585,0.01659848727285862,0.00033744312822818825,0.01687541790306568,0.00061437375843525,0.015701057389378548,-0.0005599867552518838
Test,98,Test_0098,0.0015948686050251126,0.0009390305138367693,0.0013690489577129483,-0.0006558380911883433,0.0006558380911883433,5,0.0008457448030111672,0.0003782285742300277,-3.273305264883675e-05,0.001764862914569676,0.0017975959672185127,90.06574233200925,0.0003591280907989221,0.0015189329368746167,0.0005799024230378472,False,0.00013270514336757432,0.0017453558843059645,0.000806325370469195,True,-0.00011110035973013331,0.001989161387403672,0.0010501308735669027,True,8.651349344290793e-05,-0.0008525170203938614,-3.273305264883675e-05,-0.0009717635664856061,0.0015074602561071515,0.0005684297422703822,0.0013690489577129483,0.000430018443876179,0.001764862914569676,0.0008258324007329066
Test,99,Test_0099,0.0076829856261610985,0.008540287986397744,0.008200929500162601,0.0008573023602366451,0.0008573023602366451,5,0.0008374839566317717,0.00037453421141882547,0.00761540699750185,0.009743824601173401,0.0021284176036715508,9.806273019898699,0.007966049783600682,0.009114526189194805,0.0005742382027970618,False,0.0077418384314151345,0.009338737541380352,0.0007984495549826088,False,0.007500414308374828,0.00958016166442066,0.0010398736780229156,True,0.009743824601173401,0.0012035366147756573,0.00761540699750185,-0.0009248809888958934,0.008200929500162601,-0.0003393584862351421,0.00900916289538145,0.0004688749089837071,0.008132115937769413,-0.0004081720486283306
Prediction,0,randomness_0.0061,0.03912373632192612,0.0405075415968895,0.04047679901123047,0.0013838052749633803,0.0013838052749633803,5,0.0002512144564482492,0.00011234652030978911,0.04019986838102341,0.04089396074414253,0.0006940923631191254,0.6201671257866203,0.04033529120708184,0.040679791986697154,0.00017225038980765915,False,0.04026803602861209,0.0407470471651669,0.0002395055682774055,False,0.04019561765048938,0.040819465543289614,0.00031192394640011905,False,0.04089396074414253,0.0003864191472530351,0.04047679901123047,-3.074258565902849e-05,0.04042717069387436,-8.03709030151381e-05,0.04019986838102341,-0.00030767321586609025,0.04053990915417671,3.23675572872148e-05
Prediction,1,randomness_0.0153,0.040389399975538254,0.037970511615276335,0.038075532764196396,-0.0024188883602619185,0.0024188883602619185,5,0.000500079981457057,0.00022364256654496272,0.03743733838200569,0.038644056767225266,0.001206718385219574,1.3170219735882207,0.037627621429102955,0.038313401801449716,0.00034289018617338155,False,0.037493739928501614,0.03844728330205106,0.0004767716867747225,False,0.0373495803060787,0.03859144292447397,0.0006209313091976347,False,0.03743733838200569,-0.0005331732332706438,0.03818041458725929,0.00020990297198295732,0.038075532764196396,0.00010502114892006059,0.03751521557569504,-0.00045529603958129744,0.038644056767225266,0.0006735451519489302
Prediction,2,randomness_0.0229,0.03663037717342377,0.03540590479969978,0.035448815673589706,-0.0012244723737239865,0.0012244723737239865,5,0.00043744472936674294,0.00019563123025260714,0.034938979893922806,0.035926319658756256,0.0009873397648334503,1.2355134880508751,0.03510596177007461,0.03570584782932495,0.000299943029625167,False,0.03498884899018063,0.03582296060921893,0.00041705580951914925,False,0.0348627454280411,0.03594906417135846,0.0005431593716586746,False,0.03499021753668785,-0.0004156872630119296,0.0357251912355423,0.0003192864358425168,0.035448815673589706,4.291087388992587e-05,0.034938979893922806,-0.00046692490577697476,0.035926319658756256,0.0005204148590564756
Prediction,3,randomness_0.1000,0.03645944222807884,0.0324720449745655,0.03215952590107918,-0.003987397253513339,0.003987397253513339,5,0.0005849098011025153,0.0002615796151942211,0.03209936246275902,0.033481989055871964,0.0013826265931129456,1.8012718372392613,0.0320709894673838,0.03287310048174721,0.00040105550718170385,False,0.03191439731254514,0.03302969263658587,0.0005576476620203617,False,0.031745783532339984,0.03319830641679102,0.0007262614422255189,False,0.03209936246275902,-0.00037268251180648526,0.03248172253370285,9.677559137347136e-06,0.03213762491941452,-0.00033442005515098294,0.03215952590107918,-0.00031251907348632535,0.033481989055871964,0.0010099440813064603
Prediction,4,randomness_0.1444,0.03658205270767212,0.035297416150569916,0.03508748114109039,-0.0012846365571022034,0.0012846365571022034,5,0.0004073979733214816,0.00018219391244849573,0.03502689301967621,0.03598356619477272,0.0009566731750965118,1.154186390254811,0.03501807530090854,0.035576757000231295,0.00027934084966137944,False,0.03490900664382831,0.03568582565731152,0.0003884095067416045,False,0.03479156475415545,0.03580326754698438,0.0005058513964144622,False,0.03502689301967621,-0.0002705231308937073,0.03508748114109039,-0.0002099350094795227,0.03502922132611275,-0.0002681948244571686,0.03535991907119751,6.2502920627594e-05,0.03598356619477272,0.0006861500442028046
Prediction,5,randomness_0.1889,0.038283560425043106,0.037164007872343065,0.03715226799249649,-0.0011195525527000413,0.0011195525527000413,5,0.0004773052596736381,0.00021345740132968876,0.03659221902489662,0.037877995520830154,0.0012857764959335327,1.2843212748021238,0.036836733645380065,0.037491282099306064,0.0003272742269629966,False,0.03670894939730073,0.0376190663473854,0.0004550584750423348,False,0.03657135511525301,0.03775666062943312,0.0005926527570900565,False,0.03715226799249649,-1.1739879846574264e-05,0.03691723942756653,-0.0002467684447765364,0.03659221902489662,-0.000571788847446443,0.03728031739592552,0.00011630952358245711,0.037877995520830154,0.0007139876484870897
Prediction,6,randomness_0.2333,0.04112198203802109,0.03810982704162598,0.03797684982419014,-0.0030121549963951083,0.0030121549963951083,5,0.0002709934683471261,0.00012119196333652229,0.037898436188697815,0.038568779826164246,0.0006703436374664307,0.7110855372057442,0.0379240147630729,0.038295639320179056,0.00018581227855307738,False,0.037851464344058394,0.038368189739193564,0.0002583626975675821,False,0.03777334420823098,0.03844630987502098,0.0003364828333949984,False,0.03797684982419014,-0.00013297721743583957,0.037898436188697815,-0.0002113908529281644,0.037968337535858154,-0.00014148950576782504,0.03813673183321953,2.690479159354886e-05,0.038568779826164246,0.00045895278453826627
Prediction,7,randomness_0.2778,0.029800966382026672,0.03265409171581268,0.03272544592618942,0.0028531253337860107,0.0028531253337860107,5,0.0006658185022770464,0.00029776308635371486,0.03167472407221794,0.033546626567840576,0.0018719024956226349,2.0390048146849087,0.03219755948363201,0.033110623947993356,0.0004565322321806705,False,0.03201930643708281,0.033288876994542554,0.0006347852787298716,False,0.03182736885219732,0.033480814579428045,0.0008267228636153611,False,0.03274014592170715,8.605420589447021e-05,0.03258351609110832,-7.057562470436096e-05,0.03272544592618942,7.13542103767395e-05,0.03167472407221794,-0.0009793676435947418,0.033546626567840576,0.0008925348520278931
Prediction,8,randomness_0.3222,0.04275771602988243,0.03896658346056938,0.03902849927544594,-0.0037911325693130507,0.0037911325693130507,5,0.00020068523120269586,8.974916380989796e-05,0.03872175142168999,0.039207443594932556,0.00048569217324256897,0.515018801701645,0.0388289794795245,0.03910418744161426,0.0001376039810448794,False,0.038775251994125744,0.03915791492701302,0.00019133146644363495,False,0.038717399834013795,0.039215767087124966,0.00024918362655558665,False,0.0388004444539547,-0.00016613900661468367,0.039207443594932556,0.00024086013436317583,0.03872175142168999,-0.00024483203887939314,0.03902849927544594,6.191581487655778e-05,0.03907477855682373,0.00010819509625435014
Prediction,9,randomness_0.3667,0.037394601851701736,0.03447621017694473,0.03461528569459915,-0.0029183916747570066,0.0029183916747570066,5,0.0003117025440746807,0.00013939761546212208,0.034085266292095184,0.03479533642530441,0.0007100701332092285,0.9041090725311958,0.03426248487832935,0.03468993547556011,0.00021372529861538153,False,0.034179035818400205,0.034773384535489255,0.00029717435854452294,False,0.03408918034981868,0.03486324000407078,0.00038702982712605384,False,0.03461528569459915,0.00013907551765442172,0.034205567091703415,-0.000270643085241315,0.034085266292095184,-0.00039094388484954556,0.0346795953810215,0.00020338520407676974,0.03479533642530441,0.00031912624835968295
Prediction,10,randomness_0.4111,0.034637823700904846,0.033775211125612256,0.033886101096868515,-0.0008626125752925901,0.0008626125752925901,5,0.0006404211696303207,0.0002864050539046642,0.03300977498292923,0.034653808921575546,0.0016440339386463165,1.8961278058294049,0.033336093100043436,0.034214329151181076,0.000439118025568821,False,0.033164639431857885,0.03438578281936663,0.000610571693754369,False,0.03298002321559474,0.03457039903562977,0.0007951879100175166,False,0.034653808921575546,0.0008785977959632901,0.03331294655799866,-0.0004622645676135989,0.03300977498292923,-0.0007654361426830264,0.033886101096868515,0.00011088997125625888,0.034013424068689346,0.00023821294307709018
Prediction,11,randomness_0.4556,0.03763680160045624,0.03098784536123276,0.030768418684601784,-0.006648956239223479,0.006648956239223479,5,0.0006024446823281064,0.0002694214524737824,0.030526626855134964,0.03202272579073906,0.0014960989356040955,1.9441322083070443,0.03057476669993388,0.03140092402253163,0.00041307866129887654,False,0.03041348010360907,0.03156221061885645,0.000574365257623691,False,0.030239811488276643,0.03173587923418887,0.0007480338729561145,False,0.03202272579073906,0.0010348804295063005,0.030526626855134964,-0.00046121850609779497,0.030768418684601784,-0.0002194266766309752,0.03064165823161602,-0.00034618712961673875,0.03097979724407196,-8.048117160798507e-06
Prediction,12,randomness_0.5000,0.027826448902487755,0.024300746247172357,0.024350780993700027,-0.0035257026553153978,0.0035257026553153978,5,0.0004774321013989671,0.00021351412667373255,0.023732580244541168,0.024796562269330025,0.0010639820247888565,1.964680823143533,0.023973385048555975,0.02462810744578874,0.0003273611986163827,False,0.02384556684238762,0.024755925651957094,0.0004551794047847378,False,0.02370793599527849,0.024893556499066223,0.0005928102518938675,False,0.024796562269330025,0.0004958160221576677,0.023732580244541168,-0.0005681660026311888,0.023899370804429054,-0.0004013754427433028,0.024724436923861504,0.00042369067668914656,0.024350780993700027,5.0034746527670426e-05
