Seed,Dataset,Sample_ID,Control_Absolute_Error,Weighted_Absolute_Error,Absolute_Error_Reduction,Weighted_Improved
11,OOD_Holdout,randomness_0.0020,0.00496954470872879,0.004848446696996689,0.00012109801173210144,True
11,OOD_Holdout,randomness_0.0040,0.0009691007435321808,0.0009682103991508484,8.903443813323975e-07,True
11,OOD_Holdout,randomness_0.0060,0.003219209611415863,0.003288302570581436,-6.909295916557312e-05,False
11,OOD_Holdout,randomness_0.0070,0.0025259703397750854,0.002576276659965515,-5.030632019042969e-05,False
11,OOD_Holdout,randomness_0.0080,0.0016612894833087921,0.0017090588808059692,-4.7769397497177124e-05,False
11,OOD_Holdout,randomness_0.0100,0.0035614632070064545,0.0035483650863170624,1.309812068939209e-05,True
11,OOD_Holdout,randomness_0.0110,0.0010328032076358795,0.0010855719447135925,-5.276873707771301e-05,False
11,OOD_Holdout,randomness_0.0120,0.0034485794603824615,0.0034383274614810944,1.0251998901367188e-05,True
11,OOD_Holdout,randomness_0.0130,0.0036434195935726166,0.0036676116287708282,-2.419203519821167e-05,False
11,OOD_Holdout,randomness_0.0140,0.0009963922202587128,0.0010195672512054443,-2.3175030946731567e-05,False
11,OOD_Holdout,randomness_0.0150,0.0043477024883031845,0.004353528842329979,-5.826354026794434e-06,False
11,OOD_Holdout,randomness_0.0170,0.0038249604403972626,0.0039319805800914764,-0.00010702013969421387,False
11,OOD_Holdout,randomness_0.0180,0.003924284130334854,0.004075087606906891,-0.00015080347657203674,False
11,OOD_Holdout,randomness_0.0190,0.0012567117810249329,0.0012383051216602325,1.8406659364700317e-05,True
11,OOD_Holdout,randomness_0.0210,0.004075547680258751,0.0040432121604681015,3.2335519790649414e-05,True
11,OOD_Holdout,randomness_0.0220,0.00045724958181381226,0.00030038878321647644,0.00015686079859733582,True
11,OOD_Holdout,randomness_0.0240,0.0024727024137973785,0.002300698310136795,0.0001720041036605835,True
11,OOD_Holdout,randomness_0.0270,0.002706635743379593,0.002803295850753784,-9.666010737419128e-05,False
11,OOD_Holdout,randomness_0.0290,0.002239629626274109,0.002291005104780197,-5.137547850608826e-05,False
11,OOD_Holdout,randomness_0.0300,0.0026868022978305817,0.002591855823993683,9.49464738368988e-05,True
11,OOD_Holdout,randomness_0.0310,0.0024789273738861084,0.0023921728134155273,8.675456047058105e-05,True
11,OOD_Holdout,randomness_0.0320,0.001530427485704422,0.0015525184571743011,-2.209097146987915e-05,False
11,OOD_Holdout,randomness_0.0330,0.0007043257355690002,0.0007955804467201233,-9.125471115112305e-05,False
11,OOD_Holdout,randomness_0.0340,0.001544468104839325,0.0014482252299785614,9.624287486076355e-05,True
11,OOD_Holdout,randomness_0.0350,0.0031101517379283905,0.0029886774718761444,0.0001214742660522461,True
11,OOD_Holdout,randomness_0.0360,0.0018317587673664093,0.001959625631570816,-0.00012786686420440674,False
11,OOD_Holdout,randomness_0.0370,0.00011280551552772522,0.00013656914234161377,-2.376362681388855e-05,False
11,OOD_Holdout,randomness_0.0380,0.004087682813405991,0.003982175141572952,0.00010550767183303833,True
11,OOD_Holdout,randomness_0.0390,0.0016007088124752045,0.0015585534274578094,4.215538501739502e-05,True
11,OOD_Holdout,randomness_0.0400,0.001119229942560196,0.0009624697268009186,0.00015676021575927734,True
11,OOD_Holdout,randomness_0.0410,0.0013156235218048096,0.001269761472940445,4.5862048864364624e-05,True
11,OOD_Holdout,randomness_0.0450,0.000196751207113266,0.00010916590690612793,8.758530020713806e-05,True
11,OOD_Holdout,randomness_0.0470,0.0005303733050823212,0.000586237758398056,-5.586445331573486e-05,False
11,OOD_Holdout,randomness_0.0480,0.0030820369720458984,0.0032087303698062897,-0.00012669339776039124,False
11,OOD_Holdout,randomness_0.0490,0.0007244087755680084,0.0006019137799739838,0.00012249499559402466,True
11,OOD_Holdout,randomness_0.0501,0.0029670633375644684,0.0028428547084331512,0.00012420862913131714,True
11,OOD_Holdout,randomness_0.0511,0.0006767027080059052,0.0008532516658306122,-0.00017654895782470703,False
11,OOD_Holdout,randomness_0.0531,0.00011451169848442078,0.00019176676869392395,-7.725507020950317e-05,False
11,OOD_Holdout,randomness_0.0541,0.002296343445777893,0.0022069327533245087,8.94106924533844e-05,True
11,OOD_Holdout,randomness_0.0551,0.0008266456425189972,0.0009467527270317078,-0.00012010708451271057,False
11,OOD_Holdout,randomness_0.0601,0.0006604045629501343,0.0007713586091995239,-0.00011095404624938965,False
11,OOD_Holdout,randomness_0.0621,0.0022809989750385284,0.002217985689640045,6.301328539848328e-05,True
11,OOD_Holdout,randomness_0.0631,0.001830168068408966,0.0018881894648075104,-5.802139639854431e-05,False
11,OOD_Holdout,randomness_0.0641,0.00305316224694252,0.0029545463621616364,9.861588478088379e-05,True
11,OOD_Holdout,randomness_0.0651,0.002423614263534546,0.0026100464165210724,-0.0001864321529865265,False
11,OOD_Holdout,randomness_0.0671,0.0012440085411071777,0.0011201798915863037,0.00012382864952087402,True
11,OOD_Holdout,randomness_0.0681,0.0031312406063079834,0.003012966364622116,0.00011827424168586731,True
11,OOD_Holdout,randomness_0.0691,0.0007514320313930511,0.0009307526051998138,-0.0001793205738067627,False
11,OOD_Holdout,randomness_0.0711,0.0004088282585144043,0.0004463382065296173,-3.750994801521301e-05,False
11,OOD_Holdout,randomness_0.0761,0.0018676966428756714,0.0019080527126789093,-4.0356069803237915e-05,False
11,OOD_Holdout,randomness_0.0801,0.00026004016399383545,0.00012200698256492615,0.0001380331814289093,True
11,OOD_Holdout,randomness_0.0811,0.0009366646409034729,0.0009830333292484283,-4.6368688344955444e-05,False
11,OOD_Holdout,randomness_0.0821,0.0013743266463279724,0.0015242472290992737,-0.00014992058277130127,False
11,OOD_Holdout,randomness_0.0871,0.0006061680614948273,0.0005118437111377716,9.432435035705566e-05,True
11,OOD_Holdout,randomness_0.0881,0.001346386969089508,0.0011547431349754333,0.0001916438341140747,True
11,OOD_Holdout,randomness_0.0941,0.00043818727135658264,0.0005992725491523743,-0.00016108527779579163,False
11,OOD_Holdout,randomness_0.0951,0.0011025778949260712,0.0010066591203212738,9.591877460479736e-05,True
11,OOD_Holdout,randomness_0.0961,0.0009962543845176697,0.000978853553533554,1.74008309841156e-05,True
11,OOD_Holdout,randomness_0.0971,0.0034935064613819122,0.003396492451429367,9.701400995254517e-05,True
11,OOD_Holdout,randomness_0.0981,0.0031373053789138794,0.0032911598682403564,-0.00015385448932647705,False
11,OOD_Holdout,randomness_0.0991,0.003344956785440445,0.0033443868160247803,5.699694156646729e-07,True
11,OOD_Holdout,randomness_0.1001,0.001438930630683899,0.0013058409094810486,0.00013308972120285034,True
11,OOD_Holdout,randomness_0.1051,0.002608552575111389,0.0025309696793556213,7.758289575576782e-05,True
11,OOD_Holdout,randomness_0.1081,0.004088394343852997,0.003953468054533005,0.00013492628931999207,True
11,OOD_Holdout,randomness_0.1091,0.0034403204917907715,0.003349103033542633,9.121745824813843e-05,True
11,OOD_Holdout,randomness_0.1101,0.0010161139070987701,0.0011925175786018372,-0.00017640367150306702,False
11,OOD_Holdout,randomness_0.1261,0.0006037056446075439,0.000767827033996582,-0.00016412138938903809,False
11,OOD_Holdout,randomness_0.1291,0.002259358763694763,0.0022607408463954926,-1.3820827007293701e-06,False
11,OOD_Holdout,randomness_0.1371,0.0017359405755996704,0.0016732998192310333,6.264075636863708e-05,True
11,OOD_Holdout,randomness_0.1391,0.0018011704087257385,0.001791439950466156,9.73045825958252e-06,True
11,OOD_Holdout,randomness_0.1481,0.005322061479091644,0.005238533020019531,8.352845907211304e-05,True
11,OOD_Holdout,randomness_0.1572,0.0004778727889060974,0.0005033984780311584,-2.5525689125061035e-05,False
11,OOD_Holdout,randomness_0.1632,0.0009038150310516357,0.00107496976852417,-0.00017115473747253418,False
11,OOD_Holdout,randomness_0.1692,0.0030194930732250214,0.003119848668575287,-0.0001003555953502655,False
11,OOD_Holdout,randomness_0.1722,0.0049237944185733795,0.005034551024436951,-0.00011075660586357117,False
11,OOD_Holdout,randomness_0.1792,0.0025053098797798157,0.002375442534685135,0.00012986734509468079,True
11,OOD_Holdout,randomness_0.1942,0.0022085383534431458,0.002268582582473755,-6.004422903060913e-05,False
11,OOD_Holdout,randomness_0.2042,0.0016556866466999054,0.0014788396656513214,0.00017684698104858398,True
11,OOD_Holdout,randomness_0.2052,0.0010223984718322754,0.0008862167596817017,0.00013618171215057373,True
11,OOD_Holdout,randomness_0.2142,0.002685870975255966,0.0028031915426254272,-0.00011732056736946106,False
11,OOD_Holdout,randomness_0.2152,0.0031096190214157104,0.0030570626258850098,5.2556395530700684e-05,True
11,OOD_Holdout,randomness_0.2162,0.0018808171153068542,0.0019964687526226044,-0.00011565163731575012,False
11,OOD_Holdout,randomness_0.2192,0.0043279677629470825,0.004169732332229614,0.00015823543071746826,True
11,OOD_Holdout,randomness_0.2212,0.0034888125956058502,0.0035900920629501343,-0.00010127946734428406,False
11,OOD_Holdout,randomness_0.2262,0.0031563714146614075,0.0031070448458194733,4.9326568841934204e-05,True
11,OOD_Holdout,randomness_0.2312,0.000660039484500885,0.0005256794393062592,0.00013436004519462585,True
11,OOD_Holdout,randomness_0.2322,0.001995917409658432,0.001969214528799057,2.6702880859375e-05,True
11,OOD_Holdout,randomness_0.2332,0.0017619021236896515,0.0018158070743083954,-5.3904950618743896e-05,False
11,OOD_Holdout,randomness_0.2432,0.0007587522268295288,0.0007575564086437225,1.1958181858062744e-06,True
11,OOD_Holdout,randomness_0.2663,0.0015678182244300842,0.0014778338372707367,8.998438715934753e-05,True
11,OOD_Holdout,randomness_0.2973,0.001414719969034195,0.0013012737035751343,0.00011344626545906067,True
11,OOD_Holdout,randomness_0.3143,0.0008513666689395905,0.0008575133979320526,-6.146728992462158e-06,False
11,OOD_Holdout,randomness_0.3203,0.00292244553565979,0.003116711974143982,-0.0001942664384841919,False
11,OOD_Holdout,randomness_0.3243,0.0004599839448928833,0.00046779587864875793,-7.811933755874634e-06,False
11,OOD_Holdout,randomness_0.3293,0.004064083099365234,0.003993075340986252,7.100775837898254e-05,True
11,OOD_Holdout,randomness_0.3323,0.0001949518918991089,0.0002318061888217926,-3.6854296922683716e-05,False
11,OOD_Holdout,randomness_0.3834,0.0035244636237621307,0.0035761557519435883,-5.169212818145752e-05,False
11,OOD_Holdout,randomness_0.4044,0.003820568323135376,0.0037043169140815735,0.00011625140905380249,True
11,OOD_Holdout,randomness_0.4094,0.0019762925803661346,0.0018997415900230408,7.655099034309387e-05,True
11,OOD_Holdout,randomness_0.4434,0.005326801910996437,0.005380816757678986,-5.401484668254852e-05,False
11,Prediction,randomness_0.0061,0.0014518648386001587,0.0014247670769691467,2.7097761631011963e-05,True
11,Prediction,randomness_0.0153,0.0022495128214359283,0.0021839290857315063,6.5583735704422e-05,True
11,Prediction,randomness_0.0229,0.0008445568382740021,0.0008163601160049438,2.8196722269058228e-05,True
11,Prediction,randomness_0.1000,0.004008620977401733,0.0039261505007743835,8.247047662734985e-05,True
11,Prediction,randomness_0.1444,0.0014882087707519531,0.0014357976615428925,5.241110920906067e-05,True
11,Prediction,randomness_0.1889,0.0016370005905628204,0.0015009045600891113,0.0001360960304737091,True
11,Prediction,randomness_0.2333,0.003285154700279236,0.0031004659831523895,0.0001846887171268463,True
11,Prediction,randomness_0.2778,0.001965850591659546,0.0020843669772148132,-0.00011851638555526733,False
11,Prediction,randomness_0.3222,0.004088301211595535,0.004073653370141983,1.4647841453552246e-05,True
11,Prediction,randomness_0.3667,0.003705967217683792,0.0036467239260673523,5.924329161643982e-05,True
11,Prediction,randomness_0.4111,0.0016246065497398376,0.0015462785959243774,7.83279538154602e-05,True
11,Prediction,randomness_0.4556,0.006770685315132141,0.0067228712141513824,4.781410098075867e-05,True
11,Prediction,randomness_0.5000,0.00392911396920681,0.003959279507398605,-3.016553819179535e-05,False
11,Train,randomness_0.0000,0.0008848942816257477,0.0008944496512413025,-9.55536961555481e-06,False
11,Train,randomness_0.0010,0.003248162567615509,0.0032829605042934418,-3.479793667793274e-05,False
11,Train,randomness_0.0030,0.00216490775346756,0.0021924376487731934,-2.7529895305633545e-05,False
11,Train,randomness_0.0050,0.002957690507173538,0.003055419772863388,-9.772926568984985e-05,False
11,Train,randomness_0.0090,3.7647783756256104e-05,1.1827796697616577e-05,2.5819987058639526e-05,True
11,Train,randomness_0.0160,0.0006781481206417084,0.0007381625473499298,-6.0014426708221436e-05,False
11,Train,randomness_0.0200,0.0010925717651844025,0.0011559464037418365,-6.337463855743408e-05,False
11,Train,randomness_0.0230,0.0036760419607162476,0.0035319440066814423,0.0001440979540348053,True
11,Train,randomness_0.0250,0.00023672357201576233,0.0002483949065208435,-1.1671334505081177e-05,False
11,Train,randomness_0.0260,0.002270963042974472,0.0023263804614543915,-5.5417418479919434e-05,False
11,Train,randomness_0.0280,0.0008576102554798126,0.0008827373385429382,-2.512708306312561e-05,False
11,Train,randomness_0.0420,0.0016422905027866364,0.001692056655883789,-4.976615309715271e-05,False
11,Train,randomness_0.0430,0.005160367116332054,0.005206899717450142,-4.653260111808777e-05,False
11,Train,randomness_0.0440,0.004437822848558426,0.004435595124959946,2.2277235984802246e-06,True
11,Train,randomness_0.0460,0.0021802932024002075,0.0020758062601089478,0.00010448694229125977,True
11,Train,randomness_0.0521,0.002323620021343231,0.002262558788061142,6.106123328208923e-05,True
11,Train,randomness_0.0561,0.003642769530415535,0.003645719960331917,-2.950429916381836e-06,False
11,Train,randomness_0.0571,0.00222039595246315,0.0022167637944221497,3.632158041000366e-06,True
11,Train,randomness_0.0581,0.004670683294534683,0.0047117918729782104,-4.110857844352722e-05,False
11,Train,randomness_0.0591,0.0011606551706790924,0.0010305866599082947,0.00013006851077079773,True
11,Train,randomness_0.0611,0.001667749136686325,0.0017880350351333618,-0.00012028589844703674,False
11,Train,randomness_0.0661,0.001887097954750061,0.0018184073269367218,6.869062781333923e-05,True
11,Train,randomness_0.0701,0.00033310428261756897,0.00036090239882469177,-2.7798116207122803e-05,False
11,Train,randomness_0.0731,0.0001617930829524994,0.00028978288173675537,-0.00012798979878425598,False
11,Train,randomness_0.0741,0.0007048286497592926,0.0006157010793685913,8.91275703907013e-05,True
11,Train,randomness_0.0751,0.000991635024547577,0.0008864514529705048,0.00010518357157707214,True
11,Train,randomness_0.0771,0.0004234611988067627,0.0002881661057472229,0.0001352950930595398,True
11,Train,randomness_0.0781,0.0025676898658275604,0.0027620717883110046,-0.00019438192248344421,False
11,Train,randomness_0.0791,0.0011037923395633698,0.0010184384882450104,8.535385131835938e-05,True
11,Train,randomness_0.0841,0.002919033169746399,0.002866137772798538,5.289539694786072e-05,True
11,Train,randomness_0.0851,0.0032551251351833344,0.003346666693687439,-9.154155850410461e-05,False
11,Train,randomness_0.0861,0.0005559436976909637,0.0004885271191596985,6.741657853126526e-05,True
11,Train,randomness_0.0891,0.003734871745109558,0.0038909912109375,-0.0001561194658279419,False
11,Train,randomness_0.0901,0.003544345498085022,0.0035347193479537964,9.626150131225586e-06,True
11,Train,randomness_0.0911,0.0026274919509887695,0.002526354044675827,0.0001011379063129425,True
11,Train,randomness_0.0921,0.0066808853298425674,0.006799409165978432,-0.00011852383613586426,False
11,Train,randomness_0.0931,0.0007006265223026276,0.0007203854620456696,-1.9758939743041992e-05,False
11,Train,randomness_0.1021,0.004491206258535385,0.0043789781630039215,0.00011222809553146362,True
11,Train,randomness_0.1031,0.001366887241601944,0.0011449791491031647,0.0002219080924987793,True
11,Train,randomness_0.1041,0.0022291764616966248,0.002024821937084198,0.00020435452461242676,True
11,Train,randomness_0.1061,0.0027120597660541534,0.0026394203305244446,7.263943552970886e-05,True
11,Train,randomness_0.1111,0.0001194886863231659,0.00022102147340774536,-0.00010153278708457947,False
11,Train,randomness_0.1121,0.0026994608342647552,0.0025097988545894623,0.00018966197967529297,True
11,Train,randomness_0.1131,0.005922820419073105,0.006021175533533096,-9.835511445999146e-05,False
11,Train,randomness_0.1141,0.00019470974802970886,0.00010731443762779236,8.73953104019165e-05,True
11,Train,randomness_0.1151,0.002296939492225647,0.002457793802022934,-0.000160854309797287,False
11,Train,randomness_0.1161,0.000424947589635849,0.0005211159586906433,-9.616836905479431e-05,False
11,Train,randomness_0.1171,0.001117657870054245,0.000946972519159317,0.00017068535089492798,True
11,Train,randomness_0.1181,0.0012521669268608093,0.0013839229941368103,-0.00013175606727600098,False
11,Train,randomness_0.1191,0.0020197704434394836,0.0021051354706287384,-8.536502718925476e-05,False
11,Train,randomness_0.1201,0.0027495287358760834,0.0028643645346164703,-0.00011483579874038696,False
11,Train,randomness_0.1211,0.002090420573949814,0.0021678172051906586,-7.739663124084473e-05,False
11,Train,randomness_0.1221,0.003406267613172531,0.003496326506137848,-9.005889296531677e-05,False
11,Train,randomness_0.1231,0.0011307932436466217,0.00124349445104599,-0.00011270120739936829,False
11,Train,randomness_0.1241,6.042420864105225e-06,9.582564234733582e-05,-8.978322148323059e-05,False
11,Train,randomness_0.1251,0.0006950534880161285,0.0007812753319740295,-8.6221843957901e-05,False
11,Train,randomness_0.1281,0.0024711973965168,0.002333596348762512,0.00013760104775428772,True
11,Train,randomness_0.1301,0.0013408847153186798,0.0012994594871997833,4.1425228118896484e-05,True
11,Train,randomness_0.1321,0.0001097358763217926,5.354359745979309e-05,5.619227886199951e-05,True
11,Train,randomness_0.1331,0.0046546682715415955,0.004518158733844757,0.00013650953769683838,True
11,Train,randomness_0.1361,0.00043703243136405945,0.0006209835410118103,-0.00018395110964775085,False
11,Train,randomness_0.1381,0.004479903727769852,0.004348859190940857,0.00013104453682899475,True
11,Train,randomness_0.1411,0.002789359539747238,0.002739362418651581,4.999712109565735e-05,True
11,Train,randomness_0.1431,0.002817414700984955,0.002672288566827774,0.00014512613415718079,True
11,Train,randomness_0.1441,0.001188959926366806,0.0010292790830135345,0.00015968084335327148,True
11,Train,randomness_0.1451,0.004197094589471817,0.004089362919330597,0.00010773167014122009,True
11,Train,randomness_0.1471,0.0011778026819229126,0.0013086646795272827,-0.00013086199760437012,False
11,Train,randomness_0.1491,0.00043587759137153625,0.0003602132201194763,7.566437125205994e-05,True
11,Train,randomness_0.1502,0.007384615018963814,0.007513096556067467,-0.00012848153710365295,False
11,Train,randomness_0.1512,0.0005355700850486755,0.0003753937780857086,0.00016017630696296692,True
11,Train,randomness_0.1522,0.0017343871295452118,0.0015473701059818268,0.000187017023563385,True
11,Train,randomness_0.1532,0.00032062828540802,0.0005327500402927399,-0.00021212175488471985,False
11,Train,randomness_0.1542,0.0015597380697727203,0.0017189271748065948,-0.0001591891050338745,False
11,Train,randomness_0.1552,0.0011412985622882843,0.001267954707145691,-0.00012665614485740662,False
11,Train,randomness_0.1562,0.0017998106777668,0.001656942069530487,0.00014286860823631287,True
11,Train,randomness_0.1592,0.000260278582572937,0.0004051513969898224,-0.00014487281441688538,False
11,Train,randomness_0.1602,0.0013211742043495178,0.001400526612997055,-7.935240864753723e-05,False
11,Train,randomness_0.1612,0.0030759014189243317,0.0031406059861183167,-6.470456719398499e-05,False
11,Train,randomness_0.1622,0.0023871734738349915,0.002301890403032303,8.52830708026886e-05,True
11,Train,randomness_0.1642,0.004423841834068298,0.00431736558675766,0.00010647624731063843,True
11,Train,randomness_0.1652,0.00204511359333992,0.0019774138927459717,6.769970059394836e-05,True
11,Train,randomness_0.1662,0.003634203225374222,0.0035217665135860443,0.00011243671178817749,True
11,Train,randomness_0.1672,0.0010619089007377625,0.0008671395480632782,0.00019476935267448425,True
11,Train,randomness_0.1682,0.0013686008751392365,0.001267269253730774,0.00010133162140846252,True
11,Train,randomness_0.1702,0.006051253527402878,0.005870077759027481,0.00018117576837539673,True
11,Train,randomness_0.1712,0.0008852146565914154,0.0007116161286830902,0.0001735985279083252,True
11,Train,randomness_0.1732,0.001871943473815918,0.001956705003976822,-8.476153016090393e-05,False
11,Train,randomness_0.1742,0.0015153996646404266,0.001409558579325676,0.00010584108531475067,True
11,Train,randomness_0.1752,0.0014991797506809235,0.0015955008566379547,-9.632110595703125e-05,False
11,Train,randomness_0.1762,0.0009055286645889282,0.0010818131268024445,-0.00017628446221351624,False
11,Train,randomness_0.1772,0.0003889426589012146,0.0005375668406486511,-0.00014862418174743652,False
11,Train,randomness_0.1782,0.00323539599776268,0.0030573084950447083,0.0001780875027179718,True
11,Train,randomness_0.1802,0.0010873042047023773,0.0009289011359214783,0.00015840306878089905,True
11,Train,randomness_0.1812,0.0006529353559017181,0.0005105212330818176,0.0001424141228199005,True
11,Train,randomness_0.1822,0.003643680363893509,0.0034703314304351807,0.00017334893345832825,True
11,Train,randomness_0.1832,0.0004002191126346588,0.000505007803440094,-0.00010478869080543518,False
11,Train,randomness_0.1842,0.001034017652273178,0.0010762475430965424,-4.222989082336426e-05,False
11,Train,randomness_0.1852,0.004415940493345261,0.004256922751665115,0.00015901774168014526,True
11,Train,randomness_0.1872,0.0005576089024543762,0.0003710798919200897,0.0001865290105342865,True
11,Train,randomness_0.1882,0.0035518668591976166,0.0035497359931468964,2.130866050720215e-06,True
11,Train,randomness_0.1892,0.0009122714400291443,0.0009436793625354767,-3.14079225063324e-05,False
11,Train,randomness_0.1902,0.0001637376844882965,7.540732622146606e-05,8.833035826683044e-05,True
11,Train,randomness_0.1912,0.002584202215075493,0.002596689388155937,-1.2487173080444336e-05,False
11,Train,randomness_0.1922,0.0004956461489200592,0.00032209232449531555,0.00017355382442474365,True
11,Train,randomness_0.1932,0.0003311857581138611,0.0005052760243415833,-0.00017409026622772217,False
11,Train,randomness_0.1952,0.0008310750126838684,0.0008999146521091461,-6.883963942527771e-05,False
11,Train,randomness_0.1962,0.0033552348613739014,0.0032834000885486603,7.183477282524109e-05,True
11,Train,randomness_0.1982,0.00018702074885368347,5.78463077545166e-05,0.00012917444109916687,True
11,Train,randomness_0.1992,0.0017032288014888763,0.001871403306722641,-0.00016817450523376465,False
11,Train,randomness_0.2002,0.0012920312583446503,0.0011249780654907227,0.0001670531928539276,True
11,Train,randomness_0.2012,0.002124778926372528,0.002058856189250946,6.592273712158203e-05,True
11,Train,randomness_0.2022,0.0027495920658111572,0.0026101358234882355,0.00013945624232292175,True
11,Train,randomness_0.2032,0.0024619437754154205,0.002537928521633148,-7.598474621772766e-05,False
11,Train,randomness_0.2062,0.0026430413126945496,0.002529766410589218,0.00011327490210533142,True
11,Train,randomness_0.2072,0.0011546537280082703,0.0012831538915634155,-0.00012850016355514526,False
11,Train,randomness_0.2082,0.000744897872209549,0.0009300112724304199,-0.00018511340022087097,False
11,Train,randomness_0.2092,0.00125068798661232,0.00127314031124115,-2.2452324628829956e-05,False
11,Train,randomness_0.2102,0.0017271041870117188,0.0016880631446838379,3.904104232788086e-05,True
11,Train,randomness_0.2112,0.005962107330560684,0.006073489785194397,-0.00011138245463371277,False
11,Train,randomness_0.2122,0.0027698948979377747,0.002562139183282852,0.00020775571465492249,True
11,Train,randomness_0.2132,0.0005845539271831512,0.00040053948760032654,0.0001840144395828247,True
11,Train,randomness_0.2172,5.3804367780685425e-05,0.0001346636563539505,-8.085928857326508e-05,False
11,Train,randomness_0.2222,0.0018579252064228058,0.002051394432783127,-0.00019346922636032104,False
11,Train,randomness_0.2242,0.0021867528557777405,0.002220701426267624,-3.394857048988342e-05,False
11,Train,randomness_0.2252,0.0009247586131095886,0.0007950887084007263,0.0001296699047088623,True
11,Train,randomness_0.2272,0.0003395155072212219,0.00047876685857772827,-0.00013925135135650635,False
11,Train,randomness_0.2282,0.0006416775286197662,0.0004745088517665863,0.00016716867685317993,True
11,Train,randomness_0.2292,7.347017526626587e-05,0.00017314404249191284,-9.967386722564697e-05,False
11,Train,randomness_0.2302,0.005952311679720879,0.006098782643675804,-0.00014647096395492554,False
11,Train,randomness_0.2342,0.005087185651063919,0.004982270300388336,0.00010491535067558289,True
11,Train,randomness_0.2352,0.002123970538377762,0.0019112713634967804,0.00021269917488098145,True
11,Train,randomness_0.2362,0.0004317834973335266,0.0005944669246673584,-0.0001626834273338318,False
11,Train,randomness_0.2372,0.0023210346698760986,0.002243582159280777,7.745251059532166e-05,True
11,Train,randomness_0.2382,0.00034963712096214294,0.000295981764793396,5.365535616874695e-05,True
11,Train,randomness_0.2392,0.003592774271965027,0.0036065317690372467,-1.3757497072219849e-05,False
11,Train,randomness_0.2402,0.0006145425140857697,0.0007714070379734039,-0.00015686452388763428,False
11,Train,randomness_0.2412,0.0008813589811325073,0.0009878426790237427,-0.00010648369789123535,False
11,Train,randomness_0.2422,0.00047035515308380127,0.00027424469590187073,0.00019611045718193054,True
11,Train,randomness_0.2442,0.001441560685634613,0.0013571344316005707,8.442625403404236e-05,True
11,Train,randomness_0.2452,0.0008572041988372803,0.0007013007998466492,0.0001559033989906311,True
11,Train,randomness_0.2462,0.001005709171295166,0.0012032166123390198,-0.00019750744104385376,False
11,Train,randomness_0.2472,0.002295028418302536,0.0021589845418930054,0.00013604387640953064,True
11,Train,randomness_0.2482,0.0008684359490871429,0.0008453652262687683,2.3070722818374634e-05,True
11,Train,randomness_0.2492,0.00042251870036125183,0.0003003552556037903,0.00012216344475746155,True
11,Train,randomness_0.2503,0.0008318498730659485,0.0007008276879787445,0.00013102218508720398,True
11,Train,randomness_0.2513,0.001641876995563507,0.001552049070596695,8.982792496681213e-05,True
11,Train,randomness_0.2523,0.0027823466807603836,0.002765357494354248,1.698918640613556e-05,True
11,Train,randomness_0.2533,0.0036853980273008347,0.003732820972800255,-4.7422945499420166e-05,False
11,Train,randomness_0.2543,0.0031146518886089325,0.002950761467218399,0.00016389042139053345,True
11,Train,randomness_0.2553,0.004105746746063232,0.004071399569511414,3.434717655181885e-05,True
11,Train,randomness_0.2563,0.0031551718711853027,0.0030790604650974274,7.611140608787537e-05,True
11,Train,randomness_0.2583,0.002770736813545227,0.00268341600894928,8.732080459594727e-05,True
11,Train,randomness_0.2593,0.0014695711433887482,0.0016615651547908783,-0.00019199401140213013,False
11,Train,randomness_0.2603,0.004082787781953812,0.003985561430454254,9.72263514995575e-05,True
11,Train,randomness_0.2613,0.0026210881769657135,0.0025508515536785126,7.023662328720093e-05,True
11,Train,randomness_0.2623,0.0012369304895401,0.0012566298246383667,-1.96993350982666e-05,False
11,Train,randomness_0.2643,0.00031064078211784363,0.0002883113920688629,2.2329390048980713e-05,True
11,Train,randomness_0.2653,0.00025441497564315796,0.0002649836242198944,-1.056864857673645e-05,False
11,Train,randomness_0.2673,0.0010621361434459686,0.0012671053409576416,-0.00020496919751167297,False
11,Train,randomness_0.2683,0.0009833909571170807,0.0009277760982513428,5.5614858865737915e-05,True
11,Train,randomness_0.2693,0.001191016286611557,0.0010883770883083344,0.00010263919830322266,True
11,Train,randomness_0.2703,0.006031684577465057,0.00591064989566803,0.00012103468179702759,True
11,Train,randomness_0.2713,0.0005532689392566681,0.00043795257806777954,0.00011531636118888855,True
11,Train,randomness_0.2723,0.005277909338474274,0.005088150501251221,0.00018975883722305298,True
11,Train,randomness_0.2733,0.0019648149609565735,0.0018401555716991425,0.00012465938925743103,True
11,Train,randomness_0.2743,0.0009230300784111023,0.0008952617645263672,2.7768313884735107e-05,True
11,Train,randomness_0.2753,3.772228956222534e-05,7.880479097366333e-05,-4.108250141143799e-05,False
11,Train,randomness_0.2763,0.0015062876045703888,0.0014354884624481201,7.079914212226868e-05,True
11,Train,randomness_0.2773,0.0013167411088943481,0.0013565905392169952,-3.9849430322647095e-05,False
11,Train,randomness_0.2783,0.0007023327052593231,0.0009220466017723083,-0.00021971389651298523,False
11,Train,randomness_0.2793,0.0006203539669513702,0.0007650628685951233,-0.00014470890164375305,False
11,Train,randomness_0.2803,0.00016094744205474854,0.00022397562861442566,-6.302818655967712e-05,False
11,Train,randomness_0.2813,0.0031451769173145294,0.003142416477203369,2.7604401111602783e-06,True
11,Train,randomness_0.2823,0.002504546195268631,0.0025218985974788666,-1.7352402210235596e-05,False
11,Train,randomness_0.2833,0.002934638410806656,0.0028130337595939636,0.00012160465121269226,True
11,Train,randomness_0.2843,0.0018502846360206604,0.0018809251487255096,-3.064051270484924e-05,False
11,Train,randomness_0.2853,0.0014550499618053436,0.0014060921967029572,4.8957765102386475e-05,True
11,Train,randomness_0.2873,0.0016601942479610443,0.0015221387147903442,0.00013805553317070007,True
11,Train,randomness_0.2893,0.003595123067498207,0.003635875880718231,-4.075281322002411e-05,False
11,Train,randomness_0.2903,0.0015382245182991028,0.0014562234282493591,8.200109004974365e-05,True
11,Train,randomness_0.2913,0.00011391937732696533,0.00021427497267723083,-0.0001003555953502655,False
11,Train,randomness_0.2923,0.0004550665616989136,0.00043188780546188354,2.317875623703003e-05,True
11,Train,randomness_0.2933,0.0010300949215888977,0.001168474555015564,-0.00013837963342666626,False
11,Train,randomness_0.2943,0.0002616569399833679,0.00013620033860206604,0.00012545660138130188,True
11,Train,randomness_0.2953,0.0002063363790512085,0.00011110678315162659,9.522959589958191e-05,True
11,Train,randomness_0.2963,0.00018053129315376282,0.00032962486147880554,-0.00014909356832504272,False
11,Train,randomness_0.2983,0.002177201211452484,0.0020012222230434418,0.00017597898840904236,True
11,Train,randomness_0.3013,0.001083657145500183,0.0012220591306686401,-0.00013840198516845703,False
11,Train,randomness_0.3033,0.0006900206208229065,0.0007399916648864746,-4.9971044063568115e-05,False
11,Train,randomness_0.3053,0.0024808011949062347,0.0024788938462734222,1.9073486328125e-06,True
11,Train,randomness_0.3073,0.0012818239629268646,0.0012639239430427551,1.7900019884109497e-05,True
11,Train,randomness_0.3083,0.0015797317028045654,0.0013889223337173462,0.00019080936908721924,True
11,Train,randomness_0.3103,0.0002458803355693817,0.0004052557051181793,-0.0001593753695487976,False
11,Train,randomness_0.3113,0.0021542906761169434,0.002259492874145508,-0.00010520219802856445,False
11,Train,randomness_0.3123,0.0035480260848999023,0.003505837172269821,4.218891263008118e-05,True
11,Train,randomness_0.3133,0.0007419660687446594,0.0007371418178081512,4.824250936508179e-06,True
11,Train,randomness_0.3153,0.0018333643674850464,0.001806512475013733,2.6851892471313477e-05,True
11,Train,randomness_0.3163,0.002900131046772003,0.0029557831585407257,-5.5652111768722534e-05,False
11,Train,randomness_0.3173,0.005329851061105728,0.005343496799468994,-1.3645738363265991e-05,False
11,Train,randomness_0.3183,1.810118556022644e-05,0.00013133883476257324,-0.0001132376492023468,False
11,Train,randomness_0.3193,0.0010847188532352448,0.0010621733963489532,2.2545456886291504e-05,True
11,Train,randomness_0.3213,0.0002617090940475464,0.0002468973398208618,1.481175422668457e-05,True
11,Train,randomness_0.3223,0.0014248862862586975,0.0014351196587085724,-1.0233372449874878e-05,False
11,Train,randomness_0.3233,0.002250850200653076,0.0022543221712112427,-3.471970558166504e-06,False
11,Train,randomness_0.3263,0.0020171627402305603,0.0021519064903259277,-0.00013474375009536743,False
11,Train,randomness_0.3273,0.003076411783695221,0.0031076334416866302,-3.12216579914093e-05,False
11,Train,randomness_0.3283,0.00018095970153808594,0.00020305439829826355,-2.2094696760177612e-05,False
11,Train,randomness_0.3303,0.005960274487733841,0.005953624844551086,6.649643182754517e-06,True
11,Train,randomness_0.3313,0.006358690559864044,0.006289299577474594,6.939098238945007e-05,True
11,Train,randomness_0.3333,0.0023579970002174377,0.00221899151802063,0.00013900548219680786,True
11,Train,randomness_0.3343,0.0014223754405975342,0.00139676034450531,2.561509609222412e-05,True
11,Train,randomness_0.3363,0.0019449777901172638,0.0018694624304771423,7.551535964012146e-05,True
11,Train,randomness_0.3373,0.001146562397480011,0.0012058615684509277,-5.929917097091675e-05,False
11,Train,randomness_0.3383,5.12637197971344e-05,6.144866347312927e-05,-1.0184943675994873e-05,False
11,Train,randomness_0.3393,0.003153279423713684,0.0031934380531311035,-4.0158629417419434e-05,False
11,Train,randomness_0.3403,0.0008186157792806625,0.0007249955087900162,9.362027049064636e-05,True
11,Train,randomness_0.3413,0.0018809810280799866,0.0017912313342094421,8.974969387054443e-05,True
11,Train,randomness_0.3423,0.0034124422818422318,0.003369225189089775,4.3217092752456665e-05,True
11,Train,randomness_0.3443,0.0019524246454238892,0.001975659281015396,-2.3234635591506958e-05,False
11,Train,randomness_0.3453,0.0038301683962345123,0.0037111565470695496,0.00011901184916496277,True
11,Train,randomness_0.3463,0.00044280290603637695,0.0004828479140996933,-4.0045008063316345e-05,False
11,Train,randomness_0.3473,0.0021254606544971466,0.002270035445690155,-0.00014457479119300842,False
11,Train,randomness_0.3483,0.0005202479660511017,0.0005182269960641861,2.0209699869155884e-06,True
11,Train,randomness_0.3493,0.0022848471999168396,0.00212019681930542,0.00016465038061141968,True
11,Train,randomness_0.3504,0.0018291324377059937,0.001703660935163498,0.00012547150254249573,True
11,Train,randomness_0.3514,0.004637535661458969,0.004679214209318161,-4.1678547859191895e-05,False
11,Train,randomness_0.3524,0.0017521306872367859,0.0017318502068519592,2.028048038482666e-05,True
11,Train,randomness_0.3534,0.00019829906523227692,0.0003308132290840149,-0.00013251416385173798,False
11,Train,randomness_0.3544,0.0009670965373516083,0.0011079087853431702,-0.0001408122479915619,False
11,Train,randomness_0.3554,0.0013909265398979187,0.0013613328337669373,2.9593706130981445e-05,True
11,Train,randomness_0.3574,0.0012726597487926483,0.0013653375208377838,-9.26777720451355e-05,False
11,Train,randomness_0.3584,0.0011699944734573364,0.0011082831770181656,6.171129643917084e-05,True
11,Train,randomness_0.3594,0.00548965111374855,0.005500193685293198,-1.0542571544647217e-05,False
11,Train,randomness_0.3604,0.003553420305252075,0.0035738833248615265,-2.0463019609451294e-05,False
11,Train,randomness_0.3614,0.00013907253742218018,0.00015503540635108948,-1.5962868928909302e-05,False
11,Train,randomness_0.3624,0.005172558128833771,0.0050736963748931885,9.886175394058228e-05,True
11,Train,randomness_0.3634,0.0007451195269823074,0.0007425341755151749,2.5853514671325684e-06,True
11,Train,randomness_0.3644,0.0035141147673130035,0.0034744814038276672,3.9633363485336304e-05,True
11,Train,randomness_0.3654,0.0007024258375167847,0.0009074583649635315,-0.00020503252744674683,False
11,Train,randomness_0.3664,0.0014927573502063751,0.0015616528689861298,-6.889551877975464e-05,False
11,Train,randomness_0.3674,0.001748332753777504,0.0017744563519954681,-2.6123598217964172e-05,False
11,Train,randomness_0.3684,0.005063310265541077,0.005081586539745331,-1.827627420425415e-05,False
11,Train,randomness_0.3694,0.005380343645811081,0.00528755784034729,9.27858054637909e-05,True
11,Train,randomness_0.3704,0.003657180815935135,0.003707192838191986,-5.0012022256851196e-05,False
11,Train,randomness_0.3714,0.005878075957298279,0.005964849144220352,-8.677318692207336e-05,False
11,Train,randomness_0.3724,0.0007745735347270966,0.000777658075094223,-3.084540367126465e-06,False
11,Train,randomness_0.3734,0.00029643625020980835,0.00019052252173423767,0.00010591372847557068,True
11,Train,randomness_0.3744,0.0005591511726379395,0.0006082616746425629,-4.911050200462341e-05,False
11,Train,randomness_0.3754,0.0004370659589767456,0.0005149282515048981,-7.786229252815247e-05,False
11,Train,randomness_0.3774,0.0011557415127754211,0.0010281167924404144,0.00012762472033500671,True
11,Train,randomness_0.3784,0.005986932665109634,0.00594634935259819,4.058331251144409e-05,True
11,Train,randomness_0.3794,0.0022906530648469925,0.0022206734865903854,6.997957825660706e-05,True
11,Train,randomness_0.3804,0.00469626858830452,0.0046417973935604095,5.447119474411011e-05,True
11,Train,randomness_0.3814,0.001044202595949173,0.0011004656553268433,-5.626305937767029e-05,False
11,Train,randomness_0.3824,0.006631121039390564,0.006567802280187607,6.331875920295715e-05,True
11,Train,randomness_0.3844,0.005943775177001953,0.005883604288101196,6.0170888900756836e-05,True
11,Train,randomness_0.3854,0.00024556368589401245,0.00021836534142494202,2.7198344469070435e-05,True
11,Train,randomness_0.3864,0.0037956740707159042,0.003782380372285843,1.329369843006134e-05,True
11,Train,randomness_0.3874,0.00039592571556568146,0.00047660060226917267,-8.067488670349121e-05,False
11,Train,randomness_0.3884,0.0018329471349716187,0.002002216875553131,-0.00016926974058151245,False
11,Train,randomness_0.3894,0.002951784059405327,0.0028746984899044037,7.708556950092316e-05,True
11,Train,randomness_0.3904,0.00498676672577858,0.004884060472249985,0.00010270625352859497,True
11,Train,randomness_0.3914,0.0020589791238307953,0.0021089930087327957,-5.001388490200043e-05,False
11,Train,randomness_0.3924,0.001228034496307373,0.0012941323220729828,-6.609782576560974e-05,False
11,Train,randomness_0.3934,0.002197910100221634,0.002202652394771576,-4.742294549942017e-06,False
11,Train,randomness_0.3944,0.00022611767053604126,0.0002716928720474243,-4.557520151138306e-05,False
11,Train,randomness_0.3974,0.0025295764207839966,0.002616342157125473,-8.676573634147644e-05,False
11,Train,randomness_0.3984,0.0016007274389266968,0.0015778616070747375,2.286583185195923e-05,True
11,Train,randomness_0.4004,0.000618956983089447,0.0005988180637359619,2.0138919353485107e-05,True
11,Train,randomness_0.4014,0.0016291383653879166,0.001510806381702423,0.00011833198368549347,True
11,Train,randomness_0.4024,0.00040085986256599426,0.00042267143726348877,-2.1811574697494507e-05,False
11,Train,randomness_0.4034,0.0027029328048229218,0.0027011223137378693,1.8104910850524902e-06,True
11,Train,randomness_0.4054,0.0023389309644699097,0.002347860485315323,-8.929520845413208e-06,False
11,Train,randomness_0.4064,0.0007300302386283875,0.0006931722164154053,3.685802221298218e-05,True
11,Train,randomness_0.4074,0.0031067822128534317,0.0031800903379917145,-7.330812513828278e-05,False
11,Train,randomness_0.4084,0.0025203898549079895,0.0023616626858711243,0.00015872716903686523,True
11,Train,randomness_0.4104,0.0019358210265636444,0.002057485282421112,-0.00012166425585746765,False
11,Train,randomness_0.4114,0.004582999274134636,0.00466051883995533,-7.751956582069397e-05,False
11,Train,randomness_0.4124,0.00595741905272007,0.0059386007487773895,1.881830394268036e-05,True
11,Train,randomness_0.4144,0.0032951049506664276,0.003256235271692276,3.886967897415161e-05,True
11,Train,randomness_0.4154,0.002905856817960739,0.002878911793231964,2.6945024728775024e-05,True
11,Train,randomness_0.4164,0.0008976664394140244,0.0008606929332017899,3.69735062122345e-05,True
11,Train,randomness_0.4174,0.0026998594403266907,0.0026221051812171936,7.775425910949707e-05,True
11,Train,randomness_0.4184,0.004073828458786011,0.004001349210739136,7.2479248046875e-05,True
11,Train,randomness_0.4194,0.0014465562999248505,0.0014110803604125977,3.547593951225281e-05,True
11,Train,randomness_0.4204,0.00011938810348510742,0.0002625882625579834,-0.00014320015907287598,False
11,Train,randomness_0.4214,0.0012331083416938782,0.0013144779950380325,-8.136965334415436e-05,False
11,Train,randomness_0.4224,0.0016277935355901718,0.0017059855163097382,-7.819198071956635e-05,False
11,Train,randomness_0.4234,0.002562548965215683,0.002680901437997818,-0.00011835247278213501,False
11,Train,randomness_0.4244,0.002721427008509636,0.0026931483298540115,2.827867865562439e-05,True
11,Train,randomness_0.4254,0.00027377158403396606,0.0003073066473007202,-3.353506326675415e-05,False
11,Train,randomness_0.4264,0.0023401156067848206,0.0023418404161930084,-1.7248094081878662e-06,False
11,Train,randomness_0.4284,0.002300301566720009,0.002266043797135353,3.425776958465576e-05,True
11,Train,randomness_0.4294,0.0004131048917770386,0.000347234308719635,6.587058305740356e-05,True
11,Train,randomness_0.4304,0.00291486456990242,0.0029562562704086304,-4.139170050621033e-05,False
11,Train,randomness_0.4314,0.0001848079264163971,0.00013518333435058594,4.962459206581116e-05,True
11,Train,randomness_0.4334,0.00020531751215457916,0.00028919801115989685,-8.388049900531769e-05,False
11,Train,randomness_0.4344,0.003417709842324257,0.0034126825630664825,5.027279257774353e-06,True
11,Train,randomness_0.4354,0.0013673510402441025,0.0013936758041381836,-2.6324763894081116e-05,False
11,Train,randomness_0.4364,0.0005129110068082809,0.0007049404084682465,-0.00019202940165996552,False
11,Train,randomness_0.4374,0.004056146368384361,0.004096107557415962,-3.996118903160095e-05,False
11,Train,randomness_0.4384,0.0002488233149051666,0.00027515366673469543,-2.633035182952881e-05,False
11,Train,randomness_0.4394,0.0003984309732913971,0.0004587695002555847,-6.033852696418762e-05,False
11,Train,randomness_0.4404,0.001235034316778183,0.001287747174501419,-5.2712857723236084e-05,False
11,Train,randomness_0.4414,0.0023756027221679688,0.002362217754125595,1.3384968042373657e-05,True
11,Train,randomness_0.4424,0.0016065984964370728,0.0016407053917646408,-3.4106895327568054e-05,False
11,Train,randomness_0.4454,0.0048273541033267975,0.004846971482038498,-1.961737871170044e-05,False
11,Train,randomness_0.4474,0.001861386001110077,0.001826006919145584,3.53790819644928e-05,True
11,Train,randomness_0.4484,0.004267213866114616,0.004122940823435783,0.000144273042678833,True
11,Train,randomness_0.4494,0.005849918350577354,0.0058141183108091354,3.5800039768218994e-05,True
11,Train,randomness_0.4505,0.0011683553457260132,0.0012770965695381165,-0.00010874122381210327,False
11,Train,randomness_0.4515,0.001393752172589302,0.001386500895023346,7.251277565956116e-06,True
11,Train,randomness_0.4535,0.005212103947997093,0.005173088982701302,3.9014965295791626e-05,True
11,Train,randomness_0.4545,0.0036138128489255905,0.0037794876843690872,-0.0001656748354434967,False
11,Train,randomness_0.4555,0.0018094740808010101,0.0017996206879615784,9.853392839431763e-06,True
11,Train,randomness_0.4565,0.0016212239861488342,0.0015245303511619568,9.669363498687744e-05,True
11,Train,randomness_0.4575,0.001437511295080185,0.0014627967029809952,-2.5285407900810242e-05,False
11,Train,randomness_0.4585,0.0011163149029016495,0.0012704655528068542,-0.00015415064990520477,False
11,Train,randomness_0.4595,0.005837317556142807,0.006088763475418091,-0.0002514459192752838,False
11,Train,randomness_0.4605,0.0012049898505210876,0.001221727579832077,-1.673772931098938e-05,False
11,Train,randomness_0.4625,0.0022933296859264374,0.002314707264304161,-2.1377578377723694e-05,False
11,Train,randomness_0.4635,0.0013722218573093414,0.0014434009790420532,-7.117912173271179e-05,False
11,Train,randomness_0.4645,0.005836598575115204,0.00585005059838295,-1.3452023267745972e-05,False
11,Train,randomness_0.4655,0.00493006594479084,0.0050005316734313965,-7.046572864055634e-05,False
11,Train,randomness_0.4665,0.003088526427745819,0.0028369929641485214,0.00025153346359729767,True
11,Train,randomness_0.4675,0.0007140077650547028,0.0006538666784763336,6.014108657836914e-05,True
11,Train,randomness_0.4685,0.0028721578419208527,0.002851521596312523,2.0636245608329773e-05,True
11,Train,randomness_0.4695,0.0022402219474315643,0.002250213176012039,-9.991228580474854e-06,False
11,Train,randomness_0.4715,0.002579919993877411,0.002589564770460129,-9.644776582717896e-06,False
11,Train,randomness_0.4725,0.00027161650359630585,0.00018418394029140472,8.743256330490112e-05,True
11,Train,randomness_0.4735,0.0026586223393678665,0.0025020893663167953,0.00015653297305107117,True
11,Train,randomness_0.4745,0.00101422518491745,0.0010686423629522324,-5.441717803478241e-05,False
11,Train,randomness_0.4755,0.0016310513019561768,0.0017045680433511734,-7.351674139499664e-05,False
11,Train,randomness_0.4765,0.0038410667330026627,0.003757201135158539,8.386559784412384e-05,True
11,Train,randomness_0.4775,0.0006833560764789581,0.000521685928106308,0.00016167014837265015,True
11,Train,randomness_0.4785,0.0019361954182386398,0.001998353749513626,-6.215833127498627e-05,False
11,Train,randomness_0.4795,0.00010613910853862762,0.00018738023936748505,-8.124113082885742e-05,False
11,Train,randomness_0.4805,0.0028060637414455414,0.0027849413454532623,2.1122395992279053e-05,True
11,Train,randomness_0.4825,0.006691819056868553,0.00676523894071579,-7.341988384723663e-05,False
11,Train,randomness_0.4835,0.0017266422510147095,0.0016577746719121933,6.886757910251617e-05,True
11,Train,randomness_0.4845,0.0009380467236042023,0.0008610393851995468,7.700733840465546e-05,True
11,Train,randomness_0.4855,0.0020625274628400803,0.0019480083137750626,0.0001145191490650177,True
11,Train,randomness_0.4865,0.0036887992173433304,0.0036270152777433395,6.178393959999084e-05,True
11,Train,randomness_0.4875,0.001189444214105606,0.0013148263096809387,-0.00012538209557533264,False
11,Train,randomness_0.4885,0.00019431859254837036,0.0002402476966381073,-4.592910408973694e-05,False
11,Train,randomness_0.4895,0.0036643166095018387,0.003583468496799469,8.084811270236969e-05,True
11,Train,randomness_0.4915,0.003389798104763031,0.0034008249640464783,-1.1026859283447266e-05,False
11,Train,randomness_0.4925,0.0006834138184785843,0.0006299000233411789,5.3513795137405396e-05,True
11,Train,randomness_0.4935,0.0038305968046188354,0.0038492102175951004,-1.8613412976264954e-05,False
11,Train,randomness_0.4945,0.0007861070334911346,0.0008021257817745209,-1.601874828338623e-05,False
11,Train,randomness_0.4955,0.0031970515847206116,0.0032539181411266327,-5.686655640602112e-05,False
11,Train,randomness_0.4975,0.002387920394539833,0.002410372719168663,-2.2452324628829956e-05,False
11,Train,randomness_0.4995,0.00010220706462860107,2.4829059839248657e-05,7.737800478935242e-05,True
11,Train,randomness_0.5005,0.0012146774679422379,0.0011484939604997635,6.618350744247437e-05,True
11,Train,randomness_0.5015,0.0001215953379869461,0.00020440854132175446,-8.281320333480835e-05,False
11,Train,randomness_0.5025,0.002135857939720154,0.0020771492272615433,5.8708712458610535e-05,True
11,Train,randomness_0.5035,0.0003419872373342514,0.0004130266606807709,-7.103942334651947e-05,False
11,Train,randomness_0.5045,0.00025333091616630554,0.0003997795283794403,-0.00014644861221313477,False
11,Train,randomness_0.5055,0.003581637516617775,0.003476705402135849,0.00010493211448192596,True
11,Train,randomness_0.5065,0.0018979180604219437,0.0018132813274860382,8.463673293590546e-05,True
11,Train,randomness_0.5075,0.0032663494348526,0.0032621920108795166,4.157423973083496e-06,True
11,Train,randomness_0.5085,0.0005107056349515915,0.0005119815468788147,-1.2759119272232056e-06,False
11,Train,randomness_0.5095,0.00015917979180812836,0.0002526715397834778,-9.349174797534943e-05,False
11,Train,randomness_0.5105,0.0016175750643014908,0.0017584562301635742,-0.00014088116586208344,False
11,Train,randomness_0.5115,0.0001073591411113739,5.353987216949463e-05,5.381926894187927e-05,True
11,Train,randomness_0.5125,2.8256326913833618e-05,2.1414831280708313e-05,6.841495633125305e-06,True
11,Train,randomness_0.5135,0.001776391640305519,0.0018442533910274506,-6.786175072193146e-05,False
11,Train,randomness_0.5145,0.0016672872006893158,0.0017258785665035248,-5.8591365814208984e-05,False
11,Train,randomness_0.5155,0.003917599096894264,0.0038732346147298813,4.4364482164382935e-05,True
11,Train,randomness_0.5165,0.00042627938091754913,0.0004470888525247574,-2.0809471607208252e-05,False
11,Train,randomness_0.5175,0.002793172374367714,0.0028803199529647827,-8.714757859706879e-05,False
11,Train,randomness_0.5185,0.001956673339009285,0.00194537453353405,1.1298805475234985e-05,True
11,Train,randomness_0.5195,0.0027891770005226135,0.0028445255011320114,-5.534850060939789e-05,False
11,Train,randomness_0.5205,0.00022495537996292114,0.0003695990890264511,-0.00014464370906352997,False
11,Train,randomness_0.5215,0.0022128671407699585,0.0022482164204120636,-3.53492796421051e-05,False
11,Train,randomness_0.5235,0.0031956490129232407,0.003027668222784996,0.00016798079013824463,True
11,Train,randomness_0.5245,6.595812737941742e-05,0.00019601359963417053,-0.0001300554722547531,False
11,Train,randomness_0.5255,0.0023839138448238373,0.0024543944746255875,-7.048062980175018e-05,False
11,Train,randomness_0.5265,0.004037061706185341,0.003973446786403656,6.361491978168488e-05,True
11,Train,randomness_0.5275,0.0006218068301677704,0.0007978454232215881,-0.00017603859305381775,False
11,Train,randomness_0.5285,0.0015319660305976868,0.001524539664387703,7.426366209983826e-06,True
11,Train,randomness_0.5295,0.0028530359268188477,0.002715248614549637,0.00013778731226921082,True
11,Train,randomness_0.5305,0.003454672172665596,0.0035203248262405396,-6.565265357494354e-05,False
11,Train,randomness_0.5325,0.0019265972077846527,0.0019390694797039032,-1.2472271919250488e-05,False
11,Train,randomness_0.5335,0.007110225036740303,0.007126698270440102,-1.6473233699798584e-05,False
11,Train,randomness_0.5345,0.0033271275460720062,0.0032237116247415543,0.00010341592133045197,True
11,Train,randomness_0.5355,0.003319801762700081,0.0032994989305734634,2.030283212661743e-05,True
11,Train,randomness_0.5365,0.0032909996807575226,0.003382546827197075,-9.154714643955231e-05,False
11,Train,randomness_0.5375,0.005784584209322929,0.005950098857283592,-0.00016551464796066284,False
11,Train,randomness_0.5385,0.0014191251248121262,0.0013566892594099045,6.243586540222168e-05,True
11,Train,randomness_0.5395,0.0006126165390014648,0.0005742032080888748,3.841333091259003e-05,True
11,Train,randomness_0.5405,0.0020637940615415573,0.001920914277434349,0.00014287978410720825,True
11,Train,randomness_0.5415,0.0033720843493938446,0.0034000128507614136,-2.792850136756897e-05,False
11,Train,randomness_0.5425,0.0031057577580213547,0.0031619705259799957,-5.621276795864105e-05,False
11,Train,randomness_0.5435,0.0038330312818288803,0.0037494823336601257,8.354894816875458e-05,True
11,Train,randomness_0.5445,0.001170886680483818,0.0012318231165409088,-6.093643605709076e-05,False
11,Train,randomness_0.5455,0.0007608477026224136,0.000919874757528305,-0.00015902705490589142,False
11,Train,randomness_0.5465,0.0011304449290037155,0.0012398473918437958,-0.00010940246284008026,False
11,Train,randomness_0.5506,0.0003825407475233078,0.00043194927275180817,-4.9408525228500366e-05,False
11,Train,randomness_0.5516,0.0008134432137012482,0.0008069593459367752,6.4838677644729614e-06,True
11,Train,randomness_0.5526,0.00047824159264564514,0.0005905758589506149,-0.00011233426630496979,False
11,Train,randomness_0.5546,0.0026208609342575073,0.0026072412729263306,1.3619661331176758e-05,True
11,Train,randomness_0.5556,3.079324960708618e-05,1.5385448932647705e-06,2.925470471382141e-05,True
11,Train,randomness_0.5566,0.0047309305518865585,0.0047810934484004974,-5.0162896513938904e-05,False
11,Train,randomness_0.5576,0.002695668488740921,0.002744300290942192,-4.863180220127106e-05,False
11,Train,randomness_0.5586,0.004400650039315224,0.004380093887448311,2.0556151866912842e-05,True
11,Train,randomness_0.5596,0.0018003340810537338,0.001599930226802826,0.0002004038542509079,True
11,Train,randomness_0.5606,0.001013951376080513,0.0010824892669916153,-6.85378909111023e-05,False
11,Train,randomness_0.5616,0.0026641618460416794,0.0024071000516414642,0.00025706179440021515,True
11,Train,randomness_0.5626,0.001964110881090164,0.002151956781744957,-0.00018784590065479279,False
11,Train,randomness_0.5636,0.0007775891572237015,0.000725816935300827,5.177222192287445e-05,True
11,Train,randomness_0.5646,0.002967473119497299,0.0029287729412317276,3.8700178265571594e-05,True
11,Train,randomness_0.5656,0.0029321610927581787,0.0030753538012504578,-0.00014319270849227905,False
11,Train,randomness_0.5666,0.00330498069524765,0.0032880082726478577,1.697242259979248e-05,True
11,Train,randomness_0.5676,0.0007399152964353561,0.0008192434906959534,-7.932819426059723e-05,False
11,Train,randomness_0.5686,0.0009417440742254257,0.0007481817156076431,0.0001935623586177826,True
11,Train,randomness_0.5696,7.370300590991974e-05,4.686601459980011e-05,2.683699131011963e-05,True
11,Train,randomness_0.5706,0.0031235218048095703,0.003087187185883522,3.633461892604828e-05,True
11,Train,randomness_0.5716,0.004672037437558174,0.0045049116015434265,0.00016712583601474762,True
11,Train,randomness_0.5726,0.0017436537891626358,0.001702088862657547,4.1564926505088806e-05,True
11,Train,randomness_0.5736,0.003732494078576565,0.003603658638894558,0.00012883543968200684,True
11,Train,randomness_0.5746,0.0007475055754184723,0.0007798299193382263,-3.232434391975403e-05,False
11,Train,randomness_0.5756,0.0038703978061676025,0.0038959402590990067,-2.5542452931404114e-05,False
11,Train,randomness_0.5766,0.0014980286359786987,0.0014625024050474167,3.5526230931282043e-05,True
11,Train,randomness_0.5776,0.0015871357172727585,0.0017418060451745987,-0.0001546703279018402,False
11,Train,randomness_0.5786,0.0019415393471717834,0.0019678212702274323,-2.6281923055648804e-05,False
11,Train,randomness_0.5796,0.004676515236496925,0.004609514027833939,6.700120866298676e-05,True
11,Train,randomness_0.5806,0.0010322965681552887,0.0011303406208753586,-9.804405272006989e-05,False
11,Train,randomness_0.5816,0.002430511638522148,0.0023551620543003082,7.53495842218399e-05,True
11,Train,randomness_0.5826,0.001204049214720726,0.0011465921998023987,5.745701491832733e-05,True
11,Train,randomness_0.5836,0.0032522808760404587,0.003245741128921509,6.53974711894989e-06,True
11,Train,randomness_0.5846,0.0015029329806566238,0.0015555471181869507,-5.261413753032684e-05,False
11,Train,randomness_0.5866,0.008378304541110992,0.008316196501255035,6.210803985595703e-05,True
11,Train,randomness_0.5876,0.0017438232898712158,0.0018712375313043594,-0.00012741424143314362,False
11,Train,randomness_0.5886,0.003264758735895157,0.0031443219631910324,0.00012043677270412445,True
11,Train,randomness_0.5896,0.0010942332446575165,0.0010539516806602478,4.028156399726868e-05,True
11,Train,randomness_0.5906,0.007775973528623581,0.007796827703714371,-2.0854175090789795e-05,False
11,Train,randomness_0.5916,0.0018111634999513626,0.0019260663539171219,-0.00011490285396575928,False
11,Train,randomness_0.5926,0.0017012543976306915,0.0019990354776382446,-0.0002977810800075531,False
11,Train,randomness_0.5956,0.0022187363356351852,0.0023286137729883194,-0.00010987743735313416,False
11,Train,randomness_0.5966,0.0026055900380015373,0.0025690747424960136,3.651529550552368e-05,True
11,Train,randomness_0.5976,0.0038303323090076447,0.0038264207541942596,3.91155481338501e-06,True
11,Train,randomness_0.5986,0.0016101151704788208,0.0016327723860740662,-2.265721559524536e-05,False
11,Train,randomness_0.5996,0.003250688314437866,0.003352312371134758,-0.00010162405669689178,False
11,Train,randomness_0.6006,0.003154922276735306,0.003185005858540535,-3.0083581805229187e-05,False
11,Train,randomness_0.6016,0.005637543275952339,0.005604490637779236,3.305263817310333e-05,True
11,Train,randomness_0.6026,0.0005837175995111465,0.0006111077964305878,-2.7390196919441223e-05,False
11,Train,randomness_0.6036,0.004803765565156937,0.0048791151493787766,-7.53495842218399e-05,False
11,Train,randomness_0.6046,0.0009688250720500946,0.0011133309453725815,-0.00014450587332248688,False
11,Train,randomness_0.6056,0.006354885175824165,0.006422501057386398,-6.761588156223297e-05,False
11,Train,randomness_0.6066,0.0053813643753528595,0.0052631087601184845,0.000118255615234375,True
11,Train,randomness_0.6076,0.0006640106439590454,0.0005577392876148224,0.00010627135634422302,True
11,Train,randomness_0.6086,0.0008726976811885834,0.0011228937655687332,-0.00025019608438014984,False
11,Train,randomness_0.6096,0.004553023725748062,0.004426455125212669,0.00012656860053539276,True
11,Train,randomness_0.6106,0.001835161354392767,0.0017533949576318264,8.176639676094055e-05,True
11,Train,randomness_0.6116,0.0012205112725496292,0.0010088291019201279,0.00021168217062950134,True
11,Train,randomness_0.6126,0.0006405524909496307,0.0006838105618953705,-4.3258070945739746e-05,False
11,Train,randomness_0.6136,0.004910983145236969,0.004843464121222496,6.751902401447296e-05,True
11,Train,randomness_0.6146,0.0009668804705142975,0.0010095667093992233,-4.268623888492584e-05,False
11,Train,randomness_0.6156,0.0006356704980134964,0.0007348340004682541,-9.916350245475769e-05,False
11,Train,randomness_0.6176,0.006421919912099838,0.0064621903002262115,-4.027038812637329e-05,False
11,Train,randomness_0.6186,0.003211032599210739,0.003104446455836296,0.00010658614337444305,True
11,Train,randomness_0.6206,0.003297591581940651,0.003242097795009613,5.54937869310379e-05,True
11,Train,randomness_0.6216,0.007002879865467548,0.0070416247472167015,-3.874488174915314e-05,False
11,Train,randomness_0.6236,0.0016690557822585106,0.0016106106340885162,5.8445148169994354e-05,True
11,Train,randomness_0.6246,0.0036439895629882812,0.0036647599190473557,-2.0770356059074402e-05,False
11,Train,randomness_0.6266,0.006250618025660515,0.006285255774855614,-3.463774919509888e-05,False
11,Train,randomness_0.6276,0.000406753271818161,0.0005365628749132156,-0.00012980960309505463,False
11,Train,randomness_0.6286,0.0016607288271188736,0.0016289539635181427,3.1774863600730896e-05,True
11,Train,randomness_0.6296,0.001450100913643837,0.001405848190188408,4.425272345542908e-05,True
11,Train,randomness_0.6306,0.0014370568096637726,0.001449326053261757,-1.2269243597984314e-05,False
11,Train,randomness_0.6326,0.0015269089490175247,0.001719025894999504,-0.00019211694598197937,False
11,Train,randomness_0.6346,0.001469578593969345,0.0015032421797513962,-3.3663585782051086e-05,False
11,Train,randomness_0.6356,0.0032924264669418335,0.003145504742860794,0.00014692172408103943,True
11,Train,randomness_0.6376,0.0024699363857507706,0.0026518795639276505,-0.00018194317817687988,False
11,Train,randomness_0.6386,0.0030442122370004654,0.003183799795806408,-0.00013958755880594254,False
11,Train,randomness_0.6396,0.0017275232821702957,0.0017993152141571045,-7.179193198680878e-05,False
11,Train,randomness_0.6406,0.005922706797719002,0.005854852497577667,6.785430014133453e-05,True
11,Train,randomness_0.6416,0.0007567163556814194,0.0007367637008428574,1.9952654838562012e-05,True
11,Train,randomness_0.6446,0.004647515714168549,0.004726387560367584,-7.887184619903564e-05,False
11,Train,randomness_0.6466,0.0001456085592508316,2.310238778591156e-05,0.00012250617146492004,True
11,Train,randomness_0.6476,0.0015888791531324387,0.0016132388263940811,-2.4359673261642456e-05,False
11,Train,randomness_0.6486,0.0007070954889059067,0.0006321892142295837,7.490627467632294e-05,True
11,Train,randomness_0.6507,0.0006868429481983185,0.0006208270788192749,6.601586937904358e-05,True
11,Train,randomness_0.6517,0.0001468351110816002,9.823311120271683e-05,4.860199987888336e-05,True
11,Train,randomness_0.6527,0.0004635173827409744,0.0004963111132383347,-3.279373049736023e-05,False
11,Train,randomness_0.6537,0.000718381255865097,0.0007119420915842056,6.4391642808914185e-06,True
11,Train,randomness_0.6547,0.004691699519753456,0.004711303859949112,-1.9604340195655823e-05,False
11,Train,randomness_0.6557,0.006070977076888084,0.006277387961745262,-0.00020641088485717773,False
11,Train,randomness_0.6567,0.0031694546341896057,0.003002811223268509,0.0001666434109210968,True
11,Train,randomness_0.6577,0.0011750087141990662,0.001174982637166977,2.60770320892334e-08,True
11,Train,randomness_0.6587,0.0008011367172002792,0.0007556267082691193,4.551000893115997e-05,True
11,Train,randomness_0.6597,0.0017684679478406906,0.0018339436501264572,-6.54757022857666e-05,False
11,Train,randomness_0.6607,0.00328889861702919,0.003367828205227852,-7.89295881986618e-05,False
11,Train,randomness_0.6617,0.0021377839148044586,0.002108052372932434,2.9731541872024536e-05,True
11,Train,randomness_0.6627,0.0006928984075784683,0.0007218923419713974,-2.8993934392929077e-05,False
11,Train,randomness_0.6637,0.0010949783027172089,0.0013385321944952011,-0.00024355389177799225,False
11,Train,randomness_0.6647,0.0003041233867406845,0.0003656931221485138,-6.156973540782928e-05,False
11,Train,randomness_0.6657,0.0022972170263528824,0.002354167401790619,-5.695037543773651e-05,False
11,Train,randomness_0.6667,0.0035760924220085144,0.0035767965018749237,-7.040798664093018e-07,False
11,Train,randomness_0.6677,0.001960102468729019,0.0017559733241796494,0.0002041291445493698,True
11,Train,randomness_0.6687,0.004964815452694893,0.0048332735896110535,0.00013154186308383942,True
11,Train,randomness_0.6697,0.005326596088707447,0.0053543997928500175,-2.7803704142570496e-05,False
11,Train,randomness_0.6707,0.0061197830364108086,0.006383267231285572,-0.0002634841948747635,False
11,Train,randomness_0.6717,0.006475340574979782,0.006728924810886383,-0.00025358423590660095,False
11,Train,randomness_0.6727,0.0008123628795146942,0.0007002968341112137,0.00011206604540348053,True
11,Train,randomness_0.6737,0.0018029417842626572,0.0019187740981578827,-0.00011583231389522552,False
11,Train,randomness_0.6747,0.004950160160660744,0.005076909437775612,-0.00012674927711486816,False
11,Train,randomness_0.6767,0.005491293966770172,0.005674228072166443,-0.00018293410539627075,False
11,Train,randomness_0.6777,0.0057097868993878365,0.005668504163622856,4.1282735764980316e-05,True
11,Train,randomness_0.6787,0.0036451490595936775,0.004004492424428463,-0.00035934336483478546,False
11,Train,randomness_0.6797,0.005258110351860523,0.00509930495172739,0.00015880540013313293,True
11,Train,randomness_0.6807,0.000809594988822937,0.000991322100162506,-0.0001817271113395691,False
11,Train,randomness_0.6817,0.0006007757037878036,0.0008871797472238541,-0.0002864040434360504,False
11,Train,randomness_0.6827,0.00440387986600399,0.00463351234793663,-0.00022963248193264008,False
11,Train,randomness_0.6847,0.004541437141597271,0.004550809971988201,-9.372830390930176e-06,False
11,Train,randomness_0.6857,0.0014320183545351028,0.0015953034162521362,-0.00016328506171703339,False
11,Train,randomness_0.6867,0.0003904160112142563,0.0003280937671661377,6.232224404811859e-05,True
11,Train,randomness_0.6877,0.0038911914452910423,0.0038387300446629524,5.2461400628089905e-05,True
11,Train,randomness_0.6917,0.004470781423151493,0.004479249007999897,-8.46758484840393e-06,False
11,Train,randomness_0.6927,0.00221322663128376,0.00230582058429718,-9.25939530134201e-05,False
11,Train,randomness_0.6937,0.0031831171363592148,0.0032213348895311356,-3.8217753171920776e-05,False
11,Train,randomness_0.6947,0.0011218450963497162,0.0010202918201684952,0.00010155327618122101,True
11,Train,randomness_0.6957,0.0019364599138498306,0.0019463542848825455,-9.894371032714844e-06,False
11,Train,randomness_0.6967,0.0017935503274202347,0.0017267968505620956,6.675347685813904e-05,True
11,Train,randomness_0.6977,0.005145516246557236,0.0050643570721149445,8.115917444229126e-05,True
11,Train,randomness_0.6987,0.0029690172523260117,0.0031238924711942673,-0.00015487521886825562,False
11,Train,randomness_0.6997,0.0009708721190690994,0.0008324552327394485,0.00013841688632965088,True
11,Train,randomness_0.7007,0.004370956681668758,0.004397476091980934,-2.651941031217575e-05,False
11,Train,randomness_0.7017,0.00039026886224746704,0.00028312206268310547,0.00010714679956436157,True
11,Train,randomness_0.7027,6.849318742752075e-05,0.0002451986074447632,-0.00017670542001724243,False
11,Train,randomness_0.7037,0.0035523995757102966,0.0033751502633094788,0.00017724931240081787,True
11,Train,randomness_0.7047,0.002130480483174324,0.002266828902065754,-0.0001363484188914299,False
11,Train,randomness_0.7057,8.292123675346375e-05,4.301033914089203e-05,3.9910897612571716e-05,True
11,Train,randomness_0.7067,0.0019865427166223526,0.002078430727124214,-9.188801050186157e-05,False
11,Train,randomness_0.7077,5.657598376274109e-05,4.596449434757233e-05,1.0611489415168762e-05,True
11,Train,randomness_0.7087,0.0035897595807909966,0.003196324221789837,0.00039343535900115967,True
11,Train,randomness_0.7097,0.00096147321164608,0.0008949153125286102,6.655789911746979e-05,True
11,Train,randomness_0.7107,0.0008082427084445953,0.0008059516549110413,2.291053533554077e-06,True
11,Train,randomness_0.7117,0.0028239451348781586,0.002828989177942276,-5.044043064117432e-06,False
11,Train,randomness_0.7127,0.005045562982559204,0.004948044195771217,9.751878678798676e-05,True
11,Train,randomness_0.7137,0.00025964900851249695,0.0002288464456796646,3.0802562832832336e-05,True
11,Train,randomness_0.7147,0.003489430993795395,0.0033326223492622375,0.00015680864453315735,True
11,Train,randomness_0.7167,0.004567679949104786,0.004597446881234646,-2.9766932129859924e-05,False
11,Train,randomness_0.7177,0.0003749709576368332,3.283284604549408e-05,0.0003421381115913391,True
11,Train,randomness_0.7187,0.001312469132244587,0.0014413418248295784,-0.00012887269258499146,False
11,Train,randomness_0.7197,0.007183501962572336,0.007272735703736544,-8.923374116420746e-05,False
11,Train,randomness_0.7207,0.0005493704229593277,0.00046394020318984985,8.543021976947784e-05,True
11,Train,randomness_0.7217,0.003740936517715454,0.0037516988813877106,-1.076236367225647e-05,False
11,Train,randomness_0.7227,0.0032760100439190865,0.0033443933352828026,-6.838329136371613e-05,False
11,Train,randomness_0.7237,0.0023992685601115227,0.002441032789647579,-4.176422953605652e-05,False
11,Train,randomness_0.7247,0.0030844295397400856,0.002828439697623253,0.00025598984211683273,True
11,Train,randomness_0.7277,0.0014748787507414818,0.0014981571584939957,-2.3278407752513885e-05,False
11,Train,randomness_0.7287,0.0006330963224172592,0.0006633708253502846,-3.027450293302536e-05,False
11,Train,randomness_0.7297,0.0007034959271550179,0.0006634974852204323,3.999844193458557e-05,True
11,Train,randomness_0.7307,0.003935806453227997,0.0039261719211936,9.634532034397125e-06,True
11,Train,randomness_0.7327,0.0072862496599555016,0.007416293956339359,-0.00013004429638385773,False
11,Train,randomness_0.7337,0.0032108817249536514,0.003116755746304989,9.412597864866257e-05,True
11,Train,randomness_0.7347,0.0005156733095645905,0.0002803271636366844,0.00023534614592790604,True
11,Train,randomness_0.7357,0.0022599101066589355,0.002461714670062065,-0.00020180456340312958,False
11,Train,randomness_0.7367,0.00016304012387990952,0.00016151834279298782,1.521781086921692e-06,True
11,Train,randomness_0.7377,0.0005383733659982681,0.00023323018103837967,0.00030514318495988846,True
11,Train,randomness_0.7387,0.0012292759492993355,0.0013946183025836945,-0.00016534235328435898,False
11,Train,randomness_0.7397,0.002841925248503685,0.002657787874341011,0.00018413737416267395,True
11,Train,randomness_0.7407,0.004595031030476093,0.004585788585245609,9.242445230484009e-06,True
11,Train,randomness_0.7417,0.0009607896208763123,0.0008816849440336227,7.910467684268951e-05,True
11,Train,randomness_0.7427,0.0019755512475967407,0.0019655870273709297,9.964220225811005e-06,True
11,Train,randomness_0.7437,0.000803828239440918,0.0006276480853557587,0.0001761801540851593,True
11,Train,randomness_0.7447,0.001369730569422245,0.0014135893434286118,-4.385877400636673e-05,False
11,Train,randomness_0.7457,0.00474144984036684,0.004694460891187191,4.698894917964935e-05,True
11,Train,randomness_0.7467,0.002821938134729862,0.002569735050201416,0.0002522030845284462,True
11,Train,randomness_0.7477,0.001590842381119728,0.0014740992337465286,0.00011674314737319946,True
11,Train,randomness_0.7487,0.0023726020008325577,0.002318933606147766,5.3668394684791565e-05,True
11,Train,randomness_0.7497,0.00405072933062911,0.00406130263581872,-1.0573305189609528e-05,False
11,Train,randomness_0.7508,0.004476373083889484,0.004441303201019764,3.506988286972046e-05,True
11,Train,randomness_0.7518,0.007811452262103558,0.007765430025756359,4.6022236347198486e-05,True
11,Train,randomness_0.7538,0.002104364335536957,0.0022059623152017593,-0.00010159797966480255,False
11,Train,randomness_0.7548,0.005502986256033182,0.005528092849999666,-2.510659396648407e-05,False
11,Train,randomness_0.7558,0.003822335973381996,0.003984400071203709,-0.0001620640978217125,False
11,Train,randomness_0.7568,0.005671769380569458,0.005591865628957748,7.99037516117096e-05,True
11,Train,randomness_0.7578,0.0070044174790382385,0.007050644606351852,-4.622712731361389e-05,False
11,Train,randomness_0.7598,0.00015837885439395905,1.0377727448940277e-05,0.00014800112694501877,True
11,Train,randomness_0.7608,0.0016728518530726433,0.0017902953550219536,-0.0001174435019493103,False
11,Train,randomness_0.7618,0.00194637943059206,0.0020393962040543556,-9.301677346229553e-05,False
11,Train,randomness_0.7628,0.004292108118534088,0.004209000617265701,8.310750126838684e-05,True
11,Train,randomness_0.7638,0.0025488846004009247,0.002712354063987732,-0.00016346946358680725,False
11,Train,randomness_0.7658,0.0012900875881314278,0.0012163817882537842,7.370579987764359e-05,True
11,Train,randomness_0.7668,0.0003616372123360634,0.00033076386898756027,3.087334334850311e-05,True
11,Train,randomness_0.7678,0.0018156683072447777,0.001693875528872013,0.00012179277837276459,True
11,Train,randomness_0.7698,0.0024365894496440887,0.0025088144466280937,-7.222499698400497e-05,False
11,Train,randomness_0.7708,0.0017252573743462563,0.001737198792397976,-1.1941418051719666e-05,False
11,Train,randomness_0.7718,0.002461083699017763,0.0024744351394474506,-1.33514404296875e-05,False
11,Train,randomness_0.7728,0.0019145803526043892,0.0021165693178772926,-0.00020198896527290344,False
11,Train,randomness_0.7738,0.005459334701299667,0.005511566996574402,-5.22322952747345e-05,False
11,Train,randomness_0.7748,0.002746940590441227,0.0025302134454250336,0.0002167271450161934,True
11,Train,randomness_0.7768,0.0005317293107509613,0.00039659813046455383,0.00013513118028640747,True
11,Train,randomness_0.7778,0.0018687527626752853,0.0018181977793574333,5.055498331785202e-05,True
11,Train,randomness_0.7788,0.003326083067804575,0.0034543690271675587,-0.0001282859593629837,False
11,Train,randomness_0.7798,0.006235154345631599,0.0060304272919893265,0.00020472705364227295,True
11,Train,randomness_0.7808,0.00025218725204467773,0.00021450314670801163,3.768410533666611e-05,True
11,Train,randomness_0.7818,0.0011975020170211792,0.0013508088886737823,-0.00015330687165260315,False
11,Train,randomness_0.7828,0.0012538041919469833,0.0012480365112423897,5.7676807045936584e-06,True
11,Train,randomness_0.7838,0.00019391346722841263,0.0004137083888053894,-0.00021979492157697678,False
11,Train,randomness_0.7848,0.001138945110142231,0.0011103097349405289,2.8635375201702118e-05,True
11,Train,randomness_0.7858,0.0007699402049183846,0.0009717382490634918,-0.00020179804414510727,False
11,Train,randomness_0.7868,0.0017032446339726448,0.0016337484121322632,6.949622184038162e-05,True
11,Train,randomness_0.7878,0.0035761985927820206,0.0034890826791524887,8.711591362953186e-05,True
11,Train,randomness_0.7898,0.0019611110910773277,0.0018505500629544258,0.00011056102812290192,True
11,Train,randomness_0.7908,0.0005738092586398125,0.000317184254527092,0.0002566250041127205,True
11,Train,randomness_0.7918,0.0027191508561372757,0.002625914290547371,9.323656558990479e-05,True
11,Train,randomness_0.7928,0.0032961834222078323,0.003513805568218231,-0.00021762214601039886,False
11,Train,randomness_0.7938,0.007858936674892902,0.008003306575119495,-0.00014436990022659302,False
11,Train,randomness_0.7948,0.0031322166323661804,0.002867213450372219,0.00026500318199396133,True
11,Train,randomness_0.7958,0.005376826971769333,0.005439668893814087,-6.284192204475403e-05,False
11,Train,randomness_0.7968,0.006041404325515032,0.006093997973948717,-5.25936484336853e-05,False
11,Train,randomness_0.7978,0.0007632486522197723,0.0007389374077320099,2.431124448776245e-05,True
11,Train,randomness_0.7988,0.0021735914051532745,0.002169594168663025,3.997236490249634e-06,True
11,Train,randomness_0.7998,0.0048689101822674274,0.00501994276419282,-0.00015103258192539215,False
11,Train,randomness_0.8008,0.00033892132341861725,0.0005145687609910965,-0.00017564743757247925,False
11,Train,randomness_0.8018,0.0004313318058848381,0.000507834367454052,-7.650256156921387e-05,False
11,Train,randomness_0.8028,0.0002969745546579361,0.00045184604823589325,-0.00015487149357795715,False
11,Train,randomness_0.8038,0.0019665714353322983,0.0018765740096569061,8.999742567539215e-05,True
11,Train,randomness_0.8048,0.00345558300614357,0.003708949312567711,-0.00025336630642414093,False
11,Train,randomness_0.8058,0.001995624043047428,0.0019561126828193665,3.9511360228061676e-05,True
11,Train,randomness_0.8068,0.001029440201818943,0.0009422963485121727,8.714385330677032e-05,True
11,Train,randomness_0.8078,0.0004109591245651245,0.00032642483711242676,8.453428745269775e-05,True
11,Train,randomness_0.8088,0.00275114132091403,0.00265791779384017,9.322352707386017e-05,True
11,Train,randomness_0.8098,0.0003119884058833122,0.0003028037026524544,9.184703230857849e-06,True
11,Train,randomness_0.8108,0.0019145128317177296,0.0020757694728672504,-0.00016125664114952087,False
11,Train,randomness_0.8128,0.0037329988554120064,0.0036685848608613014,6.441399455070496e-05,True
11,Train,randomness_0.8138,0.00127456896007061,0.0015304898843169212,-0.0002559209242463112,False
11,Train,randomness_0.8148,0.002864624373614788,0.0030485298484563828,-0.0001839054748415947,False
11,Train,randomness_0.8158,0.000500556081533432,0.000506778247654438,-6.222166121006012e-06,False
11,Train,randomness_0.8168,0.004472997505217791,0.004500539507716894,-2.7542002499103546e-05,False
11,Train,randomness_0.8178,0.002061301376670599,0.0020864023827016354,-2.5101006031036377e-05,False
11,Train,randomness_0.8188,0.0042149778455495834,0.004393370822072029,-0.00017839297652244568,False
11,Train,randomness_0.8198,0.0009291889145970345,0.0007096948102116585,0.00021949410438537598,True
11,Train,randomness_0.8208,0.007852818816900253,0.007810528855770826,4.2289961129426956e-05,True
11,Train,randomness_0.8218,0.0012689922004938126,0.0011715684086084366,9.742379188537598e-05,True
11,Train,randomness_0.8228,0.003940653055906296,0.003839830169454217,0.00010082288645207882,True
11,Train,randomness_0.8238,0.0005486477166414261,0.0007708929479122162,-0.0002222452312707901,False
11,Train,randomness_0.8248,0.0013430779799818993,0.0012788325548171997,6.424542516469955e-05,True
11,Train,randomness_0.8258,0.005096988752484322,0.005242234095931053,-0.00014524534344673157,False
11,Train,randomness_0.8268,0.0002215130953118205,3.071874380111694e-05,0.00019079435151070356,True
11,Train,randomness_0.8278,0.0015581417828798294,0.0016070334240794182,-4.8891641199588776e-05,False
11,Train,randomness_0.8288,0.003646976314485073,0.0035644304007291794,8.254591375589371e-05,True
11,Train,randomness_0.8298,0.001724916510283947,0.0015180110931396484,0.00020690541714429855,True
11,Train,randomness_0.8308,0.0025357473641633987,0.0026001036167144775,-6.43562525510788e-05,False
11,Train,randomness_0.8328,0.004367193207144737,0.004334883764386177,3.230944275856018e-05,True
11,Train,randomness_0.8338,0.0005399342626333237,0.0005696956068277359,-2.976134419441223e-05,False
11,Train,randomness_0.8348,0.00015032850205898285,9.70577821135521e-05,5.3270719945430756e-05,True
11,Train,randomness_0.8358,0.005654081702232361,0.006019266322255135,-0.00036518462002277374,False
11,Train,randomness_0.8368,0.0018373141065239906,0.0019654445350170135,-0.00012813042849302292,False
11,Train,randomness_0.8378,0.004231135826557875,0.004214584361761808,1.6551464796066284e-05,True
11,Train,randomness_0.8388,6.637349724769592e-05,0.0001107826828956604,-4.440918564796448e-05,False
11,Train,randomness_0.8408,0.004375888500362635,0.004479522351175547,-0.00010363385081291199,False
11,Train,randomness_0.8428,0.003691440913826227,0.0036335629411041737,5.787797272205353e-05,True
11,Train,randomness_0.8438,0.003562181256711483,0.0035631945356726646,-1.0132789611816406e-06,False
11,Train,randomness_0.8458,0.0022750478237867355,0.002252464182674885,2.258364111185074e-05,True
11,Train,randomness_0.8468,0.0010110922157764435,0.000925838015973568,8.525419980287552e-05,True
11,Train,randomness_0.8478,0.0007773637771606445,0.0006467271596193314,0.00013063661754131317,True
11,Train,randomness_0.8488,4.5252032577991486e-05,3.0563678592443466e-05,1.468835398554802e-05,True
11,Train,randomness_0.8498,0.0003734361380338669,0.00046106427907943726,-8.762814104557037e-05,False
11,Train,randomness_0.8509,0.007120979949831963,0.006867597810924053,0.0002533821389079094,True
11,Train,randomness_0.8529,0.003459419123828411,0.003808903507888317,-0.000349484384059906,False
11,Train,randomness_0.8539,0.00022499263286590576,0.00020497199147939682,2.002064138650894e-05,True
11,Train,randomness_0.8549,0.0017383578233420849,0.0015946864150464535,0.0001436714082956314,True
11,Train,randomness_0.8559,0.0013196859508752823,0.0015386082231998444,-0.00021892227232456207,False
11,Train,randomness_0.8579,0.0026114434003829956,0.0026688165962696075,-5.737319588661194e-05,False
11,Train,randomness_0.8589,0.006958502344787121,0.007292372174561024,-0.0003338698297739029,False
11,Train,randomness_0.8599,0.00018081441521644592,0.00012359954416751862,5.721487104892731e-05,True
11,Train,randomness_0.8609,0.0035169715993106365,0.0033607645891606808,0.00015620701014995575,True
11,Train,randomness_0.8619,0.0009390315972268581,0.0009749759919941425,-3.594439476728439e-05,False
11,Train,randomness_0.8629,0.005125755909830332,0.005155360791832209,-2.960488200187683e-05,False
11,Train,randomness_0.8639,0.005532033275812864,0.005382369738072157,0.0001496635377407074,True
11,Train,randomness_0.8649,0.004943694919347763,0.004983561113476753,-3.986619412899017e-05,False
11,Train,randomness_0.8659,0.0018019862473011017,0.001888774335384369,-8.678808808326721e-05,False
11,Train,randomness_0.8669,0.0024307724088430405,0.0021823327988386154,0.00024843961000442505,True
11,Train,randomness_0.8679,0.0011787191033363342,0.0012167291715741158,-3.8010068237781525e-05,False
11,Train,randomness_0.8689,0.001646295189857483,0.001987626776099205,-0.0003413315862417221,False
11,Train,randomness_0.8699,0.0009809546172618866,0.0010117841884493828,-3.0829571187496185e-05,False
11,Train,randomness_0.8709,0.0004408378154039383,0.0003858990967273712,5.493871867656708e-05,True
11,Train,randomness_0.8719,0.00679650716483593,0.007179688662290573,-0.00038318149745464325,False
11,Train,randomness_0.8729,0.002684938022866845,0.002472443738952279,0.00021249428391456604,True
11,Train,randomness_0.8739,0.00027249567210674286,8.446909487247467e-05,0.0001880265772342682,True
11,Train,randomness_0.8749,0.004017993807792664,0.003949975594878197,6.801821291446686e-05,True
11,Train,randomness_0.8759,0.003384203650057316,0.0034353239461779594,-5.1120296120643616e-05,False
11,Train,randomness_0.8769,0.001014994690194726,0.0008402785751968622,0.00017471611499786377,True
11,Train,randomness_0.8799,0.0023224693723022938,0.002169795800000429,0.00015267357230186462,True
11,Train,randomness_0.8809,0.0043721385300159454,0.004564263857901096,-0.0001921253278851509,False
11,Train,randomness_0.8819,0.001192429568618536,0.000841223169118166,0.00035120639950037,True
11,Train,randomness_0.8829,0.001964244060218334,0.0020774314180016518,-0.00011318735778331757,False
11,Train,randomness_0.8839,0.000753544270992279,0.0007362198084592819,1.732446253299713e-05,True
11,Train,randomness_0.8849,0.0057063233107328415,0.005564184859395027,0.00014213845133781433,True
11,Train,randomness_0.8859,0.00432130740955472,0.004336168523877859,-1.486111432313919e-05,False
11,Train,randomness_0.8869,0.004938888363540173,0.005159909836947918,-0.00022102147340774536,False
11,Train,randomness_0.8879,0.001233900897204876,0.0012077223509550095,2.6178546249866486e-05,True
11,Train,randomness_0.8889,0.003753683064132929,0.0036975531838834286,5.6129880249500275e-05,True
11,Train,randomness_0.8899,0.0023758041206747293,0.0024018457625061274,-2.604164183139801e-05,False
11,Train,randomness_0.8909,0.001499539241194725,0.0018564723432064056,-0.0003569331020116806,False
11,Train,randomness_0.8919,0.003639496862888336,0.0036420822143554688,-2.5853514671325684e-06,False
11,Train,randomness_0.8929,0.0005770288407802582,0.0003860257565975189,0.00019100308418273926,True
11,Train,randomness_0.8939,0.002423118334263563,0.002639257814735174,-0.00021613948047161102,False
11,Train,randomness_0.8949,0.001916153822094202,0.0021101520396769047,-0.00019399821758270264,False
11,Train,randomness_0.8959,0.0019496529130265117,0.0020320266485214233,-8.237373549491167e-05,False
11,Train,randomness_0.8969,0.0019420514581725001,0.002393210306763649,-0.00045115884859114885,False
11,Train,randomness_0.8979,0.002276794984936714,0.0022105276584625244,6.626732647418976e-05,True
11,Train,randomness_0.8989,9.610876441001892e-05,0.00019270554184913635,-9.659677743911743e-05,False
11,Train,randomness_0.8999,0.0026525910943746567,0.00244799442589283,0.00020459666848182678,True
11,Train,randomness_0.9029,0.0008462611585855484,0.0008306801319122314,1.5581026673316956e-05,True
11,Train,randomness_0.9039,0.002346223685890436,0.0026331194676458836,-0.0002868957817554474,False
11,Train,randomness_0.9049,0.0010206177830696106,0.0009499173611402512,7.070042192935944e-05,True
11,Train,randomness_0.9059,0.0025683376006782055,0.0022716368548572063,0.00029670074582099915,True
11,Train,randomness_0.9069,0.0011874395422637463,0.001283401157706976,-9.596161544322968e-05,False
11,Train,randomness_0.9079,0.00044731609523296356,0.0005118250846862793,-6.450898945331573e-05,False
11,Train,randomness_0.9089,0.0037647089920938015,0.003394352737814188,0.0003703562542796135,True
11,Train,randomness_0.9109,0.0002845749258995056,0.00022896938025951385,5.560554563999176e-05,True
11,Train,randomness_0.9119,0.0005168914794921875,0.001012410968542099,-0.0004955194890499115,False
11,Train,randomness_0.9129,0.003905797377228737,0.0038991570472717285,6.640329957008362e-06,True
11,Train,randomness_0.9139,0.0001695854589343071,0.0002721501514315605,-0.00010256469249725342,False
11,Train,randomness_0.9149,0.004911642521619797,0.005314890295267105,-0.00040324777364730835,False
11,Train,randomness_0.9159,0.0040571666322648525,0.004170918371528387,-0.00011375173926353455,False
11,Train,randomness_0.9169,0.005659265443682671,0.006023792549967766,-0.0003645271062850952,False
11,Train,randomness_0.9179,0.0036280788481235504,0.003962881863117218,-0.0003348030149936676,False
11,Train,randomness_0.9189,0.0031360783614218235,0.0034576603211462498,-0.00032158195972442627,False
11,Train,randomness_0.9199,0.0007012842688709497,0.000643307575955987,5.797669291496277e-05,True
11,Train,randomness_0.9219,0.00026042002718895674,0.00030367064755409956,-4.325062036514282e-05,False
11,Train,randomness_0.9229,0.0021884124726057053,0.002339450642466545,-0.00015103816986083984,False
11,Train,randomness_0.9239,0.0013714879751205444,0.0013797935098409653,-8.305534720420837e-06,False
11,Train,randomness_0.9249,0.004397215321660042,0.004547061398625374,-0.00014984607696533203,False
11,Train,randomness_0.9259,2.0913779735565186e-05,0.0001383516937494278,-0.00011743791401386261,False
11,Train,randomness_0.9289,0.003175741294398904,0.0031803457532078028,-4.604458808898926e-06,False
11,Train,randomness_0.9299,0.00532824732363224,0.0054751429706811905,-0.0001468956470489502,False
11,Train,randomness_0.9309,0.00023398548364639282,0.00023420341312885284,-2.1792948246002197e-07,False
11,Train,randomness_0.9319,0.003654112108051777,0.0035621095448732376,9.200256317853928e-05,True
11,Train,randomness_0.9339,0.0021784137934446335,0.002429269254207611,-0.0002508554607629776,False
11,Train,randomness_0.9349,0.0018187909154221416,0.0020317118614912033,-0.00021292094606906176,False
11,Train,randomness_0.9359,0.001998603343963623,0.0017987005412578583,0.00019990280270576477,True
11,Train,randomness_0.9369,0.005913412198424339,0.006058639846742153,-0.00014522764831781387,False
11,Train,randomness_0.9389,0.003591690445318818,0.003961458802223206,-0.0003697683569043875,False
11,Train,randomness_0.9399,0.002071583643555641,0.002341151237487793,-0.0002695675939321518,False
11,Train,randomness_0.9409,0.002458482049405575,0.0027491524815559387,-0.0002906704321503639,False
11,Train,randomness_0.9419,0.0019770432263612747,0.0024294257164001465,-0.00045238249003887177,False
11,Train,randomness_0.9429,0.0013860911130905151,0.0013644080609083176,2.168305218219757e-05,True
11,Train,randomness_0.9449,0.002117397263646126,0.0020753294229507446,4.2067840695381165e-05,True
11,Train,randomness_0.9459,0.0020522987470030785,0.001995796337723732,5.6502409279346466e-05,True
11,Train,randomness_0.9469,0.0027243848890066147,0.002809954807162285,-8.556991815567017e-05,False
11,Train,randomness_0.9479,0.007137766107916832,0.007257314398884773,-0.00011954829096794128,False
11,Train,randomness_0.9489,0.0016256440430879593,0.0016590338200330734,-3.3389776945114136e-05,False
11,Train,randomness_0.9499,0.0017073573544621468,0.0015156269073486328,0.00019173044711351395,True
11,Train,randomness_0.9510,0.004209842532873154,0.0044858697801828384,-0.00027602724730968475,False
11,Train,randomness_0.9520,0.0029619280248880386,0.002942778170108795,1.914985477924347e-05,True
11,Train,randomness_0.9530,0.0029997285455465317,0.003144633024930954,-0.0001449044793844223,False
11,Train,randomness_0.9540,0.003315563313663006,0.0032584192231297493,5.714409053325653e-05,True
11,Train,randomness_0.9550,0.0022106452379375696,0.0024697466287761927,-0.00025910139083862305,False
11,Train,randomness_0.9560,0.0023976657539606094,0.0025521183852106333,-0.00015445263125002384,False
11,Train,randomness_0.9570,0.001437552273273468,0.0016508456319570541,-0.00021329335868358612,False
11,Train,randomness_0.9580,0.001469635870307684,0.0015481081791222095,-7.84723088145256e-05,False
11,Train,randomness_0.9590,0.0022928472608327866,0.0021549127995967865,0.00013793446123600006,True
11,Train,randomness_0.9600,0.007485790643841028,0.007407455239444971,7.833540439605713e-05,True
11,Train,randomness_0.9610,0.001948231365531683,0.002284436021000147,-0.0003362046554684639,False
11,Train,randomness_0.9620,0.004776701796799898,0.00493410462513566,-0.00015740282833576202,False
11,Train,randomness_0.9630,0.003671668004244566,0.003809573594480753,-0.00013790559023618698,False
11,Train,randomness_0.9640,0.0023055095225572586,0.002297310158610344,8.199363946914673e-06,True
11,Train,randomness_0.9650,0.0035251863300800323,0.0035578273236751556,-3.264099359512329e-05,False
11,Train,randomness_0.9660,0.002073015086352825,0.002078777179121971,-5.7620927691459656e-06,False
11,Train,randomness_0.9670,4.1404739022254944e-05,0.00034854188561439514,-0.0003071371465921402,False
11,Train,randomness_0.9680,0.0004516578046604991,0.0007381605682894588,-0.00028650276362895966,False
11,Train,randomness_0.9690,0.001703161746263504,0.0014670025557279587,0.00023615919053554535,True
11,Train,randomness_0.9700,0.00322319776751101,0.0032977110240608454,-7.45132565498352e-05,False
11,Train,randomness_0.9710,0.002675363328307867,0.0027016974054276943,-2.633407711982727e-05,False
11,Train,randomness_0.9720,0.0019542640075087547,0.0019916612654924393,-3.739725798368454e-05,False
11,Train,randomness_0.9730,0.002537917345762253,0.002555113285779953,-1.7195940017700195e-05,False
11,Train,randomness_0.9740,0.0032935403287410736,0.0031601302325725555,0.00013341009616851807,True
11,Train,randomness_0.9750,0.0014146864414215088,0.0013869758695363998,2.7710571885108948e-05,True
11,Train,randomness_0.9760,0.0028956225141882896,0.0027366243302822113,0.00015899818390607834,True
11,Train,randomness_0.9770,0.00255558080971241,0.002506820484995842,4.876032471656799e-05,True
11,Train,randomness_0.9780,0.0008519627153873444,0.0006503425538539886,0.0002016201615333557,True
11,Train,randomness_0.9790,0.00023439712822437286,0.0005327034741640091,-0.00029830634593963623,False
11,Train,randomness_0.9800,0.0019876922015100718,0.0018838143441826105,0.00010387785732746124,True
11,Train,randomness_0.9810,0.0007420927286148071,0.000695718452334404,4.637427628040314e-05,True
11,Train,randomness_0.9820,0.0017419317737221718,0.001536581665277481,0.0002053501084446907,True
11,Train,randomness_0.9830,0.004485451616346836,0.004583216272294521,-9.776465594768524e-05,False
11,Train,randomness_0.9840,0.006547803059220314,0.006451599299907684,9.62037593126297e-05,True
11,Train,randomness_0.9850,0.00024037063121795654,0.0006098710000514984,-0.00036950036883354187,False
11,Train,randomness_0.9860,0.0027267970144748688,0.003049435093998909,-0.0003226380795240402,False
11,Train,randomness_0.9870,0.0022178106009960175,0.00248679518699646,-0.0002689845860004425,False
11,Train,randomness_0.9880,0.0062129138968884945,0.006171081680804491,4.183221608400345e-05,True
11,Train,randomness_0.9890,0.004107987508177757,0.00428866408765316,-0.00018067657947540283,False
11,Train,randomness_0.9900,0.0012212656438350677,0.0013011954724788666,-7.992982864379883e-05,False
11,Train,randomness_0.9910,0.00048427097499370575,0.0006808489561080933,-0.0001965779811143875,False
11,Train,randomness_0.9920,0.00047844465007074177,0.00018247778643853962,0.00029596686363220215,True
11,Train,randomness_0.9930,0.0007769837975502014,0.0008935742080211639,-0.00011659041047096252,False
11,Train,randomness_0.9940,0.002712744753807783,0.0028556357137858868,-0.00014289095997810364,False
11,Train,randomness_0.9950,0.004088485613465309,0.004433773458003998,-0.00034528784453868866,False
11,Train,randomness_0.9960,0.0009338725358247757,0.0009134616702795029,2.0410865545272827e-05,True
11,Train,randomness_0.9970,0.00039614737033843994,0.00040644221007823944,-1.02948397397995e-05,False
11,Train,randomness_0.9980,0.0022296980023384094,0.0024923477321863174,-0.000262649729847908,False
11,Train,randomness_0.9990,0.0033183603081852198,0.0034788905177265406,-0.0001605302095413208,False
11,Train,randomness_1.0000,0.0017490815371274948,0.00180777907371521,-5.869753658771515e-05,False
11,Validation,randomness_0.0721,0.0009615346789360046,0.0009457319974899292,1.580268144607544e-05,True
11,Validation,randomness_0.0831,0.0014568120241165161,0.0013220906257629395,0.00013472139835357666,True
11,Validation,randomness_0.1011,0.0009770728647708893,0.0008987076580524445,7.836520671844482e-05,True
11,Validation,randomness_0.1071,0.002401478588581085,0.002500813454389572,-9.933486580848694e-05,False
11,Validation,randomness_0.1271,0.0028018951416015625,0.0026328936219215393,0.0001690015196800232,True
11,Validation,randomness_0.1311,0.0007615126669406891,0.0006161965429782867,0.00014531612396240234,True
11,Validation,randomness_0.1341,0.002511166036128998,0.002610389143228531,-9.922310709953308e-05,False
11,Validation,randomness_0.1351,0.000327233225107193,0.00022026896476745605,0.00010696426033973694,True
11,Validation,randomness_0.1401,0.0015395097434520721,0.001552589237689972,-1.307949423789978e-05,False
11,Validation,randomness_0.1421,0.0036779381334781647,0.0036477111279964447,3.022700548171997e-05,True
11,Validation,randomness_0.1461,0.00419781357049942,0.004012085497379303,0.0001857280731201172,True
11,Validation,randomness_0.1582,0.00022610649466514587,0.00024185702204704285,-1.5750527381896973e-05,False
11,Validation,randomness_0.1862,0.0031353607773780823,0.0029827095568180084,0.00015265122056007385,True
11,Validation,randomness_0.1972,0.0012179724872112274,0.0013339333236217499,-0.00011596083641052246,False
11,Validation,randomness_0.2182,0.0018556006252765656,0.0017543919384479523,0.00010120868682861328,True
11,Validation,randomness_0.2202,0.0013137087225914001,0.0013760924339294434,-6.238371133804321e-05,False
11,Validation,randomness_0.2232,0.0024263113737106323,0.0023428574204444885,8.34539532661438e-05,True
11,Validation,randomness_0.2573,0.0013867616653442383,0.0014374665915966034,-5.070492625236511e-05,False
11,Validation,randomness_0.2633,0.0021222084760665894,0.002012498676776886,0.00010970979928970337,True
11,Validation,randomness_0.2863,0.0013332702219486237,0.0013754256069660187,-4.215538501739502e-05,False
11,Validation,randomness_0.2883,0.0025243572890758514,0.002622034400701523,-9.767711162567139e-05,False
11,Validation,randomness_0.2993,0.0032174773514270782,0.003027062863111496,0.00019041448831558228,True
11,Validation,randomness_0.3003,0.005609434098005295,0.0055206455290317535,8.878856897354126e-05,True
11,Validation,randomness_0.3023,0.002391308546066284,0.002408914268016815,-1.7605721950531006e-05,False
11,Validation,randomness_0.3043,0.001422937959432602,0.0014536269009113312,-3.068894147872925e-05,False
11,Validation,randomness_0.3063,0.00024531036615371704,0.00014030560851097107,0.00010500475764274597,True
11,Validation,randomness_0.3093,0.0003683604300022125,0.0002073422074317932,0.0001610182225704193,True
11,Validation,randomness_0.3253,0.0034798048436641693,0.003374658524990082,0.00010514631867408752,True
11,Validation,randomness_0.3353,0.0013980939984321594,0.0013601072132587433,3.798678517341614e-05,True
11,Validation,randomness_0.3433,0.0011536255478858948,0.0011443998664617538,9.22568142414093e-06,True
11,Validation,randomness_0.3564,0.0020014792680740356,0.0018482878804206848,0.00015319138765335083,True
11,Validation,randomness_0.3764,0.006343083456158638,0.006291355937719345,5.172751843929291e-05,True
11,Validation,randomness_0.3954,0.0017137639224529266,0.001888331025838852,-0.0001745671033859253,False
11,Validation,randomness_0.3964,0.0019352808594703674,0.0019385963678359985,-3.3155083656311035e-06,False
11,Validation,randomness_0.3994,0.0016407445073127747,0.0017181634902954102,-7.74189829826355e-05,False
11,Validation,randomness_0.4134,0.0009215641766786575,0.0010816268622875214,-0.00016006268560886383,False
11,Validation,randomness_0.4274,0.0010299533605575562,0.0010243654251098633,5.587935447692871e-06,True
11,Validation,randomness_0.4324,0.00017628073692321777,3.8743019104003906e-07,0.00017589330673217773,True
11,Validation,randomness_0.4444,0.0008343551307916641,0.0007727723568677902,6.15827739238739e-05,True
11,Validation,randomness_0.4464,0.0022900644689798355,0.0021721720695495605,0.00011789239943027496,True
11,Validation,randomness_0.4525,0.0039477720856666565,0.003882085904479027,6.56861811876297e-05,True
11,Validation,randomness_0.4615,0.00014940649271011353,0.00029088370501995087,-0.00014147721230983734,False
11,Validation,randomness_0.4705,0.0005647018551826477,0.0006334297358989716,-6.872788071632385e-05,False
11,Validation,randomness_0.4815,0.0024345722049474716,0.002466479316353798,-3.1907111406326294e-05,False
11,Validation,randomness_0.4905,0.004887593910098076,0.004729105159640312,0.00015848875045776367,True
11,Validation,randomness_0.4965,0.005197867751121521,0.005216542631387711,-1.8674880266189575e-05,False
11,Validation,randomness_0.4985,0.00037394650280475616,0.0004294253885746002,-5.5478885769844055e-05,False
11,Validation,randomness_0.5225,0.0021496228873729706,0.0020286347717046738,0.00012098811566829681,True
11,Validation,randomness_0.5315,0.004012115299701691,0.003880886361002922,0.00013122893869876862,True
11,Validation,randomness_0.5475,0.006699793040752411,0.006694672629237175,5.120411515235901e-06,True
11,Validation,randomness_0.5485,0.0009638983756303787,0.0010625887662172318,-9.869039058685303e-05,False
11,Validation,randomness_0.5495,0.005905073136091232,0.005846880376338959,5.819275975227356e-05,True
11,Validation,randomness_0.5536,0.004398684948682785,0.004336658865213394,6.202608346939087e-05,True
11,Validation,randomness_0.5856,0.0004831738770008087,0.00038380175828933716,9.937211871147156e-05,True
11,Validation,randomness_0.5936,0.002000335603952408,0.002141246572136879,-0.00014091096818447113,False
11,Validation,randomness_0.5946,0.001077825203537941,0.0009064096957445145,0.00017141550779342651,True
11,Validation,randomness_0.6166,0.001250769942998886,0.001336636021733284,-8.586607873439789e-05,False
11,Validation,randomness_0.6196,0.003512384369969368,0.0033641792833805084,0.00014820508658885956,True
11,Validation,randomness_0.6226,0.0027644187211990356,0.0024825576692819595,0.0002818610519170761,True
11,Validation,randomness_0.6256,0.0034889336675405502,0.0034751538187265396,1.377984881401062e-05,True
11,Validation,randomness_0.6316,0.0032327137887477875,0.00289732962846756,0.00033538416028022766,True
11,Validation,randomness_0.6336,0.0034676603972911835,0.0033569131046533585,0.00011074729263782501,True
11,Validation,randomness_0.6366,0.0003253929316997528,0.0002317037433385849,9.368918836116791e-05,True
11,Validation,randomness_0.6426,0.0004588160663843155,0.00046386197209358215,-5.045905709266663e-06,False
11,Validation,randomness_0.6436,0.0026256851851940155,0.0024572350084781647,0.00016845017671585083,True
11,Validation,randomness_0.6456,0.003732861950993538,0.0038305912166833878,-9.772926568984985e-05,False
11,Validation,randomness_0.6496,0.0033359918743371964,0.0034028906375169754,-6.689876317977905e-05,False
11,Validation,randomness_0.6757,0.00039730221033096313,0.000288267619907856,0.00010903459042310715,True
11,Validation,randomness_0.6837,0.0026020039804279804,0.0026073181070387363,-5.31412661075592e-06,False
11,Validation,randomness_0.6887,0.003044756595045328,0.002827512566000223,0.00021724402904510498,True
11,Validation,randomness_0.6897,0.0011908020824193954,0.0013743974268436432,-0.00018359534442424774,False
11,Validation,randomness_0.6907,0.002090045250952244,0.0020656101405620575,2.443511039018631e-05,True
11,Validation,randomness_0.7157,0.0004245741292834282,0.00022796634584665298,0.0001966077834367752,True
11,Validation,randomness_0.7257,0.002253015525639057,0.0021195774897933006,0.00013343803584575653,True
11,Validation,randomness_0.7267,0.0018433388322591782,0.0017038574442267418,0.00013948138803243637,True
11,Validation,randomness_0.7317,0.0005824053660035133,0.0005736872553825378,8.718110620975494e-06,True
11,Validation,randomness_0.7528,0.0025458605960011482,0.0023445729166269302,0.000201287679374218,True
11,Validation,randomness_0.7588,5.679391324520111e-05,5.0535425543785095e-05,6.258487701416016e-06,True
11,Validation,randomness_0.7648,0.0010875854641199112,0.0009222067892551422,0.00016537867486476898,True
11,Validation,randomness_0.7688,0.0009308122098445892,0.0007650069892406464,0.00016580522060394287,True
11,Validation,randomness_0.7758,0.0025792131200432777,0.002225504256784916,0.0003537088632583618,True
11,Validation,randomness_0.7888,0.0038210665807127953,0.0037403618916869164,8.07046890258789e-05,True
11,Validation,randomness_0.8118,0.0034289127215743065,0.0035364599898457527,-0.00010754726827144623,False
11,Validation,randomness_0.8318,0.002781044924631715,0.002640830585733056,0.00014021433889865875,True
11,Validation,randomness_0.8398,0.0007835021242499352,0.0005975188687443733,0.00018598325550556183,True
11,Validation,randomness_0.8418,0.001273302361369133,0.0016094055026769638,-0.0003361031413078308,False
11,Validation,randomness_0.8448,0.00557302962988615,0.005416251718997955,0.00015677791088819504,True
11,Validation,randomness_0.8519,3.413110971450806e-05,0.00016121380031108856,-0.0001270826905965805,False
11,Validation,randomness_0.8569,0.007184285204857588,0.006904167588800192,0.00028011761605739594,True
11,Validation,randomness_0.8779,0.001406939933076501,0.0012170320842415094,0.00018990784883499146,True
11,Validation,randomness_0.8789,0.0023238672874867916,0.0023907250724732876,-6.685778498649597e-05,False
11,Validation,randomness_0.9009,0.00023736339062452316,0.00024112127721309662,-3.757886588573456e-06,False
11,Validation,randomness_0.9019,0.00039093755185604095,0.0001857895404100418,0.00020514801144599915,True
11,Validation,randomness_0.9099,0.000492604449391365,0.00045208074152469635,4.05237078666687e-05,True
11,Validation,randomness_0.9209,0.0039757429622113705,0.0038998103700578213,7.59325921535492e-05,True
11,Validation,randomness_0.9269,0.0036119110882282257,0.0036686845123767853,-5.677342414855957e-05,False
11,Validation,randomness_0.9279,0.00249311700463295,0.002814386272802949,-0.0003212692681699991,False
11,Validation,randomness_0.9329,0.0035208165645599365,0.0036567039787769318,-0.00013588741421699524,False
11,Validation,randomness_0.9379,0.0015277116326615214,0.001864297199063003,-0.00033658556640148163,False
11,Validation,randomness_0.9439,0.0019626542925834656,0.002593632787466049,-0.0006309784948825836,False
42,OOD_Holdout,randomness_0.0020,0.005522724241018295,0.0050358884036540985,0.0004868358373641968,True
42,OOD_Holdout,randomness_0.0040,0.0015998147428035736,0.0010716244578361511,0.0005281902849674225,True
42,OOD_Holdout,randomness_0.0060,0.003734111785888672,0.0032692961394786835,0.0004648156464099884,True
42,OOD_Holdout,randomness_0.0070,0.00302191823720932,0.0027017220854759216,0.00032019615173339844,True
42,OOD_Holdout,randomness_0.0080,0.002082027494907379,0.0018595792353153229,0.00022244825959205627,True
42,OOD_Holdout,randomness_0.0100,0.002945777028799057,0.0034081190824508667,-0.0004623420536518097,False
42,OOD_Holdout,randomness_0.0110,0.00153375044465065,0.001227695494890213,0.000306054949760437,True
42,OOD_Holdout,randomness_0.0120,0.0026178620755672455,0.0033221691846847534,-0.0007043071091175079,False
42,OOD_Holdout,randomness_0.0130,0.0029973722994327545,0.0035260841250419617,-0.0005287118256092072,False
42,OOD_Holdout,randomness_0.0140,0.0015048012137413025,0.0010538138449192047,0.0004509873688220978,True
42,OOD_Holdout,randomness_0.0150,0.005197389051318169,0.004682598635554314,0.000514790415763855,True
42,OOD_Holdout,randomness_0.0170,0.0037782229483127594,0.003793049603700638,-1.4826655387878418e-05,False
42,OOD_Holdout,randomness_0.0180,0.004312425851821899,0.003937043249607086,0.00037538260221481323,True
42,OOD_Holdout,randomness_0.0190,0.0016523338854312897,0.001290585845708847,0.0003617480397224426,True
42,OOD_Holdout,randomness_0.0210,0.004603734239935875,0.004361094906926155,0.00024263933300971985,True
42,OOD_Holdout,randomness_0.0220,1.2412667274475098e-05,0.0002225153148174286,-0.0002101026475429535,False
42,OOD_Holdout,randomness_0.0240,0.0015103146433830261,0.002019409090280533,-0.0005090944468975067,False
42,OOD_Holdout,randomness_0.0270,0.0036932863295078278,0.0030349232256412506,0.0006583631038665771,True
42,OOD_Holdout,randomness_0.0290,0.0024814270436763763,0.0022781044244766235,0.0002033226191997528,True
42,OOD_Holdout,randomness_0.0300,0.0021897777915000916,0.0025043338537216187,-0.0003145560622215271,False
42,OOD_Holdout,randomness_0.0310,0.001828409731388092,0.0021950267255306244,-0.00036661699414253235,False
42,OOD_Holdout,randomness_0.0320,0.0023621171712875366,0.0019212141633033752,0.0004409030079841614,True
42,OOD_Holdout,randomness_0.0330,0.00154171884059906,0.0008514709770679474,0.0006902478635311127,True
42,OOD_Holdout,randomness_0.0340,0.0003584250807762146,0.0010068081319332123,-0.0006483830511569977,False
42,OOD_Holdout,randomness_0.0350,0.002710998058319092,0.0029939375817775726,-0.00028293952345848083,False
42,OOD_Holdout,randomness_0.0360,0.002040605992078781,0.0020532459020614624,-1.2639909982681274e-05,False
42,OOD_Holdout,randomness_0.0370,0.0007300004363059998,0.0003333054482936859,0.00039669498801231384,True
42,OOD_Holdout,randomness_0.0380,0.0034012235701084137,0.0036780759692192078,-0.00027685239911079407,False
42,OOD_Holdout,randomness_0.0390,0.0013574734330177307,0.0014729201793670654,-0.00011544674634933472,False
42,OOD_Holdout,randomness_0.0400,0.0006298422813415527,0.0007894225418567657,-0.000159580260515213,False
42,OOD_Holdout,randomness_0.0410,0.0006674043834209442,0.0011525154113769531,-0.0004851110279560089,False
42,OOD_Holdout,randomness_0.0450,0.00015823915600776672,4.7087669372558594e-05,0.00011115148663520813,True
42,OOD_Holdout,randomness_0.0470,0.0012198537588119507,0.0007722340524196625,0.0004476197063922882,True
42,OOD_Holdout,randomness_0.0480,0.0035367943346500397,0.003230735659599304,0.0003060586750507355,True
42,OOD_Holdout,randomness_0.0490,0.0006613284349441528,0.0006792508065700531,-1.792237162590027e-05,False
42,OOD_Holdout,randomness_0.0501,0.002423446625471115,0.002682417631149292,-0.0002589710056781769,False
42,OOD_Holdout,randomness_0.0511,0.001304924488067627,0.0010282732546329498,0.0002766512334346771,True
42,OOD_Holdout,randomness_0.0531,0.0010458379983901978,0.0005324594676494598,0.0005133785307407379,True
42,OOD_Holdout,randomness_0.0541,0.002022441476583481,0.001917470246553421,0.00010497123003005981,True
42,OOD_Holdout,randomness_0.0551,0.0011268705129623413,0.0011131279170513153,1.3742595911026001e-05,True
42,OOD_Holdout,randomness_0.0601,0.001041654497385025,0.0008459761738777161,0.00019567832350730896,True
42,OOD_Holdout,randomness_0.0621,0.0020693615078926086,0.002169933170080185,-0.0001005716621875763,False
42,OOD_Holdout,randomness_0.0631,0.0023728609085083008,0.0021515488624572754,0.0002213120460510254,True
42,OOD_Holdout,randomness_0.0641,0.0025400295853614807,0.002631351351737976,-9.132176637649536e-05,False
42,OOD_Holdout,randomness_0.0651,0.003199256956577301,0.00302741676568985,0.00017184019088745117,True
42,OOD_Holdout,randomness_0.0671,0.0012249723076820374,0.0010214373469352722,0.00020353496074676514,True
42,OOD_Holdout,randomness_0.0681,0.002925597131252289,0.002886474132537842,3.912299871444702e-05,True
42,OOD_Holdout,randomness_0.0691,0.001644480973482132,0.0011026076972484589,0.0005418732762336731,True
42,OOD_Holdout,randomness_0.0711,0.0008765645325183868,0.0006138123571872711,0.0002627521753311157,True
42,OOD_Holdout,randomness_0.0761,0.0014663934707641602,0.0017099715769290924,-0.00024357810616493225,False
42,OOD_Holdout,randomness_0.0801,0.00018785521388053894,0.00014132261276245117,4.653260111808777e-05,True
42,OOD_Holdout,randomness_0.0811,0.0011510029435157776,0.0012528561055660248,-0.00010185316205024719,False
42,OOD_Holdout,randomness_0.0821,0.0017660073935985565,0.001764059066772461,1.948326826095581e-06,True
42,OOD_Holdout,randomness_0.0871,0.00018357113003730774,0.00012221187353134155,6.135925650596619e-05,True
42,OOD_Holdout,randomness_0.0881,0.0009567849338054657,0.000912882387638092,4.390254616737366e-05,True
42,OOD_Holdout,randomness_0.0941,0.0009378343820571899,0.0006868466734886169,0.000250987708568573,True
42,OOD_Holdout,randomness_0.0951,0.0011081323027610779,0.001022789627313614,8.534267544746399e-05,True
42,OOD_Holdout,randomness_0.0961,0.001490764319896698,0.0012728683650493622,0.00021789595484733582,True
42,OOD_Holdout,randomness_0.0971,0.002994067966938019,0.003008972853422165,-1.4904886484146118e-05,False
42,OOD_Holdout,randomness_0.0981,0.0033686794340610504,0.003427647054195404,-5.896762013435364e-05,False
42,OOD_Holdout,randomness_0.0991,0.002827972173690796,0.0029662027955055237,-0.00013823062181472778,False
42,OOD_Holdout,randomness_0.1001,0.0005459524691104889,0.0008411295711994171,-0.0002951771020889282,False
42,OOD_Holdout,randomness_0.1051,0.002135094255208969,0.001981060951948166,0.00015403330326080322,True
42,OOD_Holdout,randomness_0.1081,0.003242112696170807,0.0035031214356422424,-0.00026100873947143555,False
42,OOD_Holdout,randomness_0.1091,0.0028288066387176514,0.0032043233513832092,-0.00037551671266555786,False
42,OOD_Holdout,randomness_0.1101,0.001565001904964447,0.0017680376768112183,-0.00020303577184677124,False
42,OOD_Holdout,randomness_0.1261,0.001082010567188263,0.0010102055966854095,7.18049705028534e-05,True
42,OOD_Holdout,randomness_0.1291,0.0021312907338142395,0.0025787055492401123,-0.0004474148154258728,False
42,OOD_Holdout,randomness_0.1371,0.0017698705196380615,0.0015081800520420074,0.0002616904675960541,True
42,OOD_Holdout,randomness_0.1391,0.0016161315143108368,0.0014885403215885162,0.00012759119272232056,True
42,OOD_Holdout,randomness_0.1481,0.004801437258720398,0.0046975091099739075,0.00010392814874649048,True
42,OOD_Holdout,randomness_0.1572,0.0006245002150535583,0.0009728707373142242,-0.0003483705222606659,False
42,OOD_Holdout,randomness_0.1632,0.00118250772356987,0.0014467164874076843,-0.00026420876383781433,False
42,OOD_Holdout,randomness_0.1692,0.0037075169384479523,0.003597024828195572,0.00011049211025238037,True
42,OOD_Holdout,randomness_0.1722,0.00525413453578949,0.0054849982261657715,-0.00023086369037628174,False
42,OOD_Holdout,randomness_0.1792,0.0020789094269275665,0.001811925321817398,0.00026698410511016846,True
42,OOD_Holdout,randomness_0.1942,0.0026792101562023163,0.00277043879032135,-9.122863411903381e-05,False
42,OOD_Holdout,randomness_0.2042,0.0011896081268787384,0.0008644349873065948,0.00032517313957214355,True
42,OOD_Holdout,randomness_0.2052,0.00045504048466682434,0.00047708675265312195,-2.2046267986297607e-05,False
42,OOD_Holdout,randomness_0.2142,0.0032209977507591248,0.003417734056711197,-0.00019673630595207214,False
42,OOD_Holdout,randomness_0.2152,0.002961859107017517,0.0021857917308807373,0.0007760673761367798,True
42,OOD_Holdout,randomness_0.2162,0.002081453800201416,0.0023956820368766785,-0.00031422823667526245,False
42,OOD_Holdout,randomness_0.2192,0.004087191075086594,0.003595169633626938,0.0004920214414596558,True
42,OOD_Holdout,randomness_0.2212,0.003567684441804886,0.0041274093091487885,-0.0005597248673439026,False
42,OOD_Holdout,randomness_0.2262,0.0029075853526592255,0.0025756843388080597,0.00033190101385116577,True
42,OOD_Holdout,randomness_0.2312,0.0005920417606830597,6.023794412612915e-05,0.0005318038165569305,True
42,OOD_Holdout,randomness_0.2322,0.0009533911943435669,0.001194097101688385,-0.00024070590734481812,False
42,OOD_Holdout,randomness_0.2332,0.002283792942762375,0.0025405846536159515,-0.00025679171085357666,False
42,OOD_Holdout,randomness_0.2432,0.00016861781477928162,0.00014823675155639648,2.0381063222885132e-05,True
42,OOD_Holdout,randomness_0.2663,0.001466907560825348,0.000879872590303421,0.0005870349705219269,True
42,OOD_Holdout,randomness_0.2973,0.000971280038356781,0.0007117576897144318,0.00025952234864234924,True
42,OOD_Holdout,randomness_0.3143,0.0005952715873718262,0.0005199387669563293,7.533282041549683e-05,True
42,OOD_Holdout,randomness_0.3203,0.0033133365213871002,0.00404493510723114,-0.0007315985858440399,False
42,OOD_Holdout,randomness_0.3243,0.0006550662219524384,0.0014748424291610718,-0.0008197762072086334,False
42,OOD_Holdout,randomness_0.3293,0.004016745835542679,0.0036395862698554993,0.00037715956568717957,True
42,OOD_Holdout,randomness_0.3323,0.0011009909212589264,0.001004394143819809,9.659677743911743e-05,True
42,OOD_Holdout,randomness_0.3834,0.0037201493978500366,0.002950470894575119,0.0007696785032749176,True
42,OOD_Holdout,randomness_0.4044,0.003514237701892853,0.002637617290019989,0.0008766204118728638,True
42,OOD_Holdout,randomness_0.4094,0.0021554864943027496,0.0009410381317138672,0.0012144483625888824,True
42,OOD_Holdout,randomness_0.4434,0.004600239917635918,0.0038237087428569794,0.0007765311747789383,True
42,Prediction,randomness_0.0061,0.0017914064228534698,0.0015270933508872986,0.00026431307196617126,True
42,Prediction,randomness_0.0153,0.001607559621334076,0.002160385251045227,-0.0005528256297111511,False
42,Prediction,randomness_0.0229,0.0003387071192264557,0.0005635283887386322,-0.00022482126951217651,False
42,Prediction,randomness_0.1000,0.003395549952983856,0.003432817757129669,-3.726780414581299e-05,False
42,Prediction,randomness_0.1444,0.0011175721883773804,0.0012411139905452728,-0.00012354180216789246,False
42,Prediction,randomness_0.1889,0.001129060983657837,0.0007554963231086731,0.0003735646605491638,True
42,Prediction,randomness_0.2333,0.0032671019434928894,0.0026126056909561157,0.0006544962525367737,True
42,Prediction,randomness_0.2778,0.0029266029596328735,0.003305576741695404,-0.0003789737820625305,False
42,Prediction,randomness_0.3222,0.003512609750032425,0.0027732066810131073,0.0007394030690193176,True
42,Prediction,randomness_0.3667,0.0028891488909721375,0.0026611313223838806,0.00022801756858825684,True
42,Prediction,randomness_0.4111,0.001300472766160965,0.000695548951625824,0.000604923814535141,True
42,Prediction,randomness_0.4556,0.007198518142104149,0.006456295028328896,0.0007422231137752533,True
42,Prediction,randomness_0.5000,0.004038257524371147,0.0036899708211421967,0.0003482867032289505,True
42,Train,randomness_0.0000,0.0006138943135738373,0.0008318014442920685,-0.0002179071307182312,False
42,Train,randomness_0.0010,0.0030297935009002686,0.0033177733421325684,-0.0002879798412322998,False
42,Train,randomness_0.0030,0.0014820769429206848,0.0019711479544639587,-0.0004890710115432739,False
42,Train,randomness_0.0050,0.003239147365093231,0.0030956752598285675,0.0001434721052646637,True
42,Train,randomness_0.0090,0.0007992908358573914,0.00039619579911231995,0.0004030950367450714,True
42,Train,randomness_0.0160,0.0012455880641937256,0.001001160591840744,0.00024442747235298157,True
42,Train,randomness_0.0200,0.0008990280330181122,0.0011978410184383392,-0.00029881298542022705,False
42,Train,randomness_0.0230,0.0028946250677108765,0.0031778477132320404,-0.00028322264552116394,False
42,Train,randomness_0.0250,0.0002410486340522766,0.0001270398497581482,0.00011400878429412842,True
42,Train,randomness_0.0260,0.0025948472321033478,0.0022996440529823303,0.00029520317912101746,True
42,Train,randomness_0.0280,0.00036278367042541504,0.0009640641510486603,-0.0006012804806232452,False
42,Train,randomness_0.0420,0.0021973364055156708,0.0017292611300945282,0.0004680752754211426,True
42,Train,randomness_0.0430,0.006021885201334953,0.00544394738972187,0.0005779378116130829,True
42,Train,randomness_0.0440,0.004015818238258362,0.004360683262348175,-0.00034486502408981323,False
42,Train,randomness_0.0460,0.00197620689868927,0.00208967924118042,-0.0001134723424911499,False
42,Train,randomness_0.0521,0.002019967883825302,0.0021391212940216064,-0.00011915341019630432,False
42,Train,randomness_0.0561,0.003970840945839882,0.004048330709338188,-7.748976349830627e-05,False
42,Train,randomness_0.0571,0.0015866346657276154,0.0020440369844436646,-0.0004574023187160492,False
42,Train,randomness_0.0581,0.004098530858755112,0.00449259951710701,-0.0003940686583518982,False
42,Train,randomness_0.0591,0.00035767629742622375,0.0006200000643730164,-0.0002623237669467926,False
42,Train,randomness_0.0611,0.0018033310770988464,0.001783721148967743,1.9609928131103516e-05,True
42,Train,randomness_0.0661,0.0014773644506931305,0.001793157309293747,-0.00031579285860061646,False
42,Train,randomness_0.0701,0.0006480403244495392,0.0004329606890678406,0.0002150796353816986,True
42,Train,randomness_0.0731,0.0008432008326053619,0.0006110407412052155,0.00023216009140014648,True
42,Train,randomness_0.0741,9.720027446746826e-05,0.0004954561591148376,-0.0003982558846473694,False
42,Train,randomness_0.0751,0.00018430501222610474,0.0005115792155265808,-0.0003272742033004761,False
42,Train,randomness_0.0771,3.501772880554199e-07,5.796551704406738e-06,-5.446374416351318e-06,False
42,Train,randomness_0.0781,0.0031363442540168762,0.003125060349702835,1.1283904314041138e-05,True
42,Train,randomness_0.0791,0.0008897408843040466,0.0009438171982765198,-5.4076313972473145e-05,False
42,Train,randomness_0.0841,0.0023406483232975006,0.002647649496793747,-0.00030700117349624634,False
42,Train,randomness_0.0851,0.003189142793416977,0.0035384446382522583,-0.00034930184483528137,False
42,Train,randomness_0.0861,0.00015183165669441223,0.0002466365694999695,-9.480491280555725e-05,False
42,Train,randomness_0.0891,0.004269488155841827,0.004336286336183548,-6.679818034172058e-05,False
42,Train,randomness_0.0901,0.003332320600748062,0.00340917706489563,-7.685646414756775e-05,False
42,Train,randomness_0.0911,0.0022427476942539215,0.002293173223733902,-5.042552947998047e-05,False
42,Train,randomness_0.0921,0.007143719121813774,0.007094787433743477,4.893168807029724e-05,True
42,Train,randomness_0.0931,0.0007765218615531921,0.0008047148585319519,-2.8192996978759766e-05,False
42,Train,randomness_0.1021,0.0039586760103702545,0.004226040095090866,-0.00026736408472061157,False
42,Train,randomness_0.1031,0.0007687397301197052,0.0008193552494049072,-5.0615519285202026e-05,False
42,Train,randomness_0.1041,0.001239679753780365,0.0015756599605083466,-0.00033598020672798157,False
42,Train,randomness_0.1061,0.002637147903442383,0.002473447471857071,0.0001637004315853119,True
42,Train,randomness_0.1111,0.0005475394427776337,0.0005178377032279968,2.970173954963684e-05,True
42,Train,randomness_0.1121,0.0023270249366760254,0.0021830685436725616,0.00014395639300346375,True
42,Train,randomness_0.1131,0.006003621965646744,0.006495580077171326,-0.0004919581115245819,False
42,Train,randomness_0.1141,0.00015253201127052307,0.00011716410517692566,3.536790609359741e-05,True
42,Train,randomness_0.1151,0.0027311183512210846,0.0027191415429115295,1.1976808309555054e-05,True
42,Train,randomness_0.1161,0.001441117376089096,0.0011719278991222382,0.0002691894769668579,True
42,Train,randomness_0.1171,0.0005073621869087219,0.0006635673344135284,-0.00015620514750480652,False
42,Train,randomness_0.1181,0.001123819500207901,0.0014508068561553955,-0.0003269873559474945,False
42,Train,randomness_0.1191,0.0018408708274364471,0.0022058598697185516,-0.0003649890422821045,False
42,Train,randomness_0.1201,0.003323987126350403,0.0035373903810977936,-0.00021340325474739075,False
42,Train,randomness_0.1211,0.002321917563676834,0.0023126378655433655,9.279698133468628e-06,True
42,Train,randomness_0.1221,0.0038215182721614838,0.003924094140529633,-0.0001025758683681488,False
42,Train,randomness_0.1231,0.0012427344918251038,0.0015347450971603394,-0.0002920106053352356,False
42,Train,randomness_0.1241,0.0003945454955101013,0.00023078545928001404,0.00016376003623008728,True
42,Train,randomness_0.1251,0.0007031597197055817,0.0008162409067153931,-0.0001130811870098114,False
42,Train,randomness_0.1281,0.0018776990473270416,0.001972746104001999,-9.504705667495728e-05,False
42,Train,randomness_0.1301,0.000468183308839798,0.0008044242858886719,-0.0003362409770488739,False
42,Train,randomness_0.1321,2.7418136596679688e-06,0.00037132948637008667,-0.0003685876727104187,False
42,Train,randomness_0.1331,0.003856159746646881,0.003982476890087128,-0.00012631714344024658,False
42,Train,randomness_0.1361,0.0012993887066841125,0.0012990906834602356,2.980232238769531e-07,True
42,Train,randomness_0.1381,0.004277154803276062,0.0039544254541397095,0.00032272934913635254,True
42,Train,randomness_0.1411,0.0028382577002048492,0.003190327435731888,-0.0003520697355270386,False
42,Train,randomness_0.1431,0.0020195581018924713,0.0021166130900382996,-9.705498814582825e-05,False
42,Train,randomness_0.1441,0.00047217682003974915,0.0005870386958122253,-0.0001148618757724762,False
42,Train,randomness_0.1451,0.0031980499625205994,0.003484051674604416,-0.00028600171208381653,False
42,Train,randomness_0.1471,0.0017689280211925507,0.0017793551087379456,-1.0427087545394897e-05,False
42,Train,randomness_0.1491,0.00017926469445228577,0.00010071322321891785,7.855147123336792e-05,True
42,Train,randomness_0.1502,0.007972003892064095,0.008063362911343575,-9.135901927947998e-05,False
42,Train,randomness_0.1512,0.00035206228494644165,0.00013176724314689636,0.0002202950417995453,True
42,Train,randomness_0.1522,0.0013112947344779968,0.0012410953640937805,7.019937038421631e-05,True
42,Train,randomness_0.1532,0.0009352192282676697,0.0009187683463096619,1.6450881958007812e-05,True
42,Train,randomness_0.1542,0.0019444748759269714,0.0020280741155147552,-8.359923958778381e-05,False
42,Train,randomness_0.1552,0.0018507689237594604,0.001953553408384323,-0.00010278448462486267,False
42,Train,randomness_0.1562,0.0010454803705215454,0.0013246648013591766,-0.0002791844308376312,False
42,Train,randomness_0.1592,0.00026044994592666626,0.0007719993591308594,-0.0005115494132041931,False
42,Train,randomness_0.1602,0.0014405511319637299,0.001635674387216568,-0.00019512325525283813,False
42,Train,randomness_0.1612,0.0029208622872829437,0.0035597793757915497,-0.000638917088508606,False
42,Train,randomness_0.1622,0.0017886534333229065,0.0017300806939601898,5.8572739362716675e-05,True
42,Train,randomness_0.1642,0.00399712473154068,0.0038498230278491974,0.00014730170369148254,True
42,Train,randomness_0.1652,0.0014318712055683136,0.0016218721866607666,-0.000190000981092453,False
42,Train,randomness_0.1662,0.0037260912358760834,0.003211136907339096,0.0005149543285369873,True
42,Train,randomness_0.1672,0.0005344413220882416,0.0004915818572044373,4.285946488380432e-05,True
42,Train,randomness_0.1682,0.000583946704864502,0.0005177557468414307,6.619095802307129e-05,True
42,Train,randomness_0.1702,0.005175195634365082,0.005346044898033142,-0.0001708492636680603,False
42,Train,randomness_0.1712,0.00018793344497680664,8.238852024078369e-05,0.00010554492473602295,True
42,Train,randomness_0.1732,0.0025210753083229065,0.0027820467948913574,-0.00026097148656845093,False
42,Train,randomness_0.1742,0.000494685024023056,0.0006853640079498291,-0.00019067898392677307,False
42,Train,randomness_0.1752,0.002070348709821701,0.002316400408744812,-0.00024605169892311096,False
42,Train,randomness_0.1762,0.0012286752462387085,0.0015459731221199036,-0.00031729787588119507,False
42,Train,randomness_0.1772,0.0007173754274845123,0.0010840967297554016,-0.0003667213022708893,False
42,Train,randomness_0.1782,0.002800069749355316,0.00253354012966156,0.0002665296196937561,True
42,Train,randomness_0.1802,0.0006873607635498047,0.00043009594082832336,0.0002572648227214813,True
42,Train,randomness_0.1812,0.0004346780478954315,0.00014977902173995972,0.0002848990261554718,True
42,Train,randomness_0.1822,0.0030088424682617188,0.0026630088686943054,0.00034583359956741333,True
42,Train,randomness_0.1832,0.0004617646336555481,0.0008692853152751923,-0.00040752068161964417,False
42,Train,randomness_0.1842,0.0010776184499263763,0.0013123229146003723,-0.00023470446467399597,False
42,Train,randomness_0.1852,0.0037758424878120422,0.00391928106546402,-0.00014343857765197754,False
42,Train,randomness_0.1872,7.692724466323853e-05,0.00017271563410758972,-9.57883894443512e-05,False
42,Train,randomness_0.1882,0.003994341939687729,0.004017964005470276,-2.3622065782546997e-05,False
42,Train,randomness_0.1892,0.0015293769538402557,0.0017658248543739319,-0.00023644790053367615,False
42,Train,randomness_0.1902,0.0007171817123889923,0.0008613914251327515,-0.00014420971274375916,False
42,Train,randomness_0.1912,0.0028844159096479416,0.0033117663115262985,-0.00042735040187835693,False
42,Train,randomness_0.1922,0.0005486048758029938,0.0005477368831634521,8.67992639541626e-07,True
42,Train,randomness_0.1932,0.0006688684225082397,0.0008874684572219849,-0.00021860003471374512,False
42,Train,randomness_0.1952,0.0014790445566177368,0.0017175562679767609,-0.00023851171135902405,False
42,Train,randomness_0.1962,0.0026074685156345367,0.0027136802673339844,-0.00010621175169944763,False
42,Train,randomness_0.1982,5.0339847803115845e-05,0.000353395938873291,-0.00030305609107017517,False
42,Train,randomness_0.1992,0.0023789741098880768,0.0024553872644901276,-7.641315460205078e-05,False
42,Train,randomness_0.2002,0.0008985139429569244,0.0006707645952701569,0.00022774934768676758,True
42,Train,randomness_0.2012,0.0016331560909748077,0.0012795329093933105,0.0003536231815814972,True
42,Train,randomness_0.2022,0.0025531165301799774,0.002184346318244934,0.00036877021193504333,True
42,Train,randomness_0.2032,0.00283677875995636,0.003044780343770981,-0.00020800158381462097,False
42,Train,randomness_0.2062,0.0025030262768268585,0.0020348913967609406,0.00046813488006591797,True
42,Train,randomness_0.2072,0.0017246417701244354,0.00201508030295372,-0.00029043853282928467,False
42,Train,randomness_0.2082,0.001735299825668335,0.0017877332866191864,-5.243346095085144e-05,False
42,Train,randomness_0.2092,0.001581083983182907,0.0017562061548233032,-0.00017512217164039612,False
42,Train,randomness_0.2102,0.0015897974371910095,0.0010426156222820282,0.0005471818149089813,True
42,Train,randomness_0.2112,0.006001003086566925,0.0066339559853076935,-0.0006329528987407684,False
42,Train,randomness_0.2122,0.002189185470342636,0.0021655112504959106,2.3674219846725464e-05,True
42,Train,randomness_0.2132,0.0007136315107345581,0.00025033578276634216,0.00046329572796821594,True
42,Train,randomness_0.2172,0.0008620694279670715,0.0011059530079364777,-0.00024388357996940613,False
42,Train,randomness_0.2222,0.0031356625258922577,0.0028569772839546204,0.00027868524193763733,True
42,Train,randomness_0.2242,0.002226702868938446,0.0028064027428627014,-0.0005796998739242554,False
42,Train,randomness_0.2252,0.0006704851984977722,0.0006008408963680267,6.964430212974548e-05,True
42,Train,randomness_0.2272,0.000525347888469696,0.0012000203132629395,-0.0006746724247932434,False
42,Train,randomness_0.2282,0.0004163607954978943,0.00019363686442375183,0.00022272393107414246,True
42,Train,randomness_0.2292,0.00031556934118270874,0.0008014105260372162,-0.00048584118485450745,False
42,Train,randomness_0.2302,0.00600692443549633,0.006465280428528786,-0.00045835599303245544,False
42,Train,randomness_0.2342,0.004586070775985718,0.0046414583921432495,-5.538761615753174e-05,False
42,Train,randomness_0.2352,0.00179256871342659,0.0015512853860855103,0.0002412833273410797,True
42,Train,randomness_0.2362,0.0010610632598400116,0.0013949573040008545,-0.0003338940441608429,False
42,Train,randomness_0.2372,0.0023668035864830017,0.0017805807292461395,0.0005862228572368622,True
42,Train,randomness_0.2382,2.972036600112915e-05,0.0005026832222938538,-0.0004729628562927246,False
42,Train,randomness_0.2392,0.0031179115176200867,0.002645246684551239,0.00047266483306884766,True
42,Train,randomness_0.2402,0.0014094635844230652,0.0014852210879325867,-7.575750350952148e-05,False
42,Train,randomness_0.2412,0.0010416582226753235,0.0017377659678459167,-0.0006961077451705933,False
42,Train,randomness_0.2422,0.00021188706159591675,0.00043943896889686584,-0.0002275519073009491,False
42,Train,randomness_0.2442,0.0010215602815151215,0.0005165897309780121,0.0005049705505371094,True
42,Train,randomness_0.2452,0.0003235936164855957,8.50185751914978e-05,0.0002385750412940979,True
42,Train,randomness_0.2462,0.0013459809124469757,0.001930229365825653,-0.0005842484533786774,False
42,Train,randomness_0.2472,0.0022779367864131927,0.001580122858285904,0.0006978139281272888,True
42,Train,randomness_0.2482,0.0014814361929893494,0.0017625093460083008,-0.0002810731530189514,False
42,Train,randomness_0.2492,0.0013555064797401428,0.0012999065220355988,5.559995770454407e-05,True
42,Train,randomness_0.2503,0.0006124973297119141,2.3577362298965454e-05,0.0005889199674129486,True
42,Train,randomness_0.2513,0.0011498257517814636,0.0007268041372299194,0.0004230216145515442,True
42,Train,randomness_0.2523,0.001623069867491722,0.0017255526036024094,-0.00010248273611068726,False
42,Train,randomness_0.2533,0.004144338890910149,0.004794938489794731,-0.0006505995988845825,False
42,Train,randomness_0.2543,0.001780577003955841,0.0017362125217914581,4.4364482164382935e-05,True
42,Train,randomness_0.2553,0.0034699514508247375,0.00347282737493515,-2.8759241104125977e-06,False
42,Train,randomness_0.2563,0.002793271094560623,0.002110004425048828,0.000683266669511795,True
42,Train,randomness_0.2583,0.0027003102004528046,0.0020036958158016205,0.0006966143846511841,True
42,Train,randomness_0.2593,0.001851063221693039,0.001993875950574875,-0.00014281272888183594,False
42,Train,randomness_0.2603,0.0036387331783771515,0.003134705126285553,0.0005040280520915985,True
42,Train,randomness_0.2613,0.0018141008913516998,0.001513071358203888,0.0003010295331478119,True
42,Train,randomness_0.2623,0.00029778853058815,0.00020613521337509155,9.165331721305847e-05,True
42,Train,randomness_0.2643,0.00040697306394577026,0.0006365329027175903,-0.00022955983877182007,False
42,Train,randomness_0.2653,0.0005692020058631897,0.0007485710084438324,-0.0001793690025806427,False
42,Train,randomness_0.2673,0.002150431275367737,0.0023757442831993103,-0.00022531300783157349,False
42,Train,randomness_0.2683,0.0006268955767154694,8.160248398780823e-05,0.0005452930927276611,True
42,Train,randomness_0.2693,7.16187059879303e-05,2.298504114151001e-05,4.863366484642029e-05,True
42,Train,randomness_0.2703,0.005778517574071884,0.005674440413713455,0.00010407716035842896,True
42,Train,randomness_0.2713,0.00033275410532951355,0.0003621317446231842,-2.9377639293670654e-05,False
42,Train,randomness_0.2723,0.004665438085794449,0.004397556185722351,0.0002678819000720978,True
42,Train,randomness_0.2733,0.001170087605714798,0.0013554804027080536,-0.00018539279699325562,False
42,Train,randomness_0.2743,0.000464756041765213,0.00015040859580039978,0.00031434744596481323,True
42,Train,randomness_0.2753,0.00012331455945968628,0.0008329153060913086,-0.0007096007466316223,False
42,Train,randomness_0.2763,0.0006403103470802307,0.0007415004074573517,-0.00010119006037712097,False
42,Train,randomness_0.2773,0.0016865059733390808,0.0023056454956531525,-0.0006191395223140717,False
42,Train,randomness_0.2783,0.0012378692626953125,0.0014839507639408112,-0.00024608150124549866,False
42,Train,randomness_0.2793,0.0009744986891746521,0.0017060153186321259,-0.0007315166294574738,False
42,Train,randomness_0.2803,0.0006992369890213013,0.0007541626691818237,-5.492568016052246e-05,False
42,Train,randomness_0.2813,0.003098532557487488,0.003964073956012726,-0.000865541398525238,False
42,Train,randomness_0.2823,0.0017163120210170746,0.0012373551726341248,0.00047895684838294983,True
42,Train,randomness_0.2833,0.0029848888516426086,0.0022932663559913635,0.0006916224956512451,True
42,Train,randomness_0.2843,0.0024096034467220306,0.0026537999510765076,-0.00024419650435447693,False
42,Train,randomness_0.2853,0.0008266009390354156,0.0017540901899337769,-0.0009274892508983612,False
42,Train,randomness_0.2873,0.0011371597647666931,0.0008022002875804901,0.000334959477186203,True
42,Train,randomness_0.2893,0.004438117146492004,0.00469118170440197,-0.0002530645579099655,False
42,Train,randomness_0.2903,0.0013011060655117035,0.0009865276515483856,0.00031457841396331787,True
42,Train,randomness_0.2913,0.0001462101936340332,0.0010213516652584076,-0.0008751414716243744,False
42,Train,randomness_0.2923,0.0006656721234321594,0.0009320750832557678,-0.0002664029598236084,False
42,Train,randomness_0.2933,0.0018915347754955292,0.0021664127707481384,-0.00027487799525260925,False
42,Train,randomness_0.2943,0.0004387795925140381,0.0005496926605701447,-0.00011091306805610657,False
42,Train,randomness_0.2953,0.00030796974897384644,0.0010035671293735504,-0.000695597380399704,False
42,Train,randomness_0.2963,0.0011067762970924377,0.0014742612838745117,-0.000367484986782074,False
42,Train,randomness_0.2983,0.001251164823770523,0.001342572271823883,-9.140744805335999e-05,False
42,Train,randomness_0.3013,0.0011389441788196564,0.0020962953567504883,-0.0009573511779308319,False
42,Train,randomness_0.3033,0.00031070783734321594,0.0002381354570388794,7.257238030433655e-05,True
42,Train,randomness_0.3053,0.002778533846139908,0.003026403486728668,-0.0002478696405887604,False
42,Train,randomness_0.3073,0.0011644922196865082,0.0003876499831676483,0.0007768422365188599,True
42,Train,randomness_0.3083,0.001182612031698227,0.0006182640790939331,0.0005643479526042938,True
42,Train,randomness_0.3103,0.0008625276386737823,0.0011723972856998444,-0.000309869647026062,False
42,Train,randomness_0.3113,0.00201285257935524,0.0027553103864192963,-0.0007424578070640564,False
42,Train,randomness_0.3123,0.002634350210428238,0.00229693204164505,0.00033741816878318787,True
42,Train,randomness_0.3133,0.0009864643216133118,0.0019281171262264252,-0.0009416528046131134,False
42,Train,randomness_0.3153,0.002686675637960434,0.002815794199705124,-0.00012911856174468994,False
42,Train,randomness_0.3163,0.0025581717491149902,0.0018378272652626038,0.0007203444838523865,True
42,Train,randomness_0.3173,0.006026390939950943,0.006206173449754715,-0.00017978250980377197,False
42,Train,randomness_0.3183,0.0007728859782218933,0.0010161995887756348,-0.00024331361055374146,False
42,Train,randomness_0.3193,0.001527927815914154,0.0006254799664020538,0.0009024478495121002,True
42,Train,randomness_0.3213,0.0006477124989032745,0.0010810904204845428,-0.0004333779215812683,False
42,Train,randomness_0.3223,0.00021398067474365234,0.0001920051872730255,2.197548747062683e-05,True
42,Train,randomness_0.3233,0.003078848123550415,0.0036491118371486664,-0.0005702637135982513,False
42,Train,randomness_0.3263,0.0028209760785102844,0.0034504644572734833,-0.0006294883787631989,False
42,Train,randomness_0.3273,0.0023819580674171448,0.0017805062234401703,0.0006014518439769745,True
42,Train,randomness_0.3283,0.00014970451593399048,3.7550926208496094e-06,0.00014594942331314087,True
42,Train,randomness_0.3303,0.004988294094800949,0.00498034805059433,7.946044206619263e-06,True
42,Train,randomness_0.3313,0.0057609714567661285,0.005551028996706009,0.00020994246006011963,True
42,Train,randomness_0.3333,0.0021526627242565155,0.001319829374551773,0.0008328333497047424,True
42,Train,randomness_0.3343,0.0002443641424179077,4.7676265239715576e-05,0.00019668787717819214,True
42,Train,randomness_0.3363,0.0015258193016052246,0.0008540078997612,0.0006718114018440247,True
42,Train,randomness_0.3373,0.0004932880401611328,0.0001908428966999054,0.0003024451434612274,True
42,Train,randomness_0.3383,0.0001403428614139557,0.000721268355846405,-0.0005809254944324493,False
42,Train,randomness_0.3393,0.0020535849034786224,0.0019647888839244843,8.879601955413818e-05,True
42,Train,randomness_0.3403,0.00013923272490501404,0.00034522637724876404,-0.00020599365234375,False
42,Train,randomness_0.3413,0.0009046010673046112,0.0004901103675365448,0.0004144906997680664,True
42,Train,randomness_0.3423,0.004129895940423012,0.0046759676188230515,-0.0005460716784000397,False
42,Train,randomness_0.3443,0.0007821060717105865,0.00048612430691719055,0.000295981764793396,True
42,Train,randomness_0.3453,0.0031574536114931107,0.0029248222708702087,0.00023263134062290192,True
42,Train,randomness_0.3463,0.0015457812696695328,0.0016333796083927155,-8.759833872318268e-05,False
42,Train,randomness_0.3473,0.0010571815073490143,0.0007766149938106537,0.0002805665135383606,True
42,Train,randomness_0.3483,0.0006440356373786926,0.0010268241167068481,-0.0003827884793281555,False
42,Train,randomness_0.3493,0.002438735216856003,0.0018469467759132385,0.0005917884409427643,True
42,Train,randomness_0.3504,0.0019174069166183472,0.0030205138027668,-0.0011031068861484528,False
42,Train,randomness_0.3514,0.0038933027535676956,0.004238877445459366,-0.0003455746918916702,False
42,Train,randomness_0.3524,0.001344909891486168,0.002053951844573021,-0.000709041953086853,False
42,Train,randomness_0.3534,0.00028995051980018616,0.0008678790181875229,-0.0005779284983873367,False
42,Train,randomness_0.3544,0.00026015564799308777,8.71904194355011e-05,0.00017296522855758667,True
42,Train,randomness_0.3554,0.0007257647812366486,0.001720517873764038,-0.0009947530925273895,False
42,Train,randomness_0.3574,0.001789834350347519,0.0025064274668693542,-0.0007165931165218353,False
42,Train,randomness_0.3584,0.00028011202812194824,0.0001443028450012207,0.00013580918312072754,True
42,Train,randomness_0.3594,0.0046977512538433075,0.00405782088637352,0.0006399303674697876,True
42,Train,randomness_0.3604,0.003409542143344879,0.002954404801130295,0.00045513734221458435,True
42,Train,randomness_0.3614,0.0008311085402965546,0.001056961715221405,-0.00022585317492485046,False
42,Train,randomness_0.3624,0.004628058522939682,0.0038221925497055054,0.0008058659732341766,True
42,Train,randomness_0.3634,0.002065299078822136,0.002223620191216469,-0.00015832111239433289,False
42,Train,randomness_0.3644,0.0034409724175930023,0.0025538355112075806,0.0008871369063854218,True
42,Train,randomness_0.3654,0.0004785582423210144,0.0013002604246139526,-0.0008217021822929382,False
42,Train,randomness_0.3664,0.0010291524231433868,0.0008343681693077087,0.0001947842538356781,True
42,Train,randomness_0.3674,0.00218815915286541,0.0017417371273040771,0.0004464220255613327,True
42,Train,randomness_0.3684,0.004551064223051071,0.003993947058916092,0.0005571171641349792,True
42,Train,randomness_0.3694,0.00453471764922142,0.004240524023771286,0.0002941936254501343,True
42,Train,randomness_0.3704,0.004714302718639374,0.004702739417552948,1.1563301086425781e-05,True
42,Train,randomness_0.3714,0.005152393132448196,0.0045155733823776245,0.0006368197500705719,True
42,Train,randomness_0.3724,0.0009069293737411499,0.00036315619945526123,0.0005437731742858887,True
42,Train,randomness_0.3734,0.00041973963379859924,0.0008713901042938232,-0.000451650470495224,False
42,Train,randomness_0.3744,0.0005951933562755585,0.0015321411192417145,-0.000936947762966156,False
42,Train,randomness_0.3754,0.00013517960906028748,0.0002664215862751007,-0.00013124197721481323,False
42,Train,randomness_0.3774,0.0016147159039974213,0.0005504824221134186,0.0010642334818840027,True
42,Train,randomness_0.3784,0.00605633482336998,0.0053723156452178955,0.0006840191781520844,True
42,Train,randomness_0.3794,0.002847997471690178,0.0036215726286172867,-0.0007735751569271088,False
42,Train,randomness_0.3804,0.004407312721014023,0.0040109530091285706,0.00039635971188545227,True
42,Train,randomness_0.3814,0.0003170035779476166,0.00017606839537620544,0.00014093518257141113,True
42,Train,randomness_0.3824,0.0063657015562057495,0.005723584443330765,0.0006421171128749847,True
42,Train,randomness_0.3844,0.006360180675983429,0.00699823722243309,-0.0006380565464496613,False
42,Train,randomness_0.3854,0.0006501525640487671,0.001460053026676178,-0.0008099004626274109,False
42,Train,randomness_0.3864,0.0036538802087306976,0.003423525020480156,0.0002303551882505417,True
42,Train,randomness_0.3874,5.903281271457672e-05,0.0005100704729557037,-0.000451037660241127,False
42,Train,randomness_0.3884,0.0023138895630836487,0.0010858997702598572,0.0012279897928237915,True
42,Train,randomness_0.3894,0.0017840899527072906,0.001473303884267807,0.00031078606843948364,True
42,Train,randomness_0.3904,0.005430702120065689,0.004355538636445999,0.00107516348361969,True
42,Train,randomness_0.3914,0.0014835260808467865,0.0009560473263263702,0.0005274787545204163,True
42,Train,randomness_0.3924,0.0009087752550840378,0.00053415447473526,0.00037462078034877777,True
42,Train,randomness_0.3934,0.0011234581470489502,0.0023341290652751923,-0.001210670918226242,False
42,Train,randomness_0.3944,0.00046232715249061584,0.00015585124492645264,0.0003064759075641632,True
42,Train,randomness_0.3974,0.001288585364818573,0.0011266693472862244,0.00016191601753234863,True
42,Train,randomness_0.3984,0.0019781850278377533,0.0023592039942741394,-0.0003810189664363861,False
42,Train,randomness_0.4004,0.0013608820736408234,7.009133696556091e-05,0.0012907907366752625,True
42,Train,randomness_0.4014,0.0021685641258955,0.002675991505384445,-0.000507427379488945,False
42,Train,randomness_0.4024,0.00010907277464866638,0.00033207982778549194,-0.00022300705313682556,False
42,Train,randomness_0.4034,0.002258904278278351,0.0017527006566524506,0.0005062036216259003,True
42,Train,randomness_0.4054,0.0032592862844467163,0.0016435347497463226,0.0016157515347003937,True
42,Train,randomness_0.4064,0.0001882612705230713,0.00027102604508399963,-8.276477456092834e-05,False
42,Train,randomness_0.4074,0.0024806559085845947,0.001567896455526352,0.0009127594530582428,True
42,Train,randomness_0.4084,0.0025792159140110016,0.0017526671290397644,0.0008265487849712372,True
42,Train,randomness_0.4104,0.002462044358253479,0.0014655739068984985,0.0009964704513549805,True
42,Train,randomness_0.4114,0.0037801694124937057,0.0031965412199497223,0.0005836281925439835,True
42,Train,randomness_0.4124,0.005978235974907875,0.005064317956566811,0.0009139180183410645,True
42,Train,randomness_0.4144,0.003247268497943878,0.002631254494190216,0.0006160140037536621,True
42,Train,randomness_0.4154,0.003536265343427658,0.0025335177779197693,0.0010027475655078888,True
42,Train,randomness_0.4164,0.0014396551996469498,0.002356385812163353,-0.0009167306125164032,False
42,Train,randomness_0.4174,0.0033746138215065002,0.002087727189064026,0.0012868866324424744,True
42,Train,randomness_0.4184,0.004254989326000214,0.002740945667028427,0.0015140436589717865,True
42,Train,randomness_0.4194,0.0017601791769266129,0.0008925814181566238,0.000867597758769989,True
42,Train,randomness_0.4204,3.952533006668091e-05,0.0005180351436138153,-0.0004785098135471344,False
42,Train,randomness_0.4214,0.0021476447582244873,0.0012580770999193192,0.0008895676583051682,True
42,Train,randomness_0.4224,0.0018589235842227936,0.0027886219322681427,-0.0009296983480453491,False
42,Train,randomness_0.4234,0.0023322589695453644,0.0016778521239757538,0.0006544068455696106,True
42,Train,randomness_0.4244,0.0027073081582784653,0.0035143066197633743,-0.0008069984614849091,False
42,Train,randomness_0.4254,0.0005742460489273071,0.0009233653545379639,-0.00034911930561065674,False
42,Train,randomness_0.4264,0.0018155276775360107,0.0008789896965026855,0.0009365379810333252,True
42,Train,randomness_0.4284,0.0022504664957523346,0.003200087696313858,-0.0009496212005615234,False
42,Train,randomness_0.4294,0.0006907247006893158,0.0012063980102539062,-0.0005156733095645905,False
42,Train,randomness_0.4304,0.0032708682119846344,0.002379525452852249,0.0008913427591323853,True
42,Train,randomness_0.4314,0.0002771727740764618,0.000285513699054718,-8.340924978256226e-06,False
42,Train,randomness_0.4334,0.0006655436009168625,0.0002103075385093689,0.0004552360624074936,True
42,Train,randomness_0.4344,0.0028796885162591934,0.0038931425660848618,-0.0010134540498256683,False
42,Train,randomness_0.4354,0.0006237607449293137,0.0015903711318969727,-0.000966610386967659,False
42,Train,randomness_0.4364,0.001184733584523201,0.0004979800432920456,0.0006867535412311554,True
42,Train,randomness_0.4374,0.0037963446229696274,0.0036689825356006622,0.00012736208736896515,True
42,Train,randomness_0.4384,0.0005148686468601227,0.0006300359964370728,-0.00011516734957695007,False
42,Train,randomness_0.4394,0.0009822584688663483,0.00018911436200141907,0.0007931441068649292,True
42,Train,randomness_0.4404,0.0016269423067569733,0.0006038807332515717,0.0010230615735054016,True
42,Train,randomness_0.4414,0.0017457753419876099,0.002774663269519806,-0.001028887927532196,False
42,Train,randomness_0.4424,0.002214144915342331,0.0014745146036148071,0.0007396303117275238,True
42,Train,randomness_0.4454,0.004935063421726227,0.004174176603555679,0.0007608868181705475,True
42,Train,randomness_0.4474,0.0017379336059093475,0.0009544789791107178,0.0007834546267986298,True
42,Train,randomness_0.4484,0.004170987755060196,0.0035042185336351395,0.0006667692214250565,True
42,Train,randomness_0.4494,0.005697561427950859,0.0051101576536893845,0.0005874037742614746,True
42,Train,randomness_0.4505,0.0012068971991539001,0.00042031705379486084,0.0007865801453590393,True
42,Train,randomness_0.4515,0.0007297564297914505,0.0013209450989961624,-0.0005911886692047119,False
42,Train,randomness_0.4535,0.005806708708405495,0.006303528323769569,-0.0004968196153640747,False
42,Train,randomness_0.4545,0.0034773871302604675,0.00330517441034317,0.00017221271991729736,True
42,Train,randomness_0.4555,0.0016263239085674286,0.0007765069603919983,0.0008498169481754303,True
42,Train,randomness_0.4565,0.001455504447221756,0.001088552176952362,0.0003669522702693939,True
42,Train,randomness_0.4575,0.001273980364203453,0.001136360689997673,0.00013761967420578003,True
42,Train,randomness_0.4585,0.0006900019943714142,0.0014337096363306046,-0.0007437076419591904,False
42,Train,randomness_0.4595,0.0052122678607702255,0.00458100251853466,0.0006312653422355652,True
42,Train,randomness_0.4605,0.00016478262841701508,7.600337266921997e-05,8.87792557477951e-05,True
42,Train,randomness_0.4625,0.0017941556870937347,0.0027281567454338074,-0.0009340010583400726,False
42,Train,randomness_0.4635,0.0012244582176208496,0.0009143762290477753,0.00031008198857307434,True
42,Train,randomness_0.4645,0.004957282915711403,0.00573308952152729,-0.0007758066058158875,False
42,Train,randomness_0.4655,0.0044681616127491,0.004147415980696678,0.00032074563205242157,True
42,Train,randomness_0.4665,0.002512643113732338,0.0031481068581342697,-0.0006354637444019318,False
42,Train,randomness_0.4675,0.00231943279504776,0.001391913741827011,0.0009275190532207489,True
42,Train,randomness_0.4685,0.0030526183545589447,0.003888942301273346,-0.0008363239467144012,False
42,Train,randomness_0.4695,0.0008813701570034027,0.0026027262210845947,-0.001721356064081192,False
42,Train,randomness_0.4715,0.0022211819887161255,0.0016362182796001434,0.0005849637091159821,True
42,Train,randomness_0.4725,0.0004998091608285904,0.0012670531868934631,-0.0007672440260648727,False
42,Train,randomness_0.4735,0.0019467510282993317,0.0013393256813287735,0.0006074253469705582,True
42,Train,randomness_0.4745,0.00259430892765522,0.0013218000531196594,0.0012725088745355606,True
42,Train,randomness_0.4755,0.002004740759730339,0.0012757685035467148,0.0007289722561836243,True
42,Train,randomness_0.4765,0.004054151475429535,0.0031495466828346252,0.0009046047925949097,True
42,Train,randomness_0.4775,0.0009514428675174713,9.7714364528656e-05,0.0008537285029888153,True
42,Train,randomness_0.4785,0.0023863688111305237,0.0014281254261732101,0.0009582433849573135,True
42,Train,randomness_0.4795,0.00017811544239521027,0.0010935645550489426,-0.0009154491126537323,False
42,Train,randomness_0.4805,0.0020944327116012573,0.0028901472687721252,-0.0007957145571708679,False
42,Train,randomness_0.4825,0.00670495443046093,0.007291393354535103,-0.000586438924074173,False
42,Train,randomness_0.4835,0.0026875361800193787,0.0016906950622797012,0.0009968411177396774,True
42,Train,randomness_0.4845,0.0012035630643367767,0.00033595412969589233,0.0008676089346408844,True
42,Train,randomness_0.4855,0.001767382025718689,0.0027818791568279266,-0.0010144971311092377,False
42,Train,randomness_0.4865,0.0028666723519563675,0.004081575199961662,-0.0012149028480052948,False
42,Train,randomness_0.4875,0.0011494457721710205,0.0019065868109464645,-0.000757141038775444,False
42,Train,randomness_0.4885,0.0009739287197589874,0.0006466787308454514,0.00032724998891353607,True
42,Train,randomness_0.4895,0.004450095817446709,0.0034478195011615753,0.0010022763162851334,True
42,Train,randomness_0.4915,0.0031081512570381165,0.0038696732372045517,-0.0007615219801664352,False
42,Train,randomness_0.4925,0.00041820481419563293,0.0003031827509403229,0.00011502206325531006,True
42,Train,randomness_0.4935,0.003834277391433716,0.003500150516629219,0.00033412687480449677,True
42,Train,randomness_0.4945,0.0008329413831233978,0.0018365494906902313,-0.0010036081075668335,False
42,Train,randomness_0.4955,0.0029001384973526,0.002482721582055092,0.00041741691529750824,True
42,Train,randomness_0.4975,0.0021151509135961533,0.003227652981877327,-0.0011125020682811737,False
42,Train,randomness_0.4995,7.660500705242157e-05,0.000781666487455368,-0.0007050614804029465,False
42,Train,randomness_0.5005,0.0007106252014636993,0.0017037354409694672,-0.0009931102395057678,False
42,Train,randomness_0.5015,6.682984530925751e-05,0.0012713447213172913,-0.0012045148760080338,False
42,Train,randomness_0.5025,0.0017908215522766113,0.002034232020378113,-0.00024341046810150146,False
42,Train,randomness_0.5035,0.0002842731773853302,0.0007775742560625076,-0.0004933010786771774,False
42,Train,randomness_0.5045,0.0013809558004140854,0.0004179924726486206,0.0009629633277654648,True
42,Train,randomness_0.5055,0.003448210656642914,0.002684015780687332,0.0007641948759555817,True
42,Train,randomness_0.5065,0.0011295285075902939,0.0021466296166181564,-0.0010171011090278625,False
42,Train,randomness_0.5075,0.003398727625608444,0.0027666818350553513,0.000632045790553093,True
42,Train,randomness_0.5085,0.00041611306369304657,0.0011529363691806793,-0.0007368233054876328,False
42,Train,randomness_0.5095,0.00045484304428100586,0.00013730302453041077,0.0003175400197505951,True
42,Train,randomness_0.5105,0.0029341522604227066,0.0020132195204496384,0.0009209327399730682,True
42,Train,randomness_0.5115,0.0004513692110776901,0.0003330148756504059,0.00011835433542728424,True
42,Train,randomness_0.5125,9.11317765712738e-05,0.0008914712816476822,-0.0008003395050764084,False
42,Train,randomness_0.5135,0.0011600516736507416,0.0019734706729650497,-0.0008134189993143082,False
42,Train,randomness_0.5145,0.0016879141330718994,0.0006727781146764755,0.0010151360183954239,True
42,Train,randomness_0.5155,0.00346178375184536,0.0027003996074199677,0.0007613841444253922,True
42,Train,randomness_0.5165,3.824010491371155e-05,0.001104777678847313,-0.0010665375739336014,False
42,Train,randomness_0.5175,0.002726646140217781,0.00228065624833107,0.0004459898918867111,True
42,Train,randomness_0.5185,0.0018147341907024384,0.0007569827139377594,0.001057751476764679,True
42,Train,randomness_0.5195,0.0030401013791561127,0.002058805897831917,0.0009812954813241959,True
42,Train,randomness_0.5205,0.00048720091581344604,0.0003123711794614792,0.00017482973635196686,True
42,Train,randomness_0.5215,0.0014239512383937836,0.00246591679751873,-0.0010419655591249466,False
42,Train,randomness_0.5235,0.0035128332674503326,0.0027316734194755554,0.0007811598479747772,True
42,Train,randomness_0.5245,0.0004608016461133957,0.0007166489958763123,-0.00025584734976291656,False
42,Train,randomness_0.5255,0.002400590106844902,0.001962946727871895,0.0004376433789730072,True
42,Train,randomness_0.5265,0.0046077389270067215,0.003775583580136299,0.0008321553468704224,True
42,Train,randomness_0.5275,0.0006320197135210037,0.001039678230881691,-0.00040765851736068726,False
42,Train,randomness_0.5285,0.00017612427473068237,0.0011807456612586975,-0.0010046213865280151,False
42,Train,randomness_0.5295,0.0021450258791446686,0.002242090180516243,-9.70643013715744e-05,False
42,Train,randomness_0.5305,0.004089776426553726,0.0029371939599514008,0.0011525824666023254,True
42,Train,randomness_0.5325,0.0016419868916273117,0.0010160021483898163,0.0006259847432374954,True
42,Train,randomness_0.5335,0.007846597582101822,0.007339760661125183,0.0005068369209766388,True
42,Train,randomness_0.5345,0.002894427627325058,0.0034568961709737778,-0.0005624685436487198,False
42,Train,randomness_0.5355,0.0032944753766059875,0.0032815933227539062,1.2882053852081299e-05,True
42,Train,randomness_0.5365,0.003806881606578827,0.004657940939068794,-0.0008510593324899673,False
42,Train,randomness_0.5375,0.006050374358892441,0.005167532712221146,0.0008828416466712952,True
42,Train,randomness_0.5385,0.0002707540988922119,0.0010266602039337158,-0.0007559061050415039,False
42,Train,randomness_0.5395,9.015388786792755e-05,0.0016041100025177002,-0.0015139561146497726,False
42,Train,randomness_0.5405,0.0011545736342668533,0.0023562777787446976,-0.0012017041444778442,False
42,Train,randomness_0.5415,0.003908239305019379,0.00278346985578537,0.0011247694492340088,True
42,Train,randomness_0.5425,0.0040936339646577835,0.0030749160796403885,0.001018717885017395,True
42,Train,randomness_0.5435,0.0024624262005090714,0.003929121419787407,-0.0014666952192783356,False
42,Train,randomness_0.5445,0.0014869216829538345,7.713772356510162e-05,0.001409783959388733,True
42,Train,randomness_0.5455,0.00035298801958560944,0.0015211142599582672,-0.0011681262403726578,False
42,Train,randomness_0.5465,0.00010347366333007812,0.0010817069560289383,-0.0009782332926988602,False
42,Train,randomness_0.5506,0.0005513299256563187,0.00018949992954730988,0.0003618299961090088,True
42,Train,randomness_0.5516,0.0004280637949705124,0.0014172140508890152,-0.0009891502559185028,False
42,Train,randomness_0.5526,0.0001963004469871521,0.0006942898035049438,-0.0004979893565177917,False
42,Train,randomness_0.5546,0.002810979261994362,0.0021045245230197906,0.0007064547389745712,True
42,Train,randomness_0.5556,0.0006963256746530533,0.00011226162314414978,0.0005840640515089035,True
42,Train,randomness_0.5566,0.004767114296555519,0.004417695105075836,0.0003494191914796829,True
42,Train,randomness_0.5576,0.0031805988401174545,0.002316676080226898,0.0008639227598905563,True
42,Train,randomness_0.5586,0.003963956609368324,0.004629652947187424,-0.0006656963378190994,False
42,Train,randomness_0.5596,0.0010790713131427765,0.0017730221152305603,-0.0006939508020877838,False
42,Train,randomness_0.5606,0.0017116311937570572,0.0009958352893590927,0.0007157959043979645,True
42,Train,randomness_0.5616,0.0007279980927705765,0.002392694354057312,-0.0016646962612867355,False
42,Train,randomness_0.5626,0.002576155588030815,0.0014307256788015366,0.0011454299092292786,True
42,Train,randomness_0.5636,0.0018678419291973114,0.0010873116552829742,0.0007805302739143372,True
42,Train,randomness_0.5646,0.002946501597762108,0.0025117825716733932,0.0004347190260887146,True
42,Train,randomness_0.5656,0.0043286774307489395,0.002638263627886772,0.0016904138028621674,True
42,Train,randomness_0.5666,0.0037085693329572678,0.002718796953558922,0.000989772379398346,True
42,Train,randomness_0.5676,0.001333337277173996,0.0011197850108146667,0.00021355226635932922,True
42,Train,randomness_0.5686,0.0011170841753482819,0.00048224255442619324,0.0006348416209220886,True
42,Train,randomness_0.5696,0.0002349410206079483,0.001217089593410492,-0.0009821485728025436,False
42,Train,randomness_0.5706,0.003000086173415184,0.0035981759428977966,-0.0005980897694826126,False
42,Train,randomness_0.5716,0.005257025361061096,0.004390530288219452,0.0008664950728416443,True
42,Train,randomness_0.5726,0.0012287050485610962,0.0021583251655101776,-0.0009296201169490814,False
42,Train,randomness_0.5736,0.0035302648320794106,0.003721511922776699,-0.0001912470906972885,False
42,Train,randomness_0.5746,0.00011298060417175293,0.0013629011809825897,-0.0012499205768108368,False
42,Train,randomness_0.5756,0.004435377195477486,0.003827754408121109,0.0006076227873563766,True
42,Train,randomness_0.5766,0.0022201798856258392,0.0012278277426958084,0.0009923521429300308,True
42,Train,randomness_0.5776,0.00019984692335128784,0.0017051957547664642,-0.0015053488314151764,False
42,Train,randomness_0.5786,0.00021097809076309204,0.0007893946021795273,-0.0005784165114164352,False
42,Train,randomness_0.5796,0.0060180313885211945,0.0046074278652668,0.0014106035232543945,True
42,Train,randomness_0.5806,0.00035073421895504,0.0014018211513757706,-0.0010510869324207306,False
42,Train,randomness_0.5816,0.002074647694826126,0.003495350480079651,-0.0014207027852535248,False
42,Train,randomness_0.5826,0.0023798514157533646,0.001337490975856781,0.0010423604398965836,True
42,Train,randomness_0.5836,0.0033680275082588196,0.0025444310158491135,0.0008235964924097061,True
42,Train,randomness_0.5846,0.0006021670997142792,0.002241019159555435,-0.001638852059841156,False
42,Train,randomness_0.5866,0.007663711905479431,0.008309222757816315,-0.0006455108523368835,False
42,Train,randomness_0.5876,0.0011073630303144455,0.0016526877880096436,-0.0005453247576951981,False
42,Train,randomness_0.5886,0.0034727342426776886,0.003217499703168869,0.0002552345395088196,True
42,Train,randomness_0.5896,0.0005003120750188828,0.0001554526388645172,0.00034485943615436554,True
42,Train,randomness_0.5906,0.0066879987716674805,0.008275918662548065,-0.0015879198908805847,False
42,Train,randomness_0.5916,0.0007604528218507767,0.002437470480799675,-0.0016770176589488983,False
42,Train,randomness_0.5926,0.002092568203806877,0.0018616672605276108,0.00023090094327926636,True
42,Train,randomness_0.5956,0.00048290565609931946,0.0020412374287843704,-0.001558331772685051,False
42,Train,randomness_0.5966,0.0031226063147187233,0.0021346472203731537,0.0009879590943455696,True
42,Train,randomness_0.5976,0.004515079781413078,0.004479169845581055,3.590993583202362e-05,True
42,Train,randomness_0.5986,0.0012296326458454132,0.001483498141169548,-0.0002538654953241348,False
42,Train,randomness_0.5996,0.0017438922077417374,0.002798013389110565,-0.0010541211813688278,False
42,Train,randomness_0.6006,0.004048924893140793,0.0029941052198410034,0.0010548196732997894,True
42,Train,randomness_0.6016,0.0048501454293727875,0.005918195471167564,-0.001068050041794777,False
42,Train,randomness_0.6026,0.0003960896283388138,0.00028275325894355774,0.00011333636939525604,True
42,Train,randomness_0.6036,0.0053157079964876175,0.004371408373117447,0.0009442996233701706,True
42,Train,randomness_0.6046,0.0007091611623764038,0.000974627211689949,-0.0002654660493135452,False
42,Train,randomness_0.6056,0.007744288071990013,0.006424799561500549,0.0013194885104894638,True
42,Train,randomness_0.6066,0.004206527024507523,0.005832921713590622,-0.0016263946890830994,False
42,Train,randomness_0.6076,0.00047247856855392456,0.0010661911219358444,-0.0005937125533819199,False
42,Train,randomness_0.6086,0.00029909610748291016,0.0009085908532142639,-0.0006094947457313538,False
42,Train,randomness_0.6096,0.0038204845041036606,0.004773365333676338,-0.0009528808295726776,False
42,Train,randomness_0.6106,0.0032064816914498806,0.0032848906703293324,-7.840897887945175e-05,False
42,Train,randomness_0.6116,0.0022361967712640762,0.0008074156939983368,0.0014287810772657394,True
42,Train,randomness_0.6126,0.0010016243904829025,0.0005599316209554672,0.0004416927695274353,True
42,Train,randomness_0.6136,0.004494566470384598,0.005625622346997261,-0.0011310558766126633,False
42,Train,randomness_0.6146,0.001842426136136055,0.0008378494530916214,0.0010045766830444336,True
42,Train,randomness_0.6156,0.00023758038878440857,0.000731389969587326,-0.0004938095808029175,False
42,Train,randomness_0.6176,0.006336992606520653,0.0057718586176633835,0.0005651339888572693,True
42,Train,randomness_0.6186,0.0027920417487621307,0.003531290218234062,-0.0007392484694719315,False
42,Train,randomness_0.6206,0.002508636564016342,0.003636687994003296,-0.0011280514299869537,False
42,Train,randomness_0.6216,0.006334858946502209,0.00665342528373003,-0.00031856633722782135,False
42,Train,randomness_0.6236,0.0007433081045746803,0.0020636962726712227,-0.0013203881680965424,False
42,Train,randomness_0.6246,0.0035342834889888763,0.004207199439406395,-0.0006729159504175186,False
42,Train,randomness_0.6266,0.005992026999592781,0.0058580003678798676,0.0001340266317129135,True
42,Train,randomness_0.6276,0.00016089342534542084,0.0006390213966369629,-0.00047812797129154205,False
42,Train,randomness_0.6286,0.0003204643726348877,0.002068830654025078,-0.0017483662813901901,False
42,Train,randomness_0.6296,0.0022511817514896393,0.0013290531933307648,0.0009221285581588745,True
42,Train,randomness_0.6306,0.00022784247994422913,0.0008176863193511963,-0.0005898438394069672,False
42,Train,randomness_0.6326,0.0017466545104980469,0.0012478623539209366,0.0004987921565771103,True
42,Train,randomness_0.6346,0.0007811523973941803,0.0015570037066936493,-0.000775851309299469,False
42,Train,randomness_0.6356,0.002437025308609009,0.0030705630779266357,-0.000633537769317627,False
42,Train,randomness_0.6376,0.004279440268874168,0.002810649573802948,0.0014687906950712204,True
42,Train,randomness_0.6386,0.0021661892533302307,0.003200243227183819,-0.001034053973853588,False
42,Train,randomness_0.6396,0.002244124189019203,0.0012970175594091415,0.0009471066296100616,True
42,Train,randomness_0.6406,0.006891408935189247,0.005659561604261398,0.0012318473309278488,True
42,Train,randomness_0.6416,2.0820647478103638e-05,0.001340758055448532,-0.0013199374079704285,False
42,Train,randomness_0.6446,0.00392049178481102,0.00452524796128273,-0.0006047561764717102,False
42,Train,randomness_0.6466,0.0004047174006700516,0.0010388363152742386,-0.000634118914604187,False
42,Train,randomness_0.6476,0.00036676786839962006,0.0012322217226028442,-0.0008654538542032242,False
42,Train,randomness_0.6486,0.0018078237771987915,0.0006131716072559357,0.0011946521699428558,True
42,Train,randomness_0.6507,0.00012127496302127838,0.0004578903317451477,-0.0003366153687238693,False
42,Train,randomness_0.6517,0.0003562485799193382,0.000789969228208065,-0.0004337206482887268,False
42,Train,randomness_0.6527,0.000307401642203331,0.0009457860141992569,-0.0006383843719959259,False
42,Train,randomness_0.6537,0.0022879913449287415,0.0011217016726732254,0.001166289672255516,True
42,Train,randomness_0.6547,0.0032441988587379456,0.004682550206780434,-0.001438351348042488,False
42,Train,randomness_0.6557,0.005861496552824974,0.005987431854009628,-0.00012593530118465424,False
42,Train,randomness_0.6567,0.0033266153186559677,0.00328996405005455,3.665126860141754e-05,True
42,Train,randomness_0.6577,0.00022294558584690094,0.0012583080679178238,-0.0010353624820709229,False
42,Train,randomness_0.6587,0.0011607203632593155,0.0005400329828262329,0.0006206873804330826,True
42,Train,randomness_0.6597,0.0023892614990472794,0.0010316651314496994,0.00135759636759758,True
42,Train,randomness_0.6607,0.004349241033196449,0.003247637301683426,0.0011016037315130234,True
42,Train,randomness_0.6617,0.0015614274889230728,0.0024367384612560272,-0.0008753109723329544,False
42,Train,randomness_0.6627,0.0005758721381425858,0.0011702906340360641,-0.0005944184958934784,False
42,Train,randomness_0.6637,0.0024023130536079407,0.001247115433216095,0.0011551976203918457,True
42,Train,randomness_0.6647,0.0004960037767887115,0.0004588216543197632,3.7182122468948364e-05,True
42,Train,randomness_0.6657,0.0023227352648973465,0.0024879686534404755,-0.00016523338854312897,False
42,Train,randomness_0.6667,0.005038447678089142,0.00414976105093956,0.0008886866271495819,True
42,Train,randomness_0.6677,0.0009394828230142593,0.0016364715993404388,-0.0006969887763261795,False
42,Train,randomness_0.6687,0.004282992333173752,0.005178729072213173,-0.0008957367390394211,False
42,Train,randomness_0.6697,0.004429135471582413,0.005317733623087406,-0.0008885981515049934,False
42,Train,randomness_0.6707,0.0048139384016394615,0.005895198322832584,-0.0010812599211931229,False
42,Train,randomness_0.6717,0.005683179944753647,0.006444161757826805,-0.0007609818130731583,False
42,Train,randomness_0.6727,0.0002825167030096054,0.001477004960179329,-0.0011944882571697235,False
42,Train,randomness_0.6737,0.002599986270070076,0.0016820058226585388,0.0009179804474115372,True
42,Train,randomness_0.6747,0.005454599857330322,0.005032550543546677,0.00042204931378364563,True
42,Train,randomness_0.6767,0.0043428074568510056,0.005273997783660889,-0.0009311903268098831,False
42,Train,randomness_0.6777,0.0058340709656476974,0.005494201555848122,0.0003398694097995758,True
42,Train,randomness_0.6787,0.004213749431073666,0.003982545807957649,0.0002312036231160164,True
42,Train,randomness_0.6797,0.003980062901973724,0.0051361797377467155,-0.0011561168357729912,False
42,Train,randomness_0.6807,0.001063549891114235,0.0016757957637310028,-0.0006122458726167679,False
42,Train,randomness_0.6817,0.0015383604913949966,0.0010781828314065933,0.0004601776599884033,True
42,Train,randomness_0.6827,0.005133788101375103,0.004979112185537815,0.0001546759158372879,True
42,Train,randomness_0.6847,0.004432921297848225,0.005396493710577488,-0.0009635724127292633,False
42,Train,randomness_0.6857,0.0027906345203518867,0.0017054267227649689,0.0010852077975869179,True
42,Train,randomness_0.6867,0.0009291265159845352,0.00017797574400901794,0.0007511507719755173,True
42,Train,randomness_0.6877,0.00391157902777195,0.004531437531113625,-0.0006198585033416748,False
42,Train,randomness_0.6917,0.0034673037007451057,0.004676624201238155,-0.0012093205004930496,False
42,Train,randomness_0.6927,0.002219969406723976,0.0015184376388788223,0.0007015317678451538,True
42,Train,randomness_0.6937,0.0020762011408805847,0.0031556319445371628,-0.001079430803656578,False
42,Train,randomness_0.6947,0.0017394870519638062,0.0012742578983306885,0.0004652291536331177,True
42,Train,randomness_0.6957,0.0024430640041828156,0.0018046926707029343,0.0006383713334798813,True
42,Train,randomness_0.6967,0.0016626082360744476,0.0011745374649763107,0.0004880707710981369,True
42,Train,randomness_0.6977,0.005614962428808212,0.005179796367883682,0.00043516606092453003,True
42,Train,randomness_0.6987,0.0032002758234739304,0.0032430151477456093,-4.2739324271678925e-05,False
42,Train,randomness_0.6997,0.0009079258888959885,0.0009399931877851486,-3.2067298889160156e-05,False
42,Train,randomness_0.7007,0.004360807128250599,0.003862217999994755,0.0004985891282558441,True
42,Train,randomness_0.7017,0.0008569732308387756,0.0005975328385829926,0.0002594403922557831,True
42,Train,randomness_0.7027,0.00041771121323108673,0.00020070374011993408,0.00021700747311115265,True
42,Train,randomness_0.7037,0.0038484223186969757,0.003367021679878235,0.00048140063881874084,True
42,Train,randomness_0.7047,0.0019687581807374954,0.002065492793917656,-9.673461318016052e-05,False
42,Train,randomness_0.7057,0.0013701189309358597,0.0001567453145980835,0.0012133736163377762,True
42,Train,randomness_0.7067,0.002489549107849598,0.0015944354236125946,0.0008951136842370033,True
42,Train,randomness_0.7077,0.0003098379820585251,0.0003676563501358032,-5.781836807727814e-05,False
42,Train,randomness_0.7087,0.0025276364758610725,0.0024415645748376846,8.607190102338791e-05,True
42,Train,randomness_0.7097,0.001330183818936348,0.0012892447412014008,4.0939077734947205e-05,True
42,Train,randomness_0.7107,0.0003536054864525795,0.0006081871688365936,-0.00025458168238401413,False
42,Train,randomness_0.7117,0.003415987826883793,0.002732992172241211,0.0006829956546425819,True
42,Train,randomness_0.7127,0.0036549903452396393,0.005093572661280632,-0.0014385823160409927,False
42,Train,randomness_0.7137,0.0007057860493659973,0.0003102356567978859,0.0003955503925681114,True
42,Train,randomness_0.7147,0.0038986261934041977,0.004942413419485092,-0.0010437872260808945,False
42,Train,randomness_0.7167,0.004487966187298298,0.004184907302260399,0.000303058885037899,True
42,Train,randomness_0.7177,0.0008641351014375687,0.0002093818038702011,0.0006547532975673676,True
42,Train,randomness_0.7187,0.0019196532666683197,0.0010469937697052956,0.0008726594969630241,True
42,Train,randomness_0.7197,0.0070215449668467045,0.006897921208292246,0.00012362375855445862,True
42,Train,randomness_0.7207,0.0009977370500564575,0.00011745467782020569,0.0008802823722362518,True
42,Train,randomness_0.7217,0.0032746847718954086,0.0026605911552906036,0.000614093616604805,True
42,Train,randomness_0.7227,0.0029480895027518272,0.003571724519133568,-0.0006236350163817406,False
42,Train,randomness_0.7237,0.0014848802238702774,0.00252549909055233,-0.0010406188666820526,False
42,Train,randomness_0.7247,0.002436031587421894,0.0028932932764291763,-0.00045726168900728226,False
42,Train,randomness_0.7277,0.0012888861820101738,0.001962815411388874,-0.0006739292293787003,False
42,Train,randomness_0.7287,0.0006269291043281555,0.0008086990565061569,-0.0001817699521780014,False
42,Train,randomness_0.7297,0.0010797763243317604,0.0011112615466117859,-3.148522228002548e-05,False
42,Train,randomness_0.7307,0.004446697421371937,0.004941636696457863,-0.0004949392750859261,False
42,Train,randomness_0.7327,0.0057388786226511,0.007512164302170277,-0.0017732856795191765,False
42,Train,randomness_0.7337,0.0027432171627879143,0.0030632736161351204,-0.0003200564533472061,False
42,Train,randomness_0.7347,0.0004821028560400009,0.00035800226032733917,0.00012410059571266174,True
42,Train,randomness_0.7357,0.0005229748785495758,0.002613244578242302,-0.002090269699692726,False
42,Train,randomness_0.7367,0.00015807431191205978,0.00030078087002038956,-0.00014270655810832977,False
42,Train,randomness_0.7377,0.000562361441552639,0.0007138261571526527,-0.00015146471560001373,False
42,Train,randomness_0.7387,0.0011983104050159454,0.0018318225629627705,-0.000633512157946825,False
42,Train,randomness_0.7397,0.0015891920775175095,0.002661430276930332,-0.0010722381994128227,False
42,Train,randomness_0.7407,0.0045896731317043304,0.004156799055635929,0.00043287407606840134,True
42,Train,randomness_0.7417,0.0012300554662942886,0.001331377774477005,-0.00010132230818271637,False
42,Train,randomness_0.7427,0.003532741218805313,0.002344834618270397,0.001187906600534916,True
42,Train,randomness_0.7437,0.0007255654782056808,0.0006470903754234314,7.847510278224945e-05,True
42,Train,randomness_0.7447,0.002301928587257862,0.0018144743517041206,0.00048745423555374146,True
42,Train,randomness_0.7457,0.004345429129898548,0.004998990334570408,-0.0006535612046718597,False
42,Train,randomness_0.7467,0.0024569062516093254,0.003059803508222103,-0.0006028972566127777,False
42,Train,randomness_0.7477,0.0016433130949735641,0.001042904332280159,0.0006004087626934052,True
42,Train,randomness_0.7487,0.0027646981179714203,0.0025019394233822823,0.00026275869458913803,True
42,Train,randomness_0.7497,0.003141410183161497,0.0042330012656748295,-0.0010915910825133324,False
42,Train,randomness_0.7508,0.004590408876538277,0.004282760433852673,0.0003076484426856041,True
42,Train,randomness_0.7518,0.007775918580591679,0.007836502976715565,-6.058439612388611e-05,False
42,Train,randomness_0.7538,0.0002921056002378464,0.0018954556435346603,-0.001603350043296814,False
42,Train,randomness_0.7548,0.0037979441694915295,0.005367118399590254,-0.0015691742300987244,False
42,Train,randomness_0.7558,0.004823298193514347,0.004366012290120125,0.00045728590339422226,True
42,Train,randomness_0.7568,0.004380533471703529,0.005212076008319855,-0.0008315425366163254,False
42,Train,randomness_0.7578,0.006094850599765778,0.007089709863066673,-0.0009948592633008957,False
42,Train,randomness_0.7598,0.00012979749590158463,0.0004092203453183174,-0.0002794228494167328,False
42,Train,randomness_0.7608,0.001795588992536068,0.001714138314127922,8.14506784081459e-05,True
42,Train,randomness_0.7618,0.0014171097427606583,0.0018435372039675713,-0.000426427461206913,False
42,Train,randomness_0.7628,0.0032564199063926935,0.003191476920619607,6.494298577308655e-05,True
42,Train,randomness_0.7638,0.0027707088738679886,0.0027123019099235535,5.840696394443512e-05,True
42,Train,randomness_0.7658,0.0006215088069438934,0.0009034918621182442,-0.00028198305517435074,False
42,Train,randomness_0.7668,5.721021443605423e-05,0.0001309327781200409,-7.372256368398666e-05,False
42,Train,randomness_0.7678,0.0007738899439573288,0.002196851186454296,-0.0014229612424969673,False
42,Train,randomness_0.7698,0.001834208145737648,0.0024885088205337524,-0.0006543006747961044,False
42,Train,randomness_0.7708,0.0008242791518568993,0.0019738031551241875,-0.0011495240032672882,False
42,Train,randomness_0.7718,0.001519461628049612,0.0023847906850278378,-0.0008653290569782257,False
42,Train,randomness_0.7728,0.0025842245668172836,0.002551770769059658,3.245379775762558e-05,True
42,Train,randomness_0.7738,0.00644284300506115,0.005301598459482193,0.0011412445455789566,True
42,Train,randomness_0.7748,0.0024493085220456123,0.00241780374199152,3.150478005409241e-05,True
42,Train,randomness_0.7768,0.00023080036044120789,0.0007879044860601425,-0.0005571041256189346,False
42,Train,randomness_0.7778,0.0011365432292222977,0.00199882872402668,-0.0008622854948043823,False
42,Train,randomness_0.7788,0.003373116720467806,0.0027022715657949448,0.0006708451546728611,True
42,Train,randomness_0.7798,0.006067616865038872,0.005583478137850761,0.00048413872718811035,True
42,Train,randomness_0.7808,0.00038786325603723526,1.869630068540573e-05,0.00036916695535182953,True
42,Train,randomness_0.7818,0.0011312542483210564,0.0009387368336319923,0.00019251741468906403,True
42,Train,randomness_0.7828,0.0022412938997149467,0.0012915097177028656,0.0009497841820120811,True
42,Train,randomness_0.7838,0.0003649769350886345,0.0003346158191561699,3.03611159324646e-05,True
42,Train,randomness_0.7848,0.0012072371318936348,0.0014998633414506912,-0.0002926262095570564,False
42,Train,randomness_0.7858,0.0008477829396724701,0.0011248812079429626,-0.00027709826827049255,False
42,Train,randomness_0.7868,0.002013852819800377,0.0010109832510352135,0.0010028695687651634,True
42,Train,randomness_0.7878,0.0023430567234754562,0.003445001319050789,-0.0011019445955753326,False
42,Train,randomness_0.7898,0.002609820105135441,0.0016887364909052849,0.0009210836142301559,True
42,Train,randomness_0.7908,0.00038329511880874634,0.0006713317707180977,-0.00028803665190935135,False
42,Train,randomness_0.7918,0.001189148984849453,0.0024661505594849586,-0.0012770015746355057,False
42,Train,randomness_0.7928,0.0037529421970248222,0.0030283238738775253,0.0007246183231472969,True
42,Train,randomness_0.7938,0.007112105377018452,0.007556776516139507,-0.0004446711391210556,False
42,Train,randomness_0.7948,0.0027950480580329895,0.002411533147096634,0.0003835149109363556,True
42,Train,randomness_0.7958,0.005141640082001686,0.005085337907075882,5.630217492580414e-05,True
42,Train,randomness_0.7968,0.005330132320523262,0.006250288803130388,-0.0009201564826071262,False
42,Train,randomness_0.7978,0.0013804063200950623,0.001326942816376686,5.346350371837616e-05,True
42,Train,randomness_0.7988,0.0008955281227827072,0.0018588090315461159,-0.0009632809087634087,False
42,Train,randomness_0.7998,0.004196245688945055,0.004239134956151247,-4.2889267206192017e-05,False
42,Train,randomness_0.8008,5.852431058883667e-06,0.0003223344683647156,-0.0003164820373058319,False
42,Train,randomness_0.8018,0.0006824377924203873,0.0009473720565438271,-0.0002649342641234398,False
42,Train,randomness_0.8028,0.0014133155345916748,0.0011962177231907845,0.00021709781140089035,True
42,Train,randomness_0.8038,0.0006608162075281143,0.0026111938059329987,-0.0019503775984048843,False
42,Train,randomness_0.8048,0.0020112674683332443,0.003513013944029808,-0.0015017464756965637,False
42,Train,randomness_0.8058,0.0021582329645752907,0.0015565669164061546,0.000601666048169136,True
42,Train,randomness_0.8068,0.0011800294741988182,0.0007434068247675896,0.00043662264943122864,True
42,Train,randomness_0.8078,0.0011407854035496712,0.0007079802453517914,0.0004328051581978798,True
42,Train,randomness_0.8088,0.0019321893341839314,0.0026897420175373554,-0.0007575526833534241,False
42,Train,randomness_0.8098,0.0013771271333098412,0.0004962095990777016,0.0008809175342321396,True
42,Train,randomness_0.8108,0.002560198772698641,0.0022513200528919697,0.00030887871980667114,True
42,Train,randomness_0.8128,0.0030654994770884514,0.0035329964011907578,-0.00046749692410230637,False
42,Train,randomness_0.8138,0.0008053192868828773,0.0010773232206702232,-0.0002720039337873459,False
42,Train,randomness_0.8148,0.00238848477602005,0.0027896277606487274,-0.00040114298462867737,False
42,Train,randomness_0.8158,0.0013088751584291458,0.0012424709275364876,6.640423089265823e-05,True
42,Train,randomness_0.8168,0.004001092631369829,0.004603971261531115,-0.0006028786301612854,False
42,Train,randomness_0.8178,0.0022888551466166973,0.0025310716591775417,-0.00024221651256084442,False
42,Train,randomness_0.8188,0.002269469201564789,0.003291046479716897,-0.0010215772781521082,False
42,Train,randomness_0.8198,0.0010011522099375725,0.000975034199655056,2.611801028251648e-05,True
42,Train,randomness_0.8208,0.0068927970714867115,0.007431043777614832,-0.0005382467061281204,False
42,Train,randomness_0.8218,8.97655263543129e-05,0.0009880876168608665,-0.0008983220905065536,False
42,Train,randomness_0.8228,0.0025715252850204706,0.003345273667946458,-0.0007737483829259872,False
42,Train,randomness_0.8238,0.001312454231083393,0.0009291572496294975,0.00038329698145389557,True
42,Train,randomness_0.8248,0.0022293860092759132,0.0018795821815729141,0.0003498038277029991,True
42,Train,randomness_0.8258,0.004846712574362755,0.004420604556798935,0.0004261080175638199,True
42,Train,randomness_0.8268,0.0007599517703056335,0.0011020954698324203,-0.0003421436995267868,False
42,Train,randomness_0.8278,0.0021281633526086807,0.0015155430883169174,0.0006126202642917633,True
42,Train,randomness_0.8288,0.003879483789205551,0.0035184696316719055,0.00036101415753364563,True
42,Train,randomness_0.8298,0.0011628875508904457,0.0017362982034683228,-0.000573410652577877,False
42,Train,randomness_0.8308,0.0026504769921302795,0.001811073161661625,0.0008394038304686546,True
42,Train,randomness_0.8328,0.003706017741933465,0.004239246249198914,-0.0005332285072654486,False
42,Train,randomness_0.8338,0.0015281736850738525,9.603053331375122e-05,0.0014321431517601013,True
42,Train,randomness_0.8348,0.0016128234565258026,0.0011554518714547157,0.0004573715850710869,True
42,Train,randomness_0.8358,0.004394033923745155,0.005493637174367905,-0.0010996032506227493,False
42,Train,randomness_0.8368,0.0016846833750605583,0.0019156411290168762,-0.0002309577539563179,False
42,Train,randomness_0.8378,0.003455433528870344,0.004392937291413546,-0.0009375037625432014,False
42,Train,randomness_0.8388,0.00013555027544498444,6.039440631866455e-05,7.515586912631989e-05,True
42,Train,randomness_0.8408,0.003742548171430826,0.004622774664312601,-0.0008802264928817749,False
42,Train,randomness_0.8428,0.0036918758414685726,0.004461013246327639,-0.000769137404859066,False
42,Train,randomness_0.8438,0.003275596536695957,0.0034865867346525192,-0.00021099019795656204,False
42,Train,randomness_0.8458,0.0020046811550855637,0.0016762297600507736,0.00032845139503479004,True
42,Train,randomness_0.8468,0.0006736805662512779,0.000708775594830513,-3.509502857923508e-05,False
42,Train,randomness_0.8478,0.0008968189358711243,0.0004530157893896103,0.000443803146481514,True
42,Train,randomness_0.8488,0.0010802708566188812,0.00029481202363967896,0.0007854588329792023,True
42,Train,randomness_0.8498,0.001057896763086319,1.1194497346878052e-06,0.0010567773133516312,True
42,Train,randomness_0.8509,0.006179718300700188,0.006714841350913048,-0.0005351230502128601,False
42,Train,randomness_0.8529,0.0024409331381320953,0.003944129683077335,-0.00150319654494524,False
42,Train,randomness_0.8539,0.001194976270198822,0.00031386129558086395,0.0008811149746179581,True
42,Train,randomness_0.8549,0.0012395312078297138,0.0017751757986843586,-0.0005356445908546448,False
42,Train,randomness_0.8559,0.0017990637570619583,0.0014281906187534332,0.0003708731383085251,True
42,Train,randomness_0.8579,0.002588014118373394,0.0031661558896303177,-0.0005781417712569237,False
42,Train,randomness_0.8589,0.004597376100718975,0.005878685042262077,-0.0012813089415431023,False
42,Train,randomness_0.8599,0.0006604306399822235,0.00038959644734859467,0.00027083419263362885,True
42,Train,randomness_0.8609,0.003436892759054899,0.0037913224659860134,-0.0003544297069311142,False
42,Train,randomness_0.8619,0.00034735770896077156,0.001640446949750185,-0.0012930892407894135,False
42,Train,randomness_0.8629,0.004788944963365793,0.00480251619592309,-1.3571232557296753e-05,False
42,Train,randomness_0.8639,0.0054157632403075695,0.00516402255743742,0.0002517406828701496,True
42,Train,randomness_0.8649,0.0030510835349559784,0.004031145945191383,-0.000980062410235405,False
42,Train,randomness_0.8659,0.0025106975808739662,0.003254195675253868,-0.0007434980943799019,False
42,Train,randomness_0.8669,0.0013637635856866837,0.002484351396560669,-0.0011205878108739853,False
42,Train,randomness_0.8679,0.0009668758139014244,0.0011172499507665634,-0.000150374136865139,False
42,Train,randomness_0.8689,0.0013413429260253906,0.0015275105834007263,-0.0001861676573753357,False
42,Train,randomness_0.8699,0.0008387444540858269,0.00045788101851940155,0.0003808634355664253,True
42,Train,randomness_0.8709,9.719282388687134e-06,0.0004453454166650772,-0.0004356261342763901,False
42,Train,randomness_0.8719,0.006449849344789982,0.006606537848711014,-0.00015668850392103195,False
42,Train,randomness_0.8729,0.002912454539909959,0.0031747242901474237,-0.0002622697502374649,False
42,Train,randomness_0.8739,8.832663297653198e-06,4.127435386180878e-05,-3.244169056415558e-05,False
42,Train,randomness_0.8749,0.0045987693592906,0.004084620624780655,0.0005141487345099449,True
42,Train,randomness_0.8759,0.00397252943366766,0.0035863351076841354,0.0003861943259835243,True
42,Train,randomness_0.8769,0.0014966188464313745,0.0011963250581175089,0.00030029378831386566,True
42,Train,randomness_0.8799,0.002405728679150343,0.0027912422083318233,-0.0003855135291814804,False
42,Train,randomness_0.8809,0.004613209515810013,0.00400950200855732,0.0006037075072526932,True
42,Train,randomness_0.8819,0.0011995513923466206,0.0012624929659068584,-6.294157356023788e-05,False
42,Train,randomness_0.8829,0.0016707563772797585,0.00076270941644907,0.0009080469608306885,True
42,Train,randomness_0.8839,0.0010801386088132858,0.0002791993319988251,0.0008009392768144608,True
42,Train,randomness_0.8849,0.005437752231955528,0.0060309916734695435,-0.0005932394415140152,False
42,Train,randomness_0.8859,0.003635906148701906,0.004086048807948828,-0.00045014265924692154,False
42,Train,randomness_0.8869,0.0041207317262887955,0.00572193693369627,-0.0016012052074074745,False
42,Train,randomness_0.8879,0.0006858697161078453,0.0005062231793999672,0.0001796465367078781,True
42,Train,randomness_0.8889,0.0031242435798048973,0.0035172835923731327,-0.0003930400125682354,False
42,Train,randomness_0.8899,0.002658412093296647,0.002510711783543229,0.00014770030975341797,True
42,Train,randomness_0.8909,0.001469101756811142,0.0016417894512414932,-0.00017268769443035126,False
42,Train,randomness_0.8919,0.002726377919316292,0.00362206157296896,-0.000895683653652668,False
42,Train,randomness_0.8929,0.00046002864837646484,0.0005025416612625122,-4.251301288604736e-05,False
42,Train,randomness_0.8939,0.0019717481918632984,0.0029318039305508137,-0.0009600557386875153,False
42,Train,randomness_0.8949,0.0019708839245140553,0.0024749026633799076,-0.0005040187388658524,False
42,Train,randomness_0.8959,0.0018366350559517741,0.0009249970316886902,0.0009116380242630839,True
42,Train,randomness_0.8969,0.0008007603464648128,0.0017324815271422267,-0.0009317211806774139,False
42,Train,randomness_0.8979,0.0008786879479885101,0.0025119222700595856,-0.0016332343220710754,False
42,Train,randomness_0.8989,0.0007435940206050873,0.0012152590788900852,-0.00047166505828499794,False
42,Train,randomness_0.8999,0.002297164872288704,0.002027256414294243,0.00026990845799446106,True
42,Train,randomness_0.9029,0.0013736747205257416,0.0017378813354298472,-0.00036420661490410566,False
42,Train,randomness_0.9039,0.0027960767038166523,0.002643404994159937,0.0001526717096567154,True
42,Train,randomness_0.9049,0.00027346424758434296,0.0003590155392885208,-8.555129170417786e-05,False
42,Train,randomness_0.9059,0.0032683606259524822,0.002698302734643221,0.0005700578913092613,True
42,Train,randomness_0.9069,0.0021211630664765835,0.0013434379361569881,0.0007777251303195953,True
42,Train,randomness_0.9079,0.00030477531254291534,0.00027283094823360443,3.194436430931091e-05,True
42,Train,randomness_0.9089,0.0030152169056236744,0.003614883404225111,-0.0005996664986014366,False
42,Train,randomness_0.9109,0.0006042907480150461,0.0001190081238746643,0.0004852826241403818,True
42,Train,randomness_0.9119,0.0007522273808717728,0.00016859732568264008,0.0005836300551891327,True
42,Train,randomness_0.9129,0.002924777567386627,0.004470827057957649,-0.001546049490571022,False
42,Train,randomness_0.9139,0.0007003359496593475,0.0002316376194357872,0.00046869833022356033,True
42,Train,randomness_0.9149,0.0044070277363061905,0.004107877612113953,0.00029915012419223785,True
42,Train,randomness_0.9159,0.0043477448634803295,0.0042670792900025845,8.066557347774506e-05,True
42,Train,randomness_0.9169,0.0051392000168561935,0.005144540220499039,-5.340203642845154e-06,False
42,Train,randomness_0.9179,0.002820596331730485,0.002405576640740037,0.000415019690990448,True
42,Train,randomness_0.9189,0.0018440098501741886,0.0031142947264015675,-0.0012702848762273788,False
42,Train,randomness_0.9199,0.00039854669012129307,0.0016466586384922266,-0.0012481119483709335,False
42,Train,randomness_0.9219,3.641471266746521e-05,0.00022620323579758406,-0.00018978852313011885,False
42,Train,randomness_0.9229,0.0010044891387224197,0.0025957971811294556,-0.0015913080424070358,False
42,Train,randomness_0.9239,0.0014728568494319916,0.0010353419929742813,0.00043751485645771027,True
42,Train,randomness_0.9249,0.005080411210656166,0.005889149382710457,-0.0008087381720542908,False
42,Train,randomness_0.9259,0.0019247813615947962,0.0005560871213674545,0.0013686942402273417,True
42,Train,randomness_0.9289,0.0030966626945883036,0.0035375526640564203,-0.00044088996946811676,False
42,Train,randomness_0.9299,0.0024347747676074505,0.004107737448066473,-0.0016729626804590225,False
42,Train,randomness_0.9309,0.0002421550452709198,0.0006671911105513573,-0.00042503606528043747,False
42,Train,randomness_0.9319,0.005092198494821787,0.00423025619238615,0.0008619423024356365,True
42,Train,randomness_0.9339,0.002278289757668972,0.0023857541382312775,-0.00010746438056230545,False
42,Train,randomness_0.9349,0.001899661379866302,0.001285238191485405,0.000614423188380897,True
42,Train,randomness_0.9359,0.0009804889559745789,0.0017609931528568268,-0.0007805041968822479,False
42,Train,randomness_0.9369,0.002704617567360401,0.00498840119689703,-0.0022837836295366287,False
42,Train,randomness_0.9389,0.0037352631334215403,0.004015812650322914,-0.00028054951690137386,False
42,Train,randomness_0.9399,0.0006865169852972031,0.0020114146173000336,-0.0013248976320028305,False
42,Train,randomness_0.9409,0.0017130980268120766,0.0022943466901779175,-0.0005812486633658409,False
42,Train,randomness_0.9419,0.0009317528456449509,0.0015075261471793056,-0.0005757733015343547,False
42,Train,randomness_0.9429,0.0008076168596744537,0.0013400968164205551,-0.0005324799567461014,False
42,Train,randomness_0.9449,0.002193642780184746,0.0028289929032325745,-0.0006353501230478287,False
42,Train,randomness_0.9459,0.0016066310927271843,0.001514527015388012,9.210407733917236e-05,True
42,Train,randomness_0.9469,0.004234524443745613,0.0036064162850379944,0.0006281081587076187,True
42,Train,randomness_0.9479,0.006669847294688225,0.00786902941763401,-0.0011991821229457855,False
42,Train,randomness_0.9489,0.0026138219982385635,0.002071162685751915,0.0005426593124866486,True
42,Train,randomness_0.9499,0.0021098903380334377,0.0015926482155919075,0.0005172421224415302,True
42,Train,randomness_0.9510,0.003359837457537651,0.0043175108730793,-0.0009576734155416489,False
42,Train,randomness_0.9520,0.001876423368230462,0.0016058164183050394,0.00027060694992542267,True
42,Train,randomness_0.9530,0.0020847655832767487,0.002283157780766487,-0.00019839219748973846,False
42,Train,randomness_0.9540,0.0028380705043673515,0.003417667932808399,-0.0005795974284410477,False
42,Train,randomness_0.9550,0.0014376232866197824,0.0018530136439949274,-0.00041539035737514496,False
42,Train,randomness_0.9560,0.00300235697068274,0.002438697963953018,0.000563659006729722,True
42,Train,randomness_0.9570,0.0015966352075338364,0.001758817583322525,-0.00016218237578868866,False
42,Train,randomness_0.9580,0.0014513558708131313,0.0015142508782446384,-6.289500743150711e-05,False
42,Train,randomness_0.9590,0.0013954564929008484,0.001814207062125206,-0.0004187505692243576,False
42,Train,randomness_0.9600,0.008045833557844162,0.007459642831236124,0.000586190726608038,True
42,Train,randomness_0.9610,0.0019419011659920216,0.0023714699782431126,-0.000429568812251091,False
42,Train,randomness_0.9620,0.004805185366421938,0.0048300460912287235,-2.4860724806785583e-05,False
42,Train,randomness_0.9630,0.0019246130250394344,0.003464177716523409,-0.0015395646914839745,False
42,Train,randomness_0.9640,0.0012810378102585673,0.0019947346299886703,-0.000713696819730103,False
42,Train,randomness_0.9650,0.003146447241306305,0.004104312043637037,-0.0009578648023307323,False
42,Train,randomness_0.9660,0.001578422263264656,0.0020234771072864532,-0.0004450548440217972,False
42,Train,randomness_0.9670,0.001156464102678001,0.00031629204750061035,0.0008401720551773906,True
42,Train,randomness_0.9680,0.00021391361951828003,0.0002053976058959961,8.516013622283936e-06,True
42,Train,randomness_0.9690,0.0018556714057922363,0.0018935706466436386,-3.789924085140228e-05,False
42,Train,randomness_0.9700,0.003003509948030114,0.003529386827722192,-0.0005258768796920776,False
42,Train,randomness_0.9710,0.0016141482628881931,0.0030370033346116543,-0.0014228550717234612,False
42,Train,randomness_0.9720,0.0011741379275918007,0.0013004941865801811,-0.00012635625898838043,False
42,Train,randomness_0.9730,0.0020992308855056763,0.0029133278876543045,-0.0008140970021486282,False
42,Train,randomness_0.9740,0.0018417742103338242,0.001992473378777504,-0.0001506991684436798,False
42,Train,randomness_0.9750,0.0020985177252441645,0.002130119362846017,-3.160163760185242e-05,False
42,Train,randomness_0.9760,0.0026767896488308907,0.0031155049800872803,-0.0004387153312563896,False
42,Train,randomness_0.9770,0.00043246522545814514,0.0021605566143989563,-0.0017280913889408112,False
42,Train,randomness_0.9780,0.0015975609421730042,0.0011719688773155212,0.0004255920648574829,True
42,Train,randomness_0.9790,0.0006731003522872925,0.0003622770309448242,0.00031082332134246826,True
42,Train,randomness_0.9800,0.0010973589960485697,0.001661928603425622,-0.0005645696073770523,False
42,Train,randomness_0.9810,0.0007247608155012131,0.00030618906021118164,0.00041857175529003143,True
42,Train,randomness_0.9820,0.0023055141791701317,0.0013613924384117126,0.000944121740758419,True
42,Train,randomness_0.9830,0.0030424820724874735,0.003922058269381523,-0.0008795761968940496,False
42,Train,randomness_0.9840,0.004962600767612457,0.006319468840956688,-0.0013568680733442307,False
42,Train,randomness_0.9850,0.001572905108332634,0.0010336879640817642,0.0005392171442508698,True
42,Train,randomness_0.9860,0.003897145390510559,0.0033767931163311005,0.0005203522741794586,True
42,Train,randomness_0.9870,0.0014301929622888565,0.0018209628760814667,-0.00039076991379261017,False
42,Train,randomness_0.9880,0.006389412563294172,0.0064952983520925045,-0.00010588578879833221,False
42,Train,randomness_0.9890,0.0036264006048440933,0.0038880184292793274,-0.00026161782443523407,False
42,Train,randomness_0.9900,0.00038116611540317535,0.000272165983915329,0.00010900013148784637,True
42,Train,randomness_0.9910,0.00034565292298793793,0.001245889812707901,-0.0009002368897199631,False
42,Train,randomness_0.9920,0.001407429575920105,0.0010073315352201462,0.0004000980406999588,True
42,Train,randomness_0.9930,0.0013818535953760147,0.0006432197988033295,0.0007386337965726852,True
42,Train,randomness_0.9940,0.0016370946541428566,0.0017096633091568947,-7.256865501403809e-05,False
42,Train,randomness_0.9950,0.0008727908134460449,0.003656290704384446,-0.0027834998909384012,False
42,Train,randomness_0.9960,0.0002822037786245346,0.00118313729763031,-0.0009009335190057755,False
42,Train,randomness_0.9970,0.0008768215775489807,0.0015021786093711853,-0.0006253570318222046,False
42,Train,randomness_0.9980,0.0005692858248949051,0.0024863258004188538,-0.0019170399755239487,False
42,Train,randomness_0.9990,0.004234433174133301,0.004123704507946968,0.0001107286661863327,True
42,Train,randomness_1.0000,0.0021380465477705,0.0018590688705444336,0.0002789776772260666,True
42,Validation,randomness_0.0721,0.0015615448355674744,0.0011999085545539856,0.00036163628101348877,True
42,Validation,randomness_0.0831,0.000977877527475357,0.0010826997458934784,-0.00010482221841812134,False
42,Validation,randomness_0.1011,0.0006893463432788849,0.0005741901695728302,0.00011515617370605469,True
42,Validation,randomness_0.1071,0.002696506679058075,0.0025929510593414307,0.00010355561971664429,True
42,Validation,randomness_0.1271,0.0023945122957229614,0.002292253077030182,0.00010225921869277954,True
42,Validation,randomness_0.1311,9.993091225624084e-05,7.921457290649414e-05,2.0716339349746704e-05,True
42,Validation,randomness_0.1341,0.002641730010509491,0.0029165931046009064,-0.0002748630940914154,False
42,Validation,randomness_0.1351,3.363564610481262e-05,0.00023377686738967896,-0.00020014122128486633,False
42,Validation,randomness_0.1401,0.001658756285905838,0.001757502555847168,-9.874626994132996e-05,False
42,Validation,randomness_0.1421,0.003184780478477478,0.0032410994172096252,-5.631893873214722e-05,False
42,Validation,randomness_0.1461,0.003419749438762665,0.0035174228250980377,-9.767338633537292e-05,False
42,Validation,randomness_0.1582,0.0005302727222442627,0.0006723701953887939,-0.00014209747314453125,False
42,Validation,randomness_0.1862,0.002792816609144211,0.0024852342903614044,0.0003075823187828064,True
42,Validation,randomness_0.1972,0.0016059651970863342,0.0018895603716373444,-0.00028359517455101013,False
42,Validation,randomness_0.2182,0.0009657777845859528,0.000998660922050476,-3.2883137464523315e-05,False
42,Validation,randomness_0.2202,0.0019105114042758942,0.0023186095058918,-0.00040809810161590576,False
42,Validation,randomness_0.2232,0.002111416310071945,0.0018444694578647614,0.00026694685220718384,True
42,Validation,randomness_0.2573,0.002574298530817032,0.0027513839304447174,-0.00017708539962768555,False
42,Validation,randomness_0.2633,0.0020918473601341248,0.0014025121927261353,0.0006893351674079895,True
42,Validation,randomness_0.2863,0.0019615795463323593,0.0023799706250429153,-0.00041839107871055603,False
42,Validation,randomness_0.2883,0.0034189000725746155,0.0033948197960853577,2.4080276489257812e-05,True
42,Validation,randomness_0.2993,0.002688031643629074,0.001879371702671051,0.0008086599409580231,True
42,Validation,randomness_0.3003,0.0046155937016010284,0.004318390041589737,0.0002972036600112915,True
42,Validation,randomness_0.3023,0.0033181123435497284,0.0034269914031028748,-0.00010887905955314636,False
42,Validation,randomness_0.3043,0.0021081380546092987,0.0023133307695388794,-0.0002051927149295807,False
42,Validation,randomness_0.3063,0.0003716312348842621,0.0007967241108417511,-0.000425092875957489,False
42,Validation,randomness_0.3093,0.0008121058344841003,0.0002811215817928314,0.0005309842526912689,True
42,Validation,randomness_0.3253,0.002584099769592285,0.0022143684327602386,0.0003697313368320465,True
42,Validation,randomness_0.3353,0.000760979950428009,0.00021675601601600647,0.0005442239344120026,True
42,Validation,randomness_0.3433,0.0023178160190582275,0.0026053693145513535,-0.0002875532954931259,False
42,Validation,randomness_0.3564,0.0012572482228279114,0.0011399723589420319,0.00011727586388587952,True
42,Validation,randomness_0.3764,0.005968758836388588,0.006739340722560883,-0.0007705818861722946,False
42,Validation,randomness_0.3954,0.0007647871971130371,0.000621061772108078,0.0001437254250049591,True
42,Validation,randomness_0.3964,0.001406252384185791,0.002355344593524933,-0.0009490922093391418,False
42,Validation,randomness_0.3994,0.002084646373987198,0.0011835061013698578,0.0009011402726173401,True
42,Validation,randomness_0.4134,0.001450084149837494,0.0020338203758001328,-0.0005837362259626389,False
42,Validation,randomness_0.4274,0.0009279586374759674,0.0016068071126937866,-0.0006788484752178192,False
42,Validation,randomness_0.4324,0.0012151263654232025,0.00019976869225502014,0.0010153576731681824,True
42,Validation,randomness_0.4444,0.00023301132023334503,0.00031496956944465637,-8.195824921131134e-05,False
42,Validation,randomness_0.4464,0.0032685380429029465,0.0038034655153751373,-0.0005349274724721909,False
42,Validation,randomness_0.4525,0.003713073208928108,0.003020314499735832,0.000692758709192276,True
42,Validation,randomness_0.4615,0.00016101263463497162,0.0009547360241413116,-0.00079372338950634,False
42,Validation,randomness_0.4705,0.0001102890819311142,0.0006824731826782227,-0.0005721841007471085,False
42,Validation,randomness_0.4815,0.002605067566037178,0.0031038615852594376,-0.0004987940192222595,False
42,Validation,randomness_0.4905,0.004445895552635193,0.0058105625212192535,-0.0013646669685840607,False
42,Validation,randomness_0.4965,0.0049766916781663895,0.005812717601656914,-0.0008360259234905243,False
42,Validation,randomness_0.4985,0.00011940859258174896,0.0009885504841804504,-0.0008691418915987015,False
42,Validation,randomness_0.5225,0.0012582167983055115,0.0007264856249094009,0.0005317311733961105,True
42,Validation,randomness_0.5315,0.004302501678466797,0.003217935562133789,0.0010845661163330078,True
42,Validation,randomness_0.5475,0.006958557292819023,0.007567433640360832,-0.0006088763475418091,False
42,Validation,randomness_0.5485,0.0015863347798585892,0.0007843878120183945,0.0008019469678401947,True
42,Validation,randomness_0.5495,0.006187167018651962,0.0053098928183317184,0.0008772742003202438,True
42,Validation,randomness_0.5536,0.004577649757266045,0.003822389990091324,0.0007552597671747208,True
42,Validation,randomness_0.5856,0.0010378025472164154,0.0005969684571027756,0.00044083409011363983,True
42,Validation,randomness_0.5936,0.0021987929940223694,0.0018362253904342651,0.00036256760358810425,True
42,Validation,randomness_0.5946,0.0009204521775245667,0.0002443995326757431,0.0006760526448488235,True
42,Validation,randomness_0.6166,0.0027568619698286057,0.0009644608944654465,0.0017924010753631592,True
42,Validation,randomness_0.6196,0.0045438166707754135,0.0035437513142824173,0.0010000653564929962,True
42,Validation,randomness_0.6226,0.0028876718133687973,0.0030216705054044724,-0.00013399869203567505,False
42,Validation,randomness_0.6256,0.0038070380687713623,0.0035765711218118668,0.00023046694695949554,True
42,Validation,randomness_0.6316,0.004226429387927055,0.0032345708459615707,0.0009918585419654846,True
42,Validation,randomness_0.6336,0.002833958715200424,0.003481423482298851,-0.0006474647670984268,False
42,Validation,randomness_0.6366,1.6158446669578552e-05,0.0009132381528615952,-0.0008970797061920166,False
42,Validation,randomness_0.6426,0.0011418778449296951,0.00013180449604988098,0.0010100733488798141,True
42,Validation,randomness_0.6436,0.0029526278376579285,0.0019229836761951447,0.0010296441614627838,True
42,Validation,randomness_0.6456,0.002706686034798622,0.0031842663884162903,-0.00047758035361766815,False
42,Validation,randomness_0.6496,0.00437832809984684,0.004060741513967514,0.00031758658587932587,True
42,Validation,randomness_0.6757,0.0011827191337943077,0.0009903768077492714,0.00019234232604503632,True
42,Validation,randomness_0.6837,0.003257386852055788,0.003135670442134142,0.00012171640992164612,True
42,Validation,randomness_0.6887,0.0017208070494234562,0.0029918584041297436,-0.0012710513547062874,False
42,Validation,randomness_0.6897,0.0013534417375922203,0.0013901293277740479,-3.6687590181827545e-05,False
42,Validation,randomness_0.6907,0.0011268360540270805,0.0009982669726014137,0.0001285690814256668,True
42,Validation,randomness_0.7157,0.0002995915710926056,0.00031217653304338455,-1.2584961950778961e-05,False
42,Validation,randomness_0.7257,0.0013650041073560715,0.002477310597896576,-0.0011123064905405045,False
42,Validation,randomness_0.7267,0.0018906369805335999,0.0020516682416200638,-0.00016103126108646393,False
42,Validation,randomness_0.7317,0.0012900130823254585,0.0011831754818558693,0.00010683760046958923,True
42,Validation,randomness_0.7528,0.002143118530511856,0.002971113659441471,-0.000827995128929615,False
42,Validation,randomness_0.7588,0.0009785406291484833,0.0005222856998443604,0.0004562549293041229,True
42,Validation,randomness_0.7648,0.0010791942477226257,0.001055235043168068,2.39592045545578e-05,True
42,Validation,randomness_0.7688,0.0003973739221692085,0.0008487794548273087,-0.00045140553265810013,False
42,Validation,randomness_0.7758,0.0026322873309254646,0.0024355044588446617,0.00019678287208080292,True
42,Validation,randomness_0.7888,0.004605123773217201,0.003937936387956142,0.0006671873852610588,True
42,Validation,randomness_0.8118,0.0038289716467261314,0.004314742982387543,-0.0004857713356614113,False
42,Validation,randomness_0.8318,0.003069445723667741,0.002861622953787446,0.0002078227698802948,True
42,Validation,randomness_0.8398,0.0013032611459493637,0.0003415243700146675,0.0009617367759346962,True
42,Validation,randomness_0.8418,0.0008944626897573471,0.0012162085622549057,-0.0003217458724975586,False
42,Validation,randomness_0.8448,0.007063231430947781,0.005727636627852917,0.001335594803094864,True
42,Validation,randomness_0.8519,0.0008241264149546623,0.00032802764326334,0.0004960987716913223,True
42,Validation,randomness_0.8569,0.006136700510978699,0.006212589330971241,-7.588881999254227e-05,False
42,Validation,randomness_0.8779,0.0005071982741355896,0.0012714436743408442,-0.0007642454002052546,False
42,Validation,randomness_0.8789,0.0031256419606506824,0.0026428312994539738,0.0004828106611967087,True
42,Validation,randomness_0.9009,0.0010474035516381264,0.00013535656034946442,0.000912046991288662,True
42,Validation,randomness_0.9019,0.001252550515346229,0.00018254853785037994,0.0010700019774958491,True
42,Validation,randomness_0.9099,0.0018998960731551051,0.001157924416474998,0.0007419716566801071,True
42,Validation,randomness_0.9209,0.0031318776309490204,0.003783139865845442,-0.0006512622348964214,False
42,Validation,randomness_0.9269,0.003988493233919144,0.004213877022266388,-0.00022538378834724426,False
42,Validation,randomness_0.9279,0.0014328286051750183,0.0021573416888713837,-0.0007245130836963654,False
42,Validation,randomness_0.9329,0.003601290285587311,0.0037191547453403473,-0.0001178644597530365,False
42,Validation,randomness_0.9379,0.0017675514100119472,0.0008303672075271606,0.0009371842024847865,True
42,Validation,randomness_0.9439,0.0019793417304754257,0.001599155250005424,0.0003801864804700017,True
73,OOD_Holdout,randomness_0.0020,0.005396232008934021,0.00438288226723671,0.0010133497416973114,True
73,OOD_Holdout,randomness_0.0040,0.0013442635536193848,0.0004681982100009918,0.0008760653436183929,True
73,OOD_Holdout,randomness_0.0060,0.0035858526825904846,0.002921588718891144,0.0006642639636993408,True
73,OOD_Holdout,randomness_0.0070,0.0029269643127918243,0.002251904457807541,0.0006750598549842834,True
73,OOD_Holdout,randomness_0.0080,0.002372320741415024,0.0015323609113693237,0.0008399598300457001,True
73,OOD_Holdout,randomness_0.0100,0.003334585577249527,0.004016116261482239,-0.0006815306842327118,False
73,OOD_Holdout,randomness_0.0110,0.0014931410551071167,0.0007134862244129181,0.0007796548306941986,True
73,OOD_Holdout,randomness_0.0120,0.002913128584623337,0.003761257976293564,-0.000848129391670227,False
73,OOD_Holdout,randomness_0.0130,0.0035111382603645325,0.004235934466123581,-0.0007247962057590485,False
73,OOD_Holdout,randomness_0.0140,0.001435302197933197,0.0004786849021911621,0.0009566172957420349,True
73,OOD_Holdout,randomness_0.0150,0.005144326016306877,0.0041781235486269,0.0009662024676799774,True
73,OOD_Holdout,randomness_0.0170,0.003892652690410614,0.003474228084087372,0.0004184246063232422,True
73,OOD_Holdout,randomness_0.0180,0.004074867814779282,0.0035898014903068542,0.00048506632447242737,True
73,OOD_Holdout,randomness_0.0190,0.0016846098005771637,0.0007676631212234497,0.000916946679353714,True
73,OOD_Holdout,randomness_0.0210,0.004582608118653297,0.003910573199391365,0.0006720349192619324,True
73,OOD_Holdout,randomness_0.0220,0.00027038902044296265,0.0006909295916557312,-0.00042054057121276855,False
73,OOD_Holdout,randomness_0.0240,0.0018757171928882599,0.002485431730747223,-0.000609714537858963,False
73,OOD_Holdout,randomness_0.0270,0.003628067672252655,0.002686765044927597,0.000941302627325058,True
73,OOD_Holdout,randomness_0.0290,0.002404242753982544,0.0018618032336235046,0.0005424395203590393,True
73,OOD_Holdout,randomness_0.0300,0.002428855746984482,0.0028891637921333313,-0.0004603080451488495,False
73,OOD_Holdout,randomness_0.0310,0.001973796635866165,0.0027418024837970734,-0.0007680058479309082,False
73,OOD_Holdout,randomness_0.0320,0.0021752603352069855,0.001330208033323288,0.0008450523018836975,True
73,OOD_Holdout,randomness_0.0330,0.000981789082288742,0.0003491640090942383,0.0006326250731945038,True
73,OOD_Holdout,randomness_0.0340,0.0010346919298171997,0.0016561895608901978,-0.000621497631072998,False
73,OOD_Holdout,randomness_0.0350,0.002969544380903244,0.0034916698932647705,-0.0005221255123615265,False
73,OOD_Holdout,randomness_0.0360,0.0019539855420589447,0.001594826579093933,0.0003591589629650116,True
73,OOD_Holdout,randomness_0.0370,0.0007081069052219391,0.00013339146971702576,0.0005747154355049133,True
73,OOD_Holdout,randomness_0.0380,0.003731541335582733,0.004146121442317963,-0.0004145801067352295,False
73,OOD_Holdout,randomness_0.0390,0.0013480931520462036,0.0018121935427188873,-0.0004641003906726837,False
73,OOD_Holdout,randomness_0.0400,0.0006200112402439117,0.0010910667479038239,-0.0004710555076599121,False
73,OOD_Holdout,randomness_0.0410,0.0011144764721393585,0.001858208328485489,-0.0007437318563461304,False
73,OOD_Holdout,randomness_0.0450,0.00037861987948417664,0.0003045983612537384,7.402151823043823e-05,True
73,OOD_Holdout,randomness_0.0470,0.0007768087089061737,0.00013386830687522888,0.0006429404020309448,True
73,OOD_Holdout,randomness_0.0480,0.0032550692558288574,0.002818148583173752,0.0004369206726551056,True
73,OOD_Holdout,randomness_0.0490,0.0007139667868614197,0.0011005066335201263,-0.00038653984665870667,False
73,OOD_Holdout,randomness_0.0501,0.00255652517080307,0.003182392567396164,-0.0006258673965930939,False
73,OOD_Holdout,randomness_0.0511,0.0007849521934986115,0.0003499165177345276,0.00043503567576408386,True
73,OOD_Holdout,randomness_0.0531,0.0004236772656440735,0.0001985989511013031,0.00022507831454277039,True
73,OOD_Holdout,randomness_0.0541,0.0016080811619758606,0.0023174136877059937,-0.0007093325257301331,False
73,OOD_Holdout,randomness_0.0551,0.0011465810239315033,0.0007382594048976898,0.0004083216190338135,True
73,OOD_Holdout,randomness_0.0601,0.0008815191686153412,0.0003843531012535095,0.0004971660673618317,True
73,OOD_Holdout,randomness_0.0621,0.0021875426173210144,0.0026516541838645935,-0.0004641115665435791,False
73,OOD_Holdout,randomness_0.0631,0.0022115595638751984,0.0014906637370586395,0.0007208958268165588,True
73,OOD_Holdout,randomness_0.0641,0.00305948406457901,0.0033456124365329742,-0.00028612837195396423,False
73,OOD_Holdout,randomness_0.0651,0.00341617688536644,0.0026993080973625183,0.0007168687880039215,True
73,OOD_Holdout,randomness_0.0671,0.0009852610528469086,0.001305416226387024,-0.00032015517354011536,False
73,OOD_Holdout,randomness_0.0681,0.002922315150499344,0.003362998366355896,-0.0004406832158565521,False
73,OOD_Holdout,randomness_0.0691,0.0012314729392528534,0.000681217759847641,0.0005502551794052124,True
73,OOD_Holdout,randomness_0.0711,0.0007568374276161194,0.0001446940004825592,0.0006121434271335602,True
73,OOD_Holdout,randomness_0.0761,0.0015208236873149872,0.0023271963000297546,-0.0008063726127147675,False
73,OOD_Holdout,randomness_0.0801,0.00025419145822525024,0.0003135763108730316,-5.938485264778137e-05,False
73,OOD_Holdout,randomness_0.0811,0.001454971730709076,0.0007445625960826874,0.0007104091346263885,True
73,OOD_Holdout,randomness_0.0821,0.0017818659543991089,0.0012529976665973663,0.0005288682878017426,True
73,OOD_Holdout,randomness_0.0871,0.0003740862011909485,0.0007724612951278687,-0.00039837509393692017,False
73,OOD_Holdout,randomness_0.0881,0.0009737312793731689,0.0014313645660877228,-0.00045763328671455383,False
73,OOD_Holdout,randomness_0.0941,0.0005875267088413239,0.00012553110718727112,0.00046199560165405273,True
73,OOD_Holdout,randomness_0.0951,0.0008578859269618988,0.0013667047023773193,-0.0005088187754154205,False
73,OOD_Holdout,randomness_0.0961,0.0012836754322052002,0.0004300437867641449,0.0008536316454410553,True
73,OOD_Holdout,randomness_0.0971,0.003089316189289093,0.0035429634153842926,-0.0004536472260951996,False
73,OOD_Holdout,randomness_0.0981,0.003407098352909088,0.0030349157750606537,0.00037218257784843445,True
73,OOD_Holdout,randomness_0.0991,0.0027188844978809357,0.003551080822944641,-0.0008321963250637054,False
73,OOD_Holdout,randomness_0.1001,0.000970698893070221,0.0015499033033847809,-0.0005792044103145599,False
73,OOD_Holdout,randomness_0.1051,0.0019479840993881226,0.0025192536413669586,-0.0005712695419788361,False
73,OOD_Holdout,randomness_0.1081,0.0035141147673130035,0.004132971167564392,-0.0006188564002513885,False
73,OOD_Holdout,randomness_0.1091,0.0028602778911590576,0.0037686675786972046,-0.000908389687538147,False
73,OOD_Holdout,randomness_0.1101,0.001637142151594162,0.0012008771300315857,0.0004362650215625763,True
73,OOD_Holdout,randomness_0.1261,0.0011294037103652954,0.0005160495638847351,0.0006133541464805603,True
73,OOD_Holdout,randomness_0.1291,0.0026702769100666046,0.0020047947764396667,0.0006654821336269379,True
73,OOD_Holdout,randomness_0.1371,0.0016460344195365906,0.0021237991750240326,-0.000477764755487442,False
73,OOD_Holdout,randomness_0.1391,0.0017180517315864563,0.002309344708919525,-0.0005912929773330688,False
73,OOD_Holdout,randomness_0.1481,0.004799563437700272,0.005496826022863388,-0.0006972625851631165,False
73,OOD_Holdout,randomness_0.1572,0.0009200870990753174,0.0003962405025959015,0.0005238465964794159,True
73,OOD_Holdout,randomness_0.1632,0.0012663602828979492,0.0008930973708629608,0.0003732629120349884,True
73,OOD_Holdout,randomness_0.1692,0.0033646561205387115,0.002840239554643631,0.0005244165658950806,True
73,OOD_Holdout,randomness_0.1722,0.005119834095239639,0.0045572854578495026,0.0005625486373901367,True
73,OOD_Holdout,randomness_0.1792,0.0020915381610393524,0.0026306360960006714,-0.000539097934961319,False
73,OOD_Holdout,randomness_0.1942,0.002613220363855362,0.002159085124731064,0.0004541352391242981,True
73,OOD_Holdout,randomness_0.2042,0.0009682737290859222,0.0013592354953289032,-0.00039096176624298096,False
73,OOD_Holdout,randomness_0.2052,0.0007478110492229462,0.0011750943958759308,-0.0004272833466529846,False
73,OOD_Holdout,randomness_0.2142,0.0030475929379463196,0.002576686441898346,0.00047090649604797363,True
73,OOD_Holdout,randomness_0.2152,0.002200305461883545,0.0029425248503684998,-0.0007422193884849548,False
73,OOD_Holdout,randomness_0.2162,0.001811303198337555,0.0015008635818958282,0.0003104396164417267,True
73,OOD_Holdout,randomness_0.2192,0.0036116130650043488,0.004116363823413849,-0.0005047507584095001,False
73,OOD_Holdout,randomness_0.2212,0.004167921841144562,0.0034838207066059113,0.0006841011345386505,True
73,OOD_Holdout,randomness_0.2262,0.002710144966840744,0.003281284123659134,-0.0005711391568183899,False
73,OOD_Holdout,randomness_0.2312,1.095607876777649e-05,0.0005975067615509033,-0.0005865506827831268,False
73,OOD_Holdout,randomness_0.2322,0.0016527064144611359,0.002273276448249817,-0.000620570033788681,False
73,OOD_Holdout,randomness_0.2332,0.0023524537682533264,0.0017915479838848114,0.000560905784368515,True
73,OOD_Holdout,randomness_0.2432,0.00043809786438941956,0.0010617226362228394,-0.0006236247718334198,False
73,OOD_Holdout,randomness_0.2663,0.0012143850326538086,0.0017552748322486877,-0.0005408897995948792,False
73,OOD_Holdout,randomness_0.2973,0.0007849037647247314,0.0013002045452594757,-0.0005153007805347443,False
73,OOD_Holdout,randomness_0.3143,0.0008020289242267609,0.0014943033456802368,-0.000692274421453476,False
73,OOD_Holdout,randomness_0.3203,0.003430798649787903,0.002935148775577545,0.0004956498742103577,True
73,OOD_Holdout,randomness_0.3243,0.001021265983581543,3.2033771276474e-05,0.000989232212305069,True
73,OOD_Holdout,randomness_0.3293,0.004033543169498444,0.004648562520742416,-0.0006150193512439728,False
73,OOD_Holdout,randomness_0.3323,0.00038390979170799255,9.80272889137268e-05,0.00028588250279426575,True
73,OOD_Holdout,randomness_0.3834,0.002827513962984085,0.0037958845496177673,-0.0009683705866336823,False
73,OOD_Holdout,randomness_0.4044,0.003530312329530716,0.0045149065554142,-0.0009845942258834839,False
73,OOD_Holdout,randomness_0.4094,0.0017385222017765045,0.002263616770505905,-0.0005250945687294006,False
73,OOD_Holdout,randomness_0.4434,0.004216257482767105,0.0050358846783638,-0.000819627195596695,False
73,Prediction,randomness_0.0061,0.0013317875564098358,0.0009048245847225189,0.0004269629716873169,True
73,Prediction,randomness_0.0153,0.002113696187734604,0.002644326537847519,-0.000530630350112915,False
73,Prediction,randomness_0.0229,0.0003377199172973633,0.0011299699544906616,-0.0007922500371932983,False
73,Prediction,randomness_0.1000,0.003139931708574295,0.003999210894107819,-0.0008592791855335236,False
73,Prediction,randomness_0.1444,0.0011379718780517578,0.001825537532567978,-0.0006875656545162201,False
73,Prediction,randomness_0.1889,0.000807642936706543,0.0015139095485210419,-0.0007062666118144989,False
73,Prediction,randomness_0.2333,0.003072604537010193,0.003231566399335861,-0.00015896186232566833,False
73,Prediction,randomness_0.2778,0.0028673969209194183,0.0023872293531894684,0.00048016756772994995,True
73,Prediction,randomness_0.3222,0.003568928688764572,0.004336807876825333,-0.0007678791880607605,False
73,Prediction,randomness_0.3667,0.0028150975704193115,0.0034467503428459167,-0.0006316527724266052,False
73,Prediction,randomness_0.4111,0.001157805323600769,0.0019349753856658936,-0.0007771700620651245,False
73,Prediction,randomness_0.4556,0.006130702793598175,0.007547788321971893,-0.0014170855283737183,False
73,Prediction,randomness_0.5000,0.003573998808860779,0.004325916990637779,-0.0007519181817770004,False
73,Train,randomness_0.0000,0.0008525662124156952,0.00144200399518013,-0.0005894377827644348,False
73,Train,randomness_0.0010,0.002558402717113495,0.00354192778468132,-0.0009835250675678253,False
73,Train,randomness_0.0030,0.0018031001091003418,0.0026621446013450623,-0.0008590444922447205,False
73,Train,randomness_0.0050,0.0032178163528442383,0.002725590020418167,0.0004922263324260712,True
73,Train,randomness_0.0090,0.000739317387342453,0.0001436173915863037,0.0005956999957561493,True
73,Train,randomness_0.0160,0.001338910311460495,0.0007169917225837708,0.0006219185888767242,True
73,Train,randomness_0.0200,0.0010721385478973389,0.0019978657364845276,-0.0009257271885871887,False
73,Train,randomness_0.0230,0.0029926449060440063,0.003658358007669449,-0.0006657131016254425,False
73,Train,randomness_0.0250,0.0002734735608100891,0.00035085156559944153,-7.737800478935242e-05,False
73,Train,randomness_0.0260,0.0028356723487377167,0.0020026303827762604,0.0008330419659614563,True
73,Train,randomness_0.0280,0.000818450003862381,0.0016515478491783142,-0.0008330978453159332,False
73,Train,randomness_0.0420,0.001953341066837311,0.0012658201158046722,0.0006875209510326385,True
73,Train,randomness_0.0430,0.005802290514111519,0.004991440102458,0.0008108504116535187,True
73,Train,randomness_0.0440,0.00409824401140213,0.004972431808710098,-0.0008741877973079681,False
73,Train,randomness_0.0460,0.0020792633295059204,0.002466883510351181,-0.0003876201808452606,False
73,Train,randomness_0.0521,0.002027280628681183,0.0027243420481681824,-0.0006970614194869995,False
73,Train,randomness_0.0561,0.004463503137230873,0.0034565720707178116,0.0010069310665130615,True
73,Train,randomness_0.0571,0.002070993185043335,0.002957139164209366,-0.0008861459791660309,False
73,Train,randomness_0.0581,0.004233129322528839,0.005105830729007721,-0.0008727014064788818,False
73,Train,randomness_0.0591,0.0007117725908756256,0.0011354424059391022,-0.00042366981506347656,False
73,Train,randomness_0.0611,0.0018496587872505188,0.0013167746365070343,0.0005328841507434845,True
73,Train,randomness_0.0661,0.00178590789437294,0.002363700419664383,-0.0005777925252914429,False
73,Train,randomness_0.0701,0.0005222633481025696,0.0001973174512386322,0.0003249458968639374,True
73,Train,randomness_0.0731,0.0005566105246543884,9.117648005485535e-05,0.0004654340445995331,True
73,Train,randomness_0.0741,0.00041457638144493103,0.001133400946855545,-0.000718824565410614,False
73,Train,randomness_0.0751,0.00043371692299842834,0.0009718872606754303,-0.000538170337677002,False
73,Train,randomness_0.0771,0.00018009915947914124,0.00042060017585754395,-0.0002405010163784027,False
73,Train,randomness_0.0781,0.003028683364391327,0.0026465952396392822,0.0003820881247520447,True
73,Train,randomness_0.0791,0.0009922608733177185,0.0015109851956367493,-0.0005187243223190308,False
73,Train,randomness_0.0841,0.002545855939388275,0.0031947344541549683,-0.0006488785147666931,False
73,Train,randomness_0.0851,0.0036027655005455017,0.0030218400061130524,0.0005809254944324493,True
73,Train,randomness_0.0861,0.0003137364983558655,0.0008960366249084473,-0.0005823001265525818,False
73,Train,randomness_0.0891,0.004289090633392334,0.0037514977157115936,0.0005375929176807404,True
73,Train,randomness_0.0901,0.00361035019159317,0.004197962582111359,-0.0005876123905181885,False
73,Train,randomness_0.0911,0.0021239928901195526,0.002707831561565399,-0.0005838386714458466,False
73,Train,randomness_0.0921,0.007358470931649208,0.006825117394328117,0.0005333535373210907,True
73,Train,randomness_0.0931,0.0011408329010009766,0.0004928447306156158,0.0006479881703853607,True
73,Train,randomness_0.1021,0.004465516656637192,0.004874050617218018,-0.0004085339605808258,False
73,Train,randomness_0.1031,0.0009544603526592255,0.001331765204668045,-0.0003773048520088196,False
73,Train,randomness_0.1041,0.0017064660787582397,0.002168159931898117,-0.0004616938531398773,False
73,Train,randomness_0.1061,0.0025345049798488617,0.003011450171470642,-0.0004769451916217804,False
73,Train,randomness_0.1111,0.00047799572348594666,3.536790609359741e-05,0.00044262781739234924,True
73,Train,randomness_0.1121,0.0023006312549114227,0.0025687068700790405,-0.0002680756151676178,False
73,Train,randomness_0.1131,0.006406523287296295,0.005945917218923569,0.00046060606837272644,True
73,Train,randomness_0.1141,5.8785080909729e-06,0.0006537400186061859,-0.000647861510515213,False
73,Train,randomness_0.1151,0.0026875920593738556,0.0021042823791503906,0.000583309680223465,True
73,Train,randomness_0.1161,0.0010435208678245544,0.0003662034869194031,0.0006773173809051514,True
73,Train,randomness_0.1171,0.0006894022226333618,0.0011821798980236053,-0.0004927776753902435,False
73,Train,randomness_0.1181,0.0014432072639465332,0.0010202005505561829,0.00042300671339035034,True
73,Train,randomness_0.1191,0.002198942005634308,0.0016577281057834625,0.0005412138998508453,True
73,Train,randomness_0.1201,0.0033300742506980896,0.002829641103744507,0.0005004331469535828,True
73,Train,randomness_0.1211,0.0022569820284843445,0.0017438456416130066,0.0005131363868713379,True
73,Train,randomness_0.1221,0.0038854405283927917,0.003304045647382736,0.0005813948810100555,True
73,Train,randomness_0.1231,0.0014986619353294373,0.0009971894323825836,0.0005014725029468536,True
73,Train,randomness_0.1241,8.094683289527893e-05,0.00032705068588256836,-0.00024610385298728943,False
73,Train,randomness_0.1251,0.0005316808819770813,0.0001899711787700653,0.000341709703207016,True
73,Train,randomness_0.1281,0.001911018043756485,0.002514980733394623,-0.0006039626896381378,False
73,Train,randomness_0.1301,0.0009117871522903442,0.0015299655497074127,-0.0006181783974170685,False
73,Train,randomness_0.1321,0.0002490431070327759,5.034357309341431e-05,0.00019869953393936157,True
73,Train,randomness_0.1331,0.0039034150540828705,0.004545222967863083,-0.0006418079137802124,False
73,Train,randomness_0.1361,0.0011417120695114136,0.0006149448454380035,0.00052676722407341,True
73,Train,randomness_0.1381,0.004004534333944321,0.004424743354320526,-0.00042020902037620544,False
73,Train,randomness_0.1411,0.003313988447189331,0.0024582818150520325,0.0008557066321372986,True
73,Train,randomness_0.1431,0.002338577061891556,0.0028724297881126404,-0.0005338527262210846,False
73,Train,randomness_0.1441,0.0006237700581550598,0.0011829733848571777,-0.0005592033267021179,False
73,Train,randomness_0.1451,0.003651075065135956,0.00432339683175087,-0.0006723217666149139,False
73,Train,randomness_0.1471,0.0015717260539531708,0.0010198354721069336,0.0005518905818462372,True
73,Train,randomness_0.1491,0.0004486292600631714,0.0009441673755645752,-0.0004955381155014038,False
73,Train,randomness_0.1502,0.00795944593846798,0.007423652336001396,0.0005357936024665833,True
73,Train,randomness_0.1512,0.00022807717323303223,0.0005969144403934479,-0.00036883726716041565,False
73,Train,randomness_0.1522,0.001370646059513092,0.0018580779433250427,-0.0004874318838119507,False
73,Train,randomness_0.1532,0.0005333349108695984,0.00021047517657279968,0.0003228597342967987,True
73,Train,randomness_0.1542,0.002037700265645981,0.0015870444476604462,0.00045065581798553467,True
73,Train,randomness_0.1552,0.001922212541103363,0.0012964457273483276,0.0006257668137550354,True
73,Train,randomness_0.1562,0.0013568177819252014,0.0021432526409626007,-0.0007864348590373993,False
73,Train,randomness_0.1592,0.000885985791683197,0.00033618509769439697,0.0005498006939888,True
73,Train,randomness_0.1602,0.0015533864498138428,0.0011538229882717133,0.0003995634615421295,True
73,Train,randomness_0.1612,0.00343472883105278,0.0029249750077724457,0.0005097538232803345,True
73,Train,randomness_0.1622,0.0018182061612606049,0.0024123676121234894,-0.0005941614508628845,False
73,Train,randomness_0.1642,0.003997117280960083,0.004715658724308014,-0.0007185414433479309,False
73,Train,randomness_0.1652,0.001598648726940155,0.002253293991088867,-0.0006546452641487122,False
73,Train,randomness_0.1662,0.003126334398984909,0.003785453736782074,-0.0006591193377971649,False
73,Train,randomness_0.1672,0.0006442368030548096,0.0009165406227111816,-0.00027230381965637207,False
73,Train,randomness_0.1682,0.0008215121924877167,0.0013387389481067657,-0.0005172267556190491,False
73,Train,randomness_0.1702,0.005423430353403091,0.005864754319190979,-0.0004413239657878876,False
73,Train,randomness_0.1712,0.00034768134355545044,0.0009305104613304138,-0.0005828291177749634,False
73,Train,randomness_0.1732,0.002516690641641617,0.0020127594470977783,0.0005039311945438385,True
73,Train,randomness_0.1742,0.0006307773292064667,0.0014409702271223068,-0.0008101928979158401,False
73,Train,randomness_0.1752,0.001824360340833664,0.0015590712428092957,0.0002652890980243683,True
73,Train,randomness_0.1762,0.0014898031949996948,0.0011459365487098694,0.00034386664628982544,True
73,Train,randomness_0.1772,0.0010956116020679474,0.00041613727807998657,0.0006794743239879608,True
73,Train,randomness_0.1782,0.002574726939201355,0.003066878765821457,-0.0004921518266201019,False
73,Train,randomness_0.1802,0.0006524473428726196,0.0011220276355743408,-0.0004695802927017212,False
73,Train,randomness_0.1812,7.339939475059509e-05,0.000736575573682785,-0.0006631761789321899,False
73,Train,randomness_0.1822,0.0032196082174777985,0.003491457551717758,-0.0002718493342399597,False
73,Train,randomness_0.1832,0.0008740387856960297,0.00016463175415992737,0.0007094070315361023,True
73,Train,randomness_0.1842,0.001064896583557129,0.0005603581666946411,0.0005045384168624878,True
73,Train,randomness_0.1852,0.004154544323682785,0.004560593515634537,-0.0004060491919517517,False
73,Train,randomness_0.1872,0.0001929737627506256,0.0006113909184932709,-0.00041841715574264526,False
73,Train,randomness_0.1882,0.0038080476224422455,0.0031436793506145477,0.0006643682718276978,True
73,Train,randomness_0.1892,0.0013556480407714844,0.0006350018084049225,0.0007206462323665619,True
73,Train,randomness_0.1902,0.000599786639213562,0.00016739219427108765,0.00043239444494247437,True
73,Train,randomness_0.1912,0.003316519781947136,0.0025895219296216965,0.0007269978523254395,True
73,Train,randomness_0.1922,1.7385929822921753e-05,0.0003316737711429596,-0.00031428784132003784,False
73,Train,randomness_0.1932,0.0008680969476699829,0.0005201548337936401,0.0003479421138763428,True
73,Train,randomness_0.1952,0.0015190020203590393,0.000731300562620163,0.0007877014577388763,True
73,Train,randomness_0.1962,0.002882111817598343,0.00348721444606781,-0.0006051026284694672,False
73,Train,randomness_0.1982,0.00028443336486816406,0.00036541372537612915,-8.098036050796509e-05,False
73,Train,randomness_0.1992,0.0022014714777469635,0.0018436722457408905,0.000357799232006073,True
73,Train,randomness_0.2002,0.0007972493767738342,0.0012720152735710144,-0.0004747658967971802,False
73,Train,randomness_0.2012,0.001845765858888626,0.0023799724876880646,-0.0005342066287994385,False
73,Train,randomness_0.2022,0.0021055303514003754,0.002511531114578247,-0.0004060007631778717,False
73,Train,randomness_0.2032,0.0029576271772384644,0.002174820750951767,0.0007828064262866974,True
73,Train,randomness_0.2062,0.002376709133386612,0.0026818886399269104,-0.00030517950654029846,False
73,Train,randomness_0.2072,0.001551903784275055,0.001225251704454422,0.00032665207982063293,True
73,Train,randomness_0.2082,0.0014311708509922028,0.0009779632091522217,0.0004532076418399811,True
73,Train,randomness_0.2092,0.0012067928910255432,0.0007374808192253113,0.00046931207180023193,True
73,Train,randomness_0.2102,0.001379542052745819,0.002101365476846695,-0.0007218234241008759,False
73,Train,randomness_0.2112,0.006701339036226273,0.005974333733320236,0.0007270053029060364,True
73,Train,randomness_0.2122,0.0022998228669166565,0.0026469677686691284,-0.0003471449017524719,False
73,Train,randomness_0.2132,0.0003863014280796051,8.995085954666138e-05,0.0002963505685329437,True
73,Train,randomness_0.2172,0.0007670987397432327,0.00026279501616954803,0.0005043037235736847,True
73,Train,randomness_0.2222,0.002416621893644333,0.00208461657166481,0.0003320053219795227,True
73,Train,randomness_0.2242,0.002581000328063965,0.002027660608291626,0.0005533397197723389,True
73,Train,randomness_0.2252,0.0006137341260910034,0.0010883361101150513,-0.00047460198402404785,False
73,Train,randomness_0.2272,0.0008938536047935486,0.0005704127252101898,0.00032344087958335876,True
73,Train,randomness_0.2282,7.250532507896423e-05,0.00037422776222229004,-0.0003017224371433258,False
73,Train,randomness_0.2292,0.0004580579698085785,4.0277838706970215e-05,0.0004177801311016083,True
73,Train,randomness_0.2302,0.00635928101837635,0.005987139418721199,0.00037214159965515137,True
73,Train,randomness_0.2342,0.004834093153476715,0.0054749995470047,-0.0006409063935279846,False
73,Train,randomness_0.2352,0.0017036311328411102,0.0019489601254463196,-0.00024532899260520935,False
73,Train,randomness_0.2362,0.0012088939547538757,0.0005909651517868042,0.0006179288029670715,True
73,Train,randomness_0.2372,0.0022387541830539703,0.0027464330196380615,-0.0005076788365840912,False
73,Train,randomness_0.2382,0.0003546588122844696,0.00023037567734718323,0.00012428313493728638,True
73,Train,randomness_0.2392,0.0030450746417045593,0.0035196542739868164,-0.0004745796322822571,False
73,Train,randomness_0.2402,0.0012701041996479034,0.0007457062602043152,0.0005243979394435883,True
73,Train,randomness_0.2412,0.0018310211598873138,0.0009726248681545258,0.0008583962917327881,True
73,Train,randomness_0.2422,9.945780038833618e-05,0.000360637903213501,-0.0002611801028251648,False
73,Train,randomness_0.2442,0.0005653649568557739,0.0011647455394268036,-0.0005993805825710297,False
73,Train,randomness_0.2452,0.0005758181214332581,0.0008454211056232452,-0.0002696029841899872,False
73,Train,randomness_0.2462,0.001745082437992096,0.0013085752725601196,0.0004365071654319763,True
73,Train,randomness_0.2472,0.00198952853679657,0.0024265721440315247,-0.00043704360723495483,False
73,Train,randomness_0.2482,0.0012583360075950623,0.0005531609058380127,0.0007051751017570496,True
73,Train,randomness_0.2492,0.00091567263007164,0.00021937116980552673,0.0006963014602661133,True
73,Train,randomness_0.2503,0.00010711699724197388,0.0008991211652755737,-0.0007920041680335999,False
73,Train,randomness_0.2513,0.0012694671750068665,0.0016738064587116241,-0.0004043392837047577,False
73,Train,randomness_0.2523,0.0020838286727666855,0.002602705731987953,-0.0005188770592212677,False
73,Train,randomness_0.2533,0.004634266719222069,0.0038909073919057846,0.0007433593273162842,True
73,Train,randomness_0.2543,0.0022006630897521973,0.002530395984649658,-0.00032973289489746094,False
73,Train,randomness_0.2553,0.0034895800054073334,0.003984294831752777,-0.0004947148263454437,False
73,Train,randomness_0.2563,0.002304229885339737,0.0028569400310516357,-0.0005527101457118988,False
73,Train,randomness_0.2583,0.0022076964378356934,0.0026828311383724213,-0.0004751347005367279,False
73,Train,randomness_0.2593,0.00173250213265419,0.0012693367898464203,0.0004631653428077698,True
73,Train,randomness_0.2603,0.0034708306193351746,0.003987502306699753,-0.0005166716873645782,False
73,Train,randomness_0.2613,0.0017129480838775635,0.002542160451412201,-0.0008292123675346375,False
73,Train,randomness_0.2623,0.0006595142185688019,0.0012054145336151123,-0.0005459003150463104,False
73,Train,randomness_0.2643,0.0004926994442939758,0.0002109035849571228,0.00028179585933685303,True
73,Train,randomness_0.2653,0.00032319873571395874,0.00021781399846076965,0.00010538473725318909,True
73,Train,randomness_0.2673,0.0015616938471794128,0.0013236328959465027,0.00023806095123291016,True
73,Train,randomness_0.2683,0.0004833303391933441,0.0010504089295864105,-0.0005670785903930664,False
73,Train,randomness_0.2693,0.0005487166345119476,0.0010556019842624664,-0.0005068853497505188,False
73,Train,randomness_0.2703,0.005532052367925644,0.00621858611702919,-0.0006865337491035461,False
73,Train,randomness_0.2713,0.0001089051365852356,0.00042745843529701233,-0.00031855329871177673,False
73,Train,randomness_0.2723,0.004686214029788971,0.005113270133733749,-0.00042705610394477844,False
73,Train,randomness_0.2733,0.0015940070152282715,0.0018366910517215729,-0.0002426840364933014,False
73,Train,randomness_0.2743,0.0008766166865825653,0.0014360211789608002,-0.0005594044923782349,False
73,Train,randomness_0.2753,0.0007519982755184174,3.357231616973877e-05,0.0007184259593486786,True
73,Train,randomness_0.2763,0.0011540167033672333,0.001555129885673523,-0.00040111318230628967,False
73,Train,randomness_0.2773,0.0018372945487499237,0.0012160055339336395,0.0006212890148162842,True
73,Train,randomness_0.2783,0.0012441202998161316,0.0007515884935855865,0.000492531806230545,True
73,Train,randomness_0.2793,0.0012264810502529144,0.0005419068038463593,0.0006845742464065552,True
73,Train,randomness_0.2803,0.0002712048590183258,0.0005330108106136322,-0.0002618059515953064,False
73,Train,randomness_0.2813,0.0034455284476280212,0.002548050135374069,0.000897478312253952,True
73,Train,randomness_0.2823,0.0013846643269062042,0.002185586839914322,-0.0008009225130081177,False
73,Train,randomness_0.2833,0.002495318651199341,0.003283947706222534,-0.0007886290550231934,False
73,Train,randomness_0.2843,0.0025972872972488403,0.0018687359988689423,0.0007285512983798981,True
73,Train,randomness_0.2853,0.002430398017168045,0.0013028569519519806,0.0011275410652160645,True
73,Train,randomness_0.2873,0.001270979642868042,0.001719702035188675,-0.00044872239232063293,False
73,Train,randomness_0.2893,0.004675744101405144,0.0037587545812129974,0.0009169895201921463,True
73,Train,randomness_0.2903,0.0007382556796073914,0.0014865398406982422,-0.0007482841610908508,False
73,Train,randomness_0.2913,0.000598713755607605,2.603977918624878e-05,0.0005726739764213562,True
73,Train,randomness_0.2923,0.0010992921888828278,0.0004318617284297943,0.0006674304604530334,True
73,Train,randomness_0.2933,0.001966319978237152,0.0017048045992851257,0.00026151537895202637,True
73,Train,randomness_0.2943,0.0003478825092315674,0.00036508962512016296,-1.720711588859558e-05,False
73,Train,randomness_0.2953,0.0006659179925918579,0.0003717169165611267,0.0002942010760307312,True
73,Train,randomness_0.2963,0.0007500424981117249,0.00017740577459335327,0.0005726367235183716,True
73,Train,randomness_0.2983,0.0019704028964042664,0.0022453032433986664,-0.0002749003469944,False
73,Train,randomness_0.3013,0.002031587064266205,0.0011497735977172852,0.0008818134665489197,True
73,Train,randomness_0.3033,0.0001286529004573822,0.0008881986141204834,-0.0007595457136631012,False
73,Train,randomness_0.3053,0.0028299614787101746,0.0021044835448265076,0.000725477933883667,True
73,Train,randomness_0.3073,0.0005294792354106903,0.0015287920832633972,-0.000999312847852707,False
73,Train,randomness_0.3083,0.000748898833990097,0.0014901794493198395,-0.0007412806153297424,False
73,Train,randomness_0.3103,0.0009864121675491333,0.0004540197551250458,0.0005323924124240875,True
73,Train,randomness_0.3113,0.0025593601167201996,0.0014899447560310364,0.0010694153606891632,True
73,Train,randomness_0.3123,0.003118656575679779,0.0037607401609420776,-0.0006420835852622986,False
73,Train,randomness_0.3133,0.0010958164930343628,2.942606806755066e-05,0.0010663904249668121,True
73,Train,randomness_0.3153,0.002936333417892456,0.00224236398935318,0.0006939694285392761,True
73,Train,randomness_0.3163,0.00205153226852417,0.003503046929836273,-0.0014515146613121033,False
73,Train,randomness_0.3173,0.006130073219537735,0.0052374862134456635,0.0008925870060920715,True
73,Train,randomness_0.3183,0.0003759115934371948,0.0006565339863300323,-0.0002806223928928375,False
73,Train,randomness_0.3193,0.0007205121219158173,0.0017120279371738434,-0.0009915158152580261,False
73,Train,randomness_0.3213,0.001199338585138321,0.00024985894560813904,0.0009494796395301819,True
73,Train,randomness_0.3223,0.0009580180048942566,0.0015766844153404236,-0.000618666410446167,False
73,Train,randomness_0.3233,0.002708692103624344,0.002125367522239685,0.0005833245813846588,True
73,Train,randomness_0.3263,0.002931356430053711,0.0021236762404441833,0.0008076801896095276,True
73,Train,randomness_0.3273,0.002161361277103424,0.003139231353998184,-0.0009778700768947601,False
73,Train,randomness_0.3283,3.333762288093567e-05,0.0008797571063041687,-0.000846419483423233,False
73,Train,randomness_0.3303,0.005570266395807266,0.005989920347929001,-0.0004196539521217346,False
73,Train,randomness_0.3313,0.006474468857049942,0.006590608507394791,-0.00011613965034484863,False
73,Train,randomness_0.3333,0.0023306608200073242,0.003210563212633133,-0.0008799023926258087,False
73,Train,randomness_0.3343,0.0007664747536182404,0.0014759078621864319,-0.0007094331085681915,False
73,Train,randomness_0.3363,0.0009735561907291412,0.0021357759833335876,-0.0011622197926044464,False
73,Train,randomness_0.3373,0.0001891590654850006,0.0012329742312431335,-0.001043815165758133,False
73,Train,randomness_0.3383,0.000979539006948471,0.0001436956226825714,0.0008358433842658997,True
73,Train,randomness_0.3393,0.0021252594888210297,0.0031108036637306213,-0.0009855441749095917,False
73,Train,randomness_0.3403,0.00013673678040504456,0.000993143767118454,-0.0008564069867134094,False
73,Train,randomness_0.3413,0.0008377060294151306,0.0019779764115810394,-0.0011402703821659088,False
73,Train,randomness_0.3423,0.003910450264811516,0.0032058265060186386,0.0007046237587928772,True
73,Train,randomness_0.3443,0.0011341720819473267,0.0020754970610141754,-0.0009413249790668488,False
73,Train,randomness_0.3453,0.0030907634645700455,0.003990188241004944,-0.0008994247764348984,False
73,Train,randomness_0.3463,0.0009187236428260803,0.0004452895373106003,0.00047343410551548004,True
73,Train,randomness_0.3473,0.0013853125274181366,0.00230257585644722,-0.0009172633290290833,False
73,Train,randomness_0.3483,0.00016069412231445312,0.0004246514290571213,-0.00026395730674266815,False
73,Train,randomness_0.3493,0.001762237399816513,0.0026599057018756866,-0.0008976683020591736,False
73,Train,randomness_0.3504,0.0026630572974681854,0.0014049187302589417,0.0012581385672092438,True
73,Train,randomness_0.3514,0.004411917179822922,0.004830978810787201,-0.0004190616309642792,False
73,Train,randomness_0.3524,0.002543047070503235,0.001042807474732399,0.0015002395957708359,True
73,Train,randomness_0.3534,0.0011419840157032013,6.599165499210358e-05,0.0010759923607110977,True
73,Train,randomness_0.3544,0.000498991459608078,0.001345951110124588,-0.00084695965051651,False
73,Train,randomness_0.3554,0.0017200969159603119,0.0006215386092662811,0.0010985583066940308,True
73,Train,randomness_0.3574,0.002123013138771057,0.001051243394613266,0.0010717697441577911,True
73,Train,randomness_0.3584,0.0005881637334823608,0.001200314611196518,-0.0006121508777141571,False
73,Train,randomness_0.3594,0.004669327288866043,0.005905110388994217,-0.0012357831001281738,False
73,Train,randomness_0.3604,0.0029552243649959564,0.004030603915452957,-0.0010753795504570007,False
73,Train,randomness_0.3614,0.00017315521836280823,0.00048060342669487,-0.00030744820833206177,False
73,Train,randomness_0.3624,0.004468858242034912,0.005197521299123764,-0.0007286630570888519,False
73,Train,randomness_0.3634,0.0013700928539037704,0.0006452873349189758,0.0007248055189847946,True
73,Train,randomness_0.3644,0.002979602664709091,0.003811430186033249,-0.0008318275213241577,False
73,Train,randomness_0.3654,0.00128178671002388,0.0003439374268054962,0.0009378492832183838,True
73,Train,randomness_0.3664,0.0009011253714561462,0.001842949539422989,-0.0009418241679668427,False
73,Train,randomness_0.3674,0.0011096447706222534,0.002021409571170807,-0.0009117648005485535,False
73,Train,randomness_0.3684,0.004364952445030212,0.005064424127340317,-0.0006994716823101044,False
73,Train,randomness_0.3694,0.004713796079158783,0.00541837140917778,-0.0007045753300189972,False
73,Train,randomness_0.3704,0.004038959741592407,0.003251846879720688,0.0007871128618717194,True
73,Train,randomness_0.3714,0.004784557968378067,0.005978770554065704,-0.0011942125856876373,False
73,Train,randomness_0.3724,0.0003478340804576874,0.0012775249779224396,-0.0009296908974647522,False
73,Train,randomness_0.3734,0.0004937648773193359,0.0003609992563724518,0.00013276562094688416,True
73,Train,randomness_0.3744,0.0013447664678096771,0.0003871731460094452,0.0009575933218002319,True
73,Train,randomness_0.3754,0.0002649165689945221,0.0010418109595775604,-0.0007768943905830383,False
73,Train,randomness_0.3774,0.0006935559213161469,0.0019425712525844574,-0.0012490153312683105,False
73,Train,randomness_0.3784,0.005732294172048569,0.006541002541780472,-0.0008087083697319031,False
73,Train,randomness_0.3794,0.00336405448615551,0.0020832251757383347,0.0012808293104171753,True
73,Train,randomness_0.3804,0.0041978731751441956,0.004960767924785614,-0.0007628947496414185,False
73,Train,randomness_0.3814,0.0007143840193748474,0.0017212145030498505,-0.001006830483675003,False
73,Train,randomness_0.3824,0.0059947967529296875,0.006705757230520248,-0.0007109604775905609,False
73,Train,randomness_0.3844,0.006490256637334824,0.0053846873342990875,0.001105569303035736,True
73,Train,randomness_0.3854,0.0012444257736206055,8.562207221984863e-05,0.0011588037014007568,True
73,Train,randomness_0.3864,0.0033392980694770813,0.004153726622462273,-0.0008144285529851913,False
73,Train,randomness_0.3874,0.00040323473513126373,0.0006974060088396072,-0.0002941712737083435,False
73,Train,randomness_0.3884,0.0007720813155174255,0.0023731663823127747,-0.0016010850667953491,False
73,Train,randomness_0.3894,0.0023008380085229874,0.00292096845805645,-0.0006201304495334625,False
73,Train,randomness_0.3904,0.004455447196960449,0.005637232214212418,-0.0011817850172519684,False
73,Train,randomness_0.3914,0.0009565018117427826,0.002183379605412483,-0.0012268777936697006,False
73,Train,randomness_0.3924,0.0013424381613731384,0.0019792765378952026,-0.0006368383765220642,False
73,Train,randomness_0.3934,0.0024778135120868683,0.001205645501613617,0.0012721680104732513,True
73,Train,randomness_0.3944,0.00019638240337371826,0.0009105876088142395,-0.0007142052054405212,False
73,Train,randomness_0.3974,0.001814562827348709,0.00258709117770195,-0.000772528350353241,False
73,Train,randomness_0.3984,0.0025633051991462708,0.0014545321464538574,0.0011087730526924133,True
73,Train,randomness_0.4004,0.00037448108196258545,0.0018633604049682617,-0.0014888793230056763,False
73,Train,randomness_0.4014,0.00264953076839447,0.0012728609144687653,0.001376669853925705,True
73,Train,randomness_0.4024,0.00035698339343070984,0.0012844465672969818,-0.000927463173866272,False
73,Train,randomness_0.4034,0.0020178481936454773,0.003113720566034317,-0.0010958723723888397,False
73,Train,randomness_0.4054,0.0017719939351081848,0.003339610993862152,-0.0015676170587539673,False
73,Train,randomness_0.4064,9.569153189659119e-05,0.0008511319756507874,-0.0007554404437541962,False
73,Train,randomness_0.4074,0.0019627921283245087,0.002772744745016098,-0.0008099526166915894,False
73,Train,randomness_0.4084,0.0019444748759269714,0.0028721652925014496,-0.0009276904165744781,False
73,Train,randomness_0.4104,0.00128859281539917,0.002448085695505142,-0.0011594928801059723,False
73,Train,randomness_0.4114,0.003818504512310028,0.004672974348068237,-0.0008544698357582092,False
73,Train,randomness_0.4124,0.004897307604551315,0.006273576989769936,-0.0013762693852186203,False
73,Train,randomness_0.4144,0.002644430845975876,0.003661900758743286,-0.0010174699127674103,False
73,Train,randomness_0.4154,0.002557694911956787,0.0033816546201705933,-0.0008239597082138062,False
73,Train,randomness_0.4164,0.001804150640964508,0.0007574297487735748,0.0010467208921909332,True
73,Train,randomness_0.4174,0.002167418599128723,0.0035956576466560364,-0.0014282390475273132,False
73,Train,randomness_0.4184,0.002773907035589218,0.004209939390420914,-0.0014360323548316956,False
73,Train,randomness_0.4194,0.000798465684056282,0.0019086282700300217,-0.0011101625859737396,False
73,Train,randomness_0.4204,0.0003506522625684738,0.0009347889572381973,-0.0005841366946697235,False
73,Train,randomness_0.4214,0.0007078796625137329,0.002292860299348831,-0.0015849806368350983,False
73,Train,randomness_0.4224,0.0019712429493665695,0.0013990681618452072,0.0005721747875213623,True
73,Train,randomness_0.4234,0.001487690955400467,0.002772897481918335,-0.001285206526517868,False
73,Train,randomness_0.4244,0.003239540383219719,0.002019045874476433,0.0012204945087432861,True
73,Train,randomness_0.4254,0.00106116384267807,0.0004151351749897003,0.0006460286676883698,True
73,Train,randomness_0.4264,0.001377452164888382,0.002660263329744339,-0.001282811164855957,False
73,Train,randomness_0.4284,0.0031104013323783875,0.0017757266759872437,0.0013346746563911438,True
73,Train,randomness_0.4294,0.001071874052286148,6.138905882835388e-05,0.0010104849934577942,True
73,Train,randomness_0.4304,0.002575356513261795,0.003961551934480667,-0.001386195421218872,False
73,Train,randomness_0.4314,0.0006046667695045471,0.0006490834057331085,-4.44166362285614e-05,False
73,Train,randomness_0.4334,0.00041648000478744507,0.0006585903465747833,-0.00024211034178733826,False
73,Train,randomness_0.4344,0.003739451989531517,0.0025822632014751434,0.0011571887880563736,True
73,Train,randomness_0.4354,0.0017696954309940338,0.0007030349224805832,0.0010666605085134506,True
73,Train,randomness_0.4364,0.0002063065767288208,0.0012448877096176147,-0.001038581132888794,False
73,Train,randomness_0.4374,0.003246953710913658,0.00405469536781311,-0.0008077416568994522,False
73,Train,randomness_0.4384,0.0008768737316131592,0.0005305744707584381,0.00034629926085472107,True
73,Train,randomness_0.4394,0.00041991472244262695,0.0012730192393064499,-0.0008531045168638229,False
73,Train,randomness_0.4404,0.0008978471159934998,0.0022712238132953644,-0.0013733766973018646,False
73,Train,randomness_0.4414,0.0033555813133716583,0.0020640920847654343,0.001291489228606224,True
73,Train,randomness_0.4424,0.0010932423174381256,0.0022412575781345367,-0.0011480152606964111,False
73,Train,randomness_0.4454,0.004179608076810837,0.005524028092622757,-0.0013444200158119202,False
73,Train,randomness_0.4474,0.0013639293611049652,0.002476092427968979,-0.0011121630668640137,False
73,Train,randomness_0.4484,0.0035620834678411484,0.004090385511517525,-0.0005283020436763763,False
73,Train,randomness_0.4494,0.005501626059412956,0.00641680508852005,-0.0009151790291070938,False
73,Train,randomness_0.4505,0.0008385293185710907,0.0017790943384170532,-0.0009405650198459625,False
73,Train,randomness_0.4515,0.002108937129378319,0.0005132313817739487,0.0015957057476043701,True
73,Train,randomness_0.4535,0.005764549598097801,0.004894198849797249,0.0008703507483005524,True
73,Train,randomness_0.4545,0.003145907074213028,0.004096444696187973,-0.0009505376219749451,False
73,Train,randomness_0.4555,0.0012615062296390533,0.002614140510559082,-0.0013526342809200287,False
73,Train,randomness_0.4565,0.0009889043867588043,0.0018516182899475098,-0.0008627139031887054,False
73,Train,randomness_0.4575,0.0012334585189819336,0.0018233265727758408,-0.0005898680537939072,False
73,Train,randomness_0.4585,0.0018260255455970764,0.0005446337163448334,0.001281391829252243,True
73,Train,randomness_0.4595,0.005668509751558304,0.005998892709612846,-0.00033038295805454254,False
73,Train,randomness_0.4605,0.0004219524562358856,0.0010700765997171402,-0.0006481241434812546,False
73,Train,randomness_0.4625,0.00283992663025856,0.001762639731168747,0.0010772868990898132,True
73,Train,randomness_0.4635,0.0013323873281478882,0.002014666795730591,-0.0006822794675827026,False
73,Train,randomness_0.4645,0.006315186619758606,0.005247620865702629,0.0010675657540559769,True
73,Train,randomness_0.4655,0.004480345174670219,0.005458420142531395,-0.0009780749678611755,False
73,Train,randomness_0.4665,0.00386819988489151,0.0022606495767831802,0.0016075503081083298,True
73,Train,randomness_0.4675,0.0006222762167453766,0.001673256978392601,-0.0010509807616472244,False
73,Train,randomness_0.4685,0.003698740154504776,0.0029150638729333878,0.0007836762815713882,True
73,Train,randomness_0.4695,0.002939712256193161,0.001309175044298172,0.001630537211894989,True
73,Train,randomness_0.4715,0.0015765223652124405,0.0025906991213560104,-0.00101417675614357,False
73,Train,randomness_0.4725,0.0011835768818855286,1.3133510947227478e-05,0.001170443370938301,True
73,Train,randomness_0.4735,0.0017748847603797913,0.0024595744907855988,-0.0006846897304058075,False
73,Train,randomness_0.4745,7.501058280467987e-05,0.002081260085105896,-0.002006249502301216,False
73,Train,randomness_0.4755,0.0008075889199972153,0.0019037127494812012,-0.001096123829483986,False
73,Train,randomness_0.4765,0.003168664872646332,0.004160294309258461,-0.0009916294366121292,False
73,Train,randomness_0.4775,0.00028712302446365356,0.0008180104196071625,-0.0005308873951435089,False
73,Train,randomness_0.4785,0.001422358676791191,0.002726953476667404,-0.001304594799876213,False
73,Train,randomness_0.4795,0.0008398350328207016,0.00021468661725521088,0.0006251484155654907,True
73,Train,randomness_0.4805,0.003414921462535858,0.00230252742767334,0.0011123940348625183,True
73,Train,randomness_0.4825,0.007286980748176575,0.006472451612353325,0.0008145291358232498,True
73,Train,randomness_0.4835,0.001353532075881958,0.002270607277750969,-0.0009170752018690109,False
73,Train,randomness_0.4845,0.00039183907210826874,0.0012696906924247742,-0.0008778516203165054,False
73,Train,randomness_0.4855,0.0027241241186857224,0.0014979392290115356,0.0012261848896741867,True
73,Train,randomness_0.4865,0.004469005391001701,0.003214217722415924,0.0012547876685857773,True
73,Train,randomness_0.4875,0.002010062336921692,0.0011363979429006577,0.0008736643940210342,True
73,Train,randomness_0.4885,0.00011480972170829773,0.0010892245918512344,-0.0009744148701429367,False
73,Train,randomness_0.4895,0.003007844090461731,0.004252618178725243,-0.0012447740882635117,False
73,Train,randomness_0.4915,0.003767123445868492,0.0033718962222337723,0.00039522722363471985,True
73,Train,randomness_0.4925,0.0003665406256914139,0.0009072199463844299,-0.000540679320693016,False
73,Train,randomness_0.4935,0.003066306933760643,0.004138665273785591,-0.0010723583400249481,False
73,Train,randomness_0.4945,0.0012730583548545837,0.00012139230966567993,0.0011516660451889038,True
73,Train,randomness_0.4955,0.0025777630507946014,0.0037174560129642487,-0.0011396929621696472,False
73,Train,randomness_0.4975,0.0030089430510997772,0.0018391720950603485,0.0011697709560394287,True
73,Train,randomness_0.4995,0.0008061490952968597,4.3936073780059814e-05,0.0007622130215167999,True
73,Train,randomness_0.5005,0.0018438808619976044,0.0007741246372461319,0.0010697562247514725,True
73,Train,randomness_0.5015,0.0008321274071931839,6.008893251419067e-06,0.0008261185139417648,True
73,Train,randomness_0.5025,0.003748008981347084,0.002254687249660492,0.001493321731686592,True
73,Train,randomness_0.5035,3.986246883869171e-05,0.0006249360740184784,-0.0005850736051797867,False
73,Train,randomness_0.5045,0.00035761483013629913,0.0014859456568956375,-0.0011283308267593384,False
73,Train,randomness_0.5055,0.0027288347482681274,0.003501391038298607,-0.0007725562900304794,False
73,Train,randomness_0.5065,0.002521054819226265,0.0014299973845481873,0.0010910574346780777,True
73,Train,randomness_0.5075,0.0027641169726848602,0.0037165340036153793,-0.0009524170309305191,False
73,Train,randomness_0.5085,0.00029018335044384,0.0006951447576284409,-0.00040496140718460083,False
73,Train,randomness_0.5095,0.0004977770149707794,0.0003642551600933075,0.00013352185487747192,True
73,Train,randomness_0.5105,0.0011190474033355713,0.002533992752432823,-0.001414945349097252,False
73,Train,randomness_0.5115,3.476440906524658e-05,0.0009365677833557129,-0.0009018033742904663,False
73,Train,randomness_0.5125,0.000880686566233635,2.7719885110855103e-05,0.0008529666811227798,True
73,Train,randomness_0.5135,0.00241001695394516,0.0016626548022031784,0.0007473621517419815,True
73,Train,randomness_0.5145,0.0007286835461854935,0.0017467625439167023,-0.0010180789977312088,False
73,Train,randomness_0.5155,0.002987118437886238,0.003449469804763794,-0.00046235136687755585,False
73,Train,randomness_0.5165,0.0014255475252866745,0.0003162641078233719,0.0011092834174633026,True
73,Train,randomness_0.5175,0.002535885199904442,0.003485416993498802,-0.0009495317935943604,False
73,Train,randomness_0.5185,0.0010254103690385818,0.001779213547706604,-0.0007538031786680222,False
73,Train,randomness_0.5195,0.002104891464114189,0.003317149356007576,-0.0012122578918933868,False
73,Train,randomness_0.5205,0.0008435342460870743,0.00010932423174381256,0.0007342100143432617,True
73,Train,randomness_0.5215,0.0031591709703207016,0.0022680163383483887,0.0008911546319723129,True
73,Train,randomness_0.5235,0.0029738154262304306,0.0037349872291088104,-0.0007611718028783798,False
73,Train,randomness_0.5245,8.214637637138367e-05,0.0004604402929544449,-0.0003782939165830612,False
73,Train,randomness_0.5255,0.0023091398179531097,0.00272250734269619,-0.00041336752474308014,False
73,Train,randomness_0.5265,0.003493156284093857,0.004640854895114899,-0.0011476986110210419,False
73,Train,randomness_0.5275,0.0009638648480176926,0.0003922935575246811,0.0005715712904930115,True
73,Train,randomness_0.5285,0.002099068835377693,0.0003593750298023224,0.0017396938055753708,True
73,Train,randomness_0.5295,0.0036485306918621063,0.002543477341532707,0.0011050533503293991,True
73,Train,randomness_0.5305,0.0023397114127874374,0.003287727013230324,-0.0009480156004428864,False
73,Train,randomness_0.5325,0.0014119315892457962,0.0021079741418361664,-0.0006960425525903702,False
73,Train,randomness_0.5335,0.006717002019286156,0.007877640426158905,-0.0011606384068727493,False
73,Train,randomness_0.5345,0.003977207466959953,0.0029630623757839203,0.001014145091176033,True
73,Train,randomness_0.5355,0.0034026484936475754,0.003674902021884918,-0.00027225352823734283,False
73,Train,randomness_0.5365,0.004174409434199333,0.0034140516072511673,0.0007603578269481659,True
73,Train,randomness_0.5375,0.004446243867278099,0.005792185664176941,-0.0013459417968988419,False
73,Train,randomness_0.5385,0.001843821257352829,0.000683322548866272,0.001160498708486557,True
73,Train,randomness_0.5395,0.0012841448187828064,0.00031153857707977295,0.0009726062417030334,True
73,Train,randomness_0.5405,0.002474898472428322,0.0008655600249767303,0.0016093384474515915,True
73,Train,randomness_0.5415,0.00261697918176651,0.0037697087973356247,-0.0011527296155691147,False
73,Train,randomness_0.5425,0.002642376348376274,0.0040555838495492935,-0.0014132075011730194,False
73,Train,randomness_0.5435,0.0047696419060230255,0.003612782806158066,0.0011568590998649597,True
73,Train,randomness_0.5445,0.0003503616899251938,0.00148768350481987,-0.0011373218148946762,False
73,Train,randomness_0.5455,0.0015019197016954422,0.0006396602839231491,0.0008622594177722931,True
73,Train,randomness_0.5465,0.0013488531112670898,0.00035202689468860626,0.0009968262165784836,True
73,Train,randomness_0.5506,0.0005724988877773285,0.0012143030762672424,-0.0006418041884899139,False
73,Train,randomness_0.5516,0.0008792746812105179,0.0005266927182674408,0.0003525819629430771,True
73,Train,randomness_0.5526,0.0006181281059980392,0.00022628158330917358,0.00039184652268886566,True
73,Train,randomness_0.5546,0.001867040991783142,0.0028954949229955673,-0.0010284539312124252,False
73,Train,randomness_0.5556,0.0003413297235965729,0.0007398072630167007,-0.00039847753942012787,False
73,Train,randomness_0.5566,0.004239210858941078,0.004725666716694832,-0.00048645585775375366,False
73,Train,randomness_0.5576,0.0024732258170843124,0.003500005230307579,-0.0010267794132232666,False
73,Train,randomness_0.5586,0.00471295602619648,0.004095824435353279,0.0006171315908432007,True
73,Train,randomness_0.5596,0.0027317777276039124,0.0012081414461135864,0.001523636281490326,True
73,Train,randomness_0.5606,0.0007985252887010574,0.001483481377363205,-0.0006849560886621475,False
73,Train,randomness_0.5616,0.002550235018134117,0.00099288672208786,0.001557348296046257,True
73,Train,randomness_0.5626,0.001439899206161499,0.002705361694097519,-0.00126546248793602,False
73,Train,randomness_0.5636,0.0011173617094755173,0.0020714737474918365,-0.0009541120380163193,False
73,Train,randomness_0.5646,0.003580968827009201,0.0034236665815114975,0.00015730224549770355,True
73,Train,randomness_0.5656,0.0021930113434791565,0.0034725256264209747,-0.0012795142829418182,False
73,Train,randomness_0.5666,0.002520492300391197,0.0036581456661224365,-0.0011376533657312393,False
73,Train,randomness_0.5676,0.0007667895406484604,0.0007109157741069794,5.587376654148102e-05,True
73,Train,randomness_0.5686,0.0002498216927051544,0.0006430726498365402,-0.0003932509571313858,False
73,Train,randomness_0.5696,0.0002915654331445694,6.4043328166008e-05,0.0002275221049785614,True
73,Train,randomness_0.5706,0.0036794766783714294,0.002978650853037834,0.0007008258253335953,True
73,Train,randomness_0.5716,0.004011832177639008,0.004852596670389175,-0.0008407644927501678,False
73,Train,randomness_0.5726,0.0015145055949687958,0.000789666548371315,0.0007248390465974808,True
73,Train,randomness_0.5736,0.004081242717802525,0.002751425839960575,0.0013298168778419495,True
73,Train,randomness_0.5746,0.0011722277849912643,0.0005563553422689438,0.0006158724427223206,True
73,Train,randomness_0.5756,0.003678536042571068,0.0042632147669792175,-0.0005846787244081497,False
73,Train,randomness_0.5766,0.0006521325558423996,0.0015580244362354279,-0.0009058918803930283,False
73,Train,randomness_0.5776,0.0022191815078258514,0.0008938591927289963,0.0013253223150968552,True
73,Train,randomness_0.5786,0.002047952264547348,0.0010886415839195251,0.0009593106806278229,True
73,Train,randomness_0.5796,0.004087528213858604,0.005345376208424568,-0.0012578479945659637,False
73,Train,randomness_0.5806,0.0017477646470069885,0.0011212844401597977,0.0006264802068471909,True
73,Train,randomness_0.5816,0.0024685319513082504,0.00202026404440403,0.0004482679069042206,True
73,Train,randomness_0.5826,0.00101536326110363,0.0023676585406064987,-0.0013522952795028687,False
73,Train,randomness_0.5836,0.0029550399631261826,0.003709958866238594,-0.0007549189031124115,False
73,Train,randomness_0.5846,0.001642320305109024,0.0006188135594129562,0.0010235067456960678,True
73,Train,randomness_0.5866,0.008865371346473694,0.00789063423871994,0.0009747371077537537,True
73,Train,randomness_0.5876,0.0023526735603809357,0.001645958051085472,0.0007067155092954636,True
73,Train,randomness_0.5886,0.0026583559811115265,0.0036131758242845535,-0.000954819843173027,False
73,Train,randomness_0.5896,0.0001312997192144394,0.0004940498620271683,-0.0003627501428127289,False
73,Train,randomness_0.5906,0.00805583968758583,0.006850620731711388,0.001205218955874443,True
73,Train,randomness_0.5916,0.002030046656727791,0.0008674617856740952,0.0011625848710536957,True
73,Train,randomness_0.5926,0.0015521682798862457,0.0024628005921840668,-0.000910632312297821,False
73,Train,randomness_0.5956,0.002365533262491226,0.0014575272798538208,0.0009080059826374054,True
73,Train,randomness_0.5966,0.0025413380935788155,0.002814902924001217,-0.00027356483042240143,False
73,Train,randomness_0.5976,0.0031990092247724533,0.003994261845946312,-0.0007952526211738586,False
73,Train,randomness_0.5986,0.002315213903784752,0.0016864370554685593,0.0006287768483161926,True
73,Train,randomness_0.5996,0.0032016653567552567,0.0024497509002685547,0.000751914456486702,True
73,Train,randomness_0.6006,0.002241833135485649,0.0034358035773038864,-0.0011939704418182373,False
73,Train,randomness_0.6016,0.006039652973413467,0.004811814054846764,0.0012278389185667038,True
73,Train,randomness_0.6026,0.0016447734087705612,0.0005859211087226868,0.0010588523000478745,True
73,Train,randomness_0.6036,0.003895040601491928,0.005042249336838722,-0.0011472087353467941,False
73,Train,randomness_0.6046,0.0010609682649374008,9.720772504806519e-05,0.0009637605398893356,True
73,Train,randomness_0.6056,0.006584424525499344,0.006905445829033852,-0.00032102130353450775,False
73,Train,randomness_0.6066,0.006335485726594925,0.005028635263442993,0.0013068504631519318,True
73,Train,randomness_0.6076,4.689954221248627e-05,3.787316381931305e-05,9.026378393173218e-06,True
73,Train,randomness_0.6086,0.00033966172486543655,0.00022396445274353027,0.00011569727212190628,True
73,Train,randomness_0.6096,0.004738522693514824,0.0038063134998083115,0.0009322091937065125,True
73,Train,randomness_0.6106,0.002399697434157133,0.002756867092102766,-0.00035716965794563293,False
73,Train,randomness_0.6116,0.0016853902488946915,0.0019110273569822311,-0.00022563710808753967,False
73,Train,randomness_0.6126,0.0012757442891597748,0.00035521388053894043,0.0009205304086208344,True
73,Train,randomness_0.6136,0.005637560039758682,0.004890291020274162,0.00074726901948452,True
73,Train,randomness_0.6146,5.7481229305267334e-05,0.0014524422585964203,-0.001394961029291153,False
73,Train,randomness_0.6156,0.0005533508956432343,0.00030524842441082,0.00024810247123241425,True
73,Train,randomness_0.6176,0.005340341478586197,0.0055643729865550995,-0.0002240315079689026,False
73,Train,randomness_0.6186,0.004086777567863464,0.002688370645046234,0.0013984069228172302,True
73,Train,randomness_0.6206,0.003739127889275551,0.002735961228609085,0.0010031666606664658,True
73,Train,randomness_0.6216,0.0069158924743533134,0.006527493707835674,0.00038839876651763916,True
73,Train,randomness_0.6236,0.002258376218378544,0.0017077559605240822,0.0005506202578544617,True
73,Train,randomness_0.6246,0.0038713812828063965,0.003109615296125412,0.0007617659866809845,True
73,Train,randomness_0.6266,0.005751743912696838,0.006761936470866203,-0.001010192558169365,False
73,Train,randomness_0.6276,0.0011791978031396866,0.0012258142232894897,-4.661642014980316e-05,False
73,Train,randomness_0.6286,0.0016468260437250137,0.0007789731025695801,0.0008678529411554337,True
73,Train,randomness_0.6296,0.0012918133288621902,0.0021033156663179398,-0.0008115023374557495,False
73,Train,randomness_0.6306,0.0016881804913282394,0.0010982546955347061,0.0005899257957935333,True
73,Train,randomness_0.6326,0.0013237465173006058,0.001696201041340828,-0.00037245452404022217,False
73,Train,randomness_0.6346,0.0022201258689165115,0.0018314160406589508,0.00038870982825756073,True
73,Train,randomness_0.6356,0.004031801596283913,0.003185054287314415,0.0008467473089694977,True
73,Train,randomness_0.6376,0.002450929954648018,0.00343882292509079,-0.000987892970442772,False
73,Train,randomness_0.6386,0.003756127320230007,0.003457922488451004,0.00029820483177900314,True
73,Train,randomness_0.6396,0.0016421452164649963,0.0022255796939134598,-0.0005834344774484634,False
73,Train,randomness_0.6406,0.005682380869984627,0.005769824609160423,-8.744373917579651e-05,False
73,Train,randomness_0.6416,0.0012314412742853165,0.000726308673620224,0.0005051326006650925,True
73,Train,randomness_0.6446,0.005364498123526573,0.004401765763759613,0.0009627323597669601,True
73,Train,randomness_0.6466,7.99819827079773e-06,2.6462599635124207e-05,-1.8464401364326477e-05,False
73,Train,randomness_0.6476,0.0013363473117351532,0.0005542747676372528,0.0007820725440979004,True
73,Train,randomness_0.6486,0.0006143767386674881,0.0014401637017726898,-0.0008257869631052017,False
73,Train,randomness_0.6507,0.00029166415333747864,8.493475615978241e-05,0.00020672939717769623,True
73,Train,randomness_0.6517,0.00012159906327724457,0.0004287920892238617,-0.0003071930259466171,False
73,Train,randomness_0.6527,0.0004112944006919861,0.0003434903919696808,6.78040087223053e-05,True
73,Train,randomness_0.6537,0.0004721973091363907,0.0013496950268745422,-0.0008774977177381516,False
73,Train,randomness_0.6547,0.005597146227955818,0.005310384556651115,0.00028676167130470276,True
73,Train,randomness_0.6557,0.006367631256580353,0.006268501281738281,9.912997484207153e-05,True
73,Train,randomness_0.6567,0.003936411812901497,0.002988578751683235,0.0009478330612182617,True
73,Train,randomness_0.6577,0.0010947901755571365,0.00010758079588413239,0.0009872093796730042,True
73,Train,randomness_0.6587,0.0005749966949224472,0.0009605009108781815,-0.00038550421595573425,False
73,Train,randomness_0.6597,0.001827901229262352,0.0023149512708187103,-0.00048705004155635834,False
73,Train,randomness_0.6607,0.002953777089715004,0.003408389165997505,-0.0004546120762825012,False
73,Train,randomness_0.6617,0.002419671043753624,0.0023301001638174057,8.957087993621826e-05,True
73,Train,randomness_0.6627,0.0010688118636608124,0.0009874682873487473,8.134357631206512e-05,True
73,Train,randomness_0.6637,0.001238042488694191,0.002001717686653137,-0.0007636751979589462,False
73,Train,randomness_0.6647,0.00026789866387844086,0.0006366297602653503,-0.0003687310963869095,False
73,Train,randomness_0.6657,0.001897292211651802,0.0024726875126361847,-0.0005753953009843826,False
73,Train,randomness_0.6667,0.00415077805519104,0.005009129643440247,-0.0008583515882492065,False
73,Train,randomness_0.6677,0.0024188458919525146,0.0015464480966329575,0.0008723977953195572,True
73,Train,randomness_0.6687,0.006213268265128136,0.00480254553258419,0.0014107227325439453,True
73,Train,randomness_0.6697,0.004535057581961155,0.005396412685513496,-0.0008613551035523415,False
73,Train,randomness_0.6707,0.005857200361788273,0.005499458871781826,0.00035774149000644684,True
73,Train,randomness_0.6717,0.006534181535243988,0.005992956459522247,0.0005412250757217407,True
73,Train,randomness_0.6727,0.0016405824571847916,0.0008617378771305084,0.0007788445800542831,True
73,Train,randomness_0.6737,0.0015065167099237442,0.0018994081765413284,-0.00039289146661758423,False
73,Train,randomness_0.6747,0.003995506092905998,0.004959706217050552,-0.0009642001241445541,False
73,Train,randomness_0.6767,0.006575971841812134,0.0055903177708387375,0.0009856540709733963,True
73,Train,randomness_0.6777,0.005153736099600792,0.005469252355396748,-0.00031551625579595566,False
73,Train,randomness_0.6787,0.002798454836010933,0.004039938561618328,-0.0012414837256073952,False
73,Train,randomness_0.6797,0.005015978589653969,0.004104206338524818,0.0009117722511291504,True
73,Train,randomness_0.6807,0.0006771422922611237,0.0007423330098390579,-6.519071757793427e-05,False
73,Train,randomness_0.6817,0.0003968793898820877,0.0010085627436637878,-0.0006116833537817001,False
73,Train,randomness_0.6827,0.004581165499985218,0.004917195066809654,-0.0003360295668244362,False
73,Train,randomness_0.6847,0.004830957390367985,0.004807126708328724,2.3830682039260864e-05,True
73,Train,randomness_0.6857,0.0005031954497098923,0.0012962520122528076,-0.0007930565625429153,False
73,Train,randomness_0.6867,5.463510751724243e-05,0.0007709581404924393,-0.0007163230329751968,False
73,Train,randomness_0.6877,0.00414041243493557,0.003796076402068138,0.00034433603286743164,True
73,Train,randomness_0.6917,0.004561600275337696,0.004514687694609165,4.6912580728530884e-05,True
73,Train,randomness_0.6927,0.0016472935676574707,0.0021506473422050476,-0.0005033537745475769,False
73,Train,randomness_0.6937,0.003228645771741867,0.002734161913394928,0.0004944838583469391,True
73,Train,randomness_0.6947,0.0014826897531747818,0.0015936698764562607,-0.00011098012328147888,False
73,Train,randomness_0.6957,0.001894541084766388,0.0026840325444936752,-0.0007894914597272873,False
73,Train,randomness_0.6967,0.0005774833261966705,0.001381710171699524,-0.0008042268455028534,False
73,Train,randomness_0.6977,0.004539303481578827,0.004936644807457924,-0.000397341325879097,False
73,Train,randomness_0.6987,0.003034668043255806,0.003308127634227276,-0.0002734595909714699,False
73,Train,randomness_0.6997,0.00028329528868198395,0.0005967523902654648,-0.00031345710158348083,False
73,Train,randomness_0.7007,0.00362226739525795,0.0038650063797831535,-0.0002427389845252037,False
73,Train,randomness_0.7017,2.8911978006362915e-05,0.0005465000867843628,-0.0005175881087779999,False
73,Train,randomness_0.7027,0.00040174275636672974,3.840215504169464e-05,0.0003633406013250351,True
73,Train,randomness_0.7037,0.0037901531904935837,0.004149273037910461,-0.00035911984741687775,False
73,Train,randomness_0.7047,0.0023475904017686844,0.00294461939483881,-0.0005970289930701256,False
73,Train,randomness_0.7057,0.00017420947551727295,0.00043063797056674957,-0.0002564284950494766,False
73,Train,randomness_0.7067,0.001977848820388317,0.0017685126513242722,0.00020933616906404495,True
73,Train,randomness_0.7077,3.538466989994049e-05,0.0005696043372154236,-0.0005342196673154831,False
73,Train,randomness_0.7087,0.0038981055840849876,0.0033999383449554443,0.0004981672391295433,True
73,Train,randomness_0.7097,0.0003360789269208908,0.0008880887180566788,-0.000552009791135788,False
73,Train,randomness_0.7107,0.00042046234011650085,0.00027029402554035187,0.000150168314576149,True
73,Train,randomness_0.7117,0.002192685380578041,0.0023322710767388344,-0.0001395856961607933,False
73,Train,randomness_0.7127,0.005352012813091278,0.004121083766222,0.001230929046869278,True
73,Train,randomness_0.7137,0.00022934004664421082,7.998012006282806e-05,0.00014935992658138275,True
73,Train,randomness_0.7147,0.004899370484054089,0.004637803882360458,0.0002615666016936302,True
73,Train,randomness_0.7167,0.004843506962060928,0.004844735376536846,-1.2284144759178162e-06,False
73,Train,randomness_0.7177,0.0004291720688343048,0.0005440115928649902,-0.00011483952403068542,False
73,Train,randomness_0.7187,0.0005744006484746933,0.0015836963430047035,-0.0010092956945300102,False
73,Train,randomness_0.7197,0.007426130119711161,0.0074053858406841755,2.074427902698517e-05,True
73,Train,randomness_0.7207,0.0003816932439804077,4.970282316207886e-05,0.00033199042081832886,True
73,Train,randomness_0.7217,0.0030885078012943268,0.0031430963426828384,-5.458854138851166e-05,False
73,Train,randomness_0.7227,0.003819589503109455,0.0032272683456540108,0.0005923211574554443,True
73,Train,randomness_0.7237,0.0031900685280561447,0.0032253116369247437,-3.524310886859894e-05,False
73,Train,randomness_0.7247,0.0039274729788303375,0.00315153319388628,0.0007759397849440575,True
73,Train,randomness_0.7277,0.0024457061663269997,0.0021771499887108803,0.0002685561776161194,True
73,Train,randomness_0.7287,7.229950278997421e-05,0.0005124816671013832,-0.000440182164311409,False
73,Train,randomness_0.7297,0.0006575332954525948,0.0009224759414792061,-0.00026494264602661133,False
73,Train,randomness_0.7307,0.004034650512039661,0.004345810040831566,-0.00031115952879190445,False
73,Train,randomness_0.7327,0.006717982701957226,0.006748163141310215,-3.0180439352989197e-05,False
73,Train,randomness_0.7337,0.002768896520137787,0.0028206445276737213,-5.174800753593445e-05,False
73,Train,randomness_0.7347,0.001430845819413662,0.000805768184363842,0.00062507763504982,True
73,Train,randomness_0.7357,0.001957900822162628,0.0016845110803842545,0.0002733897417783737,True
73,Train,randomness_0.7367,0.0005820943042635918,0.0004515070468187332,0.00013058725744485855,True
73,Train,randomness_0.7377,0.002164529636502266,0.0010916655883193016,0.0010728640481829643,True
73,Train,randomness_0.7387,0.0014194156974554062,0.0008661132305860519,0.0005533024668693542,True
73,Train,randomness_0.7397,0.003302149474620819,0.0030581019818782806,0.00024404749274253845,True
73,Train,randomness_0.7407,0.003996569663286209,0.00412509310990572,-0.00012852344661951065,False
73,Train,randomness_0.7417,0.0008139209821820259,0.00086256954818964,-4.8648566007614136e-05,False
73,Train,randomness_0.7427,0.00234411284327507,0.002123144455254078,0.00022096838802099228,True
73,Train,randomness_0.7437,0.0006959326565265656,0.0006858054548501968,1.0127201676368713e-05,True
73,Train,randomness_0.7447,0.0022434452548623085,0.0021287407726049423,0.00011470448225736618,True
73,Train,randomness_0.7457,0.005634677596390247,0.005036425776779652,0.0005982518196105957,True
73,Train,randomness_0.7467,0.003105401061475277,0.00325633492320776,-0.0001509338617324829,False
73,Train,randomness_0.7477,0.0019396869465708733,0.0016683805733919144,0.0002713063731789589,True
73,Train,randomness_0.7487,0.0028169434517621994,0.0030577201396226883,-0.0002407766878604889,False
73,Train,randomness_0.7497,0.004583680536597967,0.004596896935254335,-1.3216398656368256e-05,False
73,Train,randomness_0.7508,0.0038174251094460487,0.0037339357659220695,8.348934352397919e-05,True
73,Train,randomness_0.7518,0.007478401996195316,0.007114860229194164,0.00036354176700115204,True
73,Train,randomness_0.7538,0.0025172289460897446,0.0019220635294914246,0.00059516541659832,True
73,Train,randomness_0.7548,0.005609249230474234,0.005429704207926989,0.00017954502254724503,True
73,Train,randomness_0.7558,0.0033144457265734673,0.0043736109510064125,-0.0010591652244329453,False
73,Train,randomness_0.7568,0.006320349872112274,0.0055183786898851395,0.0008019711822271347,True
73,Train,randomness_0.7578,0.007902901619672775,0.0077618882060050964,0.00014101341366767883,True
73,Train,randomness_0.7598,0.0004697898402810097,0.0005715833976864815,-0.0001017935574054718,False
73,Train,randomness_0.7608,0.0014415830373764038,0.00191569235175848,-0.00047410931438207626,False
73,Train,randomness_0.7618,0.001392219215631485,0.0019263867288827896,-0.0005341675132513046,False
73,Train,randomness_0.7628,0.0037652405444532633,0.004039248451590538,-0.00027400790713727474,False
73,Train,randomness_0.7638,0.0036976151168346405,0.003278197720646858,0.0004194173961877823,True
73,Train,randomness_0.7658,0.0016683461144566536,0.0012362804263830185,0.0004320656880736351,True
73,Train,randomness_0.7668,0.0007504057139158249,0.00019181612879037857,0.0005585895851254463,True
73,Train,randomness_0.7678,0.0007274709641933441,0.0016011232510209084,-0.0008736522868275642,False
73,Train,randomness_0.7698,0.0024524452164769173,0.002523384988307953,-7.093977183103561e-05,False
73,Train,randomness_0.7708,0.0009882394224405289,0.0009547220543026924,3.3517368137836456e-05,True
73,Train,randomness_0.7718,0.0025303023867309093,0.00248453626409173,4.576612263917923e-05,True
73,Train,randomness_0.7728,0.0019343532621860504,0.001784302294254303,0.00015005096793174744,True
73,Train,randomness_0.7738,0.005327437072992325,0.005926391109824181,-0.0005989540368318558,False
73,Train,randomness_0.7748,0.0034347064793109894,0.003346373327076435,8.833315223455429e-05,True
73,Train,randomness_0.7768,0.0012032734230160713,0.001294775865972042,-9.150244295597076e-05,False
73,Train,randomness_0.7778,0.0018935566768050194,0.0017008567228913307,0.00019269995391368866,True
73,Train,randomness_0.7788,0.002740907482802868,0.0030736038461327553,-0.0003326963633298874,False
73,Train,randomness_0.7798,0.004861002787947655,0.0052696894854307175,-0.00040868669748306274,False
73,Train,randomness_0.7808,0.0010014036670327187,0.0014789970591664314,-0.00047759339213371277,False
73,Train,randomness_0.7818,0.0006724363192915916,0.0009306157007813454,-0.0002581793814897537,False
73,Train,randomness_0.7828,0.0012082476168870926,0.0009342124685645103,0.00027403514832258224,True
73,Train,randomness_0.7838,5.1952898502349854e-05,0.0005901530385017395,-0.0005382001399993896,False
73,Train,randomness_0.7848,0.0016427161172032356,0.001479865051805973,0.00016285106539726257,True
73,Train,randomness_0.7858,0.0005036499351263046,0.0011587711051106453,-0.0006551211699843407,False
73,Train,randomness_0.7868,0.0019037481397390366,0.0018387380987405777,6.501004099845886e-05,True
73,Train,randomness_0.7878,0.0036364365369081497,0.004080977290868759,-0.00044454075396060944,False
73,Train,randomness_0.7898,0.0012272968888282776,0.0016301395371556282,-0.0004028426483273506,False
73,Train,randomness_0.7908,0.00012221001088619232,0.00010810978710651398,1.4100223779678345e-05,True
73,Train,randomness_0.7918,0.0025959713384509087,0.0019427044317126274,0.0006532669067382812,True
73,Train,randomness_0.7928,0.0028918255120515823,0.0032827500253915787,-0.00039092451333999634,False
73,Train,randomness_0.7938,0.007192160002887249,0.00688997283577919,0.00030218716710805893,True
73,Train,randomness_0.7948,0.0017116442322731018,0.0018571577966213226,-0.00014551356434822083,False
73,Train,randomness_0.7958,0.004424199461936951,0.0049659088253974915,-0.0005417093634605408,False
73,Train,randomness_0.7968,0.005904885474592447,0.00577241787686944,0.0001324675977230072,True
73,Train,randomness_0.7978,0.0006659543141722679,0.001595272682607174,-0.000929318368434906,False
73,Train,randomness_0.7988,0.0024485066533088684,0.0020354771986603737,0.0004130294546484947,True
73,Train,randomness_0.7998,0.003767838701605797,0.003199261613190174,0.0005685770884156227,True
73,Train,randomness_0.8008,0.0006141182966530323,7.898733019828796e-05,0.0005351309664547443,True
73,Train,randomness_0.8018,0.0001624319702386856,0.0009287083521485329,-0.0007662763819098473,False
73,Train,randomness_0.8028,0.0002241590991616249,0.0004889871925115585,-0.0002648280933499336,False
73,Train,randomness_0.8038,0.0025125090032815933,0.0018400046974420547,0.0006725043058395386,True
73,Train,randomness_0.8048,0.0032240571454167366,0.0035301288589835167,-0.0003060717135667801,False
73,Train,randomness_0.8058,0.001506805419921875,0.0016565248370170593,-0.00014971941709518433,False
73,Train,randomness_0.8068,0.0014853626489639282,0.0013452982529997826,0.00014006439596414566,True
73,Train,randomness_0.8078,0.0009611453860998154,0.0016898894682526588,-0.0007287440821528435,False
73,Train,randomness_0.8088,0.0020509245805442333,0.0028197080828249454,-0.0007687835022807121,False
73,Train,randomness_0.8098,0.0006390977650880814,4.5262277126312256e-05,0.0005938354879617691,True
73,Train,randomness_0.8108,0.002165744546800852,0.001477259211242199,0.0006884853355586529,True
73,Train,randomness_0.8128,0.00460021011531353,0.003744271583855152,0.0008559385314583778,True
73,Train,randomness_0.8138,0.0016438672319054604,0.0018795421347022057,-0.0002356749027967453,False
73,Train,randomness_0.8148,0.0016519995406270027,0.002391202375292778,-0.0007392028346657753,False
73,Train,randomness_0.8158,0.0011122962459921837,0.0015252204611897469,-0.00041292421519756317,False
73,Train,randomness_0.8168,0.00420598266646266,0.004695442970842123,-0.0004894603043794632,False
73,Train,randomness_0.8178,0.002349510323256254,0.0018915529362857342,0.00045795738697052,True
73,Train,randomness_0.8188,0.0038172064814716578,0.002995280548930168,0.0008219259325414896,True
73,Train,randomness_0.8198,0.0019638314843177795,0.0009939633309841156,0.0009698681533336639,True
73,Train,randomness_0.8208,0.007810716982930899,0.007905730046331882,-9.501306340098381e-05,False
73,Train,randomness_0.8218,0.002307979390025139,0.0019319867715239525,0.00037599261850118637,True
73,Train,randomness_0.8228,0.0037604423705488443,0.003918873146176338,-0.00015843077562749386,False
73,Train,randomness_0.8238,2.80085951089859e-05,1.823902130126953e-05,9.76957380771637e-06,True
73,Train,randomness_0.8248,0.0023062191903591156,0.0016658240929245949,0.0006403950974345207,True
73,Train,randomness_0.8258,0.004525313153862953,0.004653703421354294,-0.00012839026749134064,False
73,Train,randomness_0.8268,6.701797246932983e-06,0.00017744104843586683,-0.00017073925118893385,False
73,Train,randomness_0.8278,0.0021506408229470253,0.0014795353636145592,0.0006711054593324661,True
73,Train,randomness_0.8288,0.003243519924581051,0.0030820099636912346,0.00016150996088981628,True
73,Train,randomness_0.8298,0.002126801759004593,0.0014436068013310432,0.0006831949576735497,True
73,Train,randomness_0.8308,0.0026401933282613754,0.002479085698723793,0.0001611076295375824,True
73,Train,randomness_0.8328,0.0037502238992601633,0.004387550055980682,-0.0006373261567205191,False
73,Train,randomness_0.8338,0.0006513930857181549,0.0001557767391204834,0.0004956163465976715,True
73,Train,randomness_0.8348,0.0010815095156431198,0.0008228132501244545,0.0002586962655186653,True
73,Train,randomness_0.8358,0.0049984510987997055,0.004579121246933937,0.00041932985186576843,True
73,Train,randomness_0.8368,0.000945625826716423,0.0012530796229839325,-0.00030745379626750946,False
73,Train,randomness_0.8378,0.003946250770241022,0.004412590991705656,-0.00046634022146463394,False
73,Train,randomness_0.8388,0.0008461102843284607,0.0005075763911008835,0.0003385338932275772,True
73,Train,randomness_0.8408,0.0029513370245695114,0.0037883189506828785,-0.0008369819261133671,False
73,Train,randomness_0.8428,0.00431987876072526,0.004908768925815821,-0.0005888901650905609,False
73,Train,randomness_0.8438,0.004512027371674776,0.003789486363530159,0.0007225410081446171,True
73,Train,randomness_0.8458,0.0015373127534985542,0.0021164212375879288,-0.0005791084840893745,False
73,Train,randomness_0.8468,0.000982780009508133,0.000207606703042984,0.0007751733064651489,True
73,Train,randomness_0.8478,0.0014820042997598648,0.0015153326094150543,-3.3328309655189514e-05,False
73,Train,randomness_0.8488,0.0003207405097782612,0.0006507462821900845,-0.00033000577241182327,False
73,Train,randomness_0.8498,0.0005998555570840836,0.0006643570959568024,-6.450153887271881e-05,False
73,Train,randomness_0.8509,0.007102794945240021,0.006538616493344307,0.0005641784518957138,True
73,Train,randomness_0.8529,0.0037720557302236557,0.004459015093743801,-0.0006869593635201454,False
73,Train,randomness_0.8539,0.0001644045114517212,6.875954568386078e-06,0.0001575285568833351,True
73,Train,randomness_0.8549,0.002597284037619829,0.002356105949729681,0.00024117808789014816,True
73,Train,randomness_0.8559,0.0010365527123212814,0.0007443465292453766,0.00029220618307590485,True
73,Train,randomness_0.8579,0.003077431581914425,0.0030619287863373756,1.5502795577049255e-05,True
73,Train,randomness_0.8589,0.005355393514037132,0.005530690774321556,-0.00017529726028442383,False
73,Train,randomness_0.8599,0.001189892995171249,0.0002709515392780304,0.0009189414558932185,True
73,Train,randomness_0.8609,0.003636788111180067,0.003240592312067747,0.00039619579911231995,True
73,Train,randomness_0.8619,0.0008989409543573856,0.0018229507841169834,-0.0009240098297595978,False
73,Train,randomness_0.8629,0.004497163463383913,0.003458607941865921,0.001038555521517992,True
73,Train,randomness_0.8639,0.0071158274076879025,0.004934917204082012,0.0021809102036058903,True
73,Train,randomness_0.8649,0.005433237180113792,0.005387354642152786,4.5882537961006165e-05,True
73,Train,randomness_0.8659,0.0016333796083927155,0.0024389149621129036,-0.0008055353537201881,False
73,Train,randomness_0.8669,0.00275498628616333,0.0026957187801599503,5.926750600337982e-05,True
73,Train,randomness_0.8679,0.0018848627805709839,0.001415015198290348,0.00046984758228063583,True
73,Train,randomness_0.8689,0.0017089266330003738,0.0015477556735277176,0.00016117095947265625,True
73,Train,randomness_0.8699,0.0013920348137617111,0.0007157633081078529,0.0006762715056538582,True
73,Train,randomness_0.8709,0.00041068531572818756,0.0016403179615736008,-0.0012296326458454132,False
73,Train,randomness_0.8719,0.005686044692993164,0.006441593170166016,-0.0007555484771728516,False
73,Train,randomness_0.8729,0.0026773514691740274,0.0028632080648094416,-0.00018585659563541412,False
73,Train,randomness_0.8739,0.00019153393805027008,0.0005248431116342545,-0.0003333091735839844,False
73,Train,randomness_0.8749,0.0033999867737293243,0.003514726646244526,-0.00011473987251520157,False
73,Train,randomness_0.8759,0.004223537631332874,0.0037017958238720894,0.0005217418074607849,True
73,Train,randomness_0.8769,0.002043262356892228,0.002067204797640443,-2.394244074821472e-05,False
73,Train,randomness_0.8799,0.0028123767115175724,0.0029352796263992786,-0.00012290291488170624,False
73,Train,randomness_0.8809,0.004129171371459961,0.003958582878112793,0.00017058849334716797,True
73,Train,randomness_0.8819,0.0011354419402778149,0.0014455602504312992,-0.00031011831015348434,False
73,Train,randomness_0.8829,0.0017532752826809883,0.0014561498537659645,0.0002971254289150238,True
73,Train,randomness_0.8839,0.00012573227286338806,0.0012109503149986267,-0.0010852180421352386,False
73,Train,randomness_0.8849,0.006110077723860741,0.007034944836050272,-0.0009248671121895313,False
73,Train,randomness_0.8859,0.003633213695138693,0.003926827106624842,-0.00029361341148614883,False
73,Train,randomness_0.8869,0.004728960804641247,0.004554524086415768,0.00017443671822547913,True
73,Train,randomness_0.8879,0.0017823083326220512,0.0014026882126927376,0.00037962011992931366,True
73,Train,randomness_0.8889,0.004252961371093988,0.004526818636804819,-0.0002738572657108307,False
73,Train,randomness_0.8899,0.0023512544576078653,0.0029485675040632486,-0.0005973130464553833,False
73,Train,randomness_0.8909,0.0002321545034646988,0.0001205839216709137,0.0001115705817937851,True
73,Train,randomness_0.8919,0.004586579278111458,0.0036439811810851097,0.0009425980970263481,True
73,Train,randomness_0.8929,0.0004112124443054199,3.7942081689834595e-06,0.00040741823613643646,True
73,Train,randomness_0.8939,0.002279112581163645,0.003199679311364889,-0.0009205667302012444,False
73,Train,randomness_0.8949,0.0013783732429146767,0.0017176014371216297,-0.00033922819420695305,False
73,Train,randomness_0.8959,0.0008911173790693283,0.0005388297140598297,0.0003522876650094986,True
73,Train,randomness_0.8969,0.002361699938774109,0.0011951735941693187,0.0011665263446047902,True
73,Train,randomness_0.8979,0.001915091648697853,0.002527635544538498,-0.0006125438958406448,False
73,Train,randomness_0.8989,0.0002259332686662674,0.0011841668747365475,-0.0009582336060702801,False
73,Train,randomness_0.8999,0.002414897084236145,0.0030415598303079605,-0.0006266627460718155,False
73,Train,randomness_0.9029,0.0009305402636528015,0.002655360847711563,-0.0017248205840587616,False
73,Train,randomness_0.9039,0.0017475788481533527,0.002634406555444002,-0.0008868277072906494,False
73,Train,randomness_0.9049,0.0009560380131006241,0.0009843874722719193,-2.8349459171295166e-05,False
73,Train,randomness_0.9059,0.00398230692371726,0.003420677501708269,0.0005616294220089912,True
73,Train,randomness_0.9069,0.002649852540344,0.0018086316995322704,0.0008412208408117294,True
73,Train,randomness_0.9079,0.00013862363994121552,0.0008158925920724869,-0.0006772689521312714,False
73,Train,randomness_0.9089,0.0038483082316815853,0.0033189444802701473,0.000529363751411438,True
73,Train,randomness_0.9109,8.804723620414734e-05,0.00037034996785223484,-0.0002823027316480875,False
73,Train,randomness_0.9119,0.0006803479045629501,0.0004826802760362625,0.00019766762852668762,True
73,Train,randomness_0.9129,0.0038494449108839035,0.004830155521631241,-0.0009807106107473373,False
73,Train,randomness_0.9139,7.287226617336273e-05,9.848922491073608e-05,-2.5616958737373352e-05,False
73,Train,randomness_0.9149,0.0034139095805585384,0.0030693276785314083,0.0003445819020271301,True
73,Train,randomness_0.9159,0.004235174041241407,0.0036775446496903896,0.0005576293915510178,True
73,Train,randomness_0.9169,0.004660485312342644,0.004140548408031464,0.0005199369043111801,True
73,Train,randomness_0.9179,0.0022296274546533823,0.0016179478261619806,0.0006116796284914017,True
73,Train,randomness_0.9189,0.0022133388556540012,0.0025525172241032124,-0.0003391783684492111,False
73,Train,randomness_0.9199,0.0016795361880213022,0.0019238220993429422,-0.00024428591132164,False
73,Train,randomness_0.9219,0.00038324669003486633,0.0010588448494672775,-0.0006755981594324112,False
73,Train,randomness_0.9229,0.002274978905916214,0.0027712001465260983,-0.0004962212406098843,False
73,Train,randomness_0.9239,0.0010236799716949463,0.0006251074373722076,0.00039857253432273865,True
73,Train,randomness_0.9249,0.004497982561588287,0.005047936923801899,-0.0005499543622136116,False
73,Train,randomness_0.9259,0.0005360078066587448,0.0012101123575121164,-0.0006741045508533716,False
73,Train,randomness_0.9289,0.0037726054433733225,0.004602426663041115,-0.0008298212196677923,False
73,Train,randomness_0.9299,0.0050395336002111435,0.0037368512712419033,0.0013026823289692402,True
73,Train,randomness_0.9309,0.0002985978499054909,0.0006517507135868073,-0.0003531528636813164,False
73,Train,randomness_0.9319,0.003415443003177643,0.0028675561770796776,0.0005478868260979652,True
73,Train,randomness_0.9339,0.0015680482611060143,0.0018711555749177933,-0.000303107313811779,False
73,Train,randomness_0.9349,0.0013066772371530533,0.0008598007261753082,0.00044687651097774506,True
73,Train,randomness_0.9359,0.0016577411442995071,0.0027665942907333374,-0.0011088531464338303,False
73,Train,randomness_0.9369,0.005274439230561256,0.005638434551656246,-0.0003639953210949898,False
73,Train,randomness_0.9389,0.0035450963769108057,0.004496712237596512,-0.0009516158606857061,False
73,Train,randomness_0.9399,0.0016928687691688538,0.0011286549270153046,0.0005642138421535492,True
73,Train,randomness_0.9409,0.0025877272710204124,0.0030542993918061256,-0.0004665721207857132,False
73,Train,randomness_0.9419,0.001881232368759811,0.0008356515318155289,0.001045580836944282,True
73,Train,randomness_0.9429,0.0002543097361922264,0.0010822378098964691,-0.0008279280737042427,False
73,Train,randomness_0.9449,0.003130932804197073,0.0032739448361098766,-0.00014301203191280365,False
73,Train,randomness_0.9459,0.0018604546785354614,0.0015908945351839066,0.00026956014335155487,True
73,Train,randomness_0.9469,0.0033024121075868607,0.004116851836442947,-0.0008144397288560867,False
73,Train,randomness_0.9479,0.006483621895313263,0.006487593054771423,-3.9711594581604e-06,False
73,Train,randomness_0.9489,0.0015073437243700027,0.0021466780453920364,-0.0006393343210220337,False
73,Train,randomness_0.9499,0.0016290582716464996,0.00047165900468826294,0.0011573992669582367,True
73,Train,randomness_0.9510,0.003458445891737938,0.0033185873180627823,0.00013985857367515564,True
73,Train,randomness_0.9520,0.002347106346860528,0.0011123495642095804,0.0012347567826509476,True
73,Train,randomness_0.9530,0.0034663863480091095,0.0023582056164741516,0.0011081807315349579,True
73,Train,randomness_0.9540,0.003438691608607769,0.004111097194254398,-0.0006724055856466293,False
73,Train,randomness_0.9550,0.0020915346685796976,0.0029691944364458323,-0.0008776597678661346,False
73,Train,randomness_0.9560,0.0016831010580062866,0.001136893406510353,0.0005462076514959335,True
73,Train,randomness_0.9570,0.0014704056084156036,0.0016495641320943832,-0.0001791585236787796,False
73,Train,randomness_0.9580,0.0014312728308141232,0.0014104987494647503,2.0774081349372864e-05,True
73,Train,randomness_0.9590,0.0020815227180719376,0.0031243078410625458,-0.0010427851229906082,False
73,Train,randomness_0.9600,0.007939008995890617,0.007698774803429842,0.00024023419246077538,True
73,Train,randomness_0.9610,0.0014742123894393444,0.0027424083091318607,-0.0012681959196925163,False
73,Train,randomness_0.9620,0.004545655567198992,0.004115006420761347,0.00043064914643764496,True
73,Train,randomness_0.9630,0.00312225753441453,0.0038409396074712276,-0.0007186820730566978,False
73,Train,randomness_0.9640,0.0019122193334624171,0.0009194797603413463,0.0009927395731210709,True
73,Train,randomness_0.9650,0.003769237082451582,0.0042145443148911,-0.000445307232439518,False
73,Train,randomness_0.9660,0.0015789680182933807,0.001826542429625988,-0.00024757441133260727,False
73,Train,randomness_0.9670,0.000943567487411201,0.001031506690196693,-8.793920278549194e-05,False
73,Train,randomness_0.9680,2.5078654289245605e-05,0.0005074106156826019,-0.0004823319613933563,False
73,Train,randomness_0.9690,0.0016720332205295563,0.001510482281446457,0.00016155093908309937,True
73,Train,randomness_0.9700,0.002847645664587617,0.004141302779316902,-0.0012936571147292852,False
73,Train,randomness_0.9710,0.0023402557708323,0.002706784289330244,-0.0003665285184979439,False
73,Train,randomness_0.9720,0.0023045996204018593,0.0014767283573746681,0.0008278712630271912,True
73,Train,randomness_0.9730,0.0019899774342775345,0.0031760837882757187,-0.0011861063539981842,False
73,Train,randomness_0.9740,0.0037104859948158264,0.0028492268174886703,0.0008612591773271561,True
73,Train,randomness_0.9750,0.0011834930628538132,0.002362614730373025,-0.0011791216675192118,False
73,Train,randomness_0.9760,0.002039044164121151,0.001893279142677784,0.000145765021443367,True
73,Train,randomness_0.9770,0.0015486255288124084,0.0022482704371213913,-0.0006996449083089828,False
73,Train,randomness_0.9780,0.002085495740175247,0.00186871737241745,0.00021677836775779724,True
73,Train,randomness_0.9790,5.996227264404297e-05,0.00029565952718257904,-0.00023569725453853607,False
73,Train,randomness_0.9800,0.0017017277423292398,0.0023024475667625666,-0.0006007198244333267,False
73,Train,randomness_0.9810,0.0005690194666385651,0.0005298221949487925,3.9197271689772606e-05,True
73,Train,randomness_0.9820,0.0019901273772120476,0.0014229007065296173,0.0005672266706824303,True
73,Train,randomness_0.9830,0.003975079394876957,0.004051778465509415,-7.669907063245773e-05,False
73,Train,randomness_0.9840,0.006279315799474716,0.004386629909276962,0.001892685890197754,True
73,Train,randomness_0.9850,0.0001085083931684494,5.1077455282211304e-05,5.74309378862381e-05,True
73,Train,randomness_0.9860,0.002516433596611023,0.0015172995626926422,0.0009991340339183807,True
73,Train,randomness_0.9870,0.0012930482625961304,0.0011003315448760986,0.00019271671772003174,True
73,Train,randomness_0.9880,0.0071897427551448345,0.007675182539969683,-0.0004854397848248482,False
73,Train,randomness_0.9890,0.002652060240507126,0.0020064208656549454,0.0006456393748521805,True
73,Train,randomness_0.9900,9.614415466785431e-05,0.00035626813769340515,-0.00026012398302555084,False
73,Train,randomness_0.9910,0.0006084069609642029,0.0017681345343589783,-0.0011597275733947754,False
73,Train,randomness_0.9920,0.001153877004981041,0.0020723827183246613,-0.0009185057133436203,False
73,Train,randomness_0.9930,0.00025034695863723755,0.001869296538643539,-0.0016189495800063014,False
73,Train,randomness_0.9940,0.0010452698916196823,4.101544618606567e-06,0.0010411683470010757,True
73,Train,randomness_0.9950,0.0035978800151497126,0.002745980629697442,0.0008518993854522705,True
73,Train,randomness_0.9960,0.0009226351976394653,0.000136692076921463,0.0007859431207180023,True
73,Train,randomness_0.9970,0.000951787456870079,0.0018689947901293635,-0.0009172073332592845,False
73,Train,randomness_0.9980,0.0022963806986808777,0.0021656323224306107,0.00013074837625026703,True
73,Train,randomness_0.9990,0.0035027863923460245,0.004843559116125107,-0.0013407727237790823,False
73,Train,randomness_1.0000,0.0025152796879410744,0.0018088622018694878,0.0007064174860715866,True
73,Validation,randomness_0.0721,0.0010930486023426056,0.0003490820527076721,0.0007439665496349335,True
73,Validation,randomness_0.0831,0.0011796802282333374,0.0015467964112758636,-0.00036711618304252625,False
73,Validation,randomness_0.1011,0.0005095526576042175,0.0009972937405109406,-0.000487741082906723,False
73,Validation,randomness_0.1071,0.0025360137224197388,0.0020776279270648956,0.00045838579535484314,True
73,Validation,randomness_0.1271,0.0025437772274017334,0.002829506993293762,-0.0002857297658920288,False
73,Validation,randomness_0.1311,0.0002653487026691437,0.000611577183008194,-0.0003462284803390503,False
73,Validation,randomness_0.1341,0.0030235908925533295,0.0022781938314437866,0.0007453970611095428,True
73,Validation,randomness_0.1351,0.00018752366304397583,0.0003208331763744354,-0.0001333095133304596,False
73,Validation,randomness_0.1401,0.0018990673124790192,0.0011250600218772888,0.0007740072906017303,True
73,Validation,randomness_0.1421,0.003439866006374359,0.004080027341842651,-0.0006401613354682922,False
73,Validation,randomness_0.1461,0.0037433505058288574,0.004256643354892731,-0.0005132928490638733,False
73,Validation,randomness_0.1582,0.0005927495658397675,2.5033950805664062e-05,0.0005677156150341034,True
73,Validation,randomness_0.1862,0.0024398863315582275,0.00281476229429245,-0.0003748759627342224,False
73,Validation,randomness_0.1972,0.0013613179326057434,0.0009204670786857605,0.0004408508539199829,True
73,Validation,randomness_0.2182,0.0011698268353939056,0.001549065113067627,-0.0003792382776737213,False
73,Validation,randomness_0.2202,0.0020117461681365967,0.0012510791420936584,0.0007606670260429382,True
73,Validation,randomness_0.2232,0.002195984125137329,0.002585597336292267,-0.00038961321115493774,False
73,Validation,randomness_0.2573,0.0020517073571681976,0.0015238448977470398,0.0005278624594211578,True
73,Validation,randomness_0.2633,0.001571662724018097,0.002144996076822281,-0.000573333352804184,False
73,Validation,randomness_0.2863,0.0019962042570114136,0.0014186054468154907,0.0005775988101959229,True
73,Validation,randomness_0.2883,0.002959463745355606,0.0025894492864608765,0.0003700144588947296,True
73,Validation,randomness_0.2993,0.0022086650133132935,0.0030807815492153168,-0.0008721165359020233,False
73,Validation,randomness_0.3003,0.00479985773563385,0.0053099095821380615,-0.0005100518465042114,False
73,Validation,randomness_0.3023,0.0028839819133281708,0.0021342001855373383,0.0007497817277908325,True
73,Validation,randomness_0.3043,0.0018818527460098267,0.001114584505558014,0.0007672682404518127,True
73,Validation,randomness_0.3063,0.00016318261623382568,0.00048182904720306396,-0.0003186464309692383,False
73,Validation,randomness_0.3093,0.00022481754422187805,0.0006533563137054443,-0.0004285387694835663,False
73,Validation,randomness_0.3253,0.002623584121465683,0.0036201998591423035,-0.0009966157376766205,False
73,Validation,randomness_0.3353,0.0005206428468227386,0.0012943558394908905,-0.0007737129926681519,False
73,Validation,randomness_0.3433,0.0019137859344482422,0.001164054498076439,0.0007497314363718033,True
73,Validation,randomness_0.3564,0.0013321787118911743,0.0018528811633586884,-0.000520702451467514,False
73,Validation,randomness_0.3764,0.007094118744134903,0.005540821701288223,0.0015532970428466797,True
73,Validation,randomness_0.3954,0.0009067356586456299,0.0018650926649570465,-0.0009583570063114166,False
73,Validation,randomness_0.3964,0.002795260399580002,0.001211017370223999,0.0015842430293560028,True
73,Validation,randomness_0.3994,0.0013059712946414948,0.0022906996309757233,-0.0009847283363342285,False
73,Validation,randomness_0.4134,0.0016126837581396103,0.0010303854942321777,0.0005822982639074326,True
73,Validation,randomness_0.4274,0.0013878867030143738,0.0005658436566591263,0.0008220430463552475,True
73,Validation,randomness_0.4324,0.00044843927025794983,0.0005628056824207306,-0.00011436641216278076,False
73,Validation,randomness_0.4444,0.0006411410868167877,0.000711170956492424,-7.002986967563629e-05,False
73,Validation,randomness_0.4464,0.0034034978598356247,0.002277502790093422,0.0011259950697422028,True
73,Validation,randomness_0.4525,0.003380538895726204,0.004531430080533028,-0.0011508911848068237,False
73,Validation,randomness_0.4615,0.001033114269375801,8.322671055793762e-05,0.0009498875588178635,True
73,Validation,randomness_0.4705,0.0012539252638816833,0.00010090693831443787,0.0011530183255672455,True
73,Validation,randomness_0.4815,0.003152938559651375,0.0020518358796834946,0.0011011026799678802,True
73,Validation,randomness_0.4905,0.00544402003288269,0.0042359065264463425,0.001208113506436348,True
73,Validation,randomness_0.4965,0.005346257239580154,0.004274137318134308,0.0010721199214458466,True
73,Validation,randomness_0.4985,0.0004944801330566406,0.0005876384675502777,-9.315833449363708e-05,False
73,Validation,randomness_0.5225,0.001744009554386139,0.0025850236415863037,-0.0008410140872001648,False
73,Validation,randomness_0.5315,0.003530828282237053,0.003924272954463959,-0.0003934446722269058,False
73,Validation,randomness_0.5475,0.006847847253084183,0.006322657689452171,0.0005251895636320114,True
73,Validation,randomness_0.5485,0.0002557095140218735,0.0008826423436403275,-0.000626932829618454,False
73,Validation,randomness_0.5495,0.005567450076341629,0.006031259894371033,-0.0004638098180294037,False
73,Validation,randomness_0.5536,0.004343099892139435,0.004862861707806587,-0.0005197618156671524,False
73,Validation,randomness_0.5856,1.6866251826286316e-05,0.0005575530230998993,-0.000540686771273613,False
73,Validation,randomness_0.5936,0.0003462657332420349,0.0015924982726573944,-0.0012462325394153595,False
73,Validation,randomness_0.5946,0.0004818122833967209,0.0006773024797439575,-0.00019549019634723663,False
73,Validation,randomness_0.6166,0.0014103017747402191,0.00237293541431427,-0.0009626336395740509,False
73,Validation,randomness_0.6196,0.0031455140560865402,0.004070224240422249,-0.0009247101843357086,False
73,Validation,randomness_0.6226,0.002804776653647423,0.002141576260328293,0.0006632003933191299,True
73,Validation,randomness_0.6256,0.0038239024579524994,0.003939472138881683,-0.00011556968092918396,False
73,Validation,randomness_0.6316,0.0033980179578065872,0.003990517929196358,-0.0005924999713897705,False
73,Validation,randomness_0.6336,0.005004232749342918,0.0037976764142513275,0.0012065563350915909,True
73,Validation,randomness_0.6366,9.126774966716766e-05,0.000458667054772377,-0.00036739930510520935,False
73,Validation,randomness_0.6426,0.0009623616933822632,0.0012543797492980957,-0.0002920180559158325,False
73,Validation,randomness_0.6436,0.002667166292667389,0.0024200621992349625,0.00024710409343242645,True
73,Validation,randomness_0.6456,0.0027883853763341904,0.0027582310140132904,3.0154362320899963e-05,True
73,Validation,randomness_0.6496,0.002393299713730812,0.003995280712842941,-0.0016019809991121292,False
73,Validation,randomness_0.6757,0.001325841061770916,0.0010832669213414192,0.00024257414042949677,True
73,Validation,randomness_0.6837,0.0028689070604741573,0.0034382236190140247,-0.0005693165585398674,False
73,Validation,randomness_0.6887,0.003265978302806616,0.0031443550251424313,0.00012162327766418457,True
73,Validation,randomness_0.6897,0.0007344214245676994,0.0008062012493610382,-7.177982479333878e-05,False
73,Validation,randomness_0.6907,0.0017802650108933449,0.0012166006490588188,0.0005636643618345261,True
73,Validation,randomness_0.7157,0.0009035002440214157,0.0008697295561432838,3.3770687878131866e-05,True
73,Validation,randomness_0.7257,0.0021558357402682304,0.0020715631544589996,8.42725858092308e-05,True
73,Validation,randomness_0.7267,0.0014519374817609787,0.0015806211158633232,-0.0001286836341023445,False
73,Validation,randomness_0.7317,0.0004842327907681465,0.0012362878769636154,-0.0007520550861954689,False
73,Validation,randomness_0.7528,0.002405109815299511,0.0022521642968058586,0.00015294551849365234,True
73,Validation,randomness_0.7588,0.0005045924335718155,0.0007882099598646164,-0.0002836175262928009,False
73,Validation,randomness_0.7648,0.0022553130984306335,0.0016159582883119583,0.0006393548101186752,True
73,Validation,randomness_0.7688,0.000751245766878128,0.0006572501733899117,9.39955934882164e-05,True
73,Validation,randomness_0.7758,0.002870025113224983,0.0022261831909418106,0.0006438419222831726,True
73,Validation,randomness_0.7888,0.005022874101996422,0.004041035659611225,0.0009818384423851967,True
73,Validation,randomness_0.8118,0.002846931107342243,0.002805105410516262,4.182569682598114e-05,True
73,Validation,randomness_0.8318,0.0028140286449342966,0.0034582933876663446,-0.000644264742732048,False
73,Validation,randomness_0.8398,0.0005389023572206497,0.0001672450453042984,0.0003716573119163513,True
73,Validation,randomness_0.8418,0.0010081995278596878,0.0009997747838497162,8.424744009971619e-06,True
73,Validation,randomness_0.8448,0.004942202940583229,0.004871893674135208,7.030926644802094e-05,True
73,Validation,randomness_0.8519,0.0003053871914744377,0.00023022759705781937,7.515959441661835e-05,True
73,Validation,randomness_0.8569,0.007209125440567732,0.006014001555740833,0.0011951238848268986,True
73,Validation,randomness_0.8779,0.0014826434198766947,0.0024467764887958765,-0.0009641330689191818,False
73,Validation,randomness_0.8789,0.0015288922004401684,0.002353203948587179,-0.0008243117481470108,False
73,Validation,randomness_0.9009,0.0005018692463636398,7.709953933954239e-05,0.00042476970702409744,True
73,Validation,randomness_0.9019,0.0003308616578578949,0.0005436688661575317,-0.00021280720829963684,False
73,Validation,randomness_0.9099,0.0004996825009584427,0.001565636950545013,-0.0010659544495865703,False
73,Validation,randomness_0.9209,0.0034257126972079277,0.0032199686393141747,0.00020574405789375305,True
73,Validation,randomness_0.9269,0.0036117862910032272,0.0031532126013189554,0.0004585736896842718,True
73,Validation,randomness_0.9279,0.0016853194683790207,0.001857951283454895,-0.00017263181507587433,False
73,Validation,randomness_0.9329,0.0020877961069345474,0.0029229577630758286,-0.0008351616561412811,False
73,Validation,randomness_0.9379,0.00017783977091312408,0.0006846282631158829,-0.0005067884922027588,False
73,Validation,randomness_0.9439,0.0001088809221982956,0.0008921902626752853,-0.0007833093404769897,False
101,OOD_Holdout,randomness_0.0020,0.0060190558433532715,0.00563754141330719,0.00038151443004608154,True
101,OOD_Holdout,randomness_0.0040,0.0019289441406726837,0.0015810318291187286,0.0003479123115539551,True
101,OOD_Holdout,randomness_0.0060,0.004203762859106064,0.003882959485054016,0.00032080337405204773,True
101,OOD_Holdout,randomness_0.0070,0.0031883642077445984,0.002925824373960495,0.0002625398337841034,True
101,OOD_Holdout,randomness_0.0080,0.0025756917893886566,0.0021076612174510956,0.00046803057193756104,True
101,OOD_Holdout,randomness_0.0100,0.002706725150346756,0.0030305683612823486,-0.00032384321093559265,False
101,OOD_Holdout,randomness_0.0110,0.0018542110919952393,0.0015448033809661865,0.00030940771102905273,True
101,OOD_Holdout,randomness_0.0120,0.002512313425540924,0.002552613615989685,-4.0300190448760986e-05,False
101,OOD_Holdout,randomness_0.0130,0.0028565488755702972,0.0030648894608020782,-0.000208340585231781,False
101,OOD_Holdout,randomness_0.0140,0.0016557201743125916,0.0014135688543319702,0.00024215131998062134,True
101,OOD_Holdout,randomness_0.0150,0.0052279140800237656,0.004871023818850517,0.0003568902611732483,True
101,OOD_Holdout,randomness_0.0170,0.0044597722589969635,0.004255648702383041,0.00020412355661392212,True
101,OOD_Holdout,randomness_0.0180,0.004630550742149353,0.0044264234602451324,0.00020412728190422058,True
101,OOD_Holdout,randomness_0.0190,0.0020289868116378784,0.0018345043063163757,0.00019448250532150269,True
101,OOD_Holdout,randomness_0.0210,0.00509999506175518,0.004668639972805977,0.0004313550889492035,True
101,OOD_Holdout,randomness_0.0220,0.00030120089650154114,8.348003029823303e-05,0.0002177208662033081,True
101,OOD_Holdout,randomness_0.0240,0.001484561711549759,0.0017877854406833649,-0.00030322372913360596,False
101,OOD_Holdout,randomness_0.0270,0.0037428252398967743,0.0034855902194976807,0.00025723502039909363,True
101,OOD_Holdout,randomness_0.0290,0.0030768029391765594,0.0028256066143512726,0.00025119632482528687,True
101,OOD_Holdout,randomness_0.0300,0.001744598150253296,0.0020129792392253876,-0.0002683810889720917,False
101,OOD_Holdout,randomness_0.0310,0.0017237626016139984,0.001942213624715805,-0.00021845102310180664,False
101,OOD_Holdout,randomness_0.0320,0.002505674958229065,0.00218842551112175,0.00031724944710731506,True
101,OOD_Holdout,randomness_0.0330,0.0015947483479976654,0.001481134444475174,0.00011361390352249146,True
101,OOD_Holdout,randomness_0.0340,0.0006272755563259125,0.0007240474224090576,-9.677186608314514e-05,False
101,OOD_Holdout,randomness_0.0350,0.0024009719491004944,0.002624738961458206,-0.0002237670123577118,False
101,OOD_Holdout,randomness_0.0360,0.0026418939232826233,0.0022981353104114532,0.00034375861287117004,True
101,OOD_Holdout,randomness_0.0370,0.0010140351951122284,0.0008331052958965302,0.00018092989921569824,True
101,OOD_Holdout,randomness_0.0380,0.0032412074506282806,0.003522876650094986,-0.0002816691994667053,False
101,OOD_Holdout,randomness_0.0390,0.0007413960993289948,0.0010965019464492798,-0.00035510584712028503,False
101,OOD_Holdout,randomness_0.0400,1.8578022718429565e-05,0.0003201514482498169,-0.00030157342553138733,False
101,OOD_Holdout,randomness_0.0410,0.0005778111517429352,0.0007665082812309265,-0.00018869712948799133,False
101,OOD_Holdout,randomness_0.0450,0.0007188543677330017,0.0003329664468765259,0.00038588792085647583,True
101,OOD_Holdout,randomness_0.0470,0.001397494226694107,0.001122981309890747,0.00027451291680336,True
101,OOD_Holdout,randomness_0.0480,0.0038633793592453003,0.0036208629608154297,0.0002425163984298706,True
101,OOD_Holdout,randomness_0.0490,8.112937211990356e-05,0.00023179873824119568,-0.00015066936612129211,False
101,OOD_Holdout,randomness_0.0501,0.002327665686607361,0.002548903226852417,-0.00022123754024505615,False
101,OOD_Holdout,randomness_0.0511,0.0013387016952037811,0.0012418702244758606,9.683147072792053e-05,True
101,OOD_Holdout,randomness_0.0531,0.0007703118026256561,0.0006925277411937714,7.778406143188477e-05,True
101,OOD_Holdout,randomness_0.0541,0.001472625881433487,0.0018161796033382416,-0.00034355372190475464,False
101,OOD_Holdout,randomness_0.0551,0.0017434470355510712,0.001378759741783142,0.0003646872937679291,True
101,OOD_Holdout,randomness_0.0601,0.0014242678880691528,0.0011484548449516296,0.0002758130431175232,True
101,OOD_Holdout,randomness_0.0621,0.0014655701816082,0.0016866214573383331,-0.00022105127573013306,False
101,OOD_Holdout,randomness_0.0631,0.002431396394968033,0.00214555487036705,0.00028584152460098267,True
101,OOD_Holdout,randomness_0.0641,0.002379864454269409,0.002685088664293289,-0.00030522421002388,False
101,OOD_Holdout,randomness_0.0651,0.0035471655428409576,0.0032277554273605347,0.000319410115480423,True
101,OOD_Holdout,randomness_0.0671,0.00034829601645469666,0.0008215047419071198,-0.0004732087254524231,False
101,OOD_Holdout,randomness_0.0681,0.002366844564676285,0.0026969052851200104,-0.0003300607204437256,False
101,OOD_Holdout,randomness_0.0691,0.0018605031073093414,0.0015485771000385284,0.000311926007270813,True
101,OOD_Holdout,randomness_0.0711,0.0012919269502162933,0.0011449344456195831,0.0001469925045967102,True
101,OOD_Holdout,randomness_0.0761,0.0010205172002315521,0.001432858407497406,-0.0004123412072658539,False
101,OOD_Holdout,randomness_0.0801,0.0005599893629550934,0.00019450858235359192,0.00036548078060150146,True
101,OOD_Holdout,randomness_0.0811,0.002020992338657379,0.0015441365540027618,0.0004768557846546173,True
101,OOD_Holdout,randomness_0.0821,0.0023134350776672363,0.002031248062849045,0.00028218701481819153,True
101,OOD_Holdout,randomness_0.0871,0.00020261108875274658,0.00029668956995010376,-9.407848119735718e-05,False
101,OOD_Holdout,randomness_0.0881,0.0004174858331680298,0.0007692910730838776,-0.0003518052399158478,False
101,OOD_Holdout,randomness_0.0941,0.0012355633080005646,0.000897921621799469,0.0003376416862010956,True
101,OOD_Holdout,randomness_0.0951,0.00018193572759628296,0.0006177909672260284,-0.0004358552396297455,False
101,OOD_Holdout,randomness_0.0961,0.0017615407705307007,0.001524798572063446,0.00023674219846725464,True
101,OOD_Holdout,randomness_0.0971,0.0024592429399490356,0.002881143242120743,-0.00042190030217170715,False
101,OOD_Holdout,randomness_0.0981,0.0040604956448078156,0.0036918185651302338,0.0003686770796775818,True
101,OOD_Holdout,randomness_0.0991,0.0022754110395908356,0.0027374587953090668,-0.0004620477557182312,False
101,OOD_Holdout,randomness_0.1001,0.00043515488505363464,0.000696040689945221,-0.0002608858048915863,False
101,OOD_Holdout,randomness_0.1051,0.0015037618577480316,0.0020776502788066864,-0.0005738884210586548,False
101,OOD_Holdout,randomness_0.1081,0.0028633885085582733,0.00352269783616066,-0.0006593093276023865,False
101,OOD_Holdout,randomness_0.1091,0.0026243552565574646,0.0029114484786987305,-0.00028709322214126587,False
101,OOD_Holdout,randomness_0.1101,0.0019108951091766357,0.001347329467535019,0.0005635656416416168,True
101,OOD_Holdout,randomness_0.1261,0.001552976667881012,0.0013334155082702637,0.0002195611596107483,True
101,OOD_Holdout,randomness_0.1291,0.002981279045343399,0.0026330575346946716,0.0003482215106487274,True
101,OOD_Holdout,randomness_0.1371,0.0010064654052257538,0.0015874840319156647,-0.0005810186266899109,False
101,OOD_Holdout,randomness_0.1391,0.0010137632489204407,0.001132287085056305,-0.00011852383613586426,False
101,OOD_Holdout,randomness_0.1481,0.004326514899730682,0.004807312041521072,-0.00048079714179039,False
101,OOD_Holdout,randomness_0.1572,0.0014964863657951355,0.000779908150434494,0.0007165782153606415,True
101,OOD_Holdout,randomness_0.1632,0.001889057457447052,0.0015102438628673553,0.00037881359457969666,True
101,OOD_Holdout,randomness_0.1692,0.0038505755364894867,0.003544546663761139,0.0003060288727283478,True
101,OOD_Holdout,randomness_0.1722,0.0056586600840091705,0.005120992660522461,0.0005376674234867096,True
101,OOD_Holdout,randomness_0.1792,0.0016361065208911896,0.002160932868719101,-0.0005248263478279114,False
101,OOD_Holdout,randomness_0.1942,0.0032860450446605682,0.0026435740292072296,0.0006424710154533386,True
101,OOD_Holdout,randomness_0.2042,0.0005479268729686737,0.0011631771922111511,-0.0006152503192424774,False
101,OOD_Holdout,randomness_0.2052,0.000245705246925354,0.0004736669361591339,-0.0002279616892337799,False
101,OOD_Holdout,randomness_0.2142,0.0038695670664310455,0.0034293048083782196,0.00044026225805282593,True
101,OOD_Holdout,randomness_0.2152,0.001988079398870468,0.002830706536769867,-0.0008426271378993988,False
101,OOD_Holdout,randomness_0.2162,0.0032014846801757812,0.0026289112865924835,0.0005725733935832977,True
101,OOD_Holdout,randomness_0.2192,0.003313899040222168,0.0038415081799030304,-0.0005276091396808624,False
101,OOD_Holdout,randomness_0.2212,0.0044011399149894714,0.0037673935294151306,0.0006337463855743408,True
101,OOD_Holdout,randomness_0.2262,0.0023738443851470947,0.002750582993030548,-0.00037673860788345337,False
101,OOD_Holdout,randomness_0.2312,0.00028226152062416077,0.0001767873764038086,0.00010547414422035217,True
101,OOD_Holdout,randomness_0.2322,0.0008297301828861237,0.0012745074927806854,-0.00044477730989456177,False
101,OOD_Holdout,randomness_0.2332,0.0029865168035030365,0.0023146793246269226,0.0006718374788761139,True
101,OOD_Holdout,randomness_0.2432,5.327165126800537e-06,0.00014172866940498352,-0.00013640150427818298,False
101,OOD_Holdout,randomness_0.2663,0.000700734555721283,0.0012267418205738068,-0.0005260072648525238,False
101,OOD_Holdout,randomness_0.2973,0.0005822442471981049,0.000881783664226532,-0.0002995394170284271,False
101,OOD_Holdout,randomness_0.3143,8.628517389297485e-05,0.00031275674700737,-0.00022647157311439514,False
101,OOD_Holdout,randomness_0.3203,0.004198163747787476,0.0038034729659557343,0.00039469078183174133,True
101,OOD_Holdout,randomness_0.3243,0.0015196502208709717,0.0011167749762535095,0.00040287524461746216,True
101,OOD_Holdout,randomness_0.3293,0.003494054079055786,0.0038603991270065308,-0.00036634504795074463,False
101,OOD_Holdout,randomness_0.3323,0.0012892857193946838,0.00111306831240654,0.00017621740698814392,True
101,OOD_Holdout,randomness_0.3834,0.0030306950211524963,0.003230661153793335,-0.00019996613264083862,False
101,OOD_Holdout,randomness_0.4044,0.0028671994805336,0.003196150064468384,-0.00032895058393478394,False
101,OOD_Holdout,randomness_0.4094,0.0013768412172794342,0.0015520863234996796,-0.00017524510622024536,False
101,OOD_Holdout,randomness_0.4434,0.004354018718004227,0.004594046622514725,-0.00024002790451049805,False
101,Prediction,randomness_0.0061,0.0021168366074562073,0.0018870718777179718,0.00022976472973823547,True
101,Prediction,randomness_0.0153,0.0013798065483570099,0.0015935860574245453,-0.0002137795090675354,False
101,Prediction,randomness_0.0229,0.0001334547996520996,0.0004991404712200165,-0.00036568567156791687,False
101,Prediction,randomness_0.1000,0.0029178857803344727,0.003372862935066223,-0.0004549771547317505,False
101,Prediction,randomness_0.1444,0.0005234070122241974,0.0008703917264938354,-0.00034698471426963806,False
101,Prediction,randomness_0.1889,0.00034859776496887207,0.0010329075157642365,-0.0006843097507953644,False
101,Prediction,randomness_0.2333,0.0022318027913570404,0.0025061704218387604,-0.00027436763048171997,False
101,Prediction,randomness_0.2778,0.003040354698896408,0.0024955235421657562,0.0005448311567306519,True
101,Prediction,randomness_0.3222,0.0028606876730918884,0.0032784417271614075,-0.00041775405406951904,False
101,Prediction,randomness_0.3667,0.002329070121049881,0.0027904734015464783,-0.0004614032804965973,False
101,Prediction,randomness_0.4111,0.0008048303425312042,0.0009773410856723785,-0.00017251074314117432,False
101,Prediction,randomness_0.4556,0.006531829014420509,0.006637748330831528,-0.00010591931641101837,False
101,Prediction,randomness_0.5000,0.0037079565227031708,0.0041051581501960754,-0.00039720162749290466,False
101,Train,randomness_0.0000,7.424503564834595e-06,0.0002635270357131958,-0.0002561025321483612,False
101,Train,randomness_0.0010,0.0021119415760040283,0.002597857266664505,-0.0004859156906604767,False
101,Train,randomness_0.0030,0.0013511665165424347,0.0015693455934524536,-0.00021817907691001892,False
101,Train,randomness_0.0050,0.0036371126770973206,0.0033580251038074493,0.0002790875732898712,True
101,Train,randomness_0.0090,0.0009108856320381165,0.0005137734115123749,0.0003971122205257416,True
101,Train,randomness_0.0160,0.0017240345478057861,0.0013803020119667053,0.0003437325358390808,True
101,Train,randomness_0.0200,0.0006201528012752533,0.0007866956293582916,-0.00016654282808303833,False
101,Train,randomness_0.0230,0.002671625465154648,0.0030929110944271088,-0.00042128562927246094,False
101,Train,randomness_0.0250,0.0008525773882865906,0.0006285496056079865,0.00022402778267860413,True
101,Train,randomness_0.0260,0.0031964480876922607,0.0028538405895233154,0.0003426074981689453,True
101,Train,randomness_0.0280,0.0002309270203113556,0.00022903457283973694,1.8924474716186523e-06,True
101,Train,randomness_0.0420,0.002383679151535034,0.00221841037273407,0.00016526877880096436,True
101,Train,randomness_0.0430,0.00624985434114933,0.005963845178484917,0.00028600916266441345,True
101,Train,randomness_0.0440,0.0036852769553661346,0.003969617187976837,-0.0002843402326107025,False
101,Train,randomness_0.0460,0.0014190077781677246,0.0016435422003269196,-0.00022453442215919495,False
101,Train,randomness_0.0521,0.0015571489930152893,0.0018361769616603851,-0.0002790279686450958,False
101,Train,randomness_0.0561,0.004214273765683174,0.0038426797837018967,0.00037159398198127747,True
101,Train,randomness_0.0571,0.0017184615135192871,0.0018747933208942413,-0.00015633180737495422,False
101,Train,randomness_0.0581,0.0037585124373435974,0.003960821777582169,-0.00020230934023857117,False
101,Train,randomness_0.0591,0.00046934932470321655,0.0007669627666473389,-0.0002976134419441223,False
101,Train,randomness_0.0611,0.0023746155202388763,0.0021338798105716705,0.0002407357096672058,True
101,Train,randomness_0.0661,0.0013534054160118103,0.0014686733484268188,-0.00011526793241500854,False
101,Train,randomness_0.0701,0.001161281019449234,0.0007619298994541168,0.0003993511199951172,True
101,Train,randomness_0.0731,0.0012186616659164429,0.000952061265707016,0.0002666004002094269,True
101,Train,randomness_0.0741,0.00019505247473716736,9.678304195404053e-06,0.0001853741705417633,True
101,Train,randomness_0.0751,1.0736286640167236e-05,0.00027638301253318787,-0.00026564672589302063,False
101,Train,randomness_0.0771,0.000508628785610199,0.00022055581212043762,0.00028807297348976135,True
101,Train,randomness_0.0781,0.0033057741820812225,0.0030480027198791504,0.00025777146220207214,True
101,Train,randomness_0.0791,0.0004609338939189911,0.0007559508085250854,-0.00029501691460609436,False
101,Train,randomness_0.0841,0.0019908323884010315,0.002324819564819336,-0.00033398717641830444,False
101,Train,randomness_0.0851,0.004091933369636536,0.0037378109991550446,0.0003541223704814911,True
101,Train,randomness_0.0861,0.00031644850969314575,7.860362529754639e-06,0.0003085881471633911,True
101,Train,randomness_0.0891,0.004544593393802643,0.004228755831718445,0.000315837562084198,True
101,Train,randomness_0.0901,0.0027829818427562714,0.0030647628009319305,-0.0002817809581756592,False
101,Train,randomness_0.0911,0.001771591603755951,0.0022045187652111053,-0.0004329271614551544,False
101,Train,randomness_0.0921,0.007673745974898338,0.007161138579249382,0.0005126073956489563,True
101,Train,randomness_0.0931,0.0016128085553646088,0.0011410340666770935,0.00047177448868751526,True
101,Train,randomness_0.1021,0.0037886202335357666,0.0038720741868019104,-8.34539532661438e-05,False
101,Train,randomness_0.1031,0.0005315318703651428,0.0009694695472717285,-0.0004379376769065857,False
101,Train,randomness_0.1041,0.001246035099029541,0.001597374677658081,-0.00035133957862854004,False
101,Train,randomness_0.1061,0.002072889357805252,0.002346321940422058,-0.00027343258261680603,False
101,Train,randomness_0.1111,0.0010498911142349243,0.0006784945726394653,0.000371396541595459,True
101,Train,randomness_0.1121,0.001665852963924408,0.002206370234489441,-0.000540517270565033,False
101,Train,randomness_0.1131,0.0067740753293037415,0.006241288036108017,0.0005327872931957245,True
101,Train,randomness_0.1141,0.0006731972098350525,0.0002383701503276825,0.00043482705950737,True
101,Train,randomness_0.1151,0.0032545961439609528,0.0028094053268432617,0.00044519081711769104,True
101,Train,randomness_0.1161,0.0014112479984760284,0.0011394061148166656,0.0002718418836593628,True
101,Train,randomness_0.1171,9.804219007492065e-05,0.0005160868167877197,-0.00041804462671279907,False
101,Train,randomness_0.1181,0.0021344535052776337,0.0016705505549907684,0.00046390295028686523,True
101,Train,randomness_0.1191,0.002612229436635971,0.002161111682653427,0.00045111775398254395,True
101,Train,randomness_0.1201,0.0037463121116161346,0.0032005123794078827,0.000545799732208252,True
101,Train,randomness_0.1211,0.002960745245218277,0.00267825648188591,0.00028248876333236694,True
101,Train,randomness_0.1221,0.004284799098968506,0.0037816353142261505,0.0005031637847423553,True
101,Train,randomness_0.1231,0.0019437037408351898,0.0013686232268810272,0.0005750805139541626,True
101,Train,randomness_0.1241,0.0008973851799964905,0.0005925148725509644,0.0003048703074455261,True
101,Train,randomness_0.1251,0.0014646016061306,0.0011386871337890625,0.0003259144723415375,True
101,Train,randomness_0.1281,0.0015847980976104736,0.0019829608500003815,-0.00039816275238990784,False
101,Train,randomness_0.1301,0.00012768059968948364,0.0005957707762718201,-0.0004680901765823364,False
101,Train,randomness_0.1321,0.0007974617183208466,0.0003286898136138916,0.00046877190470695496,True
101,Train,randomness_0.1331,0.0035851038992404938,0.003909677267074585,-0.0003245733678340912,False
101,Train,randomness_0.1361,0.0013974793255329132,0.0010550245642662048,0.0003424547612667084,True
101,Train,randomness_0.1381,0.0035371147096157074,0.00418650358915329,-0.0006493888795375824,False
101,Train,randomness_0.1411,0.003354012966156006,0.00286121666431427,0.0004927963018417358,True
101,Train,randomness_0.1431,0.001979820430278778,0.0024963244795799255,-0.0005165040493011475,False
101,Train,randomness_0.1441,0.00018578395247459412,0.0006826631724834442,-0.0004968792200088501,False
101,Train,randomness_0.1451,0.003345571458339691,0.003664892166852951,-0.0003193207085132599,False
101,Train,randomness_0.1471,0.0023150555789470673,0.001926332712173462,0.00038872286677360535,True
101,Train,randomness_0.1491,0.00046056509017944336,0.000225163996219635,0.00023540109395980835,True
101,Train,randomness_0.1502,0.008580228313803673,0.008061597123742104,0.0005186311900615692,True
101,Train,randomness_0.1512,3.423914313316345e-05,0.00033295154571533203,-0.0002987124025821686,False
101,Train,randomness_0.1522,0.000998951494693756,0.0013204142451286316,-0.0003214627504348755,False
101,Train,randomness_0.1532,0.0009789243340492249,0.0006690323352813721,0.0003098919987678528,True
101,Train,randomness_0.1542,0.0026569142937660217,0.00196780264377594,0.0006891116499900818,True
101,Train,randomness_0.1552,0.0023191384971141815,0.0016584917902946472,0.0006606467068195343,True
101,Train,randomness_0.1562,0.0010061152279376984,0.0013132132589817047,-0.00030709803104400635,False
101,Train,randomness_0.1592,0.0010270513594150543,0.0003906227648258209,0.0006364285945892334,True
101,Train,randomness_0.1602,0.0021311789751052856,0.0017432980239391327,0.00038788095116615295,True
101,Train,randomness_0.1612,0.0038816221058368683,0.0033342018723487854,0.0005474202334880829,True
101,Train,randomness_0.1622,0.001055888831615448,0.0015744231641292572,-0.0005185343325138092,False
101,Train,randomness_0.1642,0.0038604997098445892,0.004115179181098938,-0.00025467947125434875,False
101,Train,randomness_0.1652,0.0009540282189846039,0.0014515556395053864,-0.0004975274205207825,False
101,Train,randomness_0.1662,0.0028077885508537292,0.003313746303319931,-0.0005059577524662018,False
101,Train,randomness_0.1672,0.0001775100827217102,0.0005111433565616608,-0.00033363327383995056,False
101,Train,randomness_0.1682,0.00035008788108825684,0.000887792557477951,-0.0005377046763896942,False
101,Train,randomness_0.1702,0.00490560382604599,0.005252428352832794,-0.0003468245267868042,False
101,Train,randomness_0.1712,8.326023817062378e-06,0.0004934407770633698,-0.0004851147532463074,False
101,Train,randomness_0.1732,0.002726104110479355,0.0022200383245944977,0.0005060657858848572,True
101,Train,randomness_0.1742,0.0006487518548965454,0.0009875912219285965,-0.0003388393670320511,False
101,Train,randomness_0.1752,0.002275187522172928,0.0018760859966278076,0.00039910152554512024,True
101,Train,randomness_0.1762,0.0017108768224716187,0.0012977048754692078,0.0004131719470024109,True
101,Train,randomness_0.1772,0.001263406127691269,0.0007172152400016785,0.0005461908876895905,True
101,Train,randomness_0.1782,0.002124197781085968,0.002996426075696945,-0.0008722282946109772,False
101,Train,randomness_0.1802,6.328150629997253e-05,0.00033587589859962463,-0.0002725943922996521,False
101,Train,randomness_0.1812,0.00023642182350158691,0.00015857815742492676,7.784366607666016e-05,True
101,Train,randomness_0.1822,0.002649690955877304,0.0029917843639850616,-0.00034209340810775757,False
101,Train,randomness_0.1832,0.0008992627263069153,0.0005493834614753723,0.00034987926483154297,True
101,Train,randomness_0.1842,0.0014542602002620697,0.001199774444103241,0.00025448575615882874,True
101,Train,randomness_0.1852,0.003613598644733429,0.003845866769552231,-0.00023226812481880188,False
101,Train,randomness_0.1872,0.000360146164894104,0.00012439489364624023,0.00023575127124786377,True
101,Train,randomness_0.1882,0.004336044192314148,0.003915227949619293,0.00042081624269485474,True
101,Train,randomness_0.1892,0.001615382730960846,0.0012519210577011108,0.0003634616732597351,True
101,Train,randomness_0.1902,0.0007711797952651978,0.00041977688670158386,0.0003514029085636139,True
101,Train,randomness_0.1912,0.0037428047508001328,0.0031957942992448807,0.0005470104515552521,True
101,Train,randomness_0.1922,0.0005204938352108002,5.30146062374115e-05,0.00046747922897338867,True
101,Train,randomness_0.1932,0.0010894685983657837,0.0007368996739387512,0.00035256892442703247,True
101,Train,randomness_0.1952,0.00151728093624115,0.0010248906910419464,0.0004923902451992035,True
101,Train,randomness_0.1962,0.0021435916423797607,0.0025772415101528168,-0.00043364986777305603,False
101,Train,randomness_0.1982,0.0005460269749164581,0.0001935996115207672,0.0003524273633956909,True
101,Train,randomness_0.1992,0.002654939889907837,0.0020675919950008392,0.0005873478949069977,True
101,Train,randomness_0.2002,0.000797562301158905,0.0009275749325752258,-0.0001300126314163208,False
101,Train,randomness_0.2012,0.0012655369937419891,0.0015048719942569733,-0.00023933500051498413,False
101,Train,randomness_0.2022,0.001726686954498291,0.002087760716676712,-0.000361073762178421,False
101,Train,randomness_0.2032,0.00331120565533638,0.0028547830879688263,0.0004564225673675537,True
101,Train,randomness_0.2062,0.001453254371881485,0.002000264823436737,-0.0005470104515552521,False
101,Train,randomness_0.2072,0.0018379539251327515,0.0014857985079288483,0.0003521554172039032,True
101,Train,randomness_0.2082,0.002070937305688858,0.0016397126019001007,0.0004312247037887573,True
101,Train,randomness_0.2092,0.0019434168934822083,0.0017322748899459839,0.00021114200353622437,True
101,Train,randomness_0.2102,0.0011776387691497803,0.0013073720037937164,-0.00012973323464393616,False
101,Train,randomness_0.2112,0.006855197250843048,0.006259448826313019,0.0005957484245300293,True
101,Train,randomness_0.2122,0.0017026625573635101,0.002232704311609268,-0.0005300417542457581,False
101,Train,randomness_0.2132,0.000529460608959198,3.528967499732971e-05,0.0004941709339618683,True
101,Train,randomness_0.2172,0.0015563387423753738,0.0008892733603715897,0.0006670653820037842,True
101,Train,randomness_0.2222,0.0031001344323158264,0.0028091594576835632,0.0002909749746322632,True
101,Train,randomness_0.2242,0.003113996237516403,0.0025054067373275757,0.0006085895001888275,True
101,Train,randomness_0.2252,0.0001406632363796234,0.0004591643810272217,-0.00031850114464759827,False
101,Train,randomness_0.2272,0.0010442696511745453,0.0007692091166973114,0.0002750605344772339,True
101,Train,randomness_0.2282,0.00034375861287117004,0.0003106631338596344,3.3095479011535645e-05,True
101,Train,randomness_0.2292,0.001052912324666977,0.0005261562764644623,0.0005267560482025146,True
101,Train,randomness_0.2302,0.006710221990942955,0.006510725244879723,0.00019949674606323242,True
101,Train,randomness_0.2342,0.003945827484130859,0.004275158047676086,-0.00032933056354522705,False
101,Train,randomness_0.2352,0.0011272318661212921,0.0016892775893211365,-0.0005620457231998444,False
101,Train,randomness_0.2362,0.001369137316942215,0.0009574741125106812,0.0004116632044315338,True
101,Train,randomness_0.2372,0.001456819474697113,0.0019502155482769012,-0.0004933960735797882,False
101,Train,randomness_0.2382,0.0007261782884597778,0.00010349228978157043,0.0006226859986782074,True
101,Train,randomness_0.2392,0.0022907517850399017,0.002697266638278961,-0.00040651485323905945,False
101,Train,randomness_0.2402,0.0017597191035747528,0.001172911375761032,0.0005868077278137207,True
101,Train,randomness_0.2412,0.001996617764234543,0.0014189966022968292,0.0005776211619377136,True
101,Train,randomness_0.2422,0.0005802623927593231,0.00010279938578605652,0.0004774630069732666,True
101,Train,randomness_0.2442,0.000719163566827774,0.0009700767695903778,-0.00025091320276260376,False
101,Train,randomness_0.2452,0.0004657469689846039,0.00015516206622123718,0.0003105849027633667,True
101,Train,randomness_0.2462,0.002243582159280777,0.0015922598540782928,0.0006513223052024841,True
101,Train,randomness_0.2472,0.00148874893784523,0.001938559114933014,-0.0004498101770877838,False
101,Train,randomness_0.2482,0.0017590075731277466,0.0013639070093631744,0.00039510056376457214,True
101,Train,randomness_0.2492,0.0013570785522460938,0.000959005206823349,0.00039807334542274475,True
101,Train,randomness_0.2503,0.0005262121558189392,0.0003356225788593292,0.00019058957695960999,True
101,Train,randomness_0.2513,0.0006207078695297241,0.0009809024631977081,-0.000360194593667984,False
101,Train,randomness_0.2523,0.0014009438455104828,0.00179319828748703,-0.00039225444197654724,False
101,Train,randomness_0.2533,0.005269711837172508,0.004716074094176292,0.0005536377429962158,True
101,Train,randomness_0.2543,0.002158571034669876,0.0023336857557296753,-0.0001751147210597992,False
101,Train,randomness_0.2553,0.003189489245414734,0.003463827073574066,-0.0002743378281593323,False
101,Train,randomness_0.2563,0.0017495602369308472,0.0024308934807777405,-0.0006813332438468933,False
101,Train,randomness_0.2583,0.002085737884044647,0.002270214259624481,-0.00018447637557983398,False
101,Train,randomness_0.2593,0.0024866871535778046,0.0022032149136066437,0.0002834722399711609,True
101,Train,randomness_0.2603,0.0029890350997447968,0.0034991465508937836,-0.0005101114511489868,False
101,Train,randomness_0.2613,0.001630537211894989,0.0021172277629375458,-0.00048669055104255676,False
101,Train,randomness_0.2623,0.00023712217807769775,0.0005791857838630676,-0.0003420636057853699,False
101,Train,randomness_0.2643,0.0005852878093719482,0.00025366246700286865,0.0003316253423690796,True
101,Train,randomness_0.2653,0.0010605566203594208,0.0007542036473751068,0.00030635297298431396,True
101,Train,randomness_0.2673,0.0022379159927368164,0.001627810299396515,0.0006101056933403015,True
101,Train,randomness_0.2683,0.000295490026473999,0.0005547106266021729,-0.00025922060012817383,False
101,Train,randomness_0.2693,2.5209039449691772e-05,0.00025467202067375183,-0.00022946298122406006,False
101,Train,randomness_0.2703,0.0050957091152668,0.005321454256772995,-0.00022574514150619507,False
101,Train,randomness_0.2713,0.0005354732275009155,0.0001862049102783203,0.0003492683172225952,True
101,Train,randomness_0.2723,0.004278659820556641,0.0047983042895793915,-0.0005196444690227509,False
101,Train,randomness_0.2733,0.0009310469031333923,0.0010567456483840942,-0.0001256987452507019,False
101,Train,randomness_0.2743,0.00013752281665802002,0.000560373067855835,-0.00042285025119781494,False
101,Train,randomness_0.2753,0.0007881708443164825,0.0005114264786243439,0.00027674436569213867,True
101,Train,randomness_0.2763,0.0005840063095092773,0.0007371716201305389,-0.0001531653106212616,False
101,Train,randomness_0.2773,0.002229776233434677,0.0019545704126358032,0.0002752058207988739,True
101,Train,randomness_0.2783,0.001812133938074112,0.0014952905476093292,0.0003168433904647827,True
101,Train,randomness_0.2793,0.0018237531185150146,0.0013249889016151428,0.0004987642168998718,True
101,Train,randomness_0.2803,0.000735308974981308,0.0006470158696174622,8.829310536384583e-05,True
101,Train,randomness_0.2813,0.003941427916288376,0.003600865602493286,0.0003405623137950897,True
101,Train,randomness_0.2823,0.000970933586359024,0.001369718462228775,-0.000398784875869751,False
101,Train,randomness_0.2833,0.002044074237346649,0.002502020448446274,-0.00045794621109962463,False
101,Train,randomness_0.2843,0.0023984089493751526,0.0020980872213840485,0.0003003217279911041,True
101,Train,randomness_0.2853,0.002335216850042343,0.0016460753977298737,0.0006891414523124695,True
101,Train,randomness_0.2873,0.0006190463900566101,0.00068659707903862,-6.755068898200989e-05,False
101,Train,randomness_0.2893,0.004992133006453514,0.004486877471208572,0.0005052555352449417,True
101,Train,randomness_0.2903,0.000522218644618988,0.001025322824716568,-0.00050310418009758,False
101,Train,randomness_0.2913,0.0013736411929130554,0.0008975602686405182,0.00047608092427253723,True
101,Train,randomness_0.2923,0.0013941377401351929,0.0009457021951675415,0.00044843554496765137,True
101,Train,randomness_0.2933,0.0025747865438461304,0.0019778870046138763,0.000596899539232254,True
101,Train,randomness_0.2943,0.0007400549948215485,0.0004579313099384308,0.0002821236848831177,True
101,Train,randomness_0.2953,0.0006895996630191803,0.0001630038022994995,0.0005265958607196808,True
101,Train,randomness_0.2963,0.0013586655259132385,0.00108424574136734,0.00027441978454589844,True
101,Train,randomness_0.2983,0.0012099556624889374,0.0013370886445045471,-0.00012713298201560974,False
101,Train,randomness_0.3013,0.002358030527830124,0.0016836784780025482,0.0006743520498275757,True
101,Train,randomness_0.3033,0.0004752352833747864,7.771700620651245e-05,0.0003975182771682739,True
101,Train,randomness_0.3053,0.0033403709530830383,0.0029025599360466003,0.000437811017036438,True
101,Train,randomness_0.3073,0.00039011240005493164,0.0006909295916557312,-0.00030081719160079956,False
101,Train,randomness_0.3083,0.0002570338547229767,0.0008141137659549713,-0.0005570799112319946,False
101,Train,randomness_0.3103,0.0014391019940376282,0.0012059062719345093,0.0002331957221031189,True
101,Train,randomness_0.3113,0.002987954765558243,0.0022728480398654938,0.000715106725692749,True
101,Train,randomness_0.3123,0.0027438998222351074,0.0030187778174877167,-0.00027487799525260925,False
101,Train,randomness_0.3133,0.0014653392136096954,0.0012385696172714233,0.0002267695963382721,True
101,Train,randomness_0.3153,0.0030966438353061676,0.0026565343141555786,0.000440109521150589,True
101,Train,randomness_0.3163,0.0017121098935604095,0.0021745003759860992,-0.0004623904824256897,False
101,Train,randomness_0.3173,0.006399214267730713,0.0058392733335494995,0.0005599409341812134,True
101,Train,randomness_0.3183,0.0007816441357135773,0.00035069510340690613,0.00043094903230667114,True
101,Train,randomness_0.3193,0.0004838816821575165,0.0010862424969673157,-0.0006023608148097992,False
101,Train,randomness_0.3213,0.001388542354106903,0.0008465424180030823,0.0005419999361038208,True
101,Train,randomness_0.3223,8.298084139823914e-05,0.00016773492097854614,-8.475407958030701e-05,False
101,Train,randomness_0.3233,0.0032514333724975586,0.0029690787196159363,0.0002823546528816223,True
101,Train,randomness_0.3263,0.0033509209752082825,0.0026530399918556213,0.0006978809833526611,True
101,Train,randomness_0.3273,0.002070114016532898,0.0026739127933979034,-0.0006037987768650055,False
101,Train,randomness_0.3283,0.0006838999688625336,0.00022541731595993042,0.00045848265290260315,True
101,Train,randomness_0.3303,0.004615630954504013,0.004764299839735031,-0.00014866888523101807,False
101,Train,randomness_0.3313,0.0052735768258571625,0.005707021802663803,-0.0004334449768066406,False
101,Train,randomness_0.3333,0.001321539282798767,0.0014000535011291504,-7.85142183303833e-05,False
101,Train,randomness_0.3343,0.0006404519081115723,0.0008485205471515656,-0.00020806863903999329,False
101,Train,randomness_0.3363,0.0012914128601551056,0.0015833228826522827,-0.0002919100224971771,False
101,Train,randomness_0.3373,3.784149885177612e-05,0.0007076673209667206,-0.0006698258221149445,False
101,Train,randomness_0.3383,0.0005675926804542542,0.0007142238318920135,-0.0001466311514377594,False
101,Train,randomness_0.3393,0.0018110685050487518,0.002482634037733078,-0.0006715655326843262,False
101,Train,randomness_0.3403,0.0002764761447906494,0.00029268860816955566,-1.621246337890625e-05,False
101,Train,randomness_0.3413,0.00028780102729797363,0.0009799934923648834,-0.0006921924650669098,False
101,Train,randomness_0.3423,0.004348991438746452,0.003944003954529762,0.00040498748421669006,True
101,Train,randomness_0.3443,0.0007115304470062256,0.0010257549583911896,-0.000314224511384964,False
101,Train,randomness_0.3453,0.0032055340707302094,0.003494126722216606,-0.0002885926514863968,False
101,Train,randomness_0.3463,0.001174692064523697,0.001034887507557869,0.00013980455696582794,True
101,Train,randomness_0.3473,0.0010876469314098358,0.001295328140258789,-0.00020768120884895325,False
101,Train,randomness_0.3483,0.0005626194179058075,0.00035459548234939575,0.00020802393555641174,True
101,Train,randomness_0.3493,0.0016890205442905426,0.002017337828874588,-0.0003283172845840454,False
101,Train,randomness_0.3504,0.0025543421506881714,0.002332128584384918,0.00022221356630325317,True
101,Train,randomness_0.3514,0.003711853176355362,0.0037827063351869583,-7.085315883159637e-05,False
101,Train,randomness_0.3524,0.0022538751363754272,0.00190776027739048,0.0003461148589849472,True
101,Train,randomness_0.3534,0.0009908061474561691,0.00048619695007801056,0.0005046091973781586,True
101,Train,randomness_0.3544,0.0004970133304595947,0.000772383064031601,-0.0002753697335720062,False
101,Train,randomness_0.3554,0.0014602094888687134,0.0013257227838039398,0.00013448670506477356,True
101,Train,randomness_0.3574,0.0021476149559020996,0.0019021295011043549,0.00024548545479774475,True
101,Train,randomness_0.3584,0.00014829635620117188,0.0005766637623310089,-0.00042836740612983704,False
101,Train,randomness_0.3594,0.004439461976289749,0.004897907376289368,-0.00045844539999961853,False
101,Train,randomness_0.3604,0.0026836246252059937,0.003215976059436798,-0.0005323514342308044,False
101,Train,randomness_0.3614,0.0007172897458076477,0.0004047863185405731,0.0003125034272670746,True
101,Train,randomness_0.3624,0.00458916649222374,0.004650454968214035,-6.128847599029541e-05,False
101,Train,randomness_0.3634,0.0017275474965572357,0.0017035380005836487,2.4009495973587036e-05,True
101,Train,randomness_0.3644,0.002726975828409195,0.003033265471458435,-0.0003062896430492401,False
101,Train,randomness_0.3654,0.0013723857700824738,0.0012388527393341064,0.0001335330307483673,True
101,Train,randomness_0.3664,0.0008002705872058868,0.0007547363638877869,4.5534223318099976e-05,True
101,Train,randomness_0.3674,0.0010965615510940552,0.0014505162835121155,-0.0003539547324180603,False
101,Train,randomness_0.3684,0.004074819386005402,0.004350356757640839,-0.000275537371635437,False
101,Train,randomness_0.3694,0.004378058016300201,0.004412628710269928,-3.457069396972656e-05,False
101,Train,randomness_0.3704,0.005005840212106705,0.004643671214580536,0.0003621689975261688,True
101,Train,randomness_0.3714,0.0045119114220142365,0.005072925239801407,-0.0005610138177871704,False
101,Train,randomness_0.3724,8.22022557258606e-05,0.0003625825047492981,-0.0002803802490234375,False
101,Train,randomness_0.3734,0.0011372193694114685,0.0007777884602546692,0.0003594309091567993,True
101,Train,randomness_0.3744,0.0012459531426429749,0.0011328868567943573,0.00011306628584861755,True
101,Train,randomness_0.3754,0.0005398988723754883,4.612281918525696e-05,0.0004937760531902313,True
101,Train,randomness_0.3774,0.0009022168815135956,0.0013624615967273712,-0.00046024471521377563,False
101,Train,randomness_0.3784,0.005315210670232773,0.005640685558319092,-0.00032547488808631897,False
101,Train,randomness_0.3794,0.0034043360501527786,0.0029122140258550644,0.0004921220242977142,True
101,Train,randomness_0.3804,0.0042216479778289795,0.004308406263589859,-8.675828576087952e-05,False
101,Train,randomness_0.3814,0.00025062263011932373,0.0005118660628795624,-0.00026124343276023865,False
101,Train,randomness_0.3824,0.005779452621936798,0.00597434863448143,-0.00019489601254463196,False
101,Train,randomness_0.3844,0.006642114371061325,0.006305944174528122,0.0003361701965332031,True
101,Train,randomness_0.3854,0.0014638826251029968,0.0006828941404819489,0.000780988484621048,True
101,Train,randomness_0.3864,0.003343867138028145,0.003420017659664154,-7.615052163600922e-05,False
101,Train,randomness_0.3874,0.00039377063512802124,9.569711983203888e-05,0.00029807351529598236,True
101,Train,randomness_0.3884,0.0011320039629936218,0.001645214855670929,-0.0005132108926773071,False
101,Train,randomness_0.3894,0.002149883657693863,0.002101164311170578,4.871934652328491e-05,True
101,Train,randomness_0.3904,0.004379399120807648,0.004754375666379929,-0.0003749765455722809,False
101,Train,randomness_0.3914,0.000813361257314682,0.0014343522489070892,-0.0006209909915924072,False
101,Train,randomness_0.3924,0.0006280969828367233,0.0008725784718990326,-0.00024448148906230927,False
101,Train,randomness_0.3934,0.002190813422203064,0.001863088458776474,0.00032772496342658997,True
101,Train,randomness_0.3944,0.0004909485578536987,9.673088788986206e-05,0.00039421766996383667,True
101,Train,randomness_0.3974,0.0014513246715068817,0.0018459483981132507,-0.000394623726606369,False
101,Train,randomness_0.3984,0.002571847289800644,0.002057451754808426,0.000514395534992218,True
101,Train,randomness_0.4004,6.787478923797607e-05,0.0003226064145565033,-0.0002547316253185272,False
101,Train,randomness_0.4014,0.0023023728281259537,0.002221953123807907,8.041970431804657e-05,True
101,Train,randomness_0.4024,0.0001762881875038147,0.00018345937132835388,-7.1711838245391846e-06,False
101,Train,randomness_0.4034,0.002301301807165146,0.0023654811084270477,-6.417930126190186e-05,False
101,Train,randomness_0.4054,0.002011474221944809,0.0026875920593738556,-0.0006761178374290466,False
101,Train,randomness_0.4064,0.0003098994493484497,4.6934932470321655e-05,0.00026296451687812805,True
101,Train,randomness_0.4074,0.0023988187313079834,0.002767413854598999,-0.0003685951232910156,False
101,Train,randomness_0.4084,0.0017192661762237549,0.0019068643450737,-0.00018759816884994507,False
101,Train,randomness_0.4104,0.001402333378791809,0.0020422451198101044,-0.0006399117410182953,False
101,Train,randomness_0.4114,0.003536354750394821,0.0039190929383039474,-0.0003827381879091263,False
101,Train,randomness_0.4124,0.004877595230937004,0.005281670019030571,-0.0004040747880935669,False
101,Train,randomness_0.4144,0.0027482062578201294,0.003160778433084488,-0.0004125721752643585,False
101,Train,randomness_0.4154,0.002816390246152878,0.0030678100883960724,-0.0002514198422431946,False
101,Train,randomness_0.4164,0.0014740843325853348,0.0013209283351898193,0.00015315599739551544,True
101,Train,randomness_0.4174,0.0023715458810329437,0.002733316272497177,-0.0003617703914642334,False
101,Train,randomness_0.4184,0.0032347068190574646,0.0037756823003292084,-0.0005409754812717438,False
101,Train,randomness_0.4194,0.0008750632405281067,0.0010167695581912994,-0.00014170631766319275,False
101,Train,randomness_0.4204,0.0002744235098361969,8.087605237960815e-05,0.00019354745745658875,True
101,Train,randomness_0.4214,0.0008858609944581985,0.001654626801609993,-0.0007687658071517944,False
101,Train,randomness_0.4224,0.0024952683597803116,0.00241192989051342,8.333846926689148e-05,True
101,Train,randomness_0.4234,0.0016812756657600403,0.002140037715435028,-0.0004587620496749878,False
101,Train,randomness_0.4244,0.0033676419407129288,0.002911975607275963,0.00045566633343696594,True
101,Train,randomness_0.4254,0.00048219040036201477,0.0002259090542793274,0.0002562813460826874,True
101,Train,randomness_0.4264,0.0015506483614444733,0.0017928741872310638,-0.00024222582578659058,False
101,Train,randomness_0.4284,0.0030131936073303223,0.0023617222905158997,0.0006514713168144226,True
101,Train,randomness_0.4294,0.001080382615327835,0.000920511782169342,0.00015987083315849304,True
101,Train,randomness_0.4304,0.002554096281528473,0.003169458359479904,-0.0006153620779514313,False
101,Train,randomness_0.4314,0.0005914531648159027,0.00035692378878593445,0.00023452937602996826,True
101,Train,randomness_0.4334,0.0006980374455451965,0.0004741065204143524,0.00022393092513084412,True
101,Train,randomness_0.4344,0.0037306752055883408,0.00348568893969059,0.00024498626589775085,True
101,Train,randomness_0.4354,0.001604890450835228,0.0011703725904226303,0.00043451786041259766,True
101,Train,randomness_0.4364,0.0007641874253749847,0.0013376567512750626,-0.0005734693259000778,False
101,Train,randomness_0.4374,0.00325678288936615,0.0036608055233955383,-0.00040402263402938843,False
101,Train,randomness_0.4384,0.00019170716404914856,0.00030833110213279724,-0.00011662393808364868,False
101,Train,randomness_0.4394,0.0003372989594936371,0.00033416226506233215,3.1366944313049316e-06,True
101,Train,randomness_0.4404,0.0009681582450866699,0.0013481900095939636,-0.0003800317645072937,False
101,Train,randomness_0.4414,0.0025169067084789276,0.002199048176407814,0.0003178585320711136,True
101,Train,randomness_0.4424,0.0010131057351827621,0.001772003248333931,-0.0007588975131511688,False
101,Train,randomness_0.4454,0.004544015973806381,0.004911225289106369,-0.0003672093152999878,False
101,Train,randomness_0.4474,0.0011659562587738037,0.0015843100845813751,-0.0004183538258075714,False
101,Train,randomness_0.4484,0.0038510262966156006,0.003626309335231781,0.00022471696138381958,True
101,Train,randomness_0.4494,0.005237951874732971,0.005337286740541458,-9.933486580848694e-05,False
101,Train,randomness_0.4505,9.365007281303406e-05,0.0006547644734382629,-0.0005611144006252289,False
101,Train,randomness_0.4515,0.002033742144703865,0.0012137461453676224,0.0008199959993362427,True
101,Train,randomness_0.4535,0.005475373938679695,0.00513334758579731,0.00034202635288238525,True
101,Train,randomness_0.4545,0.0035822391510009766,0.0036829300224781036,-0.00010069087147712708,False
101,Train,randomness_0.4555,0.001243777573108673,0.0011649727821350098,7.880479097366333e-05,True
101,Train,randomness_0.4565,0.0010975077748298645,0.0013507194817066193,-0.00025321170687675476,False
101,Train,randomness_0.4575,0.001212581992149353,0.0013360623270273209,-0.00012348033487796783,False
101,Train,randomness_0.4585,0.0014961007982492447,0.0012916997075080872,0.00020440109074115753,True
101,Train,randomness_0.4595,0.00509265810251236,0.0055244676768779755,-0.00043180957436561584,False
101,Train,randomness_0.4605,0.0006320178508758545,0.0007078610360622406,-7.584318518638611e-05,False
101,Train,randomness_0.4625,0.0030236560851335526,0.0026018302887678146,0.0004218257963657379,True
101,Train,randomness_0.4635,0.0010687708854675293,0.0010983124375343323,-2.954155206680298e-05,False
101,Train,randomness_0.4645,0.00584440678358078,0.005937429144978523,-9.302236139774323e-05,False
101,Train,randomness_0.4655,0.003974610939621925,0.004062306135892868,-8.769519627094269e-05,False
101,Train,randomness_0.4665,0.003034587949514389,0.0024734381586313248,0.0005611497908830643,True
101,Train,randomness_0.4675,0.0010608527809381485,0.0013624820858240128,-0.00030162930488586426,False
101,Train,randomness_0.4685,0.0034714341163635254,0.003335408866405487,0.00013602524995803833,True
101,Train,randomness_0.4695,0.002751857042312622,0.0021726489067077637,0.0005792081356048584,True
101,Train,randomness_0.4715,0.0015456285327672958,0.0019102748483419418,-0.000364646315574646,False
101,Train,randomness_0.4725,0.0008417665958404541,0.000371735543012619,0.0004700310528278351,True
101,Train,randomness_0.4735,0.0021462850272655487,0.0022136513143777847,-6.736628711223602e-05,False
101,Train,randomness_0.4745,0.0013340748846530914,0.0018015522509813309,-0.00046747736632823944,False
101,Train,randomness_0.4755,0.0011528506875038147,0.001645715907216072,-0.0004928652197122574,False
101,Train,randomness_0.4765,0.0029092542827129364,0.0032359529286623,-0.0003266986459493637,False
101,Train,randomness_0.4775,0.00010014325380325317,0.00021971389651298523,-0.00011957064270973206,False
101,Train,randomness_0.4785,0.0016600359231233597,0.00212249718606472,-0.0004624612629413605,False
101,Train,randomness_0.4795,0.0005103740841150284,0.00010805763304233551,0.00040231645107269287,True
101,Train,randomness_0.4805,0.0026729144155979156,0.002316337078809738,0.0003565773367881775,True
101,Train,randomness_0.4825,0.007163504138588905,0.006945507600903511,0.0002179965376853943,True
101,Train,randomness_0.4835,0.0018667224794626236,0.0020408034324645996,-0.000174080953001976,False
101,Train,randomness_0.4845,4.4152140617370605e-05,0.0005357638001441956,-0.000491611659526825,False
101,Train,randomness_0.4855,0.0021664798259735107,0.0020722169429063797,9.426288306713104e-05,True
101,Train,randomness_0.4865,0.003979099914431572,0.0035785678774118423,0.0004005320370197296,True
101,Train,randomness_0.4875,0.0017898008227348328,0.0014369916170835495,0.00035280920565128326,True
101,Train,randomness_0.4885,0.00035821832716464996,0.0007068198174238205,-0.00034860149025917053,False
101,Train,randomness_0.4895,0.0032785721123218536,0.003571741282939911,-0.00029316917061805725,False
101,Train,randomness_0.4915,0.0034986622631549835,0.00372479110956192,-0.00022612884640693665,False
101,Train,randomness_0.4925,0.00017270073294639587,6.78766518831253e-05,0.00010482408106327057,True
101,Train,randomness_0.4935,0.003650479018688202,0.003872916102409363,-0.0002224370837211609,False
101,Train,randomness_0.4945,0.0012813769280910492,0.0008825473487377167,0.0003988295793533325,True
101,Train,randomness_0.4955,0.0029224883764982224,0.0030239950865507126,-0.00010150671005249023,False
101,Train,randomness_0.4975,0.0024764202535152435,0.002191290259361267,0.00028512999415397644,True
101,Train,randomness_0.4995,0.0008355267345905304,0.0002830531448125839,0.0005524735897779465,True
101,Train,randomness_0.5005,0.0014133956283330917,0.0013009943068027496,0.0001124013215303421,True
101,Train,randomness_0.5015,0.0005896352231502533,0.00047620199620723724,0.00011343322694301605,True
101,Train,randomness_0.5025,0.0023935511708259583,0.001780495047569275,0.0006130561232566833,True
101,Train,randomness_0.5035,0.0008041635155677795,0.0007012337446212769,0.00010292977094650269,True
101,Train,randomness_0.5045,0.00034447573125362396,0.0007841438055038452,-0.00043966807425022125,False
101,Train,randomness_0.5055,0.0028939489275217056,0.002920011058449745,-2.606213092803955e-05,False
101,Train,randomness_0.5065,0.0018956605345010757,0.0014535598456859589,0.0004421006888151169,True
101,Train,randomness_0.5075,0.0028394758701324463,0.003326416015625,-0.0004869401454925537,False
101,Train,randomness_0.5085,0.00016042590141296387,5.862675607204437e-05,0.0001017991453409195,True
101,Train,randomness_0.5095,0.0002433285117149353,3.1692907214164734e-05,0.00021163560450077057,True
101,Train,randomness_0.5105,0.0016979333013296127,0.002003757283091545,-0.0003058239817619324,False
101,Train,randomness_0.5115,8.150562644004822e-05,0.00032550469040870667,-0.00024399906396865845,False
101,Train,randomness_0.5125,0.00025135651230812073,0.0002316199243068695,1.973658800125122e-05,True
101,Train,randomness_0.5135,0.001539113000035286,0.0014196224510669708,0.00011949054896831512,True
101,Train,randomness_0.5145,0.0013726167380809784,0.0016682427376508713,-0.0002956259995698929,False
101,Train,randomness_0.5155,0.00303603895008564,0.003370441496372223,-0.00033440254628658295,False
101,Train,randomness_0.5165,0.00074760802090168,0.0004627201706171036,0.0002848878502845764,True
101,Train,randomness_0.5175,0.0032107532024383545,0.003200894221663475,9.858980774879456e-06,True
101,Train,randomness_0.5185,0.0018889755010604858,0.0015452969819307327,0.0003436785191297531,True
101,Train,randomness_0.5195,0.0029204227030277252,0.0031009968370199203,-0.00018057413399219513,False
101,Train,randomness_0.5205,0.00013600289821624756,0.00010734982788562775,2.8653070330619812e-05,True
101,Train,randomness_0.5215,0.0024442318826913834,0.0025173369795084,-7.31050968170166e-05,False
101,Train,randomness_0.5235,0.0027841273695230484,0.0032436884939670563,-0.0004595611244440079,False
101,Train,randomness_0.5245,8.318573236465454e-06,0.00016383454203605652,-0.00015551596879959106,False
101,Train,randomness_0.5255,0.0019597336649894714,0.002292696386575699,-0.0003329627215862274,False
101,Train,randomness_0.5265,0.0037439465522766113,0.003955069929361343,-0.00021112337708473206,False
101,Train,randomness_0.5275,0.0006932858377695084,0.00031301192939281464,0.0003802739083766937,True
101,Train,randomness_0.5285,0.0017549283802509308,0.0010208860039710999,0.0007340423762798309,True
101,Train,randomness_0.5295,0.003109414130449295,0.0027145501226186752,0.0003948640078306198,True
101,Train,randomness_0.5305,0.0028311368077993393,0.0030041802674531937,-0.00017304345965385437,False
101,Train,randomness_0.5325,0.0019350368529558182,0.00203840434551239,-0.00010336749255657196,False
101,Train,randomness_0.5335,0.007839495316147804,0.008024131879210472,-0.00018463656306266785,False
101,Train,randomness_0.5345,0.0035428423434495926,0.002744767814874649,0.0007980745285749435,True
101,Train,randomness_0.5355,0.0033421721309423447,0.0036527924239635468,-0.0003106202930212021,False
101,Train,randomness_0.5365,0.00389985553920269,0.0038681793957948685,3.1676143407821655e-05,True
101,Train,randomness_0.5375,0.0052094850689172745,0.005931032821536064,-0.0007215477526187897,False
101,Train,randomness_0.5385,0.0010616444051265717,0.0005792509764432907,0.00048239342868328094,True
101,Train,randomness_0.5395,0.000591004267334938,0.00032341666519641876,0.0002675876021385193,True
101,Train,randomness_0.5405,0.0021567586809396744,0.001851588487625122,0.0003051701933145523,True
101,Train,randomness_0.5415,0.003524603322148323,0.004012122750282288,-0.00048751942813396454,False
101,Train,randomness_0.5425,0.003018634393811226,0.003350457176566124,-0.00033182278275489807,False
101,Train,randomness_0.5435,0.003883892670273781,0.0036566760390996933,0.00022721663117408752,True
101,Train,randomness_0.5445,0.000871364027261734,0.0015831440687179565,-0.0007117800414562225,False
101,Train,randomness_0.5455,0.000924060121178627,0.0010712072253227234,-0.00014714710414409637,False
101,Train,randomness_0.5465,0.000905374065041542,0.0006700847297906876,0.0002352893352508545,True
101,Train,randomness_0.5506,0.0006184503436088562,0.0007439162582159042,-0.00012546591460704803,False
101,Train,randomness_0.5516,0.0004832986742258072,0.00041031278669834137,7.298588752746582e-05,True
101,Train,randomness_0.5526,0.0007197000086307526,0.0008166898041963577,-9.698979556560516e-05,False
101,Train,randomness_0.5546,0.0022985748946666718,0.0026448052376508713,-0.0003462303429841995,False
101,Train,randomness_0.5556,0.00034834444522857666,0.0006179623305797577,-0.00026961788535118103,False
101,Train,randomness_0.5566,0.004682963714003563,0.004462894052267075,0.00022006966173648834,True
101,Train,randomness_0.5576,0.002563759684562683,0.0029131583869457245,-0.0003493987023830414,False
101,Train,randomness_0.5586,0.004525260999798775,0.004317291080951691,0.00020796991884708405,True
101,Train,randomness_0.5596,0.0016840752214193344,0.001064872369170189,0.0006192028522491455,True
101,Train,randomness_0.5606,0.0008501484990119934,0.0009900778532028198,-0.00013992935419082642,False
101,Train,randomness_0.5616,0.0023737214505672455,0.0016860924661159515,0.0006876289844512939,True
101,Train,randomness_0.5626,0.0018865615129470825,0.0027523525059223175,-0.000865790992975235,False
101,Train,randomness_0.5636,0.0008364282548427582,0.0015923045575618744,-0.0007558763027191162,False
101,Train,randomness_0.5646,0.003235775977373123,0.0029608961194753647,0.0002748798578977585,True
101,Train,randomness_0.5656,0.0032786987721920013,0.0035868193954229355,-0.00030812062323093414,False
101,Train,randomness_0.5666,0.0033997558057308197,0.0032898802310228348,0.00010987557470798492,True
101,Train,randomness_0.5676,0.0009928271174430847,0.0014288648962974548,-0.0004360377788543701,False
101,Train,randomness_0.5686,0.0001906082034111023,0.0002588890492916107,-6.828084588050842e-05,False
101,Train,randomness_0.5696,8.824095129966736e-05,0.00024325214326381683,-0.00015501119196414948,False
101,Train,randomness_0.5706,0.0038181282579898834,0.003362305462360382,0.00045582279562950134,True
101,Train,randomness_0.5716,0.004509022459387779,0.00470239482820034,-0.00019337236881256104,False
101,Train,randomness_0.5726,0.0019524581730365753,0.0018653031438589096,8.715502917766571e-05,True
101,Train,randomness_0.5736,0.0036311494186520576,0.0026654796674847603,0.0009656697511672974,True
101,Train,randomness_0.5746,0.0006528105586767197,0.00011190585792064667,0.000540904700756073,True
101,Train,randomness_0.5756,0.004119338467717171,0.004403397440910339,-0.00028405897319316864,False
101,Train,randomness_0.5766,0.0018268078565597534,0.0022816695272922516,-0.00045486167073249817,False
101,Train,randomness_0.5776,0.0017744507640600204,0.0014402177184820175,0.00033423304557800293,True
101,Train,randomness_0.5786,0.0016043968498706818,0.0010659340769052505,0.0005384627729654312,True
101,Train,randomness_0.5796,0.004820005968213081,0.004755694419145584,6.431154906749725e-05,True
101,Train,randomness_0.5806,0.0015602689236402512,0.001422446221113205,0.0001378227025270462,True
101,Train,randomness_0.5816,0.0031813103705644608,0.0026989132165908813,0.0004823971539735794,True
101,Train,randomness_0.5826,0.0014797728508710861,0.0018375832587480545,-0.0003578104078769684,False
101,Train,randomness_0.5836,0.003294730558991432,0.0034485049545764923,-0.00015377439558506012,False
101,Train,randomness_0.5846,0.001960238441824913,0.0016864705830812454,0.0002737678587436676,True
101,Train,randomness_0.5866,0.008373908698558807,0.007697341963648796,0.0006765667349100113,True
101,Train,randomness_0.5876,0.0014701616019010544,0.0012280866503715515,0.00024207495152950287,True
101,Train,randomness_0.5886,0.0035254377871751785,0.003300163894891739,0.00022527389228343964,True
101,Train,randomness_0.5896,0.000399099662899971,0.0006268862634897232,-0.0002277866005897522,False
101,Train,randomness_0.5906,0.007566193118691444,0.007483551278710365,8.26418399810791e-05,True
101,Train,randomness_0.5916,0.0019047167152166367,0.0016597863286733627,0.0002449303865432739,True
101,Train,randomness_0.5926,0.0023071039468050003,0.002450365573167801,-0.0001432616263628006,False
101,Train,randomness_0.5956,0.0020773746073246002,0.0022862739861011505,-0.0002088993787765503,False
101,Train,randomness_0.5966,0.002248740755021572,0.0024698637425899506,-0.00022112298756837845,False
101,Train,randomness_0.5976,0.003965122625231743,0.004127323627471924,-0.00016220100224018097,False
101,Train,randomness_0.5986,0.0012928694486618042,0.001528814435005188,-0.0002359449863433838,False
101,Train,randomness_0.5996,0.003263123333454132,0.003074290230870247,0.0001888331025838852,True
101,Train,randomness_0.6006,0.0028940923511981964,0.003140987828373909,-0.0002468954771757126,False
101,Train,randomness_0.6016,0.0060358792543411255,0.005596514791250229,0.0004393644630908966,True
101,Train,randomness_0.6026,0.0001858845353126526,0.00010630488395690918,7.957965135574341e-05,True
101,Train,randomness_0.6036,0.004818649962544441,0.005226088687777519,-0.000407438725233078,False
101,Train,randomness_0.6046,0.0006885230541229248,0.00026561692357063293,0.00042290613055229187,True
101,Train,randomness_0.6056,0.006691036745905876,0.006616396829485893,7.463991641998291e-05,True
101,Train,randomness_0.6066,0.00534970685839653,0.004843553528189659,0.000506153330206871,True
101,Train,randomness_0.6076,0.0008170399814844131,0.0005795732140541077,0.00023746676743030548,True
101,Train,randomness_0.6086,0.00042176153510808945,6.93686306476593e-05,0.00035239290446043015,True
101,Train,randomness_0.6096,0.004311937838792801,0.004035336896777153,0.0002766009420156479,True
101,Train,randomness_0.6106,0.0026734392158687115,0.002485638950020075,0.00018780026584863663,True
101,Train,randomness_0.6116,0.00155552476644516,0.001996763050556183,-0.00044123828411102295,False
101,Train,randomness_0.6126,0.00046390481293201447,0.0005300808697938919,-6.617605686187744e-05,False
101,Train,randomness_0.6136,0.005493802949786186,0.004651594907045364,0.0008422080427408218,True
101,Train,randomness_0.6146,0.001010265201330185,0.0014104098081588745,-0.0004001446068286896,False
101,Train,randomness_0.6156,0.0004629269242286682,0.0003938116133213043,6.911531090736389e-05,True
101,Train,randomness_0.6176,0.00608135387301445,0.0060539040714502335,2.7449801564216614e-05,True
101,Train,randomness_0.6186,0.003193523734807968,0.0028045140206813812,0.0003890097141265869,True
101,Train,randomness_0.6206,0.003433370962738991,0.0030625369399785995,0.00037083402276039124,True
101,Train,randomness_0.6216,0.007093577645719051,0.0067958952859044075,0.00029768235981464386,True
101,Train,randomness_0.6236,0.001640915870666504,0.0012226859107613564,0.00041822995990514755,True
101,Train,randomness_0.6246,0.0038364622741937637,0.0033552031964063644,0.0004812590777873993,True
101,Train,randomness_0.6266,0.005410810932517052,0.005765937268733978,-0.0003551263362169266,False
101,Train,randomness_0.6276,5.001388490200043e-05,3.650598227977753e-05,1.35079026222229e-05,True
101,Train,randomness_0.6286,0.0018243491649627686,0.0012865196913480759,0.0005378294736146927,True
101,Train,randomness_0.6296,0.001415373757481575,0.0016386378556489944,-0.00022326409816741943,False
101,Train,randomness_0.6306,0.00115230493247509,0.001052308827638626,9.999610483646393e-05,True
101,Train,randomness_0.6326,0.0015619266778230667,0.0019933711737394333,-0.0004314444959163666,False
101,Train,randomness_0.6346,0.0010760705918073654,0.0013471581041812897,-0.00027108751237392426,False
101,Train,randomness_0.6356,0.00322553887963295,0.0029603522270917892,0.0002651866525411606,True
101,Train,randomness_0.6376,0.0028590597212314606,0.003503240644931793,-0.0006441809237003326,False
101,Train,randomness_0.6386,0.0035631228238344193,0.002983822487294674,0.0005793003365397453,True
101,Train,randomness_0.6396,0.002392830327153206,0.001921946182847023,0.00047088414430618286,True
101,Train,randomness_0.6406,0.006328180432319641,0.006281675770878792,4.6504661440849304e-05,True
101,Train,randomness_0.6416,0.0006042253226041794,0.001075858250260353,-0.0004716329276561737,False
101,Train,randomness_0.6446,0.004921602085232735,0.00450674444437027,0.0004148576408624649,True
101,Train,randomness_0.6466,0.00010276772081851959,1.3742595911026001e-05,8.902512490749359e-05,True
101,Train,randomness_0.6476,0.0012597143650054932,0.0006824862211942673,0.0005772281438112259,True
101,Train,randomness_0.6486,0.0008168276399374008,0.001137465238571167,-0.0003206375986337662,False
101,Train,randomness_0.6507,0.0003589298576116562,4.8508867621421814e-05,0.0003104209899902344,True
101,Train,randomness_0.6517,7.00540840625763e-05,0.0001876726746559143,-0.00011761859059333801,False
101,Train,randomness_0.6527,0.0005081761628389359,7.713958621025085e-05,0.000431036576628685,True
101,Train,randomness_0.6537,0.00148722343146801,0.0011661481112241745,0.00032107532024383545,True
101,Train,randomness_0.6547,0.0046394020318984985,0.004530079662799835,0.00010932236909866333,True
101,Train,randomness_0.6557,0.006348771974444389,0.006247486919164658,0.00010128505527973175,True
101,Train,randomness_0.6567,0.0030788835138082504,0.0026261676102876663,0.0004527159035205841,True
101,Train,randomness_0.6577,0.000443851575255394,0.0004145503044128418,2.9301270842552185e-05,True
101,Train,randomness_0.6587,0.0008128974586725235,0.0006394330412149429,0.00017346441745758057,True
101,Train,randomness_0.6597,0.001712379977107048,0.001800432801246643,-8.805282413959503e-05,False
101,Train,randomness_0.6607,0.0035445168614387512,0.0033038314431905746,0.00024068541824817657,True
101,Train,randomness_0.6617,0.0024345163255929947,0.0020736437290906906,0.0003608725965023041,True
101,Train,randomness_0.6627,0.0005680844187736511,0.0001305900514125824,0.0004374943673610687,True
101,Train,randomness_0.6637,0.0010515693575143814,0.0014774482697248459,-0.0004258789122104645,False
101,Train,randomness_0.6647,9.632110595703125e-05,0.0005394443869590759,-0.0004431232810020447,False
101,Train,randomness_0.6657,0.002091502770781517,0.0022670216858386993,-0.0001755189150571823,False
101,Train,randomness_0.6667,0.0046002063900232315,0.004235574975609779,0.00036463141441345215,True
101,Train,randomness_0.6677,0.0013280753046274185,0.0011012628674507141,0.0002268124371767044,True
101,Train,randomness_0.6687,0.005016183480620384,0.004524188116192818,0.0004919953644275665,True
101,Train,randomness_0.6697,0.005684425123035908,0.006073744967579842,-0.00038931984454393387,False
101,Train,randomness_0.6707,0.005246774293482304,0.005920198746025562,-0.0006734244525432587,False
101,Train,randomness_0.6717,0.006114358082413673,0.006355367600917816,-0.00024100951850414276,False
101,Train,randomness_0.6727,0.0007995087653398514,0.000489233061671257,0.00031027570366859436,True
101,Train,randomness_0.6737,0.001563534140586853,0.0018971562385559082,-0.0003336220979690552,False
101,Train,randomness_0.6747,0.00510813295841217,0.005543487146496773,-0.00043535418808460236,False
101,Train,randomness_0.6767,0.005616437643766403,0.005392489954829216,0.0002239476889371872,True
101,Train,randomness_0.6777,0.005557640455663204,0.0058081746101379395,-0.00025053415447473526,False
101,Train,randomness_0.6787,0.0035273628309369087,0.004238746128976345,-0.0007113832980394363,False
101,Train,randomness_0.6797,0.00424816831946373,0.004067009314894676,0.00018115900456905365,True
101,Train,randomness_0.6807,0.0005941744893789291,0.0009640268981456757,-0.0003698524087667465,False
101,Train,randomness_0.6817,0.00041180849075317383,0.0008890144526958466,-0.00047720596194267273,False
101,Train,randomness_0.6827,0.00500401109457016,0.004893973469734192,0.00011003762483596802,True
101,Train,randomness_0.6847,0.005271325819194317,0.005011574365198612,0.00025975145399570465,True
101,Train,randomness_0.6857,0.0016414383426308632,0.0018131518736481667,-0.00017171353101730347,False
101,Train,randomness_0.6867,0.00013772398233413696,0.0001278892159461975,9.834766387939453e-06,True
101,Train,randomness_0.6877,0.003983743488788605,0.003975594416260719,8.149072527885437e-06,True
101,Train,randomness_0.6917,0.0038857562467455864,0.0038373535498976707,4.840269684791565e-05,True
101,Train,randomness_0.6927,0.0021265894174575806,0.002161044627428055,-3.445520997047424e-05,False
101,Train,randomness_0.6937,0.0030817799270153046,0.002609601244330406,0.0004721786826848984,True
101,Train,randomness_0.6947,0.0010837800800800323,0.0013576429337263107,-0.0002738628536462784,False
101,Train,randomness_0.6957,0.002657568082213402,0.002895006909966469,-0.00023743882775306702,False
101,Train,randomness_0.6967,0.0014341231435537338,0.0016271770000457764,-0.00019305385649204254,False
101,Train,randomness_0.6977,0.004502009600400925,0.004939824342727661,-0.00043781474232673645,False
101,Train,randomness_0.6987,0.0027908822521567345,0.0028254110366106033,-3.4528784453868866e-05,False
101,Train,randomness_0.6997,0.00048817694187164307,0.0015255287289619446,-0.0010373517870903015,False
101,Train,randomness_0.7007,0.004071313887834549,0.004279296845197678,-0.00020798295736312866,False
101,Train,randomness_0.7017,0.00025147199630737305,6.89234584569931e-05,0.00018254853785037994,True
101,Train,randomness_0.7027,0.00038260407745838165,0.00014049559831619263,0.00024210847914218903,True
101,Train,randomness_0.7037,0.0031846966594457626,0.0037942901253700256,-0.000609593465924263,False
101,Train,randomness_0.7047,0.0023755449801683426,0.0018318090587854385,0.000543735921382904,True
101,Train,randomness_0.7057,0.00038227811455726624,0.0006429273635149002,-0.00026064924895763397,False
101,Train,randomness_0.7067,0.0022789863869547844,0.0020582694560289383,0.0002207169309258461,True
101,Train,randomness_0.7077,0.00034463219344615936,0.0007414007559418678,-0.00039676856249570847,False
101,Train,randomness_0.7087,0.0034986939281225204,0.0033491263166069984,0.000149567611515522,True
101,Train,randomness_0.7097,0.0013407934457063675,0.001499079167842865,-0.0001582857221364975,False
101,Train,randomness_0.7107,0.000583164393901825,0.00037417560815811157,0.00020898878574371338,True
101,Train,randomness_0.7117,0.0029430892318487167,0.0032382169738411903,-0.0002951277419924736,False
101,Train,randomness_0.7127,0.005759015679359436,0.004846714437007904,0.000912301242351532,True
101,Train,randomness_0.7137,0.00013535469770431519,0.00015951413661241531,-2.4159438908100128e-05,False
101,Train,randomness_0.7147,0.003859897144138813,0.0038551082834601402,4.7888606786727905e-06,True
101,Train,randomness_0.7167,0.004863850772380829,0.0046664075925946236,0.0001974431797862053,True
101,Train,randomness_0.7177,0.0004602130502462387,0.001213645562529564,-0.0007534325122833252,False
101,Train,randomness_0.7187,0.001740308478474617,0.0021233409643173218,-0.0003830324858427048,False
101,Train,randomness_0.7197,0.007947549223899841,0.0076191299594938755,0.0003284192644059658,True
101,Train,randomness_0.7207,0.00034003332257270813,0.0005596056580543518,-0.00021957233548164368,False
101,Train,randomness_0.7217,0.002903509885072708,0.0033048391342163086,-0.00040132924914360046,False
101,Train,randomness_0.7227,0.003414999693632126,0.0037814881652593613,-0.0003664884716272354,False
101,Train,randomness_0.7237,0.002431713044643402,0.002404645085334778,2.7067959308624268e-05,True
101,Train,randomness_0.7247,0.003870893269777298,0.0033191246911883354,0.0005517685785889626,True
101,Train,randomness_0.7277,0.002147119492292404,0.0018649334087967873,0.0002821860834956169,True
101,Train,randomness_0.7287,0.00030698440968990326,0.00016259774565696716,0.0001443866640329361,True
101,Train,randomness_0.7297,0.0007864544168114662,0.0008920170366764069,-0.00010556261986494064,False
101,Train,randomness_0.7307,0.004416788928210735,0.004221232607960701,0.00019555632025003433,True
101,Train,randomness_0.7327,0.006822370924055576,0.006721136160194874,0.00010123476386070251,True
101,Train,randomness_0.7337,0.002639422193169594,0.003231614828109741,-0.0005921926349401474,False
101,Train,randomness_0.7347,0.0008528837934136391,6.030034273862839e-05,0.0007925834506750107,True
101,Train,randomness_0.7357,0.002393379807472229,0.0025507938116788864,-0.0001574140042066574,False
101,Train,randomness_0.7367,0.00020621158182621002,2.60230153799057e-05,0.00018018856644630432,True
101,Train,randomness_0.7377,0.0008020661771297455,0.0001076962798833847,0.0006943698972463608,True
101,Train,randomness_0.7387,0.0019628736190497875,0.0015476970002055168,0.0004151766188442707,True
101,Train,randomness_0.7397,0.0018241070210933685,0.001645667478442192,0.00017843954265117645,True
101,Train,randomness_0.7407,0.004331973381340504,0.004790078848600388,-0.0004581054672598839,False
101,Train,randomness_0.7417,0.0005969647318124771,0.0002618357539176941,0.000335128977894783,True
101,Train,randomness_0.7427,0.0026704091578722,0.0023170094937086105,0.0003533996641635895,True
101,Train,randomness_0.7437,0.0010098069906234741,0.000887768343091011,0.00012203864753246307,True
101,Train,randomness_0.7447,0.0020998120307922363,0.0019311998039484024,0.00016861222684383392,True
101,Train,randomness_0.7457,0.0049697281792759895,0.004584270529448986,0.0003854576498270035,True
101,Train,randomness_0.7467,0.0021454161033034325,0.0023359209299087524,-0.00019050482660531998,False
101,Train,randomness_0.7477,0.001126714050769806,0.0015052910894155502,-0.0003785770386457443,False
101,Train,randomness_0.7487,0.002078121528029442,0.002467646263539791,-0.0003895247355103493,False
101,Train,randomness_0.7497,0.004510629456490278,0.004346019122749567,0.0001646103337407112,True
101,Train,randomness_0.7508,0.004182283766567707,0.0043140919879078865,-0.00013180822134017944,False
101,Train,randomness_0.7518,0.00779779814183712,0.008117694407701492,-0.00031989626586437225,False
101,Train,randomness_0.7538,0.0024674683809280396,0.001980045810341835,0.00048742257058620453,True
101,Train,randomness_0.7548,0.0053213792853057384,0.005252196919173002,6.91823661327362e-05,True
101,Train,randomness_0.7558,0.003848165273666382,0.003741942346096039,0.00010622292757034302,True
101,Train,randomness_0.7568,0.005859328433871269,0.005271337926387787,0.0005879905074834824,True
101,Train,randomness_0.7578,0.006578065454959869,0.006409980356693268,0.00016808509826660156,True
101,Train,randomness_0.7598,0.00021498557180166245,0.00036363862454891205,-0.0001486530527472496,False
101,Train,randomness_0.7608,0.002492360770702362,0.002345096319913864,0.00014726445078849792,True
101,Train,randomness_0.7618,0.0015010787174105644,0.0018774410709738731,-0.0003763623535633087,False
101,Train,randomness_0.7628,0.0035258980933576822,0.003631489584222436,-0.00010559149086475372,False
101,Train,randomness_0.7638,0.002405565232038498,0.0023418255150318146,6.373971700668335e-05,True
101,Train,randomness_0.7658,0.001108432188630104,0.0008193152025341988,0.0002891169860959053,True
101,Train,randomness_0.7668,0.0007504597306251526,0.00019262544810771942,0.0005578342825174332,True
101,Train,randomness_0.7678,0.0014141341671347618,0.0013488633558154106,6.52708113193512e-05,True
101,Train,randomness_0.7698,0.0030473200604319572,0.0028749750927090645,0.00017234496772289276,True
101,Train,randomness_0.7708,0.0009577935561537743,0.0011708205565810204,-0.0002130270004272461,False
101,Train,randomness_0.7718,0.0024171951226890087,0.002111643087118864,0.00030555203557014465,True
101,Train,randomness_0.7728,0.002176789566874504,0.002214173786342144,-3.738421946763992e-05,False
101,Train,randomness_0.7738,0.0053449273109436035,0.005905874073505402,-0.0005609467625617981,False
101,Train,randomness_0.7748,0.003181404434144497,0.0029413066804409027,0.0002400977537035942,True
101,Train,randomness_0.7768,0.000797787681221962,0.0009442465379834175,-0.00014645885676145554,False
101,Train,randomness_0.7778,0.001702730543911457,0.001309380866587162,0.00039334967732429504,True
101,Train,randomness_0.7788,0.0033661280758678913,0.0037116208113729954,-0.00034549273550510406,False
101,Train,randomness_0.7798,0.006199825555086136,0.006132969632744789,6.685592234134674e-05,True
101,Train,randomness_0.7808,0.0007060207426548004,0.0006769150495529175,2.9105693101882935e-05,True
101,Train,randomness_0.7818,0.0013321228325366974,0.0018053548410534859,-0.0004732320085167885,False
101,Train,randomness_0.7828,0.0017391089349985123,0.0017226822674274445,1.642666757106781e-05,True
101,Train,randomness_0.7838,9.877234697341919e-05,0.00022358447313308716,-0.00012481212615966797,False
101,Train,randomness_0.7848,0.0007716035470366478,0.0008225757628679276,-5.0972215831279755e-05,False
101,Train,randomness_0.7858,0.0009552519768476486,0.0012408122420310974,-0.0002855602651834488,False
101,Train,randomness_0.7868,0.000921967439353466,0.001496821641921997,-0.000574854202568531,False
101,Train,randomness_0.7878,0.0031323041766881943,0.003554258495569229,-0.00042195431888103485,False
101,Train,randomness_0.7898,0.0022379662841558456,0.0017729299142956734,0.00046503636986017227,True
101,Train,randomness_0.7908,0.0001231171190738678,4.167668521404266e-06,0.00011894945055246353,True
101,Train,randomness_0.7918,0.002753659151494503,0.0025987429544329643,0.0001549161970615387,True
101,Train,randomness_0.7928,0.002923307940363884,0.0032654665410518646,-0.00034215860068798065,False
101,Train,randomness_0.7938,0.008485028520226479,0.008247041143476963,0.00023798737674951553,True
101,Train,randomness_0.7948,0.002610238268971443,0.002297673374414444,0.0003125648945569992,True
101,Train,randomness_0.7958,0.0049804337322711945,0.005571657791733742,-0.0005912240594625473,False
101,Train,randomness_0.7968,0.006273031700402498,0.006657725665718317,-0.0003846939653158188,False
101,Train,randomness_0.7978,0.0007483577355742455,0.001471671275794506,-0.0007233135402202606,False
101,Train,randomness_0.7988,0.0016755461692810059,0.0021542180329561234,-0.0004786718636751175,False
101,Train,randomness_0.7998,0.004270865116268396,0.004709315020591021,-0.0004384499043226242,False
101,Train,randomness_0.8008,0.00028295768424868584,0.00039074569940567017,-0.00010778801515698433,False
101,Train,randomness_0.8018,0.00037341564893722534,0.00016689486801624298,0.00020652078092098236,True
101,Train,randomness_0.8028,0.0009484477341175079,0.0012496933341026306,-0.0003012455999851227,False
101,Train,randomness_0.8038,0.0023016147315502167,0.001562437042593956,0.0007391776889562607,True
101,Train,randomness_0.8048,0.0024171117693185806,0.0034375833347439766,-0.001020471565425396,False
101,Train,randomness_0.8058,0.002222958952188492,0.002478533424437046,-0.00025557447224855423,False
101,Train,randomness_0.8068,0.0014834972098469734,0.0011737942695617676,0.00030970294028520584,True
101,Train,randomness_0.8078,0.001070760190486908,0.0004920540377497673,0.0005787061527371407,True
101,Train,randomness_0.8088,0.0027552428655326366,0.0028499732725322247,-9.473040699958801e-05,False
101,Train,randomness_0.8098,0.0011955304071307182,0.0014000749215483665,-0.00020454451441764832,False
101,Train,randomness_0.8108,0.0023931306786835194,0.0018748142756521702,0.0005183164030313492,True
101,Train,randomness_0.8128,0.00441692303866148,0.00375541765242815,0.0006615053862333298,True
101,Train,randomness_0.8138,0.0021617673337459564,0.002246161922812462,-8.439458906650543e-05,False
101,Train,randomness_0.8148,0.0025360947474837303,0.0031739072874188423,-0.000637812539935112,False
101,Train,randomness_0.8158,0.0007811505347490311,0.0006327694281935692,0.00014838110655546188,True
101,Train,randomness_0.8168,0.003984583076089621,0.004460426513105631,-0.0004758434370160103,False
101,Train,randomness_0.8178,0.0023219636641442776,0.002393139060586691,-7.117539644241333e-05,False
101,Train,randomness_0.8188,0.0038658047560602427,0.003859760472550988,6.0442835092544556e-06,True
101,Train,randomness_0.8198,0.0005379617214202881,0.0005457205697894096,-7.758848369121552e-06,False
101,Train,randomness_0.8208,0.006816323846578598,0.0066063906997442245,0.00020993314683437347,True
101,Train,randomness_0.8218,0.0019925273954868317,0.0015705861151218414,0.00042194128036499023,True
101,Train,randomness_0.8228,0.004136485978960991,0.003420712659135461,0.00071577331982553,True
101,Train,randomness_0.8238,0.0007817419245839119,0.0006044767796993256,0.00017726514488458633,True
101,Train,randomness_0.8248,0.0017898483201861382,0.0020337235182523727,-0.0002438751980662346,False
101,Train,randomness_0.8258,0.004683062434196472,0.005013119429349899,-0.0003300569951534271,False
101,Train,randomness_0.8268,0.00034252554178237915,0.0006300192326307297,-0.0002874936908483505,False
101,Train,randomness_0.8278,0.00254898052662611,0.0028484920039772987,-0.00029951147735118866,False
101,Train,randomness_0.8288,0.0036967257037758827,0.00411132350564003,-0.0004145978018641472,False
101,Train,randomness_0.8298,0.0017282301560044289,0.0011846339330077171,0.0005435962229967117,True
101,Train,randomness_0.8308,0.002341371960937977,0.0024392567574977875,-9.788479655981064e-05,False
101,Train,randomness_0.8328,0.004269802942872047,0.004005327820777893,0.00026447512209415436,True
101,Train,randomness_0.8338,0.0006706453859806061,0.0010843463242053986,-0.0004137009382247925,False
101,Train,randomness_0.8348,0.0004773540422320366,0.0007722293958067894,-0.0002948753535747528,False
101,Train,randomness_0.8358,0.005370449274778366,0.005762353539466858,-0.0003919042646884918,False
101,Train,randomness_0.8368,0.002387315034866333,0.0022486429661512375,0.00013867206871509552,True
101,Train,randomness_0.8378,0.003948828671127558,0.0033653252758085728,0.000583503395318985,True
101,Train,randomness_0.8388,2.647191286087036e-05,0.00019906461238861084,-0.00017259269952774048,False
101,Train,randomness_0.8408,0.004412537906318903,0.004861972760409117,-0.0004494348540902138,False
101,Train,randomness_0.8428,0.004468261729925871,0.004685527179390192,-0.00021726544946432114,False
101,Train,randomness_0.8438,0.004241329152137041,0.0037514781579375267,0.0004898509941995144,True
101,Train,randomness_0.8458,0.0023684948682785034,0.002828800119459629,-0.00046030525118112564,False
101,Train,randomness_0.8468,0.0006420137360692024,0.0010844869539141655,-0.0004424732178449631,False
101,Train,randomness_0.8478,0.0002332013100385666,0.00040545687079429626,-0.00017225556075572968,False
101,Train,randomness_0.8488,0.0003791418857872486,1.386227086186409e-05,0.0003652796149253845,True
101,Train,randomness_0.8498,0.0001719016581773758,0.0007856795564293861,-0.0006137778982520103,False
101,Train,randomness_0.8509,0.006976451724767685,0.00646387692540884,0.0005125747993588448,True
101,Train,randomness_0.8529,0.0033804429695010185,0.0037365611642599106,-0.00035611819475889206,False
101,Train,randomness_0.8539,0.00041857827454805374,0.0005160672590136528,-9.748898446559906e-05,False
101,Train,randomness_0.8549,0.002193437423557043,0.0018282006494700909,0.0003652367740869522,True
101,Train,randomness_0.8559,0.0009271111339330673,0.0015595555305480957,-0.0006324443966150284,False
101,Train,randomness_0.8579,0.0025905994698405266,0.003010057844221592,-0.00041945837438106537,False
101,Train,randomness_0.8589,0.006265426054596901,0.006844690069556236,-0.0005792640149593353,False
101,Train,randomness_0.8599,0.0003300607204437256,0.00034504011273384094,-1.4979392290115356e-05,False
101,Train,randomness_0.8609,0.0040018814615905285,0.00425570597872138,-0.00025382451713085175,False
101,Train,randomness_0.8619,0.0007147886790335178,0.0017298678867518902,-0.0010150792077183723,False
101,Train,randomness_0.8629,0.004174542147666216,0.004271453712135553,-9.691156446933746e-05,False
101,Train,randomness_0.8639,0.006604726891964674,0.005689484532922506,0.0009152423590421677,True
101,Train,randomness_0.8649,0.004543241113424301,0.004241852089762688,0.00030138902366161346,True
101,Train,randomness_0.8659,0.002488289959728718,0.002159576863050461,0.000328713096678257,True
101,Train,randomness_0.8669,0.002476496621966362,0.0019340309081599116,0.0005424657138064504,True
101,Train,randomness_0.8679,0.001347959041595459,0.0008067069575190544,0.0005412520840764046,True
101,Train,randomness_0.8689,0.002071179449558258,0.002722581848502159,-0.0006514023989439011,False
101,Train,randomness_0.8699,0.0007130047306418419,0.0006077121943235397,0.00010529253631830215,True
101,Train,randomness_0.8709,3.727152943611145e-05,3.680586814880371e-06,3.359094262123108e-05,True
101,Train,randomness_0.8719,0.006559253670275211,0.006982908584177494,-0.0004236549139022827,False
101,Train,randomness_0.8729,0.003088833997026086,0.0024059100542217493,0.0006829239428043365,True
101,Train,randomness_0.8739,7.274001836776733e-05,0.0004453696310520172,-0.0003726296126842499,False
101,Train,randomness_0.8749,0.004099356941878796,0.0039384085685014725,0.00016094837337732315,True
101,Train,randomness_0.8759,0.003489485941827297,0.003178170882165432,0.00031131505966186523,True
101,Train,randomness_0.8769,0.0019442627672106028,0.001598095754161477,0.00034616701304912567,True
101,Train,randomness_0.8799,0.002002656925469637,0.0021289228461682796,-0.00012626592069864273,False
101,Train,randomness_0.8809,0.004605700261890888,0.004456422291696072,0.0001492779701948166,True
101,Train,randomness_0.8819,0.0011800085194408894,0.0011279149912297726,5.209352821111679e-05,True
101,Train,randomness_0.8829,0.0016356026753783226,0.0024508247151970863,-0.0008152220398187637,False
101,Train,randomness_0.8839,0.0003277678042650223,6.963498890399933e-05,0.00025813281536102295,True
101,Train,randomness_0.8849,0.005695587024092674,0.005742017179727554,-4.6430155634880066e-05,False
101,Train,randomness_0.8859,0.004016646649688482,0.0038221091963350773,0.000194537453353405,True
101,Train,randomness_0.8869,0.00502926018089056,0.004951563663780689,7.769651710987091e-05,True
101,Train,randomness_0.8879,0.0009488360956311226,0.001257401891052723,-0.00030856579542160034,False
101,Train,randomness_0.8889,0.0038414769805967808,0.00350551912561059,0.0003359578549861908,True
101,Train,randomness_0.8899,0.0023508446756750345,0.002972586313262582,-0.0006217416375875473,False
101,Train,randomness_0.8909,8.374638855457306e-05,0.000638497993350029,-0.0005547516047954559,False
101,Train,randomness_0.8919,0.0037022214382886887,0.0032354239374399185,0.00046679750084877014,True
101,Train,randomness_0.8929,0.0003662463277578354,0.0006033666431903839,-0.00023712031543254852,False
101,Train,randomness_0.8939,0.0025318539701402187,0.0028172521851956844,-0.0002853982150554657,False
101,Train,randomness_0.8949,0.002095381263643503,0.0023809769190847874,-0.0002855956554412842,False
101,Train,randomness_0.8959,0.000817740336060524,0.001219477504491806,-0.00040173716843128204,False
101,Train,randomness_0.8969,0.0016959755448624492,0.0014170705107972026,0.0002789050340652466,True
101,Train,randomness_0.8979,0.0018149055540561676,0.001871258020401001,-5.6352466344833374e-05,False
101,Train,randomness_0.8989,0.0006478354334831238,0.0004886165261268616,0.0001592189073562622,True
101,Train,randomness_0.8999,0.0018725375412032008,0.002167763188481331,-0.00029522564727813005,False
101,Train,randomness_0.9029,0.0013509411364793777,0.0015388336032629013,-0.00018789246678352356,False
101,Train,randomness_0.9039,0.0024094493128359318,0.003029125276952982,-0.0006196759641170502,False
101,Train,randomness_0.9049,0.0003181770443916321,5.161762237548828e-05,0.0002665594220161438,True
101,Train,randomness_0.9059,0.003349283244460821,0.002473167609423399,0.0008761156350374222,True
101,Train,randomness_0.9069,0.0023263036273419857,0.0020257863216102123,0.0003005173057317734,True
101,Train,randomness_0.9079,0.0004260018467903137,0.000955495866946876,-0.0005294940201565623,False
101,Train,randomness_0.9089,0.004198368173092604,0.003578349482268095,0.0006200186908245087,True
101,Train,randomness_0.9109,0.00017694756388664246,0.0005980636924505234,-0.0004211161285638809,False
101,Train,randomness_0.9119,0.0008330140262842178,0.0003544110804796219,0.00047860294580459595,True
101,Train,randomness_0.9129,0.003839310258626938,0.004301887005567551,-0.0004625767469406128,False
101,Train,randomness_0.9139,0.00038593821227550507,0.000836934894323349,-0.00045099668204784393,False
101,Train,randomness_0.9149,0.004284398630261421,0.004768358543515205,-0.0004839599132537842,False
101,Train,randomness_0.9159,0.004766959231346846,0.005710890516638756,-0.0009439312852919102,False
101,Train,randomness_0.9169,0.004891632124781609,0.0053740981966257095,-0.00048246607184410095,False
101,Train,randomness_0.9179,0.0021845961455255747,0.0030028598848730326,-0.0008182637393474579,False
101,Train,randomness_0.9189,0.0034567532129585743,0.003706513438373804,-0.0002497602254152298,False
101,Train,randomness_0.9199,0.001303637633100152,0.0003388877958059311,0.0009647498372942209,True
101,Train,randomness_0.9219,8.12038779258728e-05,0.0004458519397303462,-0.0003646480618044734,False
101,Train,randomness_0.9229,0.0022628214210271835,0.0018326155841350555,0.000430205836892128,True
101,Train,randomness_0.9239,0.0008036475628614426,0.0010448340326547623,-0.0002411864697933197,False
101,Train,randomness_0.9249,0.004128430038690567,0.004563573747873306,-0.00043514370918273926,False
101,Train,randomness_0.9259,0.00013573840260505676,0.00013710185885429382,-1.3634562492370605e-06,False
101,Train,randomness_0.9289,0.004089135676622391,0.003946926444768906,0.0001422092318534851,True
101,Train,randomness_0.9299,0.004724671598523855,0.004229679238051176,0.0004949923604726791,True
101,Train,randomness_0.9309,9.162165224552155e-05,0.0004709288477897644,-0.00037930719554424286,False
101,Train,randomness_0.9319,0.0037315217778086662,0.004273881204426289,-0.0005423594266176224,False
101,Train,randomness_0.9339,0.0026445314288139343,0.003265012986958027,-0.0006204815581440926,False
101,Train,randomness_0.9349,0.0006384141743183136,0.0014096572995185852,-0.0007712431252002716,False
101,Train,randomness_0.9359,0.002114124596118927,0.0023636501282453537,-0.0002495255321264267,False
101,Train,randomness_0.9369,0.004191091284155846,0.0053202807903289795,-0.0011291895061731339,False
101,Train,randomness_0.9389,0.003080971771851182,0.0033397788647562265,-0.00025880709290504456,False
101,Train,randomness_0.9399,0.001576220616698265,0.0020416006445884705,-0.0004653800278902054,False
101,Train,randomness_0.9409,0.0018736952915787697,0.0022098487243056297,-0.00033615343272686005,False
101,Train,randomness_0.9419,0.0017146727768704295,0.001787640037946403,-7.296726107597351e-05,False
101,Train,randomness_0.9429,0.000661877915263176,0.0007445979863405228,-8.27200710773468e-05,False
101,Train,randomness_0.9449,0.002413034439086914,0.002204224467277527,0.0002088099718093872,True
101,Train,randomness_0.9459,0.001520930789411068,0.0013848468661308289,0.0001360839232802391,True
101,Train,randomness_0.9469,0.0028762947767972946,0.003032602369785309,-0.00015630759298801422,False
101,Train,randomness_0.9479,0.006685702130198479,0.007298693060874939,-0.0006129909306764603,False
101,Train,randomness_0.9489,0.0020195432007312775,0.0025825146585702896,-0.0005629714578390121,False
101,Train,randomness_0.9499,0.002111311536282301,0.0016934080049395561,0.00041790353134274483,True
101,Train,randomness_0.9510,0.004015177488327026,0.0039500705897808075,6.510689854621887e-05,True
101,Train,randomness_0.9520,0.0015932528767734766,0.0017357321921736002,-0.0001424793154001236,False
101,Train,randomness_0.9530,0.002118583768606186,0.002094842493534088,2.374127507209778e-05,True
101,Train,randomness_0.9540,0.0039738817140460014,0.0038304394111037254,0.000143442302942276,True
101,Train,randomness_0.9550,0.003211276838555932,0.003652209648862481,-0.00044093281030654907,False
101,Train,randomness_0.9560,0.001911832019686699,0.0021660327911376953,-0.0002542007714509964,False
101,Train,randomness_0.9570,0.0012432802468538284,0.0017321985214948654,-0.000488918274641037,False
101,Train,randomness_0.9580,0.0016914480365812778,0.0017407522536814213,-4.930421710014343e-05,False
101,Train,randomness_0.9590,0.0022079944610595703,0.001695055514574051,0.0005129389464855194,True
101,Train,randomness_0.9600,0.00728112505748868,0.007951311767101288,-0.000670186709612608,False
101,Train,randomness_0.9610,0.001954865176230669,0.002973098773509264,-0.001018233597278595,False
101,Train,randomness_0.9620,0.004843282047659159,0.004973235074430704,-0.0001299530267715454,False
101,Train,randomness_0.9630,0.0032188803888857365,0.0032315352000296116,-1.2654811143875122e-05,False
101,Train,randomness_0.9640,0.0016672163037583232,0.001168917748145759,0.0004982985556125641,True
101,Train,randomness_0.9650,0.0035870354622602463,0.0031677614897489548,0.0004192739725112915,True
101,Train,randomness_0.9660,0.0020099347457289696,0.002084021456539631,-7.408671081066132e-05,False
101,Train,randomness_0.9670,0.00039854273200035095,0.00018290430307388306,0.0002156384289264679,True
101,Train,randomness_0.9680,0.00047493912279605865,0.00012544915080070496,0.0003494899719953537,True
101,Train,randomness_0.9690,0.0016332734376192093,0.0012627001851797104,0.0003705732524394989,True
101,Train,randomness_0.9700,0.0031958131585270166,0.002931272843852639,0.00026454031467437744,True
101,Train,randomness_0.9710,0.0018315152265131474,0.0017105606384575367,0.00012095458805561066,True
101,Train,randomness_0.9720,0.0023268861696124077,0.0020251404494047165,0.0003017457202076912,True
101,Train,randomness_0.9730,0.0020864754915237427,0.0016525982646271586,0.00043387722689658403,True
101,Train,randomness_0.9740,0.0028935857117176056,0.0031429100781679153,-0.00024932436645030975,False
101,Train,randomness_0.9750,0.001957815373316407,0.0022175817284733057,-0.0002597663551568985,False
101,Train,randomness_0.9760,0.00255515705794096,0.003154258243739605,-0.000599101185798645,False
101,Train,randomness_0.9770,0.0018652640283107758,0.0024637989699840546,-0.0005985349416732788,False
101,Train,randomness_0.9780,0.0015204213559627533,0.0005760621279478073,0.000944359228014946,True
101,Train,randomness_0.9790,0.00011898763477802277,0.0006642080843448639,-0.0005452204495668411,False
101,Train,randomness_0.9800,0.001499250764027238,0.0008964522276073694,0.0006027985364198685,True
101,Train,randomness_0.9810,0.0006381981074810028,0.0008326172828674316,-0.00019441917538642883,False
101,Train,randomness_0.9820,0.001453995704650879,0.0018342463299632072,-0.00038025062531232834,False
101,Train,randomness_0.9830,0.003625281387940049,0.003608037019148469,1.72443687915802e-05,True
101,Train,randomness_0.9840,0.005781853571534157,0.005499275401234627,0.00028257817029953003,True
101,Train,randomness_0.9850,0.0009819380939006805,0.0010545514523983002,-7.261335849761963e-05,False
101,Train,randomness_0.9860,0.002478489652276039,0.0028912872076034546,-0.00041279755532741547,False
101,Train,randomness_0.9870,0.001072743907570839,0.001350095495581627,-0.00027735158801078796,False
101,Train,randomness_0.9880,0.007082429248839617,0.006937032099813223,0.0001453971490263939,True
101,Train,randomness_0.9890,0.002852039411664009,0.0030292384326457977,-0.00017719902098178864,False
101,Train,randomness_0.9900,0.00046103447675704956,0.0009421780705451965,-0.00048114359378814697,False
101,Train,randomness_0.9910,0.001626601442694664,0.001554960384964943,7.164105772972107e-05,True
101,Train,randomness_0.9920,0.001475965604186058,0.000732865184545517,0.0007431004196405411,True
101,Train,randomness_0.9930,0.0004202648997306824,0.00027549266815185547,0.0001447722315788269,True
101,Train,randomness_0.9940,0.0013273544609546661,0.0009025475010275841,0.00042480695992708206,True
101,Train,randomness_0.9950,0.0033157041762024164,0.003804119536653161,-0.0004884153604507446,False
101,Train,randomness_0.9960,0.001368653029203415,0.001143837347626686,0.00022481568157672882,True
101,Train,randomness_0.9970,0.0008613411337137222,0.0008728988468647003,-1.1557713150978088e-05,False
101,Train,randomness_0.9980,0.002250002697110176,0.002648349851369858,-0.0003983471542596817,False
101,Train,randomness_0.9990,0.0037830232176929712,0.004115672782063484,-0.00033264956437051296,False
101,Train,randomness_1.0000,0.001971679739654064,0.002113393507897854,-0.00014171376824378967,False
101,Validation,randomness_0.0721,0.0017113424837589264,0.001576535403728485,0.00013480708003044128,True
101,Validation,randomness_0.0831,0.0007093921303749084,0.0011369697749614716,-0.0004275776445865631,False
101,Validation,randomness_0.1011,0.00011180341243743896,0.00046467408537864685,-0.0003528706729412079,False
101,Validation,randomness_0.1071,0.0032240189611911774,0.002989407628774643,0.00023461133241653442,True
101,Validation,randomness_0.1271,0.001763850450515747,0.0022303014993667603,-0.0004664510488510132,False
101,Validation,randomness_0.1311,0.0006109736859798431,7.211416959762573e-05,0.0005388595163822174,True
101,Validation,randomness_0.1341,0.0030457377433776855,0.0027193352580070496,0.000326402485370636,True
101,Validation,randomness_0.1351,0.000606052577495575,0.00017295777797698975,0.0004330947995185852,True
101,Validation,randomness_0.1401,0.002182845026254654,0.0016899965703487396,0.0004928484559059143,True
101,Validation,randomness_0.1421,0.002818688750267029,0.0031735412776470184,-0.0003548525273799896,False
101,Validation,randomness_0.1461,0.003340616822242737,0.003727097064256668,-0.0003864802420139313,False
101,Validation,randomness_0.1582,0.0009135156869888306,0.0003440342843532562,0.0005694814026355743,True
101,Validation,randomness_0.1862,0.0019451640546321869,0.002568792551755905,-0.0006236284971237183,False
101,Validation,randomness_0.1972,0.0018097162246704102,0.0015389025211334229,0.0002708137035369873,True
101,Validation,randomness_0.2182,0.0007025711238384247,0.0012377426028251648,-0.0005351714789867401,False
101,Validation,randomness_0.2202,0.002305068075656891,0.0018255673348903656,0.00047950074076652527,True
101,Validation,randomness_0.2232,0.001843038946390152,0.002166006714105606,-0.0003229677677154541,False
101,Validation,randomness_0.2573,0.00249636173248291,0.001972876489162445,0.0005234852433204651,True
101,Validation,randomness_0.2633,0.001229502260684967,0.0015975572168827057,-0.00036805495619773865,False
101,Validation,randomness_0.2863,0.0024643540382385254,0.0019245408475399017,0.0005398131906986237,True
101,Validation,randomness_0.2883,0.003688022494316101,0.0034334249794483185,0.0002545975148677826,True
101,Validation,randomness_0.2993,0.001509837806224823,0.002260711044073105,-0.0007508732378482819,False
101,Validation,randomness_0.3003,0.004249263554811478,0.004796959459781647,-0.0005476959049701691,False
101,Validation,randomness_0.3023,0.0033287107944488525,0.003217596560716629,0.00011111423373222351,True
101,Validation,randomness_0.3043,0.002201441675424576,0.002273786813020706,-7.234513759613037e-05,False
101,Validation,randomness_0.3063,0.0009902603924274445,0.0005175136029720306,0.0004727467894554138,True
101,Validation,randomness_0.3093,0.0008625388145446777,0.00019173696637153625,0.0006708018481731415,True
101,Validation,randomness_0.3253,0.0023759864270687103,0.0027338415384292603,-0.0003578551113605499,False
101,Validation,randomness_0.3353,0.00021921470761299133,0.0003789141774177551,-0.0001596994698047638,False
101,Validation,randomness_0.3433,0.0024343859404325485,0.0022172462195158005,0.00021713972091674805,True
101,Validation,randomness_0.3564,0.0008674822747707367,0.0010814070701599121,-0.00021392479538917542,False
101,Validation,randomness_0.3764,0.006815953180193901,0.006563371047377586,0.0002525821328163147,True
101,Validation,randomness_0.3954,0.0009092427790164948,0.0013715177774429321,-0.0004622749984264374,False
101,Validation,randomness_0.3964,0.002217032015323639,0.0017400607466697693,0.00047697126865386963,True
101,Validation,randomness_0.3994,0.001265358179807663,0.0012466013431549072,1.8756836652755737e-05,True
101,Validation,randomness_0.4134,0.0018626749515533447,0.001931590959429741,-6.891600787639618e-05,False
101,Validation,randomness_0.4274,0.0014342404901981354,0.0012643598020076752,0.0001698806881904602,True
101,Validation,randomness_0.4324,0.00028463825583457947,0.00018935278058052063,9.528547525405884e-05,True
101,Validation,randomness_0.4444,9.932927787303925e-05,0.0003352947533130646,-0.00023596547544002533,False
101,Validation,randomness_0.4464,0.0032205432653427124,0.00293939933180809,0.0002811439335346222,True
101,Validation,randomness_0.4525,0.0032732468098402023,0.003612793982028961,-0.00033954717218875885,False
101,Validation,randomness_0.4615,0.0012085624039173126,0.0008244588971138,0.0003841035068035126,True
101,Validation,randomness_0.4705,0.0006486214697360992,0.0004449281841516495,0.00020369328558444977,True
101,Validation,randomness_0.4815,0.0027163345366716385,0.0026288721710443497,8.746236562728882e-05,True
101,Validation,randomness_0.4905,0.005264429375529289,0.004543237388134003,0.0007211919873952866,True
101,Validation,randomness_0.4965,0.005320485681295395,0.004941623657941818,0.00037886202335357666,True
101,Validation,randomness_0.4985,0.00048322975635528564,0.00032704509794712067,0.00015618465840816498,True
101,Validation,randomness_0.5225,0.0017290730029344559,0.0015947893261909485,0.00013428367674350739,True
101,Validation,randomness_0.5315,0.004401251673698425,0.0040573421865701675,0.00034390948712825775,True
101,Validation,randomness_0.5475,0.007275167852640152,0.006937116384506226,0.0003380514681339264,True
101,Validation,randomness_0.5485,0.0010683760046958923,0.0014648828655481339,-0.0003965068608522415,False
101,Validation,randomness_0.5495,0.0057451799511909485,0.005811901763081551,-6.672181189060211e-05,False
101,Validation,randomness_0.5536,0.004352934658527374,0.004515044391155243,-0.00016210973262786865,False
101,Validation,randomness_0.5856,0.00048799626529216766,0.0005602780729532242,-7.228180766105652e-05,False
101,Validation,randomness_0.5936,0.001112198457121849,0.0018374007195234299,-0.0007252022624015808,False
101,Validation,randomness_0.5946,0.0007396601140499115,0.0008514132350683212,-0.00011175312101840973,False
101,Validation,randomness_0.6166,0.0017534848302602768,0.0020068325102329254,-0.0002533476799726486,False
101,Validation,randomness_0.6196,0.004157418385148048,0.004298238083720207,-0.0001408196985721588,False
101,Validation,randomness_0.6226,0.003083338961005211,0.002546509727835655,0.0005368292331695557,True
101,Validation,randomness_0.6256,0.003938071429729462,0.0040498096495866776,-0.00011173821985721588,False
101,Validation,randomness_0.6316,0.003521692007780075,0.003581000491976738,-5.93084841966629e-05,False
101,Validation,randomness_0.6336,0.00366995669901371,0.003379685804247856,0.0002902708947658539,True
101,Validation,randomness_0.6366,0.00019517168402671814,5.9293583035469055e-05,0.00013587810099124908,True
101,Validation,randomness_0.6426,0.0005790200084447861,0.0007298756390810013,-0.0001508556306362152,False
101,Validation,randomness_0.6436,0.0028763525187969208,0.0021737925708293915,0.0007025599479675293,True
101,Validation,randomness_0.6456,0.0031005721539258957,0.0031081698834896088,-7.597729563713074e-06,False
101,Validation,randomness_0.6496,0.0035270247608423233,0.0036449339240789413,-0.00011790916323661804,False
101,Validation,randomness_0.6757,0.00025363266468048096,7.446855306625366e-06,0.0002461858093738556,True
101,Validation,randomness_0.6837,0.003150369506329298,0.0030242963694036007,0.00012607313692569733,True
101,Validation,randomness_0.6887,0.002294618170708418,0.0021195621229708195,0.00017505604773759842,True
101,Validation,randomness_0.6897,0.001506526954472065,0.0017699981108307838,-0.00026347115635871887,False
101,Validation,randomness_0.6907,0.0017282795161008835,0.0018694354221224785,-0.000141155906021595,False
101,Validation,randomness_0.7157,0.00036630500108003616,2.6562251150608063e-05,0.0003397427499294281,True
101,Validation,randomness_0.7257,0.0023891953751444817,0.0020754439756274223,0.0003137513995170593,True
101,Validation,randomness_0.7267,0.0014670593664050102,0.0012186039239168167,0.0002484554424881935,True
101,Validation,randomness_0.7317,0.0010501528158783913,0.0013111568987369537,-0.00026100408285856247,False
101,Validation,randomness_0.7528,0.0019075293093919754,0.0016854964196681976,0.00022203288972377777,True
101,Validation,randomness_0.7588,0.0006469432264566422,0.0012592431157827377,-0.0006122998893260956,False
101,Validation,randomness_0.7648,0.0007953587919473648,0.0006221774965524673,0.00017318129539489746,True
101,Validation,randomness_0.7688,0.001141984947025776,0.0012992965057492256,-0.0001573115587234497,False
101,Validation,randomness_0.7758,0.0018648980185389519,0.0018771719187498093,-1.2273900210857391e-05,False
101,Validation,randomness_0.7888,0.0038193603977560997,0.0038140201941132545,5.340203642845154e-06,True
101,Validation,randomness_0.8118,0.0035169366747140884,0.0035257330164313316,-8.796341717243195e-06,False
101,Validation,randomness_0.8318,0.0031187518034130335,0.003257762873545289,-0.00013901107013225555,False
101,Validation,randomness_0.8398,0.0011744992807507515,0.0006347252056002617,0.0005397740751504898,True
101,Validation,randomness_0.8418,0.00048034265637397766,0.001245003193616867,-0.0007646605372428894,False
101,Validation,randomness_0.8448,0.005983314476907253,0.00587680097669363,0.00010651350021362305,True
101,Validation,randomness_0.8519,0.0006382493302226067,0.00040088314563035965,0.000237366184592247,True
101,Validation,randomness_0.8569,0.006634959485381842,0.006371041294187307,0.0002639181911945343,True
101,Validation,randomness_0.8779,0.0017346872482448816,0.0013967531267553568,0.00033793412148952484,True
101,Validation,randomness_0.8789,0.0015137759037315845,0.001959755551069975,-0.00044597964733839035,False
101,Validation,randomness_0.9009,7.959641516208649e-05,0.00034573767334222794,-0.00026614125818014145,False
101,Validation,randomness_0.9019,0.00030088238418102264,1.0641291737556458e-05,0.0002902410924434662,True
101,Validation,randomness_0.9099,0.0009204446105286479,0.0013046989915892482,-0.0003842543810606003,False
101,Validation,randomness_0.9209,0.003653213381767273,0.003979997243732214,-0.000326783861964941,False
101,Validation,randomness_0.9269,0.003108166391029954,0.0035970769822597504,-0.0004889105912297964,False
101,Validation,randomness_0.9279,0.002618107944726944,0.0026039592921733856,1.414865255355835e-05,True
101,Validation,randomness_0.9329,0.003493852913379669,0.004117071628570557,-0.0006232187151908875,False
101,Validation,randomness_0.9379,0.0004010181874036789,0.0009608324617147446,-0.0005598142743110657,False
101,Validation,randomness_0.9439,0.0015161557821556926,0.002715533599257469,-0.0011993778171017766,False
202,OOD_Holdout,randomness_0.0020,0.0050047338008880615,0.004554331302642822,0.00045040249824523926,True
202,OOD_Holdout,randomness_0.0040,0.000997014343738556,0.0005203187465667725,0.00047669559717178345,True
202,OOD_Holdout,randomness_0.0060,0.0034990087151527405,0.002883877605199814,0.0006151311099529266,True
202,OOD_Holdout,randomness_0.0070,0.0027762316167354584,0.0021696463227272034,0.000606585294008255,True
202,OOD_Holdout,randomness_0.0080,0.002093423157930374,0.001542896032333374,0.0005505271255970001,True
202,OOD_Holdout,randomness_0.0100,0.0034169740974903107,0.003934774547815323,-0.0005178004503250122,False
202,OOD_Holdout,randomness_0.0110,0.0012221038341522217,0.0006201229989528656,0.0006019808351993561,True
202,OOD_Holdout,randomness_0.0120,0.003322787582874298,0.003688257187604904,-0.0003654696047306061,False
202,OOD_Holdout,randomness_0.0130,0.003592349588871002,0.004197955131530762,-0.0006056055426597595,False
202,OOD_Holdout,randomness_0.0140,0.0008747018873691559,0.00041232630610466003,0.00046237558126449585,True
202,OOD_Holdout,randomness_0.0150,0.004523070529103279,0.00405007041990757,0.00047300010919570923,True
202,OOD_Holdout,randomness_0.0170,0.003979615867137909,0.0032968521118164062,0.0006827637553215027,True
202,OOD_Holdout,randomness_0.0180,0.004147011786699295,0.0034528598189353943,0.0006941519677639008,True
202,OOD_Holdout,randomness_0.0190,0.0011731833219528198,0.000668015331029892,0.0005051679909229279,True
202,OOD_Holdout,randomness_0.0210,0.004347829148173332,0.003865053877234459,0.0004827752709388733,True
202,OOD_Holdout,randomness_0.0220,0.00012248381972312927,0.0006892941892147064,-0.0005668103694915771,False
202,OOD_Holdout,randomness_0.0240,0.002093728631734848,0.0025071538984775543,-0.0004134252667427063,False
202,OOD_Holdout,randomness_0.0270,0.003051668405532837,0.002597454935312271,0.0004542134702205658,True
202,OOD_Holdout,randomness_0.0290,0.0024231038987636566,0.001774229109287262,0.0006488747894763947,True
202,OOD_Holdout,randomness_0.0300,0.0022446364164352417,0.0028603002429008484,-0.0006156638264656067,False
202,OOD_Holdout,randomness_0.0310,0.002236761152744293,0.002834949642419815,-0.0005981884896755219,False
202,OOD_Holdout,randomness_0.0320,0.0017376430332660675,0.0013210400938987732,0.0004166029393672943,True
202,OOD_Holdout,randomness_0.0330,0.0008881464600563049,0.00034528225660324097,0.000542864203453064,True
202,OOD_Holdout,randomness_0.0340,0.0011419989168643951,0.0016255676746368408,-0.0004835687577724457,False
202,OOD_Holdout,randomness_0.0350,0.002925436943769455,0.0035530179738998413,-0.0006275810301303864,False
202,OOD_Holdout,randomness_0.0360,0.0021151602268218994,0.001602865755558014,0.0005122944712638855,True
202,OOD_Holdout,randomness_0.0370,0.00023645907640457153,0.00021875649690628052,1.7702579498291016e-05,True
202,OOD_Holdout,randomness_0.0380,0.003837190568447113,0.0042906254529953,-0.00045343488454818726,False
202,OOD_Holdout,randomness_0.0390,0.0014035627245903015,0.0019438937306404114,-0.0005403310060501099,False
202,OOD_Holdout,randomness_0.0400,0.0007063411176204681,0.0013592950999736786,-0.0006529539823532104,False
202,OOD_Holdout,randomness_0.0410,0.001367121934890747,0.0018306970596313477,-0.0004635751247406006,False
202,OOD_Holdout,randomness_0.0450,0.00014635175466537476,0.00044042617082595825,-0.0002940744161605835,False
202,OOD_Holdout,randomness_0.0470,0.0007027201354503632,8.463487029075623e-05,0.0006180852651596069,True
202,OOD_Holdout,randomness_0.0480,0.003287956118583679,0.0027665644884109497,0.0005213916301727295,True
202,OOD_Holdout,randomness_0.0490,0.0004186667501926422,0.0011464431881904602,-0.000727776437997818,False
202,OOD_Holdout,randomness_0.0501,0.002759203314781189,0.0034196823835372925,-0.0006604790687561035,False
202,OOD_Holdout,randomness_0.0511,0.0009102672338485718,0.0003049485385417938,0.000605318695306778,True
202,OOD_Holdout,randomness_0.0531,0.00019097700715065002,0.00018191710114479065,9.059906005859375e-06,True
202,OOD_Holdout,randomness_0.0541,0.0021038055419921875,0.0025353319942951202,-0.00043152645230293274,False
202,OOD_Holdout,randomness_0.0551,0.0011706575751304626,0.0006201118230819702,0.0005505457520484924,True
202,OOD_Holdout,randomness_0.0601,0.0008333213627338409,0.00015498697757720947,0.0006783343851566315,True
202,OOD_Holdout,randomness_0.0621,0.002257358282804489,0.00282861664891243,-0.0005712583661079407,False
202,OOD_Holdout,randomness_0.0631,0.0020998530089855194,0.001483280211687088,0.0006165727972984314,True
202,OOD_Holdout,randomness_0.0641,0.002945646643638611,0.003461793065071106,-0.0005161464214324951,False
202,OOD_Holdout,randomness_0.0651,0.0030908212065696716,0.002567857503890991,0.0005229637026786804,True
202,OOD_Holdout,randomness_0.0671,0.000984981656074524,0.0016264468431472778,-0.0006414651870727539,False
202,OOD_Holdout,randomness_0.0681,0.0027617700397968292,0.0034428127110004425,-0.0006810426712036133,False
202,OOD_Holdout,randomness_0.0691,0.0011167041957378387,0.0006873644888401031,0.0004293397068977356,True
202,OOD_Holdout,randomness_0.0711,0.000563059002161026,8.524954319000244e-05,0.00047780945897102356,True
202,OOD_Holdout,randomness_0.0761,0.0017887689173221588,0.002317085862159729,-0.0005283169448375702,False
202,OOD_Holdout,randomness_0.0801,0.0002773888409137726,0.0003859288990497589,-0.00010854005813598633,False
202,OOD_Holdout,randomness_0.0811,0.0014691129326820374,0.0006573349237442017,0.0008117780089378357,True
202,OOD_Holdout,randomness_0.0821,0.0017301179468631744,0.0010737068951129913,0.0006564110517501831,True
202,OOD_Holdout,randomness_0.0871,0.0002525635063648224,0.0007878467440605164,-0.000535283237695694,False
202,OOD_Holdout,randomness_0.0881,0.0009316615760326385,0.0014993846416473389,-0.0005677230656147003,False
202,OOD_Holdout,randomness_0.0941,0.0005897432565689087,6.581097841262817e-05,0.0005239322781562805,True
202,OOD_Holdout,randomness_0.0951,0.0008542872965335846,0.0015295520424842834,-0.0006752647459506989,False
202,OOD_Holdout,randomness_0.0961,0.001201726496219635,0.0004354603588581085,0.0007662661373615265,True
202,OOD_Holdout,randomness_0.0971,0.0032184943556785583,0.003780629485845566,-0.0005621351301670074,False
202,OOD_Holdout,randomness_0.0981,0.003417152911424637,0.0028689466416835785,0.0005482062697410583,True
202,OOD_Holdout,randomness_0.0991,0.0030381083488464355,0.0036277547478675842,-0.0005896463990211487,False
202,OOD_Holdout,randomness_0.1001,0.0010989457368850708,0.0016653314232826233,-0.0005663856863975525,False
202,OOD_Holdout,randomness_0.1051,0.0021525733172893524,0.0026477761566638947,-0.0004952028393745422,False
202,OOD_Holdout,randomness_0.1081,0.003679189831018448,0.0043160878121852875,-0.0006368979811668396,False
202,OOD_Holdout,randomness_0.1091,0.003447592258453369,0.0041053928434848785,-0.0006578005850315094,False
202,OOD_Holdout,randomness_0.1101,0.0016472488641738892,0.0010389946401119232,0.0006082542240619659,True
202,OOD_Holdout,randomness_0.1261,0.0008716695010662079,0.0003329738974571228,0.0005386956036090851,True
202,OOD_Holdout,randomness_0.1291,0.002514246851205826,0.001782301813364029,0.0007319450378417969,True
202,OOD_Holdout,randomness_0.1371,0.0015719346702098846,0.0023086853325366974,-0.0007367506623268127,False
202,OOD_Holdout,randomness_0.1391,0.0017795823514461517,0.0024675317108631134,-0.0006879493594169617,False
202,OOD_Holdout,randomness_0.1481,0.004897914826869965,0.005620211362838745,-0.0007222965359687805,False
202,OOD_Holdout,randomness_0.1572,0.0009477026760578156,0.00015685707330703735,0.0007908456027507782,True
202,OOD_Holdout,randomness_0.1632,0.0013561472296714783,0.0006052739918231964,0.0007508732378482819,True
202,OOD_Holdout,randomness_0.1692,0.003816559910774231,0.003009859472513199,0.0008067004382610321,True
202,OOD_Holdout,randomness_0.1722,0.005375634878873825,0.0045711323618888855,0.0008045025169849396,True
202,OOD_Holdout,randomness_0.1792,0.0018556416034698486,0.0027443766593933105,-0.0008887350559234619,False
202,OOD_Holdout,randomness_0.1942,0.0026883184909820557,0.0020313560962677,0.0006569623947143555,True
202,OOD_Holdout,randomness_0.2042,0.0009770765900611877,0.0014264769852161407,-0.000449400395154953,False
202,OOD_Holdout,randomness_0.2052,0.0009334981441497803,0.0014757290482521057,-0.0005422309041023254,False
202,OOD_Holdout,randomness_0.2142,0.003151107579469681,0.0025319084525108337,0.000619199126958847,True
202,OOD_Holdout,randomness_0.2152,0.0022869445383548737,0.00264933705329895,-0.00036239251494407654,False
202,OOD_Holdout,randomness_0.2162,0.0022461488842964172,0.0015696100890636444,0.0006765387952327728,True
202,OOD_Holdout,randomness_0.2192,0.00347745418548584,0.004197746515274048,-0.000720292329788208,False
202,OOD_Holdout,randomness_0.2212,0.004412200301885605,0.0036525316536426544,0.0007596686482429504,True
202,OOD_Holdout,randomness_0.2262,0.0029585547745227814,0.0035880543291568756,-0.0006294995546340942,False
202,OOD_Holdout,randomness_0.2312,0.000107545405626297,0.0008701607584953308,-0.0007626153528690338,False
202,OOD_Holdout,randomness_0.2322,0.0014001913368701935,0.001929309219121933,-0.0005291178822517395,False
202,OOD_Holdout,randomness_0.2332,0.002479851245880127,0.0018334127962589264,0.0006464384496212006,True
202,OOD_Holdout,randomness_0.2432,0.00010560080409049988,0.0008124150335788727,-0.0007068142294883728,False
202,OOD_Holdout,randomness_0.2663,0.0008996874094009399,0.0016870573163032532,-0.0007873699069023132,False
202,OOD_Holdout,randomness_0.2973,0.0008916817605495453,0.0012551769614219666,-0.00036349520087242126,False
202,OOD_Holdout,randomness_0.3143,0.0004927851259708405,0.0011699646711349487,-0.0006771795451641083,False
202,OOD_Holdout,randomness_0.3203,0.003933098167181015,0.0035172365605831146,0.0004158616065979004,True
202,OOD_Holdout,randomness_0.3243,0.0012964420020580292,0.000697452574968338,0.0005989894270896912,True
202,OOD_Holdout,randomness_0.3293,0.004230048507452011,0.0044942498207092285,-0.0002642013132572174,False
202,OOD_Holdout,randomness_0.3323,0.0010954029858112335,0.0007928125560283661,0.00030259042978286743,True
202,OOD_Holdout,randomness_0.3834,0.002502031624317169,0.00310603529214859,-0.0006040036678314209,False
202,OOD_Holdout,randomness_0.4044,0.0032141730189323425,0.0037135258316993713,-0.0004993528127670288,False
202,OOD_Holdout,randomness_0.4094,0.0008713304996490479,0.0011611133813858032,-0.00028978288173675537,False
202,OOD_Holdout,randomness_0.4434,0.003712330013513565,0.004422198981046677,-0.0007098689675331116,False
202,Prediction,randomness_0.0061,0.0014747530221939087,0.0008676312863826752,0.0006071217358112335,True
202,Prediction,randomness_0.0153,0.002126932144165039,0.002588905394077301,-0.00046197324991226196,False
202,Prediction,randomness_0.0229,0.0006166622042655945,0.0011943168938159943,-0.0005776546895503998,False
202,Prediction,randomness_0.1000,0.003248590975999832,0.003888659179210663,-0.0006400682032108307,False
202,Prediction,randomness_0.1444,0.0010787658393383026,0.001876290887594223,-0.0007975250482559204,False
202,Prediction,randomness_0.1889,0.0008555948734283447,0.0016233883798122406,-0.0007677935063838959,False
202,Prediction,randomness_0.2333,0.0026936568319797516,0.0033214986324310303,-0.0006278418004512787,False
202,Prediction,randomness_0.2778,0.0029711611568927765,0.002497982233762741,0.0004731789231300354,True
202,Prediction,randomness_0.3222,0.0031439363956451416,0.003815300762653351,-0.0006713643670082092,False
202,Prediction,randomness_0.3667,0.0029238127171993256,0.003241695463657379,-0.0003178827464580536,False
202,Prediction,randomness_0.4111,0.0007127374410629272,0.0010298043489456177,-0.00031706690788269043,False
202,Prediction,randomness_0.4556,0.006515664979815483,0.006830347701907158,-0.0003146827220916748,False
202,Prediction,randomness_0.5000,0.003766251727938652,0.003733936697244644,3.2315030694007874e-05,True
202,Train,randomness_0.0000,0.000567115843296051,0.0014363601803779602,-0.0008692443370819092,False
202,Train,randomness_0.0010,0.0030181705951690674,0.0037442781031131744,-0.0007261075079441071,False
202,Train,randomness_0.0030,0.0021335557103157043,0.0027359649538993835,-0.0006024092435836792,False
202,Train,randomness_0.0050,0.0030036792159080505,0.002621978521347046,0.00038170069456100464,True
202,Train,randomness_0.0090,0.00011239200830459595,0.0002136044204235077,-0.00010121241211891174,False
202,Train,randomness_0.0160,0.0009631365537643433,0.0005990155041217804,0.00036412104964256287,True
202,Train,randomness_0.0200,0.0011366978287696838,0.0020553134381771088,-0.0009186156094074249,False
202,Train,randomness_0.0230,0.003326006233692169,0.003728829324245453,-0.0004028230905532837,False
202,Train,randomness_0.0250,0.0003134310245513916,0.0005787946283817291,-0.0002653636038303375,False
202,Train,randomness_0.0260,0.0025964416563510895,0.0018222145736217499,0.0007742270827293396,True
202,Train,randomness_0.0280,0.0008471198379993439,0.001738276332616806,-0.0008911564946174622,False
202,Train,randomness_0.0420,0.001839563250541687,0.0011096037924289703,0.0007299594581127167,True
202,Train,randomness_0.0430,0.0054093096405267715,0.004914397373795509,0.0004949122667312622,True
202,Train,randomness_0.0440,0.004376046359539032,0.004980500787496567,-0.0006044544279575348,False
202,Train,randomness_0.0460,0.0019351691007614136,0.0027055293321609497,-0.0007703602313995361,False
202,Train,randomness_0.0521,0.0020733997225761414,0.002846330404281616,-0.0007729306817054749,False
202,Train,randomness_0.0561,0.003518415614962578,0.003190038725733757,0.0003283768892288208,True
202,Train,randomness_0.0571,0.002213750034570694,0.0029343068599700928,-0.0007205568253993988,False
202,Train,randomness_0.0581,0.00439794734120369,0.005026362836360931,-0.0006284154951572418,False
202,Train,randomness_0.0591,0.0008183643221855164,0.001208711415529251,-0.00039034709334373474,False
202,Train,randomness_0.0611,0.0019109435379505157,0.0011896975338459015,0.0007212460041046143,True
202,Train,randomness_0.0661,0.0018214397132396698,0.0025468990206718445,-0.0007254593074321747,False
202,Train,randomness_0.0701,0.0003484971821308136,0.000345621258020401,2.8759241104125977e-06,True
202,Train,randomness_0.0731,0.0005080029368400574,0.00012721866369247437,0.000380784273147583,True
202,Train,randomness_0.0741,0.0005975440144538879,0.0012339353561401367,-0.0006363913416862488,False
202,Train,randomness_0.0751,0.0008369684219360352,0.001050461083650589,-0.00021349266171455383,False
202,Train,randomness_0.0771,6.633996963500977e-05,0.0006632097065448761,-0.0005968697369098663,False
202,Train,randomness_0.0781,0.0027845241129398346,0.0024411529302597046,0.00034337118268013,True
202,Train,randomness_0.0791,0.0009214282035827637,0.001720130443572998,-0.0007987022399902344,False
202,Train,randomness_0.0841,0.0028764531016349792,0.0033438801765441895,-0.0004674270749092102,False
202,Train,randomness_0.0851,0.0037156343460083008,0.002948414534330368,0.0007672198116779327,True
202,Train,randomness_0.0861,0.00040366873145103455,0.0010796263813972473,-0.0006759576499462128,False
202,Train,randomness_0.0891,0.004230283200740814,0.0036741532385349274,0.0005561299622058868,True
202,Train,randomness_0.0901,0.0034299157559871674,0.0042825862765312195,-0.0008526705205440521,False
202,Train,randomness_0.0911,0.002219419926404953,0.00288473442196846,-0.0006653144955635071,False
202,Train,randomness_0.0921,0.00710795633494854,0.00652470625936985,0.0005832500755786896,True
202,Train,randomness_0.0931,0.00074811652302742,0.00015956535935401917,0.0005885511636734009,True
202,Train,randomness_0.1021,0.004131443798542023,0.004756167531013489,-0.0006247237324714661,False
202,Train,randomness_0.1031,0.0009634345769882202,0.001431744545698166,-0.0004683099687099457,False
202,Train,randomness_0.1041,0.0019364096224308014,0.00221836194396019,-0.00028195232152938843,False
202,Train,randomness_0.1061,0.0026367194950580597,0.0032505951821804047,-0.000613875687122345,False
202,Train,randomness_0.1111,0.0004802905023097992,0.0002784654498100281,0.00020182505249977112,True
202,Train,randomness_0.1121,0.0022571198642253876,0.00270109623670578,-0.00044397637248039246,False
202,Train,randomness_0.1131,0.006285864859819412,0.00559624657034874,0.0006896182894706726,True
202,Train,randomness_0.1141,0.00032350048422813416,0.000555332750082016,-0.00023183226585388184,False
202,Train,randomness_0.1151,0.002557992935180664,0.0019940435886383057,0.0005639493465423584,True
202,Train,randomness_0.1161,0.0008892416954040527,0.00041572749614715576,0.00047351419925689697,True
202,Train,randomness_0.1171,0.000772375613451004,0.0012211799621582031,-0.0004488043487071991,False
202,Train,randomness_0.1181,0.001556679606437683,0.0009586475789546967,0.0005980320274829865,True
202,Train,randomness_0.1191,0.002333756536245346,0.0015574023127555847,0.0007763542234897614,True
202,Train,randomness_0.1201,0.0032948441803455353,0.002695128321647644,0.0005997158586978912,True
202,Train,randomness_0.1211,0.0024156346917152405,0.0015067793428897858,0.0009088553488254547,True
202,Train,randomness_0.1221,0.003871086984872818,0.003106340765953064,0.000764746218919754,True
202,Train,randomness_0.1231,0.0013062097132205963,0.0007309392094612122,0.0005752705037593842,True
202,Train,randomness_0.1241,7.249787449836731e-05,0.0005593001842498779,-0.0004868023097515106,False
202,Train,randomness_0.1251,0.0007905960083007812,5.161017179489136e-05,0.0007389858365058899,True
202,Train,randomness_0.1281,0.0022178255021572113,0.0027018189430236816,-0.00048399344086647034,False
202,Train,randomness_0.1301,0.0008267946541309357,0.0014369003474712372,-0.0006101056933403015,False
202,Train,randomness_0.1321,0.00033848732709884644,0.00037921592593193054,-4.0728598833084106e-05,False
202,Train,randomness_0.1331,0.003943454474210739,0.0046660564839839935,-0.0007226020097732544,False
202,Train,randomness_0.1361,0.0010787583887577057,0.00043504685163497925,0.0006437115371227264,True
202,Train,randomness_0.1381,0.00424836203455925,0.004760202020406723,-0.0005118399858474731,False
202,Train,randomness_0.1411,0.0031341277062892914,0.002243839204311371,0.0008902885019779205,True
202,Train,randomness_0.1431,0.0023432783782482147,0.0029072538018226624,-0.0005639754235744476,False
202,Train,randomness_0.1441,0.000632118433713913,0.001280810683965683,-0.00064869225025177,False
202,Train,randomness_0.1451,0.003805655986070633,0.004294846206903458,-0.0004891902208328247,False
202,Train,randomness_0.1471,0.0019615143537521362,0.001207686960697174,0.0007538273930549622,True
202,Train,randomness_0.1491,0.00035883858799934387,0.000999845564365387,-0.0006410069763660431,False
202,Train,randomness_0.1502,0.007863214239478111,0.007465699687600136,0.00039751455187797546,True
202,Train,randomness_0.1512,2.4955719709396362e-05,0.0008033886551856995,-0.0007784329354763031,False
202,Train,randomness_0.1522,0.0012256540358066559,0.0018905401229858398,-0.000664886087179184,False
202,Train,randomness_0.1532,0.0007120482623577118,0.00016925111413002014,0.0005427971482276917,True
202,Train,randomness_0.1542,0.0023004859685897827,0.0016641803085803986,0.0006363056600093842,True
202,Train,randomness_0.1552,0.0016605556011199951,0.0013248100876808167,0.00033574551343917847,True
202,Train,randomness_0.1562,0.0015253610908985138,0.002144552767276764,-0.0006191916763782501,False
202,Train,randomness_0.1592,0.0009043626487255096,0.00017172470688819885,0.0007326379418373108,True
202,Train,randomness_0.1602,0.0013501271605491638,0.0008035711944103241,0.0005465559661388397,True
202,Train,randomness_0.1612,0.0035206563770771027,0.002834208309650421,0.0006864480674266815,True
202,Train,randomness_0.1622,0.0019543729722499847,0.002410203218460083,-0.00045583024621009827,False
202,Train,randomness_0.1642,0.003876522183418274,0.004749633371829987,-0.0008731111884117126,False
202,Train,randomness_0.1652,0.0017736218869686127,0.00222695991396904,-0.00045333802700042725,False
202,Train,randomness_0.1662,0.0031065307557582855,0.003867901861667633,-0.0007613711059093475,False
202,Train,randomness_0.1672,0.0003393515944480896,0.0007537975907325745,-0.00041444599628448486,False
202,Train,randomness_0.1682,0.0008257068693637848,0.0014483928680419922,-0.0006226859986782074,False
202,Train,randomness_0.1702,0.005544301122426987,0.005861546844244003,-0.0003172457218170166,False
202,Train,randomness_0.1712,0.00011434033513069153,0.0008438937366008759,-0.0007295534014701843,False
202,Train,randomness_0.1732,0.002299915999174118,0.001918647438287735,0.00038126856088638306,True
202,Train,randomness_0.1742,0.00109877809882164,0.0014614667743444443,-0.00036268867552280426,False
202,Train,randomness_0.1752,0.0019534826278686523,0.0013762488961219788,0.0005772337317466736,True
202,Train,randomness_0.1762,0.0011973753571510315,0.0006988979876041412,0.0004984773695468903,True
202,Train,randomness_0.1772,0.001012604683637619,0.00038174912333488464,0.0006308555603027344,True
202,Train,randomness_0.1782,0.0024721771478652954,0.0030073225498199463,-0.0005351454019546509,False
202,Train,randomness_0.1802,0.00032292306423187256,0.0009175725281238556,-0.000594649463891983,False
202,Train,randomness_0.1812,0.00015337765216827393,0.0008859597146511078,-0.0007325820624828339,False
202,Train,randomness_0.1822,0.0032092444598674774,0.003654312342405319,-0.0004450678825378418,False
202,Train,randomness_0.1832,0.0011460967361927032,0.00029426440596580505,0.0008518323302268982,True
202,Train,randomness_0.1842,0.0011348314583301544,0.0003700330853462219,0.0007647983729839325,True
202,Train,randomness_0.1852,0.004092942923307419,0.004569884389638901,-0.00047694146633148193,False
202,Train,randomness_0.1872,8.702278137207031e-05,0.0006569661200046539,-0.0005699433386325836,False
202,Train,randomness_0.1882,0.003983508795499802,0.00315885990858078,0.0008246488869190216,True
202,Train,randomness_0.1892,0.0016145780682563782,0.0006790086627006531,0.0009355694055557251,True
202,Train,randomness_0.1902,0.00041836127638816833,2.950429916381836e-05,0.00038885697722435,True
202,Train,randomness_0.1912,0.0031999442726373672,0.002533378079533577,0.0006665661931037903,True
202,Train,randomness_0.1922,2.9690563678741455e-06,0.0003260895609855652,-0.00032312050461769104,False
202,Train,randomness_0.1932,0.0007959678769111633,0.0003840625286102295,0.00041190534830093384,True
202,Train,randomness_0.1952,0.0016676411032676697,0.0008266828954219818,0.0008409582078456879,True
202,Train,randomness_0.1962,0.0028391629457473755,0.0033756718039512634,-0.0005365088582038879,False
202,Train,randomness_0.1982,0.00010690093040466309,0.0006742775440216064,-0.0005673766136169434,False
202,Train,randomness_0.1992,0.002241477370262146,0.001751776784658432,0.000489700585603714,True
202,Train,randomness_0.2002,0.0007126070559024811,0.0011769980192184448,-0.00046439096331596375,False
202,Train,randomness_0.2012,0.001603391021490097,0.002122342586517334,-0.0005189515650272369,False
202,Train,randomness_0.2022,0.002118334174156189,0.0026429444551467896,-0.0005246102809906006,False
202,Train,randomness_0.2032,0.0027945376932621002,0.0020920634269714355,0.0007024742662906647,True
202,Train,randomness_0.2062,0.0023439042270183563,0.002772737294435501,-0.0004288330674171448,False
202,Train,randomness_0.2072,0.001611802726984024,0.0011476576328277588,0.00046414509415626526,True
202,Train,randomness_0.2082,0.0017436817288398743,0.0010446757078170776,0.0006990060210227966,True
202,Train,randomness_0.2092,0.0016076266765594482,0.00083155557513237,0.0007760711014270782,True
202,Train,randomness_0.2102,0.001391734927892685,0.0022920817136764526,-0.0009003467857837677,False
202,Train,randomness_0.2112,0.006619427353143692,0.005643434822559357,0.0009759925305843353,True
202,Train,randomness_0.2122,0.0022611506283283234,0.0026988759636878967,-0.00043772533535957336,False
202,Train,randomness_0.2132,0.0003625452518463135,0.00012009218335151672,0.00024245306849479675,True
202,Train,randomness_0.2172,0.001005144789814949,0.000554841011762619,0.00045030377805233,True
202,Train,randomness_0.2222,0.002783462405204773,0.0022612959146499634,0.0005221664905548096,True
202,Train,randomness_0.2242,0.002560928463935852,0.001865636557340622,0.0006952919065952301,True
202,Train,randomness_0.2252,0.000561002641916275,0.001107092946767807,-0.000546090304851532,False
202,Train,randomness_0.2272,0.001020483672618866,0.0004661679267883301,0.0005543157458305359,True
202,Train,randomness_0.2282,5.283951759338379e-05,0.0004013441503047943,-0.0003485046327114105,False
202,Train,randomness_0.2292,0.0006752461194992065,0.00014552101492881775,0.0005297251045703888,True
202,Train,randomness_0.2302,0.006437627598643303,0.006022816523909569,0.00041481107473373413,True
202,Train,randomness_0.2342,0.004602100700139999,0.005125727504491806,-0.0005236268043518066,False
202,Train,randomness_0.2352,0.0016383863985538483,0.0020968839526176453,-0.000458497554063797,False
202,Train,randomness_0.2362,0.0009445324540138245,0.00043206289410591125,0.0005124695599079132,True
202,Train,randomness_0.2372,0.001892048865556717,0.0027699992060661316,-0.0008779503405094147,False
202,Train,randomness_0.2382,0.0004634968936443329,0.00022544711828231812,0.00023804977536201477,True
202,Train,randomness_0.2392,0.003031481057405472,0.0036381669342517853,-0.0006066858768463135,False
202,Train,randomness_0.2402,0.0015348494052886963,0.000986490398645401,0.0005483590066432953,True
202,Train,randomness_0.2412,0.0015016235411167145,0.0007204972207546234,0.0007811263203620911,True
202,Train,randomness_0.2422,0.0002099350094795227,0.000143442302942276,6.64927065372467e-05,True
202,Train,randomness_0.2442,0.0007989294826984406,0.0012617595493793488,-0.0004628300666809082,False
202,Train,randomness_0.2452,0.00047644227743148804,0.0009812191128730774,-0.0005047768354415894,False
202,Train,randomness_0.2462,0.001995030790567398,0.0011857934296131134,0.0008092373609542847,True
202,Train,randomness_0.2472,0.0017266571521759033,0.002518724650144577,-0.0007920674979686737,False
202,Train,randomness_0.2482,0.0015259869396686554,0.0006895065307617188,0.0008364804089069366,True
202,Train,randomness_0.2492,0.000858016312122345,0.0001390017569065094,0.0007190145552158356,True
202,Train,randomness_0.2503,8.838996291160583e-05,0.0007703900337219238,-0.000682000070810318,False
202,Train,randomness_0.2513,0.0009671859443187714,0.0015974193811416626,-0.0006302334368228912,False
202,Train,randomness_0.2523,0.001695476472377777,0.002197328954935074,-0.0005018524825572968,False
202,Train,randomness_0.2533,0.004976755008101463,0.004292091354727745,0.0006846636533737183,True
202,Train,randomness_0.2543,0.0022514499723911285,0.00255725160241127,-0.0003058016300201416,False
202,Train,randomness_0.2553,0.003646180033683777,0.0038965344429016113,-0.00025035440921783447,False
202,Train,randomness_0.2563,0.002421073615550995,0.002871941775083542,-0.000450868159532547,False
202,Train,randomness_0.2583,0.0024085789918899536,0.003067348152399063,-0.0006587691605091095,False
202,Train,randomness_0.2593,0.0019524693489074707,0.0014024078845977783,0.0005500614643096924,True
202,Train,randomness_0.2603,0.003587067127227783,0.004223506897687912,-0.0006364397704601288,False
202,Train,randomness_0.2613,0.0016239769756793976,0.0022596269845962524,-0.0006356500089168549,False
202,Train,randomness_0.2623,0.0004815980792045593,0.0009752362966537476,-0.0004936382174491882,False
202,Train,randomness_0.2643,0.00040386244654655457,0.00037910789251327515,2.475455403327942e-05,True
202,Train,randomness_0.2653,0.0007358752191066742,0.0001732446253299713,0.0005626305937767029,True
202,Train,randomness_0.2673,0.002018846571445465,0.0015205293893814087,0.0004983171820640564,True
202,Train,randomness_0.2683,0.0003012046217918396,0.0008760243654251099,-0.0005748197436332703,False
202,Train,randomness_0.2693,1.751631498336792e-05,0.0007144920527935028,-0.0006969757378101349,False
202,Train,randomness_0.2703,0.005708899348974228,0.006225470453500748,-0.0005165711045265198,False
202,Train,randomness_0.2713,0.00014755502343177795,0.000514056533575058,-0.00036650151014328003,False
202,Train,randomness_0.2723,0.004656210541725159,0.0051505789160728455,-0.0004943683743476868,False
202,Train,randomness_0.2733,0.001772567629814148,0.0021704547107219696,-0.00039788708090782166,False
202,Train,randomness_0.2743,0.000511854887008667,0.0011228732764720917,-0.0006110183894634247,False
202,Train,randomness_0.2753,0.0007863491773605347,5.692616105079651e-05,0.0007294230163097382,True
202,Train,randomness_0.2763,0.0010794401168823242,0.0014641061425209045,-0.0003846660256385803,False
202,Train,randomness_0.2773,0.0023497827351093292,0.001559421420097351,0.0007903613150119781,True
202,Train,randomness_0.2783,0.001588623970746994,0.0010570846498012543,0.0005315393209457397,True
202,Train,randomness_0.2793,0.0015943460166454315,0.0007474608719348907,0.0008468851447105408,True
202,Train,randomness_0.2803,0.00042463839054107666,0.0003670938313007355,5.7544559240341187e-05,True
202,Train,randomness_0.2813,0.0037231333553791046,0.0028169378638267517,0.0009061954915523529,True
202,Train,randomness_0.2823,0.001414574682712555,0.00198151171207428,-0.0005669370293617249,False
202,Train,randomness_0.2833,0.0023366138339042664,0.0030146539211273193,-0.000678040087223053,False
202,Train,randomness_0.2843,0.0017130561172962189,0.0011708997189998627,0.0005421563982963562,True
202,Train,randomness_0.2853,0.001688595861196518,0.0008947663009166718,0.0007938295602798462,True
202,Train,randomness_0.2873,0.0005301348865032196,0.0011466443538665771,-0.0006165094673633575,False
202,Train,randomness_0.2893,0.004710907116532326,0.004243642091751099,0.0004672650247812271,True
202,Train,randomness_0.2903,0.0014122650027275085,0.0017792396247386932,-0.0003669746220111847,False
202,Train,randomness_0.2913,0.0010442882776260376,0.00020232796669006348,0.0008419603109359741,True
202,Train,randomness_0.2923,0.0010592825710773468,0.0005405470728874207,0.0005187354981899261,True
202,Train,randomness_0.2933,0.0019281581044197083,0.001737888902425766,0.00019026920199394226,True
202,Train,randomness_0.2943,5.490332841873169e-05,0.0005158334970474243,-0.0004609301686286926,False
202,Train,randomness_0.2953,0.00023926794528961182,0.0004504546523094177,-0.0002111867070198059,False
202,Train,randomness_0.2963,0.0012791305780410767,0.0005850717425346375,0.0006940588355064392,True
202,Train,randomness_0.2983,0.001770462840795517,0.0021264441311359406,-0.0003559812903404236,False
202,Train,randomness_0.3013,0.0020728446543216705,0.0012470856308937073,0.0008257590234279633,True
202,Train,randomness_0.3033,0.00024447962641716003,0.0009621791541576385,-0.0007176995277404785,False
202,Train,randomness_0.3053,0.0026122331619262695,0.0020082220435142517,0.0006040111184120178,True
202,Train,randomness_0.3073,0.0006197057664394379,0.0012236721813678741,-0.0006039664149284363,False
202,Train,randomness_0.3083,0.0005583129823207855,0.0012011639773845673,-0.0006428509950637817,False
202,Train,randomness_0.3103,0.0011308640241622925,0.0006424151360988617,0.0004884488880634308,True
202,Train,randomness_0.3113,0.0025859251618385315,0.0018570572137832642,0.0007288679480552673,True
202,Train,randomness_0.3123,0.0028941333293914795,0.0032349415123462677,-0.0003408081829547882,False
202,Train,randomness_0.3133,0.0012500137090682983,0.0005888976156711578,0.0006611160933971405,True
202,Train,randomness_0.3153,0.0030198171734809875,0.002540118992328644,0.00047969818115234375,True
202,Train,randomness_0.3163,0.0027320124208927155,0.0032080933451652527,-0.00047608092427253723,False
202,Train,randomness_0.3173,0.0062552206218242645,0.005509953945875168,0.0007452666759490967,True
202,Train,randomness_0.3183,0.00042415037751197815,0.00029017776250839233,0.00013397261500358582,True
202,Train,randomness_0.3193,0.0011324137449264526,0.001721743494272232,-0.0005893297493457794,False
202,Train,randomness_0.3213,0.0012973658740520477,0.0003992319107055664,0.0008981339633464813,True
202,Train,randomness_0.3223,0.00011006370186805725,0.000771448016166687,-0.0006613843142986298,False
202,Train,randomness_0.3233,0.0034115351736545563,0.0027954764664173126,0.0006160587072372437,True
202,Train,randomness_0.3263,0.0031008832156658173,0.00276004895567894,0.00034083425998687744,True
202,Train,randomness_0.3273,0.0021810419857501984,0.0028310157358646393,-0.0006499737501144409,False
202,Train,randomness_0.3283,0.00020069628953933716,0.0005802735686302185,-0.00037957727909088135,False
202,Train,randomness_0.3303,0.0053233616054058075,0.0057823993265628815,-0.000459037721157074,False
202,Train,randomness_0.3313,0.005706682801246643,0.006127756088972092,-0.0004210732877254486,False
202,Train,randomness_0.3333,0.0016260892152786255,0.0020421594381332397,-0.00041607022285461426,False
202,Train,randomness_0.3343,0.0003050491213798523,0.0009858757257461548,-0.0006808266043663025,False
202,Train,randomness_0.3363,0.001171741634607315,0.001857958734035492,-0.0006862170994281769,False
202,Train,randomness_0.3373,0.0005188174545764923,0.0008829943835735321,-0.0003641769289970398,False
202,Train,randomness_0.3383,0.0008112490177154541,0.00010279566049575806,0.000708453357219696,True
202,Train,randomness_0.3393,0.0021263621747493744,0.0024253204464912415,-0.00029895827174186707,False
202,Train,randomness_0.3403,0.00019964203238487244,0.000647328794002533,-0.0004476867616176605,False
202,Train,randomness_0.3413,0.0008634701371192932,0.0014195442199707031,-0.0005560740828514099,False
202,Train,randomness_0.3423,0.004265414550900459,0.0035664383322000504,0.0006989762187004089,True
202,Train,randomness_0.3443,0.0002637989819049835,0.0006944499909877777,-0.0004306510090827942,False
202,Train,randomness_0.3453,0.0032435134053230286,0.003442671149969101,-0.0001991577446460724,False
202,Train,randomness_0.3463,0.0014328770339488983,0.0011147558689117432,0.00031812116503715515,True
202,Train,randomness_0.3473,0.0010872520506381989,0.001669265329837799,-0.0005820132791996002,False
202,Train,randomness_0.3483,0.0006975606083869934,8.874386548995972e-05,0.0006088167428970337,True
202,Train,randomness_0.3493,0.0018185190856456757,0.0024964846670627594,-0.0006779655814170837,False
202,Train,randomness_0.3504,0.0029488131403923035,0.0022159703075885773,0.0007328428328037262,True
202,Train,randomness_0.3514,0.004046795889735222,0.004252484068274498,-0.00020568817853927612,False
202,Train,randomness_0.3524,0.00201517716050148,0.0017343740910291672,0.00028080306947231293,True
202,Train,randomness_0.3534,0.0004584752023220062,0.0003486853092908859,0.0001097898930311203,True
202,Train,randomness_0.3544,0.000942528247833252,0.0010006129741668701,-5.8084726333618164e-05,False
202,Train,randomness_0.3554,0.00169333815574646,0.0009488798677921295,0.0007444582879543304,True
202,Train,randomness_0.3574,0.0022427961230278015,0.0018089190125465393,0.0004338771104812622,True
202,Train,randomness_0.3584,0.0002589300274848938,0.0007697530090808868,-0.000510822981595993,False
202,Train,randomness_0.3594,0.0044980645179748535,0.0051855482161045074,-0.0006874836981296539,False
202,Train,randomness_0.3604,0.0031250901520252228,0.00343380868434906,-0.0003087185323238373,False
202,Train,randomness_0.3614,0.00044319406151771545,3.874674439430237e-05,0.0004044473171234131,True
202,Train,randomness_0.3624,0.003719780594110489,0.0044044144451618195,-0.0006846338510513306,False
202,Train,randomness_0.3634,0.001629747450351715,0.0015266872942447662,0.00010306015610694885,True
202,Train,randomness_0.3644,0.002539612352848053,0.0032055526971817017,-0.0006659403443336487,False
202,Train,randomness_0.3654,0.0013429000973701477,0.0008743181824684143,0.0004685819149017334,True
202,Train,randomness_0.3664,0.0006922967731952667,0.0014665871858596802,-0.0007742904126644135,False
202,Train,randomness_0.3674,0.0011051595211029053,0.001732010394334793,-0.0006268508732318878,False
202,Train,randomness_0.3684,0.0039061270654201508,0.004621449857950211,-0.0007153227925300598,False
202,Train,randomness_0.3694,0.004502147436141968,0.004940792918205261,-0.00043864548206329346,False
202,Train,randomness_0.3704,0.004153363406658173,0.0037252455949783325,0.0004281178116798401,True
202,Train,randomness_0.3714,0.004995729774236679,0.005353808403015137,-0.00035807862877845764,False
202,Train,randomness_0.3724,0.00010619685053825378,0.0005507878959178925,-0.00044459104537963867,False
202,Train,randomness_0.3734,0.00016826018691062927,0.00014796853065490723,2.0291656255722046e-05,True
202,Train,randomness_0.3744,0.0013027600944042206,0.0006819553673267365,0.0006208047270774841,True
202,Train,randomness_0.3754,0.0003088042140007019,0.0004334747791290283,-0.00012467056512832642,False
202,Train,randomness_0.3774,0.0015337169170379639,0.0017805695533752441,-0.0002468526363372803,False
202,Train,randomness_0.3784,0.005567915737628937,0.005955025553703308,-0.00038710981607437134,False
202,Train,randomness_0.3794,0.003294406458735466,0.0025372523814439774,0.0007571540772914886,True
202,Train,randomness_0.3804,0.003974054008722305,0.004476767033338547,-0.0005027130246162415,False
202,Train,randomness_0.3814,0.0004937648773193359,0.001089043915271759,-0.0005952790379524231,False
202,Train,randomness_0.3824,0.005764082074165344,0.006248738616704941,-0.00048465654253959656,False
202,Train,randomness_0.3844,0.006829898804426193,0.006266992539167404,0.0005629062652587891,True
202,Train,randomness_0.3854,0.001511547714471817,0.0007911249995231628,0.0007204227149486542,True
202,Train,randomness_0.3864,0.0033450964838266373,0.0034534484148025513,-0.000108351930975914,False
202,Train,randomness_0.3874,0.0003780350089073181,9.856559336185455e-05,0.00027946941554546356,True
202,Train,randomness_0.3884,0.0012535713613033295,0.0017952844500541687,-0.0005417130887508392,False
202,Train,randomness_0.3894,0.0023169051855802536,0.0022919271141290665,2.4978071451187134e-05,True
202,Train,randomness_0.3904,0.004774928092956543,0.0050795190036296844,-0.0003045909106731415,False
202,Train,randomness_0.3914,0.001332562416791916,0.0015192553400993347,-0.00018669292330741882,False
202,Train,randomness_0.3924,0.0012370292097330093,0.0012630242854356766,-2.5995075702667236e-05,False
202,Train,randomness_0.3934,0.0017229467630386353,0.001480061560869217,0.00024288520216941833,True
202,Train,randomness_0.3944,0.00022560358047485352,0.00020347535610198975,2.212822437286377e-05,True
202,Train,randomness_0.3974,0.001293271780014038,0.001958794891834259,-0.000665523111820221,False
202,Train,randomness_0.3984,0.0015117079019546509,0.0012839175760746002,0.00022779032588005066,True
202,Train,randomness_0.4004,0.00013276934623718262,0.0008684881031513214,-0.0007357187569141388,False
202,Train,randomness_0.4014,0.0015463866293430328,0.0014723483473062515,7.403828203678131e-05,True
202,Train,randomness_0.4024,0.0002926439046859741,0.0005735941231250763,-0.00028095021843910217,False
202,Train,randomness_0.4034,0.0020168498158454895,0.002571389079093933,-0.0005545392632484436,False
202,Train,randomness_0.4054,0.002032417804002762,0.002534192055463791,-0.000501774251461029,False
202,Train,randomness_0.4064,2.5235116481781006e-05,0.00014901161193847656,-0.00012377649545669556,False
202,Train,randomness_0.4074,0.0015502795577049255,0.002008061856031418,-0.0004577822983264923,False
202,Train,randomness_0.4084,0.0016525425016880035,0.0020812153816223145,-0.0004286728799343109,False
202,Train,randomness_0.4104,0.001752711832523346,0.0020821504294872284,-0.00032943859696388245,False
202,Train,randomness_0.4114,0.004140704870223999,0.004136791452765465,3.913417458534241e-06,True
202,Train,randomness_0.4124,0.005374325439333916,0.005646867677569389,-0.00027254223823547363,False
202,Train,randomness_0.4144,0.0028356611728668213,0.002939987927675247,-0.0001043267548084259,False
202,Train,randomness_0.4154,0.002460237592458725,0.003020830452442169,-0.0005605928599834442,False
202,Train,randomness_0.4164,0.0014691036194562912,0.0012718942016363144,0.0001972094178199768,True
202,Train,randomness_0.4174,0.001724153757095337,0.00243232399225235,-0.0007081702351570129,False
202,Train,randomness_0.4184,0.003479156643152237,0.0037710703909397125,-0.0002919137477874756,False
202,Train,randomness_0.4194,0.0012886375188827515,0.0014618504792451859,-0.0001732129603624344,False
202,Train,randomness_0.4204,0.00024642422795295715,0.00030120089650154114,-5.4776668548583984e-05,False
202,Train,randomness_0.4214,0.001708274707198143,0.0019710399210453033,-0.00026276521384716034,False
202,Train,randomness_0.4224,0.0020100679248571396,0.002002410590648651,7.657334208488464e-06,True
202,Train,randomness_0.4234,0.0017239302396774292,0.0024547502398490906,-0.0007308200001716614,False
202,Train,randomness_0.4244,0.0034439805895090103,0.0031862761825323105,0.00025770440697669983,True
202,Train,randomness_0.4254,0.0009436942636966705,0.00024522095918655396,0.0006984733045101166,True
202,Train,randomness_0.4264,0.0008129514753818512,0.0017100460827350616,-0.0008970946073532104,False
202,Train,randomness_0.4284,0.002524537965655327,0.002126948907971382,0.0003975890576839447,True
202,Train,randomness_0.4294,0.0011080242693424225,0.0006806366145610809,0.00042738765478134155,True
202,Train,randomness_0.4304,0.002589583396911621,0.0029666610062122345,-0.0003770776093006134,False
202,Train,randomness_0.4314,0.00044560059905052185,0.00011907517910003662,0.00032652541995048523,True
202,Train,randomness_0.4334,9.41641628742218e-05,0.00011086836457252502,-1.6704201698303223e-05,False
202,Train,randomness_0.4344,0.003872862085700035,0.003598526120185852,0.00027433596551418304,True
202,Train,randomness_0.4354,0.0009753238409757614,0.0011073239147663116,-0.00013200007379055023,False
202,Train,randomness_0.4364,0.00056411512196064,0.0007689483463764191,-0.00020483322441577911,False
202,Train,randomness_0.4374,0.0034373756498098373,0.0034687593579292297,-3.1383708119392395e-05,False
202,Train,randomness_0.4384,1.6625970602035522e-05,0.0003523118793964386,-0.0003356859087944031,False
202,Train,randomness_0.4394,0.0006560981273651123,0.0008977130055427551,-0.00024161487817764282,False
202,Train,randomness_0.4404,0.0008671432733535767,0.0011292509734630585,-0.0002621077001094818,False
202,Train,randomness_0.4414,0.002757977694272995,0.002334052696824074,0.0004239249974489212,True
202,Train,randomness_0.4424,0.0017931479960680008,0.0017147306352853775,7.841736078262329e-05,True
202,Train,randomness_0.4454,0.004837259650230408,0.004760153591632843,7.71060585975647e-05,True
202,Train,randomness_0.4474,0.0010141991078853607,0.0013803504407405853,-0.0003661513328552246,False
202,Train,randomness_0.4484,0.0034518297761678696,0.003655744716525078,-0.00020391494035720825,False
202,Train,randomness_0.4494,0.005697980523109436,0.005771839991211891,-7.385946810245514e-05,False
202,Train,randomness_0.4505,0.0008592642843723297,0.0010738596320152283,-0.00021459534764289856,False
202,Train,randomness_0.4515,0.000561760738492012,0.0006519146263599396,-9.015388786792755e-05,False
202,Train,randomness_0.4535,0.005882887169718742,0.005414029583334923,0.0004688575863838196,True
202,Train,randomness_0.4545,0.0029572639614343643,0.003360150381922722,-0.00040288642048835754,False
202,Train,randomness_0.4555,0.0010746195912361145,0.001861032098531723,-0.0007864125072956085,False
202,Train,randomness_0.4565,0.0012467578053474426,0.0012677311897277832,-2.0973384380340576e-05,False
202,Train,randomness_0.4575,0.0008907243609428406,0.0012894589453935623,-0.00039873458445072174,False
202,Train,randomness_0.4585,0.0016425009816884995,0.0014784391969442368,0.0001640617847442627,True
202,Train,randomness_0.4595,0.00486147403717041,0.004655864089727402,0.00020560994744300842,True
202,Train,randomness_0.4605,1.3496726751327515e-05,0.0003242865204811096,-0.0003107897937297821,False
202,Train,randomness_0.4625,0.002324940636754036,0.002149084582924843,0.00017585605382919312,True
202,Train,randomness_0.4635,0.0012854263186454773,0.0015363823622465134,-0.00025095604360103607,False
202,Train,randomness_0.4645,0.0054247621446847916,0.005397269502282143,2.7492642402648926e-05,True
202,Train,randomness_0.4655,0.004231730476021767,0.004643479362130165,-0.00041174888610839844,False
202,Train,randomness_0.4665,0.0030729416757822037,0.0029552392661571503,0.0001177024096250534,True
202,Train,randomness_0.4675,0.0012527722865343094,0.0014365650713443756,-0.00018379278481006622,False
202,Train,randomness_0.4685,0.0034081675112247467,0.0030399728566408157,0.00036819465458393097,True
202,Train,randomness_0.4695,0.002097688615322113,0.001683346927165985,0.00041434168815612793,True
202,Train,randomness_0.4715,0.002075459808111191,0.0021468941122293472,-7.143430411815643e-05,False
202,Train,randomness_0.4725,0.0010158754885196686,0.0007631778717041016,0.000252697616815567,True
202,Train,randomness_0.4735,0.0016905125230550766,0.0020492542535066605,-0.00035874173045158386,False
202,Train,randomness_0.4745,0.00101565383374691,0.0015069283545017242,-0.0004912745207548141,False
202,Train,randomness_0.4755,0.001969544216990471,0.001817811280488968,0.000151732936501503,True
202,Train,randomness_0.4765,0.0035510510206222534,0.0036762934178113937,-0.00012524239718914032,False
202,Train,randomness_0.4775,5.92842698097229e-05,0.00011223182082176208,-5.2947551012039185e-05,False
202,Train,randomness_0.4785,0.0017665419727563858,0.0020722728222608566,-0.0003057308495044708,False
202,Train,randomness_0.4795,0.0006900597363710403,0.00038492120802402496,0.0003051385283470154,True
202,Train,randomness_0.4805,0.0027179159224033356,0.0024191029369831085,0.00029881298542022705,True
202,Train,randomness_0.4825,0.007360899820923805,0.007297080010175705,6.381981074810028e-05,True
202,Train,randomness_0.4835,0.0021204855293035507,0.0021057799458503723,1.4705583453178406e-05,True
202,Train,randomness_0.4845,0.0005095619708299637,0.0006153564900159836,-0.0001057945191860199,False
202,Train,randomness_0.4855,0.002930011600255966,0.0023561473935842514,0.0005738642066717148,True
202,Train,randomness_0.4865,0.0042443182319402695,0.0035425331443548203,0.0007017850875854492,True
202,Train,randomness_0.4875,0.0018388386815786362,0.0015448741614818573,0.00029396452009677887,True
202,Train,randomness_0.4885,0.001011926680803299,0.0011361483484506607,-0.00012422166764736176,False
202,Train,randomness_0.4895,0.0034935418516397476,0.0035769622772932053,-8.342042565345764e-05,False
202,Train,randomness_0.4915,0.003710983321070671,0.0036569274961948395,5.4055824875831604e-05,True
202,Train,randomness_0.4925,0.0005747433751821518,0.0003490261733531952,0.0002257172018289566,True
202,Train,randomness_0.4935,0.003935869783163071,0.003514021635055542,0.0004218481481075287,True
202,Train,randomness_0.4945,0.001368507742881775,0.0008137859404087067,0.0005547218024730682,True
202,Train,randomness_0.4955,0.002993497997522354,0.0031041819602251053,-0.00011068396270275116,False
202,Train,randomness_0.4975,0.002718539908528328,0.0023814458400011063,0.0003370940685272217,True
202,Train,randomness_0.4995,0.0007268674671649933,0.0005707703530788422,0.00015609711408615112,True
202,Train,randomness_0.5005,0.0014247484505176544,0.0011388864368200302,0.0002858620136976242,True
202,Train,randomness_0.5015,0.0006318725645542145,0.0005077850073575974,0.00012408755719661713,True
202,Train,randomness_0.5025,0.003125665709376335,0.0025230031460523605,0.0006026625633239746,True
202,Train,randomness_0.5035,5.920976400375366e-05,8.736923336982727e-05,-2.815946936607361e-05,False
202,Train,randomness_0.5045,0.0006628390401601791,0.0009700600057840347,-0.0003072209656238556,False
202,Train,randomness_0.5055,0.0033437423408031464,0.0032252706587314606,0.00011847168207168579,True
202,Train,randomness_0.5065,0.00224921852350235,0.001957826316356659,0.0002913922071456909,True
202,Train,randomness_0.5075,0.002931203693151474,0.0030207745730876923,-8.957087993621826e-05,False
202,Train,randomness_0.5085,0.00035317614674568176,0.00027789361774921417,7.528252899646759e-05,True
202,Train,randomness_0.5095,0.0005807746201753616,0.00020717456936836243,0.0003736000508069992,True
202,Train,randomness_0.5105,0.001445593312382698,0.0017129965126514435,-0.0002674032002687454,False
202,Train,randomness_0.5115,0.0005583092570304871,0.0004040747880935669,0.00015423446893692017,True
202,Train,randomness_0.5125,0.00145714171230793,0.0008249673992395401,0.0006321743130683899,True
202,Train,randomness_0.5135,0.0021758563816547394,0.0023895669728517532,-0.00021371059119701385,False
202,Train,randomness_0.5145,0.0012236535549163818,0.0014333538711071014,-0.0002097003161907196,False
202,Train,randomness_0.5155,0.002948617562651634,0.002825004979968071,0.00012361258268356323,True
202,Train,randomness_0.5165,0.0011141840368509293,0.0007029976695775986,0.0004111863672733307,True
202,Train,randomness_0.5175,0.0025154929608106613,0.0027203820645809174,-0.00020488910377025604,False
202,Train,randomness_0.5185,0.001714460551738739,0.0016407780349254608,7.36825168132782e-05,True
202,Train,randomness_0.5195,0.002578411251306534,0.0026199035346508026,-4.14922833442688e-05,False
202,Train,randomness_0.5205,0.00018785521388053894,0.00025655515491962433,-6.869994103908539e-05,False
202,Train,randomness_0.5215,0.0028627756983041763,0.0027970466762781143,6.572902202606201e-05,True
202,Train,randomness_0.5235,0.003108462318778038,0.0027429386973381042,0.0003655236214399338,True
202,Train,randomness_0.5245,0.0004775822162628174,0.0002564806491136551,0.0002211015671491623,True
202,Train,randomness_0.5255,0.0021682512015104294,0.0021820124238729477,-1.376122236251831e-05,False
202,Train,randomness_0.5265,0.004253992810845375,0.004289112985134125,-3.5120174288749695e-05,False
202,Train,randomness_0.5275,0.0009500924497842789,0.0009504761546850204,-3.8370490074157715e-07,False
202,Train,randomness_0.5285,0.0005745831876993179,0.00028360262513160706,0.0002909805625677109,True
202,Train,randomness_0.5295,0.0023420117795467377,0.0027787145227193832,-0.00043670274317264557,False
202,Train,randomness_0.5305,0.003041861578822136,0.0032101497054100037,-0.00016828812658786774,False
202,Train,randomness_0.5325,0.0014560464769601822,0.0015248730778694153,-6.88266009092331e-05,False
202,Train,randomness_0.5335,0.007147317752242088,0.007473636418581009,-0.0003263186663389206,False
202,Train,randomness_0.5345,0.00272308848798275,0.002785220742225647,-6.213225424289703e-05,False
202,Train,randomness_0.5355,0.0036815032362937927,0.0035290420055389404,0.0001524612307548523,True
202,Train,randomness_0.5365,0.004098176956176758,0.004297666251659393,-0.0001994892954826355,False
202,Train,randomness_0.5375,0.005860829725861549,0.0059408340603113174,-8.000433444976807e-05,False
202,Train,randomness_0.5385,0.00030413269996643066,0.0007263645529747009,-0.00042223185300827026,False
202,Train,randomness_0.5395,0.000871775671839714,0.0009453073143959045,-7.353164255619049e-05,False
202,Train,randomness_0.5405,0.0018699001520872116,0.0017735008150339127,9.639933705329895e-05,True
202,Train,randomness_0.5415,0.0029603298753499985,0.0027530528604984283,0.00020727701485157013,True
202,Train,randomness_0.5425,0.002972124144434929,0.003120940178632736,-0.0001488160341978073,False
202,Train,randomness_0.5435,0.004086477681994438,0.0039191339164972305,0.00016734376549720764,True
202,Train,randomness_0.5445,0.0005721338093280792,0.0005790740251541138,-6.940215826034546e-06,False
202,Train,randomness_0.5455,0.0012878961861133575,0.0012442432343959808,4.365295171737671e-05,True
202,Train,randomness_0.5465,0.0005926098674535751,0.00030250661075115204,0.0002901032567024231,True
202,Train,randomness_0.5506,0.00016555003821849823,0.00018863193690776825,-2.308189868927002e-05,False
202,Train,randomness_0.5516,0.0010678581893444061,0.0007770508527755737,0.0002908073365688324,True
202,Train,randomness_0.5526,0.0002865660935640335,0.0005679130554199219,-0.00028134696185588837,False
202,Train,randomness_0.5546,0.002600673586130142,0.0024773329496383667,0.0001233406364917755,True
202,Train,randomness_0.5556,0.0002672802656888962,4.218891263008118e-05,0.000225091353058815,True
202,Train,randomness_0.5566,0.004657316952943802,0.004713412374258041,-5.60954213142395e-05,False
202,Train,randomness_0.5576,0.0026064105331897736,0.002613930031657219,-7.5194984674453735e-06,False
202,Train,randomness_0.5586,0.0038183629512786865,0.004344148561358452,-0.0005257856100797653,False
202,Train,randomness_0.5596,0.001963801681995392,0.0018335375934839249,0.00013026408851146698,True
202,Train,randomness_0.5606,0.0008112769573926926,0.0008887331932783127,-7.745623588562012e-05,False
202,Train,randomness_0.5616,0.0022003762423992157,0.0017973873764276505,0.00040298886597156525,True
202,Train,randomness_0.5626,0.0020873676985502243,0.002380033954977989,-0.0002926662564277649,False
202,Train,randomness_0.5636,0.001531241461634636,0.0013082530349493027,0.00022298842668533325,True
202,Train,randomness_0.5646,0.0029276087880134583,0.0028959661722183228,3.16426157951355e-05,True
202,Train,randomness_0.5656,0.0030434392392635345,0.00340166874229908,-0.00035822950303554535,False
202,Train,randomness_0.5666,0.0029452312737703323,0.002963269129395485,-1.8037855625152588e-05,False
202,Train,randomness_0.5676,0.00029958784580230713,0.0008467398583889008,-0.0005471520125865936,False
202,Train,randomness_0.5686,0.00033739395439624786,0.00019370578229427338,0.0001436881721019745,True
202,Train,randomness_0.5696,0.0006539393216371536,0.00031252019107341766,0.00034141913056373596,True
202,Train,randomness_0.5706,0.0025592800229787827,0.0029153972864151,-0.00035611726343631744,False
202,Train,randomness_0.5716,0.0044508762657642365,0.004221858456730843,0.00022901780903339386,True
202,Train,randomness_0.5726,0.0018046069890260696,0.0018808059394359589,-7.619895040988922e-05,False
202,Train,randomness_0.5736,0.003061440773308277,0.0034139128401875496,-0.00035247206687927246,False
202,Train,randomness_0.5746,0.0007935222238302231,0.0006445553153753281,0.00014896690845489502,True
202,Train,randomness_0.5756,0.004351813346147537,0.004184721037745476,0.00016709230840206146,True
202,Train,randomness_0.5766,0.0013775676488876343,0.0013067256659269333,7.084198296070099e-05,True
202,Train,randomness_0.5776,0.0013967715203762054,0.0014597047120332718,-6.293319165706635e-05,False
202,Train,randomness_0.5786,0.0008376147598028183,0.0007157288491725922,0.00012188591063022614,True
202,Train,randomness_0.5796,0.005017969757318497,0.004947742447257042,7.022731006145477e-05,True
202,Train,randomness_0.5806,0.001239849254488945,0.0013457220047712326,-0.0001058727502822876,False
202,Train,randomness_0.5816,0.0026859715580940247,0.002690086141228676,-4.114583134651184e-06,False
202,Train,randomness_0.5826,0.0019094143062829971,0.0015767253935337067,0.00033268891274929047,True
202,Train,randomness_0.5836,0.0027990229427814484,0.0022496040910482407,0.0005494188517332077,True
202,Train,randomness_0.5846,0.0018805637955665588,0.0018476415425539017,3.2922253012657166e-05,True
202,Train,randomness_0.5866,0.00787314586341381,0.008031630888581276,-0.0001584850251674652,False
202,Train,randomness_0.5876,0.0017124153673648834,0.001773947849869728,-6.153248250484467e-05,False
202,Train,randomness_0.5886,0.0033478178083896637,0.003051185980439186,0.0002966318279504776,True
202,Train,randomness_0.5896,0.000208219513297081,0.00012508779764175415,8.313171565532684e-05,True
202,Train,randomness_0.5906,0.0072512514889240265,0.007525041699409485,-0.0002737902104854584,False
202,Train,randomness_0.5916,0.0009499453008174896,0.0009998399764299393,-4.9894675612449646e-05,False
202,Train,randomness_0.5926,0.002224653959274292,0.0023068245500326157,-8.217059075832367e-05,False
202,Train,randomness_0.5956,0.0023561660200357437,0.0024504680186510086,-9.430199861526489e-05,False
202,Train,randomness_0.5966,0.002432207576930523,0.0019976263865828514,0.0004345811903476715,True
202,Train,randomness_0.5976,0.004361994564533234,0.004289982840418816,7.201172411441803e-05,True
202,Train,randomness_0.5986,0.0014775581657886505,0.0014203712344169617,5.718693137168884e-05,True
202,Train,randomness_0.5996,0.002537917345762253,0.0030675027519464493,-0.0005295854061841965,False
202,Train,randomness_0.6006,0.0027101878076791763,0.002698514610528946,1.1673197150230408e-05,True
202,Train,randomness_0.6016,0.0052840448915958405,0.005442311987280846,-0.0001582670956850052,False
202,Train,randomness_0.6026,0.0006902702152729034,0.0004054475575685501,0.00028482265770435333,True
202,Train,randomness_0.6036,0.004516048356890678,0.004552783444523811,-3.6735087633132935e-05,False
202,Train,randomness_0.6046,0.0007170792669057846,0.0007040724158287048,1.3006851077079773e-05,True
202,Train,randomness_0.6056,0.00650903582572937,0.006190355867147446,0.00031867995858192444,True
202,Train,randomness_0.6066,0.00535178929567337,0.005015851929783821,0.00033593736588954926,True
202,Train,randomness_0.6076,0.00029594823718070984,0.0004523172974586487,-0.00015636906027793884,False
202,Train,randomness_0.6086,0.00026476383209228516,0.0004737675189971924,-0.00020900368690490723,False
202,Train,randomness_0.6096,0.0042486414313316345,0.004090040922164917,0.00015860050916671753,True
202,Train,randomness_0.6106,0.0030928864143788815,0.0030540251173079014,3.886129707098007e-05,True
202,Train,randomness_0.6116,0.0017834678292274475,0.001666603609919548,0.00011686421930789948,True
202,Train,randomness_0.6126,0.000838378444314003,0.0009164940565824509,-7.811561226844788e-05,False
202,Train,randomness_0.6136,0.005133694037795067,0.0050808824598789215,5.2811577916145325e-05,True
202,Train,randomness_0.6146,0.0014428198337554932,0.0016872156411409378,-0.00024439580738544464,False
202,Train,randomness_0.6156,7.727555930614471e-05,0.00013764016330242157,-6.0364603996276855e-05,False
202,Train,randomness_0.6176,0.006488850340247154,0.00590953603386879,0.0005793143063783646,True
202,Train,randomness_0.6186,0.0032323021441698074,0.003220982849597931,1.1319294571876526e-05,True
202,Train,randomness_0.6206,0.0033102277666330338,0.003448648378252983,-0.00013842061161994934,False
202,Train,randomness_0.6216,0.006588789634406567,0.0067491913214325905,-0.00016040168702602386,False
202,Train,randomness_0.6236,0.0017631277441978455,0.0020854296162724495,-0.00032230187207460403,False
202,Train,randomness_0.6246,0.0033631399273872375,0.0036066602915525436,-0.0002435203641653061,False
202,Train,randomness_0.6266,0.006581535562872887,0.00619111955165863,0.0003904160112142563,True
202,Train,randomness_0.6276,0.0004943478852510452,0.0005560759454965591,-6.172806024551392e-05,False
202,Train,randomness_0.6286,0.0012253578752279282,0.001346072182059288,-0.00012071430683135986,False
202,Train,randomness_0.6296,0.0017511490732431412,0.0013790559023618698,0.00037209317088127136,True
202,Train,randomness_0.6306,0.0009326096624135971,0.001224791631102562,-0.00029218196868896484,False
202,Train,randomness_0.6326,0.0015228018164634705,0.0013638120144605637,0.0001589898020029068,True
202,Train,randomness_0.6346,0.001709531992673874,0.001955067738890648,-0.000245535746216774,False
202,Train,randomness_0.6356,0.0034755896776914597,0.0034816060215234756,-6.016343832015991e-06,False
202,Train,randomness_0.6376,0.002952447161078453,0.0027122385799884796,0.00024020858108997345,True
202,Train,randomness_0.6386,0.0029003554955124855,0.0031075486913323402,-0.00020719319581985474,False
202,Train,randomness_0.6396,0.0013583432883024216,0.0012932699173688889,6.507337093353271e-05,True
202,Train,randomness_0.6406,0.005815451964735985,0.005865383893251419,-4.9931928515434265e-05,False
202,Train,randomness_0.6416,0.001280423253774643,0.0013683103024959564,-8.788704872131348e-05,False
202,Train,randomness_0.6446,0.00423363596200943,0.003944333642721176,0.0002893023192882538,True
202,Train,randomness_0.6466,0.0003971625119447708,0.0008727256208658218,-0.000475563108921051,False
202,Train,randomness_0.6476,0.0005028359591960907,0.0006941705942153931,-0.00019133463501930237,False
202,Train,randomness_0.6486,0.0014608204364776611,0.0011863280087709427,0.00027449242770671844,True
202,Train,randomness_0.6507,0.00011479482054710388,0.00014743022620677948,-3.26354056596756e-05,False
202,Train,randomness_0.6517,4.647858440876007e-05,0.0005785422399640083,-0.0005320636555552483,False
202,Train,randomness_0.6527,0.0005332678556442261,0.0005616471171379089,-2.837926149368286e-05,False
202,Train,randomness_0.6537,0.001272713765501976,0.0010748859494924545,0.00019782781600952148,True
202,Train,randomness_0.6547,0.004842858761548996,0.004820534959435463,2.232380211353302e-05,True
202,Train,randomness_0.6557,0.006489401683211327,0.005965905264019966,0.0005234964191913605,True
202,Train,randomness_0.6567,0.0032323896884918213,0.003216337412595749,1.6052275896072388e-05,True
202,Train,randomness_0.6577,0.0002631228417158127,0.00047255121171474457,-0.00020942836999893188,False
202,Train,randomness_0.6587,0.00043372809886932373,0.00022156722843647003,0.0002121608704328537,True
202,Train,randomness_0.6597,0.0014475863426923752,0.001335684210062027,0.0001119021326303482,True
202,Train,randomness_0.6607,0.003579854965209961,0.0032087527215480804,0.0003711022436618805,True
202,Train,randomness_0.6617,0.0019016750156879425,0.002366369590163231,-0.0004646945744752884,False
202,Train,randomness_0.6627,0.0007157623767852783,0.0010733380913734436,-0.0003575757145881653,False
202,Train,randomness_0.6637,0.0019096378237009048,0.001652771607041359,0.0002568662166595459,True
202,Train,randomness_0.6647,2.0097941160202026e-06,0.0003678109496831894,-0.0003658011555671692,False
202,Train,randomness_0.6657,0.0022179540246725082,0.0017722249031066895,0.0004457291215658188,True
202,Train,randomness_0.6667,0.004002751782536507,0.004008084535598755,-5.33275306224823e-06,False
202,Train,randomness_0.6677,0.0023471899330615997,0.002261839807033539,8.535012602806091e-05,True
202,Train,randomness_0.6687,0.005128661170601845,0.00525469146668911,-0.00012603029608726501,False
202,Train,randomness_0.6697,0.005863171070814133,0.0053682634606957436,0.0004949076101183891,True
202,Train,randomness_0.6707,0.005603623576462269,0.005857373587787151,-0.0002537500113248825,False
202,Train,randomness_0.6717,0.006073564291000366,0.006319183856248856,-0.0002456195652484894,False
202,Train,randomness_0.6727,0.0009277965873479843,0.0012357570230960846,-0.0003079604357481003,False
202,Train,randomness_0.6737,0.0022657085210084915,0.0016056559979915619,0.0006600525230169296,True
202,Train,randomness_0.6747,0.005249207839369774,0.0051979683339595795,5.12395054101944e-05,True
202,Train,randomness_0.6767,0.0054741110652685165,0.005544453859329224,-7.034279406070709e-05,False
202,Train,randomness_0.6777,0.00596160814166069,0.00588168203830719,7.992610335350037e-05,True
202,Train,randomness_0.6787,0.0032731294631958008,0.0034166378900408745,-0.0001435084268450737,False
202,Train,randomness_0.6797,0.0044370898976922035,0.004655022174119949,-0.00021793227642774582,False
202,Train,randomness_0.6807,0.0010220333933830261,0.0014884453266859055,-0.00046641193330287933,False
202,Train,randomness_0.6817,0.0007852930575609207,0.0012190230190753937,-0.00043372996151447296,False
202,Train,randomness_0.6827,0.005023716017603874,0.005184158682823181,-0.00016044266521930695,False
202,Train,randomness_0.6847,0.005413559265434742,0.005719938315451145,-0.0003063790500164032,False
202,Train,randomness_0.6857,0.0014856383204460144,0.002062448300421238,-0.0005768099799752235,False
202,Train,randomness_0.6867,0.0005747359246015549,0.0001809205859899521,0.0003938153386116028,True
202,Train,randomness_0.6877,0.004577389918267727,0.004556895233690739,2.049468457698822e-05,True
202,Train,randomness_0.6917,0.004114636220037937,0.004205307923257351,-9.067170321941376e-05,False
202,Train,randomness_0.6927,0.0017795246094465256,0.0016818121075630188,9.771250188350677e-05,True
202,Train,randomness_0.6937,0.0028688982129096985,0.0031077340245246887,-0.00023883581161499023,False
202,Train,randomness_0.6947,0.0018973331898450851,0.0012313388288021088,0.0006659943610429764,True
202,Train,randomness_0.6957,0.0021656621247529984,0.0021602269262075424,5.435198545455933e-06,True
202,Train,randomness_0.6967,0.0013629309833049774,0.0011350717395544052,0.0002278592437505722,True
202,Train,randomness_0.6977,0.005188861861824989,0.00445181131362915,0.0007370505481958389,True
202,Train,randomness_0.6987,0.0032649878412485123,0.003305613063275814,-4.062522202730179e-05,False
202,Train,randomness_0.6997,0.000703299418091774,0.00022724084556102753,0.00047605857253074646,True
202,Train,randomness_0.7007,0.004513132385909557,0.004553092643618584,-3.996025770902634e-05,False
202,Train,randomness_0.7017,0.00012946128845214844,0.000142756849527359,-1.3295561075210571e-05,False
202,Train,randomness_0.7027,9.416788816452026e-05,0.000651804730296135,-0.0005576368421316147,False
202,Train,randomness_0.7037,0.0039222463965415955,0.0036354027688503265,0.0002868436276912689,True
202,Train,randomness_0.7047,0.0022016428411006927,0.0031656138598918915,-0.0009639710187911987,False
202,Train,randomness_0.7057,0.00020579248666763306,0.00019250065088272095,1.329183578491211e-05,True
202,Train,randomness_0.7067,0.00206841342151165,0.002160751260817051,-9.233783930540085e-05,False
202,Train,randomness_0.7077,0.001146852970123291,0.00041767582297325134,0.0007291771471500397,True
202,Train,randomness_0.7087,0.0030368007719516754,0.0034845583140850067,-0.0004477575421333313,False
202,Train,randomness_0.7097,0.001034492626786232,0.0011098887771368027,-7.539615035057068e-05,False
202,Train,randomness_0.7107,0.00041587837040424347,0.000756705179810524,-0.0003408268094062805,False
202,Train,randomness_0.7117,0.0029955944046378136,0.0027325479313731194,0.0002630464732646942,True
202,Train,randomness_0.7127,0.004254056140780449,0.004391966387629509,-0.00013791024684906006,False
202,Train,randomness_0.7137,0.00022607296705245972,0.00041684601455926895,-0.00019077304750680923,False
202,Train,randomness_0.7147,0.004333202727138996,0.0038836179301142693,0.00044958479702472687,True
202,Train,randomness_0.7167,0.004387670196592808,0.004514473490417004,-0.00012680329382419586,False
202,Train,randomness_0.7177,0.0007497649639844894,0.0009456509724259377,-0.0001958860084414482,False
202,Train,randomness_0.7187,0.0017419159412384033,0.002016521990299225,-0.00027460604906082153,False
202,Train,randomness_0.7197,0.007182034198194742,0.007285010535269976,-0.00010297633707523346,False
202,Train,randomness_0.7207,0.00011007487773895264,0.0004931110888719559,-0.00038303621113300323,False
202,Train,randomness_0.7217,0.003715815022587776,0.003640720620751381,7.509440183639526e-05,True
202,Train,randomness_0.7227,0.0035647517070174217,0.0036933422088623047,-0.00012859050184488297,False
202,Train,randomness_0.7237,0.0027857962995767593,0.003420937806367874,-0.0006351415067911148,False
202,Train,randomness_0.7247,0.002818852663040161,0.0032453257590532303,-0.00042647309601306915,False
202,Train,randomness_0.7277,0.001993744634091854,0.002356734126806259,-0.00036298949271440506,False
202,Train,randomness_0.7287,0.0007473239675164223,0.0006507933139801025,9.653065353631973e-05,True
202,Train,randomness_0.7297,0.0007436210289597511,0.0004761107265949249,0.0002675103023648262,True
202,Train,randomness_0.7307,0.004435217939317226,0.00444539450109005,-1.0176561772823334e-05,False
202,Train,randomness_0.7327,0.006886876188218594,0.006925922818481922,-3.904663026332855e-05,False
202,Train,randomness_0.7337,0.0033002980053424835,0.0031420737504959106,0.00015822425484657288,True
202,Train,randomness_0.7347,0.0005224542692303658,0.000676371157169342,-0.0001539168879389763,False
202,Train,randomness_0.7357,0.002103811129927635,0.0022509675472974777,-0.00014715641736984253,False
202,Train,randomness_0.7367,0.00048812758177518845,3.9249658584594727e-05,0.0004488779231905937,True
202,Train,randomness_0.7377,0.000883663073182106,0.0007933210581541061,9.034201502799988e-05,True
202,Train,randomness_0.7387,0.0013075340539216995,0.0014606164768338203,-0.00015308242291212082,False
202,Train,randomness_0.7397,0.0025809453800320625,0.0026014242321252823,-2.0478852093219757e-05,False
202,Train,randomness_0.7407,0.0042349789291620255,0.004369380883872509,-0.00013440195471048355,False
202,Train,randomness_0.7417,0.001075909473001957,0.0009098239243030548,0.00016608554869890213,True
202,Train,randomness_0.7427,0.0022431937977671623,0.002042524516582489,0.0002006692811846733,True
202,Train,randomness_0.7437,0.0008023269474506378,0.0004414711147546768,0.000360855832695961,True
202,Train,randomness_0.7447,0.001965859904885292,0.0018440783023834229,0.0001217816025018692,True
202,Train,randomness_0.7457,0.005050168372690678,0.0052904123440384865,-0.00024024397134780884,False
202,Train,randomness_0.7467,0.002142881043255329,0.0021607661619782448,-1.788511872291565e-05,False
202,Train,randomness_0.7477,0.0015283375978469849,0.0014601293951272964,6.820820271968842e-05,True
202,Train,randomness_0.7487,0.002773919142782688,0.0023363428190350533,0.0004375763237476349,True
202,Train,randomness_0.7497,0.004566981922835112,0.004680434707552195,-0.00011345278471708298,False
202,Train,randomness_0.7508,0.0041893403977155685,0.003894442692399025,0.0002948977053165436,True
202,Train,randomness_0.7518,0.007637896575033665,0.007486434653401375,0.0001514619216322899,True
202,Train,randomness_0.7538,0.002005217596888542,0.0019281301647424698,7.708743214607239e-05,True
202,Train,randomness_0.7548,0.005341087002307177,0.005599722731858492,-0.0002586357295513153,False
202,Train,randomness_0.7558,0.0036447523161768913,0.0038495613262057304,-0.0002048090100288391,False
202,Train,randomness_0.7568,0.0055338796228170395,0.005681861191987991,-0.00014798156917095184,False
202,Train,randomness_0.7578,0.007279062643647194,0.00730123370885849,-2.217106521129608e-05,False
202,Train,randomness_0.7598,0.00010068807750940323,0.0001981472596526146,-9.745918214321136e-05,False
202,Train,randomness_0.7608,0.002432454377412796,0.0022795358672738075,0.0001529185101389885,True
202,Train,randomness_0.7618,0.001985972747206688,0.0013880729675292969,0.000597899779677391,True
202,Train,randomness_0.7628,0.003487233305349946,0.0037984552327543497,-0.0003112219274044037,False
202,Train,randomness_0.7638,0.002764906734228134,0.0026289261877536774,0.0001359805464744568,True
202,Train,randomness_0.7658,0.0016457820311188698,0.0013612071052193642,0.0002845749258995056,True
202,Train,randomness_0.7668,0.0001715477555990219,0.0002904171124100685,-0.0001188693568110466,False
202,Train,randomness_0.7678,0.0022563468664884567,0.002092963084578514,0.00016338378190994263,True
202,Train,randomness_0.7698,0.002662215381860733,0.002552044577896595,0.00011017080396413803,True
202,Train,randomness_0.7708,0.0016349619254469872,0.001634218730032444,7.431954145431519e-07,True
202,Train,randomness_0.7718,0.0021609594114124775,0.0022210567258298397,-6.009731441736221e-05,False
202,Train,randomness_0.7728,0.002055247314274311,0.0021478580310940742,-9.261071681976318e-05,False
202,Train,randomness_0.7738,0.0054582152515649796,0.0053193774074316025,0.00013883784413337708,True
202,Train,randomness_0.7748,0.002941928803920746,0.002125117927789688,0.0008168108761310577,True
202,Train,randomness_0.7768,0.0006490489467978477,0.0007131118327379227,-6.406288594007492e-05,False
202,Train,randomness_0.7778,0.001707153394818306,0.0015863068401813507,0.00012084655463695526,True
202,Train,randomness_0.7788,0.002952893264591694,0.003182931337505579,-0.00023003807291388512,False
202,Train,randomness_0.7798,0.00572841614484787,0.005507489666342735,0.00022092647850513458,True
202,Train,randomness_0.7808,0.0009418362751603127,0.0009534908458590508,-1.1654570698738098e-05,False
202,Train,randomness_0.7818,0.000993015244603157,0.0006327182054519653,0.0003602970391511917,True
202,Train,randomness_0.7828,0.0012731505557894707,0.0015505850315093994,-0.00027743447571992874,False
202,Train,randomness_0.7838,7.552001625299454e-05,0.0006640218198299408,-0.0005885018035769463,False
202,Train,randomness_0.7848,0.0012537343427538872,0.0018581384792923927,-0.0006044041365385056,False
202,Train,randomness_0.7858,0.001175370067358017,0.0018616504967212677,-0.0006862804293632507,False
202,Train,randomness_0.7868,0.0017799856141209602,0.0014960085973143578,0.0002839770168066025,True
202,Train,randomness_0.7878,0.004190998151898384,0.003676151856780052,0.0005148462951183319,True
202,Train,randomness_0.7898,0.002206578850746155,0.0024274950847029686,-0.0002209162339568138,False
202,Train,randomness_0.7908,0.0002606511116027832,9.306427091360092e-05,0.00016758684068918228,True
202,Train,randomness_0.7918,0.0021551866084337234,0.0015452960506081581,0.0006098905578255653,True
202,Train,randomness_0.7928,0.003460373729467392,0.003317609429359436,0.00014276430010795593,True
202,Train,randomness_0.7938,0.007504590786993504,0.007690958678722382,-0.00018636789172887802,False
202,Train,randomness_0.7948,0.002229588106274605,0.0019899941980838776,0.00023959390819072723,True
202,Train,randomness_0.7958,0.005547495558857918,0.005377044901251793,0.00017045065760612488,True
202,Train,randomness_0.7968,0.005970424506813288,0.005714109633117914,0.00025631487369537354,True
202,Train,randomness_0.7978,0.0019027665257453918,0.001467936672270298,0.00043482985347509384,True
202,Train,randomness_0.7988,0.0019708024337887764,0.002162547782063484,-0.0001917453482747078,False
202,Train,randomness_0.7998,0.004585577640682459,0.004720556084066629,-0.00013497844338417053,False
202,Train,randomness_0.8008,2.0639970898628235e-05,2.9878690838813782e-05,-9.238719940185547e-06,False
202,Train,randomness_0.8018,0.00034466851502656937,0.0005379524081945419,-0.00019328389316797256,False
202,Train,randomness_0.8028,0.0006372183561325073,0.0009597288444638252,-0.0003225104883313179,False
202,Train,randomness_0.8038,0.0019455254077911377,0.0021291133016347885,-0.00018358789384365082,False
202,Train,randomness_0.8048,0.003811374306678772,0.0039032157510519028,-9.18414443731308e-05,False
202,Train,randomness_0.8058,0.0022831084206700325,0.0021889377385377884,9.417068213224411e-05,True
202,Train,randomness_0.8068,0.0013697296380996704,0.0011900104582309723,0.00017971917986869812,True
202,Train,randomness_0.8078,0.0009692022576928139,0.0010996991768479347,-0.00013049691915512085,False
202,Train,randomness_0.8088,0.0029914225451648235,0.0031060497276484966,-0.0001146271824836731,False
202,Train,randomness_0.8098,0.0005749212577939034,0.0006062602624297142,-3.133900463581085e-05,False
202,Train,randomness_0.8108,0.0017573614604771137,0.0013354141265153885,0.00042194733396172523,True
202,Train,randomness_0.8128,0.003345891833305359,0.0033340491354465485,1.1842697858810425e-05,True
202,Train,randomness_0.8138,0.002412024885416031,0.0017947079613804817,0.0006173169240355492,True
202,Train,randomness_0.8148,0.0028982022777199745,0.002651931717991829,0.0002462705597281456,True
202,Train,randomness_0.8158,0.0011083940044045448,0.0010523023083806038,5.609169602394104e-05,True
202,Train,randomness_0.8168,0.0047533526085317135,0.0052420455031096935,-0.00048869289457798,False
202,Train,randomness_0.8178,0.002428182866424322,0.002467683982104063,-3.9501115679740906e-05,False
202,Train,randomness_0.8188,0.0030655525624752045,0.0024688951671123505,0.000596657395362854,True
202,Train,randomness_0.8198,0.0011851461604237556,0.0004545925185084343,0.0007305536419153214,True
202,Train,randomness_0.8208,0.0074445283971726894,0.007397619541734457,4.690885543823242e-05,True
202,Train,randomness_0.8218,0.0017123958095908165,0.0015632929280400276,0.00014910288155078888,True
202,Train,randomness_0.8228,0.004203882068395615,0.003797400975599885,0.00040648109279572964,True
202,Train,randomness_0.8238,0.00035304389894008636,0.0003653252497315407,-1.2281350791454315e-05,False
202,Train,randomness_0.8248,0.002402248792350292,0.0022789444774389267,0.0001233043149113655,True
202,Train,randomness_0.8258,0.004872700199484825,0.004773639142513275,9.906105697154999e-05,True
202,Train,randomness_0.8268,0.0001740696607157588,0.0005471034673973918,-0.000373033806681633,False
202,Train,randomness_0.8278,0.0016860608011484146,0.0014684395864605904,0.00021762121468782425,True
202,Train,randomness_0.8288,0.0037567205727100372,0.003414885140955448,0.0003418354317545891,True
202,Train,randomness_0.8298,0.0018429169431328773,0.002305988222360611,-0.0004630712792277336,False
202,Train,randomness_0.8308,0.0019329702481627464,0.0017738835886120796,0.0001590866595506668,True
202,Train,randomness_0.8328,0.0042294785380363464,0.004609983414411545,-0.00038050487637519836,False
202,Train,randomness_0.8338,0.0004521440714597702,0.0004458073526620865,6.336718797683716e-06,True
202,Train,randomness_0.8348,0.001070147380232811,0.0010840287432074547,-1.3881362974643707e-05,False
202,Train,randomness_0.8358,0.004341626539826393,0.0055872295051813126,-0.0012456029653549194,False
202,Train,randomness_0.8368,0.0013007568195462227,0.0011311518028378487,0.00016960501670837402,True
202,Train,randomness_0.8378,0.003989389631897211,0.003878126386553049,0.00011126324534416199,True
202,Train,randomness_0.8388,0.0006927959620952606,0.000964432954788208,-0.0002716369926929474,False
202,Train,randomness_0.8408,0.00425208592787385,0.004892092663794756,-0.0006400067359209061,False
202,Train,randomness_0.8428,0.00448561692610383,0.003588035237044096,0.0008975816890597343,True
202,Train,randomness_0.8438,0.0034987684339284897,0.0035210996866226196,-2.2331252694129944e-05,False
202,Train,randomness_0.8458,0.0024465126916766167,0.0018729539588093758,0.0005735587328672409,True
202,Train,randomness_0.8468,0.0009094104170799255,0.0005159126594662666,0.0003934977576136589,True
202,Train,randomness_0.8478,0.0015590321272611618,0.001566413789987564,-7.381662726402283e-06,False
202,Train,randomness_0.8488,0.0003255438059568405,0.00046911323443055153,-0.00014356942847371101,False
202,Train,randomness_0.8498,0.0005830079317092896,0.0005068555474281311,7.615238428115845e-05,True
202,Train,randomness_0.8509,0.00668717548251152,0.006205981597304344,0.0004811938852071762,True
202,Train,randomness_0.8529,0.004061584360897541,0.003936450928449631,0.0001251334324479103,True
202,Train,randomness_0.8539,1.6021542251110077e-05,0.0006053736433386803,-0.0005893521010875702,False
202,Train,randomness_0.8549,0.0025272960774600506,0.0017212978564202785,0.000805998221039772,True
202,Train,randomness_0.8559,0.0006529446691274643,0.001194741576910019,-0.0005417969077825546,False
202,Train,randomness_0.8579,0.0027194423601031303,0.0026230942457914352,9.63481143116951e-05,True
202,Train,randomness_0.8589,0.006053648889064789,0.006658713333308697,-0.0006050644442439079,False
202,Train,randomness_0.8599,0.00038288719952106476,0.00013757497072219849,0.00024531222879886627,True
202,Train,randomness_0.8609,0.00406206538900733,0.003874096553772688,0.00018796883523464203,True
202,Train,randomness_0.8619,0.0014344998635351658,0.0015985206700861454,-0.00016402080655097961,False
202,Train,randomness_0.8629,0.0039804005064070225,0.004358403850346804,-0.0003780033439397812,False
202,Train,randomness_0.8639,0.005552574526518583,0.005393081810325384,0.00015949271619319916,True
202,Train,randomness_0.8649,0.004834240302443504,0.0046352483332157135,0.00019899196922779083,True
202,Train,randomness_0.8659,0.0025395620614290237,0.002758266404271126,-0.00021870434284210205,False
202,Train,randomness_0.8669,0.003073686733841896,0.002525700256228447,0.0005479864776134491,True
202,Train,randomness_0.8679,0.0013354448601603508,0.0010898271575570107,0.00024561770260334015,True
202,Train,randomness_0.8689,0.0016308873891830444,0.0011916253715753555,0.0004392620176076889,True
202,Train,randomness_0.8699,0.00044265948235988617,0.0003483761101961136,9.428337216377258e-05,True
202,Train,randomness_0.8709,0.0009177736937999725,0.0005943682044744492,0.0003234054893255234,True
202,Train,randomness_0.8719,0.006085383705794811,0.007017148658633232,-0.0009317649528384209,False
202,Train,randomness_0.8729,0.0027852526400238276,0.0027893634978681803,-4.110857844352722e-06,False
202,Train,randomness_0.8739,0.00025592371821403503,0.0003405194729566574,-8.459575474262238e-05,False
202,Train,randomness_0.8749,0.0037291673943400383,0.0033925073221325874,0.00033666007220745087,True
202,Train,randomness_0.8759,0.0035206247121095657,0.003330322913825512,0.0001903017982840538,True
202,Train,randomness_0.8769,0.0018918535206466913,0.0018642789218574762,2.7574598789215088e-05,True
202,Train,randomness_0.8799,0.0022467575035989285,0.002178261522203684,6.84959813952446e-05,True
202,Train,randomness_0.8809,0.004265434108674526,0.004716318100690842,-0.00045088399201631546,False
202,Train,randomness_0.8819,0.0009082411415874958,0.0007706372998654842,0.00013760384172201157,True
202,Train,randomness_0.8829,0.001395401544868946,0.0016607856377959251,-0.00026538409292697906,False
202,Train,randomness_0.8839,0.0002996940165758133,0.0008499827235937119,-0.0005502887070178986,False
202,Train,randomness_0.8849,0.006426830310374498,0.006349796894937754,7.703341543674469e-05,True
202,Train,randomness_0.8859,0.004254733677953482,0.004163319710642099,9.14139673113823e-05,True
202,Train,randomness_0.8869,0.004862823523581028,0.005255517549812794,-0.00039269402623176575,False
202,Train,randomness_0.8879,0.0009603006765246391,0.0015244130045175552,-0.0005641123279929161,False
202,Train,randomness_0.8889,0.003771438729017973,0.003534951712936163,0.00023648701608181,True
202,Train,randomness_0.8899,0.002787143224850297,0.0026980082038789988,8.913502097129822e-05,True
202,Train,randomness_0.8909,0.0007325056940317154,0.0006999261677265167,3.257952630519867e-05,True
202,Train,randomness_0.8919,0.0036864811554551125,0.0042589930817484856,-0.0005725119262933731,False
202,Train,randomness_0.8929,3.8817524909973145e-05,0.0003461870364844799,-0.00030736951157450676,False
202,Train,randomness_0.8939,0.002849870827049017,0.0029359119944274426,-8.60411673784256e-05,False
202,Train,randomness_0.8949,0.002272701356559992,0.0024512154050171375,-0.0001785140484571457,False
202,Train,randomness_0.8959,0.00022274814546108246,9.007751941680908e-06,0.00021374039351940155,True
202,Train,randomness_0.8969,0.0009678899077698588,0.0012389811454340816,-0.0002710912376642227,False
202,Train,randomness_0.8979,0.002820858731865883,0.0025676265358924866,0.0002532321959733963,True
202,Train,randomness_0.8989,0.0007265638560056686,0.0005887262523174286,0.00013783760368824005,True
202,Train,randomness_0.8999,0.0027493759989738464,0.0021933317184448242,0.0005560442805290222,True
202,Train,randomness_0.9029,0.0019893068820238113,0.0018007009057328105,0.00018860597629100084,True
202,Train,randomness_0.9039,0.002314221579581499,0.002808245364576578,-0.000494023784995079,False
202,Train,randomness_0.9049,0.0006046071648597717,0.00019407831132411957,0.00041052885353565216,True
202,Train,randomness_0.9059,0.002933663781732321,0.0025206166319549084,0.0004130471497774124,True
202,Train,randomness_0.9069,0.0012783682905137539,0.0011982019059360027,8.016638457775116e-05,True
202,Train,randomness_0.9079,0.00043183937668800354,0.0003535710275173187,7.826834917068481e-05,True
202,Train,randomness_0.9089,0.00380454258993268,0.0037132888101041317,9.125377982854843e-05,True
202,Train,randomness_0.9109,0.00021757371723651886,0.0005701615009456873,-0.00035258778370916843,False
202,Train,randomness_0.9119,0.0005813147872686386,0.00045694783329963684,0.00012436695396900177,True
202,Train,randomness_0.9129,0.004882896319031715,0.0042445603758096695,0.0006383359432220459,True
202,Train,randomness_0.9139,0.0004800138995051384,0.0007831249386072159,-0.0003031110391020775,False
202,Train,randomness_0.9149,0.003358991350978613,0.003926449920982122,-0.0005674585700035095,False
202,Train,randomness_0.9159,0.004353167023509741,0.004211676772683859,0.00014149025082588196,True
202,Train,randomness_0.9169,0.004058297723531723,0.004634574055671692,-0.0005762763321399689,False
202,Train,randomness_0.9179,0.001958556706085801,0.0024535285774618387,-0.0004949718713760376,False
202,Train,randomness_0.9189,0.002503535244613886,0.002701715100556612,-0.00019817985594272614,False
202,Train,randomness_0.9199,0.002057874808087945,0.0011782778892666101,0.0008795969188213348,True
202,Train,randomness_0.9219,0.0005325395613908768,0.0003508273512125015,0.00018171221017837524,True
202,Train,randomness_0.9229,0.002775928471237421,0.00232740119099617,0.000448527280241251,True
202,Train,randomness_0.9239,0.00018824823200702667,5.1176175475120544e-05,0.00013707205653190613,True
202,Train,randomness_0.9249,0.004825206473469734,0.005139230750501156,-0.00031402427703142166,False
202,Train,randomness_0.9259,0.00119167217053473,0.0011878705117851496,3.8016587495803833e-06,True
202,Train,randomness_0.9289,0.004534758627414703,0.004683481529355049,-0.00014872290194034576,False
202,Train,randomness_0.9299,0.004136196803301573,0.004284230526536703,-0.0001480337232351303,False
202,Train,randomness_0.9309,0.0006001051515340805,0.0009313710033893585,-0.000331265851855278,False
202,Train,randomness_0.9319,0.0035073617473244667,0.003401803784072399,0.00010555796325206757,True
202,Train,randomness_0.9339,0.002616812475025654,0.001973669044673443,0.000643143430352211,True
202,Train,randomness_0.9349,0.00048543699085712433,0.0005158260464668274,-3.0389055609703064e-05,False
202,Train,randomness_0.9359,0.002961341291666031,0.0025443024933338165,0.00041703879833221436,True
202,Train,randomness_0.9369,0.0052809156477451324,0.005153111182153225,0.0001278044655919075,True
202,Train,randomness_0.9389,0.00421943049877882,0.0040583182126283646,0.00016111228615045547,True
202,Train,randomness_0.9399,0.0008380692452192307,0.0011964831501245499,-0.0003584139049053192,False
202,Train,randomness_0.9409,0.002969427965581417,0.0027234600856900215,0.00024596787989139557,True
202,Train,randomness_0.9419,0.0008326824754476547,0.0018201916245743632,-0.0009875091491267085,False
202,Train,randomness_0.9429,0.0008163461461663246,0.0012520141899585724,-0.00043566804379224777,False
202,Train,randomness_0.9449,0.0025028903037309647,0.002777744084596634,-0.00027485378086566925,False
202,Train,randomness_0.9459,0.0017216317355632782,0.001478424295783043,0.0002432074397802353,True
202,Train,randomness_0.9469,0.003775792196393013,0.003871900960803032,-9.610876441001892e-05,False
202,Train,randomness_0.9479,0.006929619237780571,0.006496047601103783,0.00043357163667678833,True
202,Train,randomness_0.9489,0.0017430409789085388,0.0020250193774700165,-0.00028197839856147766,False
202,Train,randomness_0.9499,0.00091517623513937,0.0012220470234751701,-0.00030687078833580017,False
202,Train,randomness_0.9510,0.003492053598165512,0.0038567297160625458,-0.0003646761178970337,False
202,Train,randomness_0.9520,0.0015376342926174402,0.0017919002566486597,-0.0002542659640312195,False
202,Train,randomness_0.9530,0.0024187248200178146,0.0022393278777599335,0.00017939694225788116,True
202,Train,randomness_0.9540,0.003700586035847664,0.003666190430521965,3.439560532569885e-05,True
202,Train,randomness_0.9550,0.003052229294553399,0.0030753130558878183,-2.308376133441925e-05,False
202,Train,randomness_0.9560,0.0016305949538946152,0.0022494643926620483,-0.0006188694387674332,False
202,Train,randomness_0.9570,0.0015240609645843506,0.001387316733598709,0.00013674423098564148,True
202,Train,randomness_0.9580,0.0013673151843249798,0.00201612850651145,-0.00064881332218647,False
202,Train,randomness_0.9590,0.0020319949835538864,0.0024604536592960358,-0.00042845867574214935,False
202,Train,randomness_0.9600,0.007642698008567095,0.0077845328487455845,-0.00014183484017848969,False
202,Train,randomness_0.9610,0.0028966176323592663,0.002572378609329462,0.00032423902302980423,True
202,Train,randomness_0.9620,0.004503569100052118,0.004207546357065439,0.0002960227429866791,True
202,Train,randomness_0.9630,0.0037805172614753246,0.0031984704546630383,0.0005820468068122864,True
202,Train,randomness_0.9640,0.0010465214727446437,0.001394476625137031,-0.0003479551523923874,False
202,Train,randomness_0.9650,0.0034956224262714386,0.002999851480126381,0.0004957709461450577,True
202,Train,randomness_0.9660,0.002150597982108593,0.0017072660848498344,0.00044333189725875854,True
202,Train,randomness_0.9670,0.0006589069962501526,0.00034708157181739807,0.0003118254244327545,True
202,Train,randomness_0.9680,3.858841955661774e-05,0.0003553571878001094,-0.00031676876824349165,False
202,Train,randomness_0.9690,0.0009033903479576111,0.0011570882052183151,-0.00025369785726070404,False
202,Train,randomness_0.9700,0.003617737675085664,0.004171464592218399,-0.0005537269171327353,False
202,Train,randomness_0.9710,0.0023309034295380116,0.002122290898114443,0.00020861253142356873,True
202,Train,randomness_0.9720,0.0015179207548499107,0.0011974023655056953,0.0003205183893442154,True
202,Train,randomness_0.9730,0.0036242567002773285,0.00286758691072464,0.0007566697895526886,True
202,Train,randomness_0.9740,0.00237143412232399,0.0019605308771133423,0.0004109032452106476,True
202,Train,randomness_0.9750,0.003703637281432748,0.003183445194736123,0.0005201920866966248,True
202,Train,randomness_0.9760,0.002569149248301983,0.0023343991488218307,0.00023475009948015213,True
202,Train,randomness_0.9770,0.0028920876793563366,0.002427235245704651,0.0004648524336516857,True
202,Train,randomness_0.9780,0.0016611143946647644,0.0008314400911331177,0.0008296743035316467,True
202,Train,randomness_0.9790,7.008388638496399e-05,0.00011642463505268097,-4.634074866771698e-05,False
202,Train,randomness_0.9800,0.0017640313599258661,0.0016777238342911005,8.630752563476562e-05,True
202,Train,randomness_0.9810,4.974380135536194e-05,0.0002055130898952484,-0.00015576928853988647,False
202,Train,randomness_0.9820,0.0013565821573138237,0.0010221349075436592,0.0003344472497701645,True
202,Train,randomness_0.9830,0.0039045794401317835,0.0037382228765636683,0.00016635656356811523,True
202,Train,randomness_0.9840,0.004410019144415855,0.0044851042330265045,-7.508508861064911e-05,False
202,Train,randomness_0.9850,0.0005734413862228394,0.0005311332643032074,4.230812191963196e-05,True
202,Train,randomness_0.9860,0.002022935077548027,0.002377992495894432,-0.00035505741834640503,False
202,Train,randomness_0.9870,0.0007999259978532791,0.001055905595421791,-0.00025597959756851196,False
202,Train,randomness_0.9880,0.0070852250792086124,0.007261392194777727,-0.00017616711556911469,False
202,Train,randomness_0.9890,0.0015258657513186336,0.0036799050867557526,-0.002154039219021797,False
202,Train,randomness_0.9900,5.3437426686286926e-05,0.0005686376243829727,-0.0005152001976966858,False
202,Train,randomness_0.9910,0.0015727654099464417,0.002011377364397049,-0.0004386119544506073,False
202,Train,randomness_0.9920,0.0017124785808846354,0.0014376286417245865,0.00027484993916004896,True
202,Train,randomness_0.9930,0.0013802163302898407,0.001575155183672905,-0.00019493885338306427,False
202,Train,randomness_0.9940,0.001130525954067707,0.0015580067411065102,-0.0004274807870388031,False
202,Train,randomness_0.9950,0.0026679227594286203,0.003170727053657174,-0.0005028042942285538,False
202,Train,randomness_0.9960,0.000763867050409317,0.0010540299117565155,-0.0002901628613471985,False
202,Train,randomness_0.9970,0.0015476681292057037,0.0018871164647862315,-0.0003394483355805278,False
202,Train,randomness_0.9980,0.0014275740832090378,0.001943923532962799,-0.0005163494497537613,False
202,Train,randomness_0.9990,0.004202917218208313,0.00386060425080359,0.00034231296740472317,True
202,Train,randomness_1.0000,0.0018000416457653046,0.001532144844532013,0.0002678968012332916,True
202,Validation,randomness_0.0721,0.0010304078459739685,0.0003899969160556793,0.0006404109299182892,True
202,Validation,randomness_0.0831,0.0012072958052158356,0.0017337501049041748,-0.0005264542996883392,False
202,Validation,randomness_0.1011,0.0008522607386112213,0.0013545677065849304,-0.0005023069679737091,False
202,Validation,randomness_0.1071,0.002742171287536621,0.0020538941025733948,0.0006882771849632263,True
202,Validation,randomness_0.1271,0.0025435760617256165,0.002989433705806732,-0.0004458576440811157,False
202,Validation,randomness_0.1311,0.0001721605658531189,0.00047081708908081055,-0.00029865652322769165,False
202,Validation,randomness_0.1341,0.0030188485980033875,0.0020515471696853638,0.0009673014283180237,True
202,Validation,randomness_0.1351,0.00027648359537124634,0.0004812367260456085,-0.00020475313067436218,False
202,Validation,randomness_0.1401,0.001751542091369629,0.0011138617992401123,0.0006376802921295166,True
202,Validation,randomness_0.1421,0.0034708380699157715,0.004157070070505142,-0.0006862320005893707,False
202,Validation,randomness_0.1461,0.003927871584892273,0.00445222482085228,-0.0005243532359600067,False
202,Validation,randomness_0.1582,0.0006032213568687439,5.157291889190674e-05,0.0005516484379768372,True
202,Validation,randomness_0.1862,0.00244864821434021,0.0028064362704753876,-0.0003577880561351776,False
202,Validation,randomness_0.1972,0.0014063306152820587,0.0007446706295013428,0.0006616599857807159,True
202,Validation,randomness_0.2182,0.0010608993470668793,0.0015816017985343933,-0.000520702451467514,False
202,Validation,randomness_0.2202,0.002071753144264221,0.0015070512890815735,0.0005647018551826477,True
202,Validation,randomness_0.2232,0.0020564645528793335,0.0026121512055397034,-0.0005556866526603699,False
202,Validation,randomness_0.2573,0.002258084714412689,0.0016663186252117157,0.0005917660892009735,True
202,Validation,randomness_0.2633,0.0014173798263072968,0.0020860768854618073,-0.0006686970591545105,False
202,Validation,randomness_0.2863,0.002531733363866806,0.001859918236732483,0.0006718151271343231,True
202,Validation,randomness_0.2883,0.003176741302013397,0.002885427325963974,0.0002913139760494232,True
202,Validation,randomness_0.2993,0.0019686855375766754,0.0023849457502365112,-0.0004162602126598358,False
202,Validation,randomness_0.3003,0.0043543800711631775,0.004985131323337555,-0.0006307512521743774,False
202,Validation,randomness_0.3023,0.00339696928858757,0.0027748756110668182,0.000622093677520752,True
202,Validation,randomness_0.3043,0.0024665966629981995,0.0016729794442653656,0.0007936172187328339,True
202,Validation,randomness_0.3063,0.00045199692249298096,2.584978938102722e-05,0.00042614713311195374,True
202,Validation,randomness_0.3093,0.0001730695366859436,0.0004186853766441345,-0.0002456158399581909,False
202,Validation,randomness_0.3253,0.0023572780191898346,0.0029974989593029022,-0.0006402209401130676,False
202,Validation,randomness_0.3353,5.742907524108887e-05,0.0005742013454437256,-0.0005167722702026367,False
202,Validation,randomness_0.3433,0.0027234014123678207,0.0021314769983291626,0.0005919244140386581,True
202,Validation,randomness_0.3564,0.0008214227855205536,0.0013335086405277252,-0.0005120858550071716,False
202,Validation,randomness_0.3764,0.006585307419300079,0.006091553717851639,0.0004937537014484406,True
202,Validation,randomness_0.3954,0.0011471323668956757,0.0016128048300743103,-0.00046567246317863464,False
202,Validation,randomness_0.3964,0.00257202610373497,0.0018783695995807648,0.0006936565041542053,True
202,Validation,randomness_0.3994,0.0012010708451271057,0.0017766766250133514,-0.0005756057798862457,False
202,Validation,randomness_0.4134,0.0014932993799448013,0.0015791002660989761,-8.58008861541748e-05,False
202,Validation,randomness_0.4274,0.0014008954167366028,0.001087576150894165,0.00031331926584243774,True
202,Validation,randomness_0.4324,0.00023844465613365173,1.3437122106552124e-05,0.0002250075340270996,True
202,Validation,randomness_0.4444,0.00034123286604881287,0.00011281296610832214,0.00022841989994049072,True
202,Validation,randomness_0.4464,0.0039033405482769012,0.0033537819981575012,0.0005495585501194,True
202,Validation,randomness_0.4525,0.0034837517887353897,0.003377990797162056,0.00010576099157333374,True
202,Validation,randomness_0.4615,0.0005850456655025482,0.0005465932190418243,3.845244646072388e-05,True
202,Validation,randomness_0.4705,0.0008983425796031952,0.0007344428449869156,0.0001638997346162796,True
202,Validation,randomness_0.4815,0.003206701949238777,0.0031070206314325333,9.96813178062439e-05,True
202,Validation,randomness_0.4905,0.004502067342400551,0.004367100074887276,0.00013496726751327515,True
202,Validation,randomness_0.4965,0.004928484559059143,0.005089716985821724,-0.00016123242676258087,False
202,Validation,randomness_0.4985,0.00044164806604385376,0.000475861132144928,-3.421306610107422e-05,False
202,Validation,randomness_0.5225,0.0008764453232288361,0.0011387784034013748,-0.00026233308017253876,False
202,Validation,randomness_0.5315,0.0032851453870534897,0.0034189745783805847,-0.00013382919132709503,False
202,Validation,randomness_0.5475,0.007098749279975891,0.007609713822603226,-0.0005109645426273346,False
202,Validation,randomness_0.5485,0.0005720630288124084,0.0008726678788661957,-0.00030060485005378723,False
202,Validation,randomness_0.5495,0.006072089076042175,0.005673181265592575,0.0003989078104496002,True
202,Validation,randomness_0.5536,0.004489848390221596,0.0041715651750564575,0.00031828321516513824,True
202,Validation,randomness_0.5856,0.00045745261013507843,0.0003982279449701309,5.922466516494751e-05,True
202,Validation,randomness_0.5936,0.0018400046974420547,0.0016254782676696777,0.00021452642977237701,True
202,Validation,randomness_0.5946,0.0007639527320861816,0.0007501058280467987,1.3846904039382935e-05,True
202,Validation,randomness_0.6166,0.0012501738965511322,0.0013930797576904297,-0.00014290586113929749,False
202,Validation,randomness_0.6196,0.003978848457336426,0.0037362463772296906,0.00024260208010673523,True
202,Validation,randomness_0.6226,0.0023384839296340942,0.0024674460291862488,-0.00012896209955215454,False
202,Validation,randomness_0.6256,0.004020344465970993,0.003817535936832428,0.00020280852913856506,True
202,Validation,randomness_0.6316,0.0037085749208927155,0.0033069103956222534,0.00040166452527046204,True
202,Validation,randomness_0.6336,0.0036426037549972534,0.003669876605272293,-2.7272850275039673e-05,False
202,Validation,randomness_0.6366,6.576254963874817e-05,0.00041871145367622375,-0.0003529489040374756,False
202,Validation,randomness_0.6426,0.00028841011226177216,0.0002758745104074478,1.253560185432434e-05,True
202,Validation,randomness_0.6436,0.0020914822816848755,0.0018100757151842117,0.00028140656650066376,True
202,Validation,randomness_0.6456,0.003054089844226837,0.003199281170964241,-0.00014519132673740387,False
202,Validation,randomness_0.6496,0.0036860015243291855,0.0035312529653310776,0.0001547485589981079,True
202,Validation,randomness_0.6757,0.0008675968274474144,0.0008940966799855232,-2.6499852538108826e-05,False
202,Validation,randomness_0.6837,0.0033086915500462055,0.003450400661677122,-0.0001417091116309166,False
202,Validation,randomness_0.6887,0.0029457672499120235,0.0023086420260369778,0.0006371252238750458,True
202,Validation,randomness_0.6897,0.0016604391857981682,0.0012346645817160606,0.00042577460408210754,True
202,Validation,randomness_0.6907,0.0016077514737844467,0.0015203719958662987,8.737947791814804e-05,True
202,Validation,randomness_0.7157,0.0003413902595639229,0.0007346067577600479,-0.00039321649819612503,False
202,Validation,randomness_0.7257,0.0022392207756638527,0.002118361182510853,0.00012085959315299988,True
202,Validation,randomness_0.7267,0.0018002437427639961,0.0019575338810682297,-0.00015729013830423355,False
202,Validation,randomness_0.7317,0.001158861443400383,0.0009852107614278793,0.00017365068197250366,True
202,Validation,randomness_0.7528,0.0023402608931064606,0.0021575530990958214,0.0001827077940106392,True
202,Validation,randomness_0.7588,0.00046628154814243317,0.00014706328511238098,0.0003192182630300522,True
202,Validation,randomness_0.7648,0.0006792368367314339,0.0008238116279244423,-0.00014457479119300842,False
202,Validation,randomness_0.7688,0.0008434047922492027,0.001322912983596325,-0.0004795081913471222,False
202,Validation,randomness_0.7758,0.0023407936096191406,0.0021302811801433563,0.0002105124294757843,True
202,Validation,randomness_0.7888,0.00400522630661726,0.0036318236961960793,0.0003734026104211807,True
202,Validation,randomness_0.8118,0.00345551036298275,0.003875092603266239,-0.00041958224028348923,False
202,Validation,randomness_0.8318,0.00333570153452456,0.002937376732006669,0.00039832480251789093,True
202,Validation,randomness_0.8398,7.22566619515419e-05,0.00039617251604795456,-0.00032391585409641266,False
202,Validation,randomness_0.8418,0.0009643230587244034,0.0007341615855693817,0.00023016147315502167,True
202,Validation,randomness_0.8448,0.005016813054680824,0.005455592647194862,-0.0004387795925140381,False
202,Validation,randomness_0.8519,5.688052624464035e-05,0.00017136335372924805,-0.0001144828274846077,False
202,Validation,randomness_0.8569,0.0068924012593925,0.006238845642656088,0.000653555616736412,True
202,Validation,randomness_0.8779,0.0020119159016758204,0.0018167200032621622,0.00019519589841365814,True
202,Validation,randomness_0.8789,0.0020938473753631115,0.0027550379745662212,-0.0006611905992031097,False
202,Validation,randomness_0.9009,0.0002044886350631714,0.0009012706577777863,-0.0006967820227146149,False
202,Validation,randomness_0.9019,0.0008332133293151855,0.00044606253504753113,0.0003871507942676544,True
202,Validation,randomness_0.9099,0.0015092099783942103,0.0013390685198828578,0.00017014145851135254,True
202,Validation,randomness_0.9209,0.003088965080678463,0.0030734892934560776,1.5475787222385406e-05,True
202,Validation,randomness_0.9269,0.0032684674952179193,0.0036843717098236084,-0.00041590421460568905,False
202,Validation,randomness_0.9279,0.0021352358162403107,0.0023293979465961456,-0.00019416213035583496,False
202,Validation,randomness_0.9329,0.0034321751445531845,0.003574209287762642,-0.0001420341432094574,False
202,Validation,randomness_0.9379,0.00027633458375930786,4.474073648452759e-05,0.00023159384727478027,True
202,Validation,randomness_0.9439,0.0006333943456411362,0.002183716744184494,-0.0015503223985433578,False
